pipeline,phase,assembly_line,issue_fraction,opcode,defs,inputs,isa
g_fswin32,activation,408,1.0,v_maxmin_f32,345,17779,"v1: (InfPreserve)%345:v[62] = v_maxmin_f32 -4.0, %17779:v[67], 4.0"
g_fswin32,activation,409,1.0,v_maxmin_f32,327,17777,"v1: (InfPreserve)%327:v[26] = v_maxmin_f32 -4.0, %17777:v[65], 4.0"
g_fswin32,activation,410,1.0,v_maxmin_f32,317,17776,"v1: (InfPreserve)%317:v[24] = v_maxmin_f32 -4.0, %17776:v[64], 4.0"
g_fswin32,activation,411,1.0,v_maxmin_f32,337,17778,"v1: (InfPreserve)%337:v[28] = v_maxmin_f32 -4.0, %17778:v[66], 4.0"
g_fswin32,activation,413,1.0,v_fma_mix_f32,348,345,"v1: %348:v[63] = v_fma_mix_f32 lo(0x3728ab28), |%345:v[62]|, hi(0x3728ab28)"
g_fswin32,activation,414,1.0,v_fma_mix_f32,330,327,"v1: %330:v[27] = v_fma_mix_f32 lo(0x3728ab28), |%327:v[26]|, hi(0x3728ab28)"
g_fswin32,activation,415,1.0,v_fma_mix_f32,321,317,"v1: %321:v[25] = v_fma_mix_f32 lo(0x3728ab28), |%317:v[24]|, hi(0x3728ab28)"
g_fswin32,activation,416,1.0,v_fma_mix_f32,340,337,"v1: %340:v[29] = v_fma_mix_f32 lo(0x3728ab28), |%337:v[28]|, hi(0x3728ab28)"
g_fswin32,activation,417,0.5,v_dual_fmaak_f32,332,"330,327","v1: %332:v[27] = v_dual_fmaak_f32 %330:v[27], %327:v[26], 0x3f650000"
g_fswin32,activation,417,0.5,v_dual_fmaak_f32,324,"317,321","v1: %324:v[24] = v_dual_fmaak_f32 %317:v[24], %321:v[25], 0x3f650000"
g_fswin32,activation,418,0.5,v_dual_fmaak_f32,350,"348,345","v1: %350:v[63] = v_dual_fmaak_f32 %348:v[63], %345:v[62], 0x3f650000"
g_fswin32,activation,418,0.5,v_dual_fmaak_f32,342,"337,340","v1: %342:v[28] = v_dual_fmaak_f32 %337:v[28], %340:v[29], 0x3f650000"
g_fswin32,activation,419,1.0,v_maxmin_f32,381,17783,"v1: (InfPreserve)%381:v[128] = v_maxmin_f32 -4.0, %17783:v[71], 4.0"
g_fswin32,activation,421,0.5,v_dual_mul_f32,333,"17777,332","v1: %333:v[65] = v_dual_mul_f32 %17777:v[65], %332:v[27]"
g_fswin32,activation,421,0.5,v_dual_mul_f32,325,"17776,324","v1: %325:v[64] = v_dual_mul_f32 %17776:v[64], %324:v[24]"
g_fswin32,activation,422,1.0,v_maxmin_f32,392,17784,"v1: (InfPreserve)%392:v[130] = v_maxmin_f32 -4.0, %17784:v[72], 4.0"
g_fswin32,activation,423,0.5,v_dual_mul_f32,351,"17779,350","v1: %351:v[67] = v_dual_mul_f32 %17779:v[67], %350:v[63]"
g_fswin32,activation,423,0.5,v_dual_mul_f32,343,"17778,342","v1: %343:v[66] = v_dual_mul_f32 %17778:v[66], %342:v[28]"
g_fswin32,activation,424,1.0,v_fma_mix_f32,384,381,"v1: %384:v[129] = v_fma_mix_f32 lo(0x3728ab28), |%381:v[128]|, hi(0x3728ab28)"
g_fswin32,activation,425,1.0,v_cvt_pk_fp8_f32,335,"325,333","v2b: (InfNaNPreserve)%335:v[24][0:16] = v_cvt_pk_fp8_f32 %325:v[64], %333:v[65]"
g_fswin32,activation,426,1.0,v_maxmin_f32,355,17780,"v1: (InfPreserve)%355:v[64] = v_maxmin_f32 -4.0, %17780:v[68], 4.0"
g_fswin32,activation,427,1.0,v_fma_mix_f32,395,392,"v1: %395:v[131] = v_fma_mix_f32 lo(0x3728ab28), |%392:v[130]|, hi(0x3728ab28)"
g_fswin32,activation,428,1.0,v_maxmin_f32,400,17785,"v1: (InfPreserve)%400:v[132] = v_maxmin_f32 -4.0, %17785:v[73], 4.0"
g_fswin32,activation,429,1.0,v_cvt_pk_fp8_f32,353,"343,351","v2b: (InfNaNPreserve)%353:v[24][16:32] = v_cvt_pk_fp8_f32 %343:v[66], %351:v[67] opsel_hi"
g_fswin32,activation,430,1.0,v_maxmin_f32,363,17781,"v1: (InfPreserve)%363:v[66] = v_maxmin_f32 -4.0, %17781:v[69], 4.0"
g_fswin32,activation,431,1.0,v_maxmin_f32,410,17786,"v1: (InfPreserve)%410:v[134] = v_maxmin_f32 -4.0, %17786:v[74], 4.0"
g_fswin32,activation,432,1.0,v_fma_mix_f32,358,355,"v1: %358:v[65] = v_fma_mix_f32 lo(0x3728ab28), |%355:v[64]|, hi(0x3728ab28)"
g_fswin32,activation,433,0.5,v_dual_fmaak_f32,397,"392,395","v1: %397:v[130] = v_dual_fmaak_f32 %392:v[130], %395:v[131], 0x3f650000"
g_fswin32,activation,433,0.5,v_dual_fmaak_f32,386,"384,381","v1: %386:v[129] = v_dual_fmaak_f32 %384:v[129], %381:v[128], 0x3f650000"
g_fswin32,activation,434,1.0,v_maxmin_f32,418,17787,"v1: (InfPreserve)%418:v[136] = v_maxmin_f32 -4.0, %17787:v[75], 4.0"
g_fswin32,activation,435,1.0,v_fma_mix_f32,403,400,"v1: %403:v[133] = v_fma_mix_f32 lo(0x3728ab28), |%400:v[132]|, hi(0x3728ab28)"
g_fswin32,activation,436,1.0,v_maxmin_f32,428,17788,"v1: (InfPreserve)%428:v[138] = v_maxmin_f32 -4.0, %17788:v[76], 4.0"
g_fswin32,activation,437,1.0,v_fma_mix_f32,366,363,"v1: %366:v[67] = v_fma_mix_f32 lo(0x3728ab28), |%363:v[66]|, hi(0x3728ab28)"
g_fswin32,activation,438,1.0,v_fma_mix_f32,413,410,"v1: %413:v[135] = v_fma_mix_f32 lo(0x3728ab28), |%410:v[134]|, hi(0x3728ab28)"
g_fswin32,activation,439,0.5,v_dual_mul_f32,398,"17784,397","v1: %398:v[72] = v_dual_mul_f32 %17784:v[72], %397:v[130]"
g_fswin32,activation,439,0.5,v_dual_mul_f32,387,"17783,386","v1: %387:v[71] = v_dual_mul_f32 %17783:v[71], %386:v[129]"
g_fswin32,activation,440,1.0,v_maxmin_f32,436,17789,"v1: (InfPreserve)%436:v[140] = v_maxmin_f32 -4.0, %17789:v[77], 4.0"
g_fswin32,activation,441,1.0,v_fma_mix_f32,421,418,"v1: %421:v[137] = v_fma_mix_f32 lo(0x3728ab28), |%418:v[136]|, hi(0x3728ab28)"
g_fswin32,activation,442,1.0,v_maxmin_f32,446,17790,"v1: (InfPreserve)%446:v[142] = v_maxmin_f32 -4.0, %17790:v[78], 4.0"
g_fswin32,activation,443,1.0,v_fma_mix_f32,431,428,"v1: %431:v[139] = v_fma_mix_f32 lo(0x3728ab28), |%428:v[138]|, hi(0x3728ab28)"
g_fswin32,activation,444,0.5,v_dual_fmaak_f32,368,"366,363","v1: %368:v[67] = v_dual_fmaak_f32 %366:v[67], %363:v[66], 0x3f650000"
g_fswin32,activation,444,0.5,v_dual_fmaak_f32,360,"355,358","v1: %360:v[64] = v_dual_fmaak_f32 %355:v[64], %358:v[65], 0x3f650000"
g_fswin32,activation,445,0.5,v_dual_fmaak_f32,415,"410,413","v1: %415:v[134] = v_dual_fmaak_f32 %410:v[134], %413:v[135], 0x3f650000"
g_fswin32,activation,445,0.5,v_dual_fmaak_f32,405,"403,400","v1: %405:v[133] = v_dual_fmaak_f32 %403:v[133], %400:v[132], 0x3f650000"
g_fswin32,activation,446,1.0,v_fma_mix_f32,439,436,"v1: %439:v[141] = v_fma_mix_f32 lo(0x3728ab28), |%436:v[140]|, hi(0x3728ab28)"
g_fswin32,activation,447,1.0,v_maxmin_f32,454,17791,"v1: (InfPreserve)%454:v[144] = v_maxmin_f32 -4.0, %17791:v[79], 4.0"
g_fswin32,activation,448,1.0,v_fma_mix_f32,449,446,"v1: %449:v[143] = v_fma_mix_f32 lo(0x3728ab28), |%446:v[142]|, hi(0x3728ab28)"
g_fswin32,activation,449,1.0,v_maxmin_f32,465,17792,"v1: (InfPreserve)%465:v[146] = v_maxmin_f32 -4.0, %17792:v[80], 4.0"
g_fswin32,activation,450,0.5,v_dual_fmaak_f32,433,"428,431","v1: %433:v[138] = v_dual_fmaak_f32 %428:v[138], %431:v[139], 0x3f650000"
g_fswin32,activation,450,0.5,v_dual_fmaak_f32,423,"421,418","v1: %423:v[137] = v_dual_fmaak_f32 %421:v[137], %418:v[136], 0x3f650000"
g_fswin32,activation,451,0.5,v_dual_mul_f32,369,"17781,368","v1: %369:v[69] = v_dual_mul_f32 %17781:v[69], %368:v[67]"
g_fswin32,activation,451,0.5,v_dual_mul_f32,361,"17780,360","v1: %361:v[68] = v_dual_mul_f32 %17780:v[68], %360:v[64]"
g_fswin32,activation,452,0.5,v_dual_mul_f32,416,"17786,415","v1: %416:v[74] = v_dual_mul_f32 %17786:v[74], %415:v[134]"
g_fswin32,activation,452,0.5,v_dual_mul_f32,406,"17785,405","v1: %406:v[73] = v_dual_mul_f32 %17785:v[73], %405:v[133]"
g_fswin32,activation,453,1.0,v_fma_mix_f32,457,454,"v1: %457:v[145] = v_fma_mix_f32 lo(0x3728ab28), |%454:v[144]|, hi(0x3728ab28)"
g_fswin32,activation,454,1.0,v_maxmin_f32,473,17793,"v1: (InfPreserve)%473:v[148] = v_maxmin_f32 -4.0, %17793:v[81], 4.0"
g_fswin32,activation,455,0.5,v_dual_fmaak_f32,451,"446,449","v1: %451:v[142] = v_dual_fmaak_f32 %446:v[142], %449:v[143], 0x3f650000"
g_fswin32,activation,455,0.5,v_dual_fmaak_f32,441,"439,436","v1: %441:v[141] = v_dual_fmaak_f32 %439:v[141], %436:v[140], 0x3f650000"
g_fswin32,activation,456,1.0,v_fma_mix_f32,468,465,"v1: %468:v[147] = v_fma_mix_f32 lo(0x3728ab28), |%465:v[146]|, hi(0x3728ab28)"
g_fswin32,activation,457,0.5,v_dual_mul_f32,434,"17788,433","v1: %434:v[76] = v_dual_mul_f32 %17788:v[76], %433:v[138]"
g_fswin32,activation,457,0.5,v_dual_mul_f32,424,"17787,423","v1: %424:v[75] = v_dual_mul_f32 %17787:v[75], %423:v[137]"
g_fswin32,activation,458,1.0,v_maxmin_f32,483,17794,"v1: (InfPreserve)%483:v[150] = v_maxmin_f32 -4.0, %17794:v[82], 4.0"
g_fswin32,activation,459,1.0,v_cvt_pk_fp8_f32,371,"361,369","v2b: (InfNaNPreserve)%371:v[25][0:16] = v_cvt_pk_fp8_f32 %361:v[68], %369:v[69]"
g_fswin32,activation,460,1.0,v_maxmin_f32,373,17782,"v1: (InfPreserve)%373:v[68] = v_maxmin_f32 -4.0, %17782:v[70], 4.0"
g_fswin32,activation,461,1.0,v_cvt_pk_fp8_f32,408,"398,406","v2b: (InfNaNPreserve)%408:v[26][0:16] = v_cvt_pk_fp8_f32 %398:v[72], %406:v[73]"
g_fswin32,activation,462,1.0,v_fma_mix_f32,476,473,"v1: %476:v[149] = v_fma_mix_f32 lo(0x3728ab28), |%473:v[148]|, hi(0x3728ab28)"
g_fswin32,activation,463,1.0,v_maxmin_f32,491,17795,"v1: (InfPreserve)%491:v[152] = v_maxmin_f32 -4.0, %17795:v[83], 4.0"
g_fswin32,activation,464,0.5,v_dual_mul_f32,452,"17790,451","v1: %452:v[78] = v_dual_mul_f32 %17790:v[78], %451:v[142]"
g_fswin32,activation,464,0.5,v_dual_mul_f32,442,"17789,441","v1: %442:v[77] = v_dual_mul_f32 %17789:v[77], %441:v[141]"
g_fswin32,activation,465,0.5,v_dual_fmaak_f32,470,"465,468","v1: %470:v[146] = v_dual_fmaak_f32 %465:v[146], %468:v[147], 0x3f650000"
g_fswin32,activation,465,0.5,v_dual_fmaak_f32,459,"457,454","v1: %459:v[145] = v_dual_fmaak_f32 %457:v[145], %454:v[144], 0x3f650000"
g_fswin32,activation,466,1.0,v_maxmin_f32,501,17796,"v1: (InfPreserve)%501:v[154] = v_maxmin_f32 -4.0, %17796:v[84], 4.0"
g_fswin32,activation,467,1.0,v_cvt_pk_fp8_f32,426,"416,424","v2b: (InfNaNPreserve)%426:v[26][16:32] = v_cvt_pk_fp8_f32 %416:v[74], %424:v[75] opsel_hi"
g_fswin32,activation,468,1.0,v_fma_mix_f32,486,483,"v1: %486:v[151] = v_fma_mix_f32 lo(0x3728ab28), |%483:v[150]|, hi(0x3728ab28)"
g_fswin32,activation,469,1.0,v_fma_mix_f32,376,373,"v1: %376:v[69] = v_fma_mix_f32 lo(0x3728ab28), |%373:v[68]|, hi(0x3728ab28)"
g_fswin32,activation,470,1.0,v_maxmin_f32,509,17797,"v1: (InfPreserve)%509:v[156] = v_maxmin_f32 -4.0, %17797:v[85], 4.0"
g_fswin32,activation,471,1.0,v_fma_mix_f32,494,491,"v1: %494:v[153] = v_fma_mix_f32 lo(0x3728ab28), |%491:v[152]|, hi(0x3728ab28)"
g_fswin32,activation,472,1.0,v_cvt_pk_fp8_f32,444,"434,442","v2b: (InfNaNPreserve)%444:v[27][0:16] = v_cvt_pk_fp8_f32 %434:v[76], %442:v[77]"
g_fswin32,activation,473,1.0,v_maxmin_f32,519,17798,"v1: (InfPreserve)%519:v[158] = v_maxmin_f32 -4.0, %17798:v[86], 4.0"
g_fswin32,activation,474,0.5,v_dual_mul_f32,471,"17792,470","v1: %471:v[80] = v_dual_mul_f32 %17792:v[80], %470:v[146]"
g_fswin32,activation,474,0.5,v_dual_mul_f32,460,"17791,459","v1: %460:v[79] = v_dual_mul_f32 %17791:v[79], %459:v[145]"
g_fswin32,activation,475,1.0,v_fma_mix_f32,504,501,"v1: %504:v[155] = v_fma_mix_f32 lo(0x3728ab28), |%501:v[154]|, hi(0x3728ab28)"
g_fswin32,activation,476,0.5,v_dual_fmaak_f32,488,"483,486","v1: %488:v[150] = v_dual_fmaak_f32 %483:v[150], %486:v[151], 0x3f650000"
g_fswin32,activation,476,0.5,v_dual_fmaak_f32,478,"476,473","v1: %478:v[149] = v_dual_fmaak_f32 %476:v[149], %473:v[148], 0x3f650000"
g_fswin32,activation,477,1.0,v_maxmin_f32,527,17799,"v1: (InfPreserve)%527:v[160] = v_maxmin_f32 -4.0, %17799:v[87], 4.0"
g_fswin32,activation,478,1.0,v_fmaak_f32,378,"373,376","v1: %378:v[68] = v_fmaak_f32 %373:v[68], %376:v[69], 0x3f650000"
g_fswin32,activation,479,1.0,v_fma_mix_f32,512,509,"v1: %512:v[157] = v_fma_mix_f32 lo(0x3728ab28), |%509:v[156]|, hi(0x3728ab28)"
g_fswin32,activation,480,1.0,v_maxmin_f32,538,17800,"v1: (InfPreserve)%538:v[162] = v_maxmin_f32 -4.0, %17800:v[88], 4.0"
g_fswin32,activation,481,1.0,v_fma_mix_f32,522,519,"v1: %522:v[159] = v_fma_mix_f32 lo(0x3728ab28), |%519:v[158]|, hi(0x3728ab28)"
g_fswin32,activation,482,1.0,v_cvt_pk_fp8_f32,462,"452,460","v2b: (InfNaNPreserve)%462:v[27][16:32] = v_cvt_pk_fp8_f32 %452:v[78], %460:v[79] opsel_hi"
g_fswin32,activation,483,0.5,v_dual_fmaak_f32,506,"501,504","v1: %506:v[154] = v_dual_fmaak_f32 %501:v[154], %504:v[155], 0x3f650000"
g_fswin32,activation,483,0.5,v_dual_fmaak_f32,496,"494,491","v1: %496:v[153] = v_dual_fmaak_f32 %494:v[153], %491:v[152], 0x3f650000"
g_fswin32,activation,484,1.0,v_maxmin_f32,546,17801,"v1: (InfPreserve)%546:v[164] = v_maxmin_f32 -4.0, %17801:v[89], 4.0"
g_fswin32,activation,485,0.5,v_dual_mul_f32,489,"17794,488","v1: %489:v[82] = v_dual_mul_f32 %17794:v[82], %488:v[150]"
g_fswin32,activation,485,0.5,v_dual_mul_f32,479,"17793,478","v1: %479:v[81] = v_dual_mul_f32 %17793:v[81], %478:v[149]"
g_fswin32,activation,486,1.0,v_fma_mix_f32,530,527,"v1: %530:v[161] = v_fma_mix_f32 lo(0x3728ab28), |%527:v[160]|, hi(0x3728ab28)"
g_fswin32,activation,487,1.0,v_mul_f32,379,"17782,378","v1: %379:v[70] = v_mul_f32 %17782:v[70], %378:v[68]"
g_fswin32,activation,488,1.0,v_maxmin_f32,556,17802,"v1: (InfPreserve)%556:v[166] = v_maxmin_f32 -4.0, %17802:v[90], 4.0"
g_fswin32,activation,489,1.0,v_fma_mix_f32,541,538,"v1: %541:v[163] = v_fma_mix_f32 lo(0x3728ab28), |%538:v[162]|, hi(0x3728ab28)"
g_fswin32,activation,490,0.5,v_dual_fmaak_f32,524,"519,522","v1: %524:v[158] = v_dual_fmaak_f32 %519:v[158], %522:v[159], 0x3f650000"
g_fswin32,activation,490,0.5,v_dual_fmaak_f32,514,"512,509","v1: %514:v[157] = v_dual_fmaak_f32 %512:v[157], %509:v[156], 0x3f650000"
g_fswin32,activation,491,0.5,v_dual_mul_f32,507,"17796,506","v1: %507:v[84] = v_dual_mul_f32 %17796:v[84], %506:v[154]"
g_fswin32,activation,491,0.5,v_dual_mul_f32,497,"17795,496","v1: %497:v[83] = v_dual_mul_f32 %17795:v[83], %496:v[153]"
g_fswin32,activation,492,1.0,v_maxmin_f32,564,17803,"v1: (InfPreserve)%564:v[168] = v_maxmin_f32 -4.0, %17803:v[91], 4.0"
g_fswin32,activation,493,1.0,v_fma_mix_f32,549,546,"v1: %549:v[165] = v_fma_mix_f32 lo(0x3728ab28), |%546:v[164]|, hi(0x3728ab28)"
g_fswin32,activation,494,1.0,v_cvt_pk_fp8_f32,481,"471,479","v2b: (InfNaNPreserve)%481:v[28][0:16] = v_cvt_pk_fp8_f32 %471:v[80], %479:v[81]"
g_fswin32,activation,495,1.0,v_maxmin_f32,574,17804,"v1: (InfPreserve)%574:v[170] = v_maxmin_f32 -4.0, %17804:v[92], 4.0"
g_fswin32,activation,496,1.0,v_cvt_pk_fp8_f32,389,"379,387","v2b: (InfNaNPreserve)%389:v[25][16:32] = v_cvt_pk_fp8_f32 %379:v[70], %387:v[71] opsel_hi"
g_fswin32,activation,497,1.0,v_fma_mix_f32,559,556,"v1: %559:v[167] = v_fma_mix_f32 lo(0x3728ab28), |%556:v[166]|, hi(0x3728ab28)"
g_fswin32,activation,498,0.5,v_dual_fmaak_f32,543,"538,541","v1: %543:v[162] = v_dual_fmaak_f32 %538:v[162], %541:v[163], 0x3f650000"
g_fswin32,activation,498,0.5,v_dual_fmaak_f32,532,"530,527","v1: %532:v[161] = v_dual_fmaak_f32 %530:v[161], %527:v[160], 0x3f650000"
g_fswin32,activation,499,0.5,v_dual_mul_f32,525,"17798,524","v1: %525:v[86] = v_dual_mul_f32 %17798:v[86], %524:v[158]"
g_fswin32,activation,499,0.5,v_dual_mul_f32,515,"17797,514","v1: %515:v[85] = v_dual_mul_f32 %17797:v[85], %514:v[157]"
g_fswin32,activation,500,1.0,v_maxmin_f32,582,17805,"v1: (InfPreserve)%582:v[172] = v_maxmin_f32 -4.0, %17805:v[93], 4.0"
g_fswin32,activation,501,1.0,v_cvt_pk_fp8_f32,499,"489,497","v2b: (InfNaNPreserve)%499:v[28][16:32] = v_cvt_pk_fp8_f32 %489:v[82], %497:v[83] opsel_hi"
g_fswin32,activation,502,1.0,v_maxmin_f32,592,17806,"v1: (InfPreserve)%592:v[174] = v_maxmin_f32 -4.0, %17806:v[94], 4.0"
g_fswin32,activation,503,1.0,v_fma_mix_f32,567,564,"v1: %567:v[169] = v_fma_mix_f32 lo(0x3728ab28), |%564:v[168]|, hi(0x3728ab28)"
g_fswin32,activation,504,1.0,v_fma_mix_f32,577,574,"v1: %577:v[171] = v_fma_mix_f32 lo(0x3728ab28), |%574:v[170]|, hi(0x3728ab28)"
g_fswin32,activation,505,1.0,v_maxmin_f32,600,17807,"v1: (InfPreserve)%600:v[176] = v_maxmin_f32 -4.0, %17807:v[95], 4.0"
g_fswin32,activation,506,0.5,v_dual_fmaak_f32,561,"556,559","v1: %561:v[166] = v_dual_fmaak_f32 %556:v[166], %559:v[167], 0x3f650000"
g_fswin32,activation,506,0.5,v_dual_fmaak_f32,551,"549,546","v1: %551:v[165] = v_dual_fmaak_f32 %549:v[165], %546:v[164], 0x3f650000"
g_fswin32,activation,507,0.5,v_dual_mul_f32,544,"17800,543","v1: %544:v[88] = v_dual_mul_f32 %17800:v[88], %543:v[162]"
g_fswin32,activation,507,0.5,v_dual_mul_f32,533,"17799,532","v1: %533:v[87] = v_dual_mul_f32 %17799:v[87], %532:v[161]"
g_fswin32,activation,508,1.0,v_cvt_pk_fp8_f32,517,"507,515","v2b: (InfNaNPreserve)%517:v[29][0:16] = v_cvt_pk_fp8_f32 %507:v[84], %515:v[85]"
g_fswin32,activation,510,1.0,v_fma_mix_f32,585,582,"v1: %585:v[173] = v_fma_mix_f32 lo(0x3728ab28), |%582:v[172]|, hi(0x3728ab28)"
g_fswin32,activation,511,1.0,v_fma_mix_f32,595,592,"v1: %595:v[175] = v_fma_mix_f32 lo(0x3728ab28), |%592:v[174]|, hi(0x3728ab28)"
g_fswin32,activation,512,0.5,v_dual_fmaak_f32,579,"574,577","v1: %579:v[170] = v_dual_fmaak_f32 %574:v[170], %577:v[171], 0x3f650000"
g_fswin32,activation,512,0.5,v_dual_fmaak_f32,569,"567,564","v1: %569:v[169] = v_dual_fmaak_f32 %567:v[169], %564:v[168], 0x3f650000"
g_fswin32,activation,513,1.0,v_fma_mix_f32,603,600,"v1: %603:v[177] = v_fma_mix_f32 lo(0x3728ab28), |%600:v[176]|, hi(0x3728ab28)"
g_fswin32,activation,514,0.5,v_dual_mul_f32,562,"17802,561","v1: %562:v[90] = v_dual_mul_f32 %17802:v[90], %561:v[166]"
g_fswin32,activation,514,0.5,v_dual_mul_f32,552,"17801,551","v1: %552:v[89] = v_dual_mul_f32 %17801:v[89], %551:v[165]"
g_fswin32,activation,515,1.0,v_cvt_pk_fp8_f32,535,"525,533","v2b: (InfNaNPreserve)%535:v[29][16:32] = v_cvt_pk_fp8_f32 %525:v[86], %533:v[87] opsel_hi"
g_fswin32,activation,516,0.5,v_dual_fmaak_f32,597,"592,595","v1: %597:v[174] = v_dual_fmaak_f32 %592:v[174], %595:v[175], 0x3f650000"
g_fswin32,activation,516,0.5,v_dual_fmaak_f32,587,"585,582","v1: %587:v[173] = v_dual_fmaak_f32 %585:v[173], %582:v[172], 0x3f650000"
g_fswin32,activation,517,0.5,v_dual_mul_f32,580,"17804,579","v1: %580:v[92] = v_dual_mul_f32 %17804:v[92], %579:v[170]"
g_fswin32,activation,517,0.5,v_dual_mul_f32,570,"17803,569","v1: %570:v[91] = v_dual_mul_f32 %17803:v[91], %569:v[169]"
g_fswin32,activation,519,1.0,v_cvt_pk_fp8_f32,554,"544,552","v2b: (InfNaNPreserve)%554:v[62][0:16] = v_cvt_pk_fp8_f32 %544:v[88], %552:v[89]"
g_fswin32,activation,520,1.0,v_maxmin_f32,633,17901,"v1: (InfPreserve)%633:v[180] = v_maxmin_f32 -4.0, %17901:v[97], 4.0"
g_fswin32,activation,521,1.0,v_maxmin_f32,625,17900,"v1: (InfPreserve)%625:v[178] = v_maxmin_f32 -4.0, %17900:v[96], 4.0"
g_fswin32,activation,522,1.0,v_maxmin_f32,643,17902,"v1: (InfPreserve)%643:v[182] = v_maxmin_f32 -4.0, %17902:v[98], 4.0"
g_fswin32,activation,523,0.5,v_dual_mul_f32,598,"17806,597","v1: %598:v[94] = v_dual_mul_f32 %17806:v[94], %597:v[174]"
g_fswin32,activation,523,0.5,v_dual_mul_f32,588,"17805,587","v1: %588:v[93] = v_dual_mul_f32 %17805:v[93], %587:v[173]"
g_fswin32,activation,524,1.0,v_cvt_pk_fp8_f32,572,"562,570","v2b: (InfNaNPreserve)%572:v[62][16:32] = v_cvt_pk_fp8_f32 %562:v[90], %570:v[91] opsel_hi"
g_fswin32,activation,527,1.0,v_maxmin_f32,651,17903,"v1: (InfPreserve)%651:v[184] = v_maxmin_f32 -4.0, %17903:v[99], 4.0"
g_fswin32,activation,528,1.0,v_maxmin_f32,661,17904,"v1: (InfPreserve)%661:v[186] = v_maxmin_f32 -4.0, %17904:v[100], 4.0"
g_fswin32,activation,529,1.0,v_fma_mix_f32,636,633,"v1: %636:v[181] = v_fma_mix_f32 lo(0x3728ab28), |%633:v[180]|, hi(0x3728ab28)"
g_fswin32,activation,530,1.0,v_fma_mix_f32,628,625,"v1: %628:v[179] = v_fma_mix_f32 lo(0x3728ab28), |%625:v[178]|, hi(0x3728ab28)"
g_fswin32,activation,531,1.0,v_fma_mix_f32,646,643,"v1: %646:v[183] = v_fma_mix_f32 lo(0x3728ab28), |%643:v[182]|, hi(0x3728ab28)"
g_fswin32,activation,532,1.0,v_cvt_pk_fp8_f32,590,"580,588","v2b: (InfNaNPreserve)%590:v[63][0:16] = v_cvt_pk_fp8_f32 %580:v[92], %588:v[93]"
g_fswin32,activation,533,1.0,v_maxmin_f32,669,17905,"v1: (InfPreserve)%669:v[188] = v_maxmin_f32 -4.0, %17905:v[101], 4.0"
g_fswin32,activation,534,1.0,v_maxmin_f32,679,17906,"v1: (InfPreserve)%679:v[190] = v_maxmin_f32 -4.0, %17906:v[102], 4.0"
g_fswin32,activation,535,1.0,v_fma_mix_f32,654,651,"v1: %654:v[185] = v_fma_mix_f32 lo(0x3728ab28), |%651:v[184]|, hi(0x3728ab28)"
g_fswin32,activation,536,1.0,v_fma_mix_f32,664,661,"v1: %664:v[187] = v_fma_mix_f32 lo(0x3728ab28), |%661:v[186]|, hi(0x3728ab28)"
g_fswin32,activation,537,0.5,v_dual_fmaak_f32,630,"625,628","v1: %630:v[178] = v_dual_fmaak_f32 %625:v[178], %628:v[179], 0x3f650000"
g_fswin32,activation,537,0.5,v_dual_fmaak_f32,605,"603,600","v1: %605:v[177] = v_dual_fmaak_f32 %603:v[177], %600:v[176], 0x3f650000"
g_fswin32,activation,538,0.5,v_dual_fmaak_f32,648,"643,646","v1: %648:v[182] = v_dual_fmaak_f32 %643:v[182], %646:v[183], 0x3f650000"
g_fswin32,activation,538,0.5,v_dual_fmaak_f32,638,"636,633","v1: %638:v[181] = v_dual_fmaak_f32 %636:v[181], %633:v[180], 0x3f650000"
g_fswin32,activation,539,1.0,v_maxmin_f32,698,17908,"v1: (InfPreserve)%698:v[65] = v_maxmin_f32 -4.0, %17908:v[104], 4.0"
g_fswin32,activation,540,1.0,v_fma_mix_f32,672,669,"v1: %672:v[189] = v_fma_mix_f32 lo(0x3728ab28), |%669:v[188]|, hi(0x3728ab28)"
g_fswin32,activation,541,1.0,v_maxmin_f32,706,17909,"v1: (InfPreserve)%706:v[67] = v_maxmin_f32 -4.0, %17909:v[105], 4.0"
g_fswin32,activation,542,1.0,v_fma_mix_f32,682,679,"v1: %682:v[191] = v_fma_mix_f32 lo(0x3728ab28), |%679:v[190]|, hi(0x3728ab28)"
g_fswin32,activation,543,0.5,v_dual_fmaak_f32,666,"661,664","v1: %666:v[186] = v_dual_fmaak_f32 %661:v[186], %664:v[187], 0x3f650000"
g_fswin32,activation,543,0.5,v_dual_fmaak_f32,656,"654,651","v1: %656:v[185] = v_dual_fmaak_f32 %654:v[185], %651:v[184], 0x3f650000"
g_fswin32,activation,544,0.5,v_dual_mul_f32,631,"17900,630","v1: %631:v[96] = v_dual_mul_f32 %17900:v[96], %630:v[178]"
g_fswin32,activation,544,0.5,v_dual_mul_f32,606,"17807,605","v1: %606:v[95] = v_dual_mul_f32 %17807:v[95], %605:v[177]"
g_fswin32,activation,545,0.5,v_dual_mul_f32,649,"17902,648","v1: %649:v[98] = v_dual_mul_f32 %17902:v[98], %648:v[182]"
g_fswin32,activation,545,0.5,v_dual_mul_f32,639,"17901,638","v1: %639:v[97] = v_dual_mul_f32 %17901:v[97], %638:v[181]"
g_fswin32,activation,546,1.0,v_maxmin_f32,716,17910,"v1: (InfPreserve)%716:v[69] = v_maxmin_f32 -4.0, %17910:v[106], 4.0"
g_fswin32,activation,547,1.0,v_fma_mix_f32,701,698,"v1: %701:v[66] = v_fma_mix_f32 lo(0x3728ab28), |%698:v[65]|, hi(0x3728ab28)"
g_fswin32,activation,548,1.0,v_maxmin_f32,724,17911,"v1: (InfPreserve)%724:v[71] = v_maxmin_f32 -4.0, %17911:v[107], 4.0"
g_fswin32,activation,549,1.0,v_fma_mix_f32,709,706,"v1: %709:v[68] = v_fma_mix_f32 lo(0x3728ab28), |%706:v[67]|, hi(0x3728ab28)"
g_fswin32,activation,550,0.5,v_dual_fmaak_f32,684,"679,682","v1: %684:v[190] = v_dual_fmaak_f32 %679:v[190], %682:v[191], 0x3f650000"
g_fswin32,activation,550,0.5,v_dual_fmaak_f32,674,"672,669","v1: %674:v[189] = v_dual_fmaak_f32 %672:v[189], %669:v[188], 0x3f650000"
g_fswin32,activation,551,1.0,v_maxmin_f32,687,17907,"v1: (InfPreserve)%687:v[191] = v_maxmin_f32 -4.0, %17907:v[103], 4.0"
g_fswin32,activation,552,0.5,v_dual_mul_f32,667,"17904,666","v1: %667:v[100] = v_dual_mul_f32 %17904:v[100], %666:v[186]"
g_fswin32,activation,552,0.5,v_dual_mul_f32,657,"17903,656","v1: %657:v[99] = v_dual_mul_f32 %17903:v[99], %656:v[185]"
g_fswin32,activation,553,1.0,v_cvt_pk_fp8_f32,608,"598,606","v2b: (InfNaNPreserve)%608:v[63][16:32] = v_cvt_pk_fp8_f32 %598:v[94], %606:v[95] opsel_hi"
g_fswin32,activation,554,1.0,v_cvt_pk_fp8_f32,641,"631,639","v2b: (InfNaNPreserve)%641:v[30][0:16] = v_cvt_pk_fp8_f32 %631:v[96], %639:v[97]"
g_fswin32,activation,555,1.0,v_fma_mix_f32,719,716,"v1: %719:v[70] = v_fma_mix_f32 lo(0x3728ab28), |%716:v[69]|, hi(0x3728ab28)"
g_fswin32,activation,556,1.0,v_maxmin_f32,734,17912,"v1: (InfPreserve)%734:v[73] = v_maxmin_f32 -4.0, %17912:v[108], 4.0"
g_fswin32,activation,557,1.0,v_maxmin_f32,742,17913,"v1: (InfPreserve)%742:v[75] = v_maxmin_f32 -4.0, %17913:v[109], 4.0"
g_fswin32,activation,558,1.0,v_fma_mix_f32,727,724,"v1: %727:v[72] = v_fma_mix_f32 lo(0x3728ab28), |%724:v[71]|, hi(0x3728ab28)"
g_fswin32,activation,559,0.5,v_dual_fmaak_f32,711,"709,706","v1: %711:v[68] = v_dual_fmaak_f32 %709:v[68], %706:v[67], 0x3f650000"
g_fswin32,activation,559,0.5,v_dual_fmaak_f32,703,"698,701","v1: %703:v[65] = v_dual_fmaak_f32 %698:v[65], %701:v[66], 0x3f650000"
g_fswin32,activation,560,1.0,v_fma_mix_f32,690,687,"v1: %690:v[64] = v_fma_mix_f32 lo(0x3728ab28), |%687:v[191]|, hi(0x3728ab28)"
g_fswin32,activation,561,1.0,v_cvt_pk_fp8_f32,659,"649,657","v2b: (InfNaNPreserve)%659:v[30][16:32] = v_cvt_pk_fp8_f32 %649:v[98], %657:v[99] opsel_hi"
g_fswin32,activation,562,1.0,v_maxmin_f32,752,17914,"v1: (InfPreserve)%752:v[77] = v_maxmin_f32 -4.0, %17914:v[110], 4.0"
g_fswin32,activation,563,1.0,v_maxmin_f32,760,17915,"v1: (InfPreserve)%760:v[79] = v_maxmin_f32 -4.0, %17915:v[111], 4.0"
g_fswin32,activation,564,1.0,v_fma_mix_f32,737,734,"v1: %737:v[74] = v_fma_mix_f32 lo(0x3728ab28), |%734:v[73]|, hi(0x3728ab28)"
g_fswin32,activation,565,1.0,v_fma_mix_f32,745,742,"v1: %745:v[76] = v_fma_mix_f32 lo(0x3728ab28), |%742:v[75]|, hi(0x3728ab28)"
g_fswin32,activation,566,0.5,v_dual_fmaak_f32,729,"727,724","v1: %729:v[72] = v_dual_fmaak_f32 %727:v[72], %724:v[71], 0x3f650000"
g_fswin32,activation,566,0.5,v_dual_fmaak_f32,721,"716,719","v1: %721:v[69] = v_dual_fmaak_f32 %716:v[69], %719:v[70], 0x3f650000"
g_fswin32,activation,567,0.5,v_dual_mul_f32,704,"17908,703","v1: %704:v[104] = v_dual_mul_f32 %17908:v[104], %703:v[65]"
g_fswin32,activation,567,0.5,v_dual_mul_f32,712,"17909,711","v1: %712:v[105] = v_dual_mul_f32 %17909:v[105], %711:v[68]"
g_fswin32,activation,568,1.0,v_maxmin_f32,771,17916,"v1: (InfPreserve)%771:v[81] = v_maxmin_f32 -4.0, %17916:v[112], 4.0"
g_fswin32,activation,569,0.5,v_dual_fmaak_f32,692,"690,687","v1: %692:v[64] = v_dual_fmaak_f32 %690:v[64], %687:v[191], 0x3f650000"
g_fswin32,activation,569,0.5,v_dual_mul_f32,675,"17905,674","v1: %675:v[101] = v_dual_mul_f32 %17905:v[101], %674:v[189]"
g_fswin32,activation,570,1.0,v_fma_mix_f32,755,752,"v1: %755:v[78] = v_fma_mix_f32 lo(0x3728ab28), |%752:v[77]|, hi(0x3728ab28)"
g_fswin32,activation,571,1.0,v_maxmin_f32,779,17917,"v1: (InfPreserve)%779:v[83] = v_maxmin_f32 -4.0, %17917:v[113], 4.0"
g_fswin32,activation,572,1.0,v_fma_mix_f32,763,760,"v1: %763:v[80] = v_fma_mix_f32 lo(0x3728ab28), |%760:v[79]|, hi(0x3728ab28)"
g_fswin32,activation,573,0.5,v_dual_fmaak_f32,747,"745,742","v1: %747:v[76] = v_dual_fmaak_f32 %745:v[76], %742:v[75], 0x3f650000"
g_fswin32,activation,573,0.5,v_dual_fmaak_f32,739,"734,737","v1: %739:v[73] = v_dual_fmaak_f32 %734:v[73], %737:v[74], 0x3f650000"
g_fswin32,activation,574,0.5,v_dual_mul_f32,730,"17911,729","v1: %730:v[107] = v_dual_mul_f32 %17911:v[107], %729:v[72]"
g_fswin32,activation,574,0.5,v_dual_mul_f32,722,"17910,721","v1: %722:v[106] = v_dual_mul_f32 %17910:v[106], %721:v[69]"
g_fswin32,activation,575,1.0,v_maxmin_f32,789,17918,"v1: (InfPreserve)%789:v[85] = v_maxmin_f32 -4.0, %17918:v[114], 4.0"
g_fswin32,activation,576,1.0,v_fma_mix_f32,774,771,"v1: %774:v[82] = v_fma_mix_f32 lo(0x3728ab28), |%771:v[81]|, hi(0x3728ab28)"
g_fswin32,activation,577,1.0,v_cvt_pk_fp8_f32,677,"667,675","v2b: (InfNaNPreserve)%677:v[31][0:16] = v_cvt_pk_fp8_f32 %667:v[100], %675:v[101]"
g_fswin32,activation,578,1.0,v_maxmin_f32,797,17919,"v1: (InfPreserve)%797:v[87] = v_maxmin_f32 -4.0, %17919:v[115], 4.0"
g_fswin32,activation,579,0.5,v_dual_mul_f32,685,"17906,684","v1: %685:v[102] = v_dual_mul_f32 %17906:v[102], %684:v[190]"
g_fswin32,activation,579,0.5,v_dual_mul_f32,693,"17907,692","v1: %693:v[103] = v_dual_mul_f32 %17907:v[103], %692:v[64]"
g_fswin32,activation,580,1.0,v_cvt_pk_fp8_f32,714,"704,712","v2b: (InfNaNPreserve)%714:v[64][0:16] = v_cvt_pk_fp8_f32 %704:v[104], %712:v[105]"
g_fswin32,activation,581,1.0,v_fma_mix_f32,782,779,"v1: %782:v[84] = v_fma_mix_f32 lo(0x3728ab28), |%779:v[83]|, hi(0x3728ab28)"
g_fswin32,activation,582,0.5,v_dual_fmaak_f32,765,"763,760","v1: %765:v[80] = v_dual_fmaak_f32 %763:v[80], %760:v[79], 0x3f650000"
g_fswin32,activation,582,0.5,v_dual_fmaak_f32,757,"752,755","v1: %757:v[77] = v_dual_fmaak_f32 %752:v[77], %755:v[78], 0x3f650000"
g_fswin32,activation,583,0.5,v_dual_mul_f32,748,"17913,747","v1: %748:v[109] = v_dual_mul_f32 %17913:v[109], %747:v[76]"
g_fswin32,activation,583,0.5,v_dual_mul_f32,740,"17912,739","v1: %740:v[108] = v_dual_mul_f32 %17912:v[108], %739:v[73]"
g_fswin32,activation,584,1.0,v_cvt_pk_fp8_f32,732,"722,730","v2b: (InfNaNPreserve)%732:v[64][16:32] = v_cvt_pk_fp8_f32 %722:v[106], %730:v[107] opsel_hi"
g_fswin32,activation,585,1.0,v_maxmin_f32,807,17920,"v1: (InfPreserve)%807:v[89] = v_maxmin_f32 -4.0, %17920:v[116], 4.0"
g_fswin32,activation,586,1.0,v_fma_mix_f32,792,789,"v1: %792:v[86] = v_fma_mix_f32 lo(0x3728ab28), |%789:v[85]|, hi(0x3728ab28)"
g_fswin32,activation,587,1.0,v_maxmin_f32,815,17921,"v1: (InfPreserve)%815:v[91] = v_maxmin_f32 -4.0, %17921:v[117], 4.0"
g_fswin32,activation,588,1.0,v_fma_mix_f32,800,797,"v1: %800:v[88] = v_fma_mix_f32 lo(0x3728ab28), |%797:v[87]|, hi(0x3728ab28)"
g_fswin32,activation,589,1.0,v_cvt_pk_fp8_f32,695,"685,693","v2b: (InfNaNPreserve)%695:v[31][16:32] = v_cvt_pk_fp8_f32 %685:v[102], %693:v[103] opsel_hi"
g_fswin32,activation,590,1.0,v_maxmin_f32,825,17922,"v1: (InfPreserve)%825:v[93] = v_maxmin_f32 -4.0, %17922:v[118], 4.0"
g_fswin32,activation,591,0.5,v_dual_fmaak_f32,784,"782,779","v1: %784:v[84] = v_dual_fmaak_f32 %782:v[84], %779:v[83], 0x3f650000"
g_fswin32,activation,591,0.5,v_dual_fmaak_f32,776,"771,774","v1: %776:v[81] = v_dual_fmaak_f32 %771:v[81], %774:v[82], 0x3f650000"
g_fswin32,activation,592,0.5,v_dual_mul_f32,766,"17915,765","v1: %766:v[111] = v_dual_mul_f32 %17915:v[111], %765:v[80]"
g_fswin32,activation,592,0.5,v_dual_mul_f32,758,"17914,757","v1: %758:v[110] = v_dual_mul_f32 %17914:v[110], %757:v[77]"
g_fswin32,activation,593,1.0,v_cvt_pk_fp8_f32,750,"740,748","v2b: (InfNaNPreserve)%750:v[65][0:16] = v_cvt_pk_fp8_f32 %740:v[108], %748:v[109]"
g_fswin32,activation,594,1.0,v_maxmin_f32,833,17923,"v1: (InfPreserve)%833:v[95] = v_maxmin_f32 -4.0, %17923:v[119], 4.0"
g_fswin32,activation,595,1.0,v_fma_mix_f32,810,807,"v1: %810:v[90] = v_fma_mix_f32 lo(0x3728ab28), |%807:v[89]|, hi(0x3728ab28)"
g_fswin32,activation,596,1.0,v_fma_mix_f32,818,815,"v1: %818:v[92] = v_fma_mix_f32 lo(0x3728ab28), |%815:v[91]|, hi(0x3728ab28)"
g_fswin32,activation,597,1.0,v_maxmin_f32,844,17924,"v1: (InfPreserve)%844:v[97] = v_maxmin_f32 -4.0, %17924:v[120], 4.0"
g_fswin32,activation,598,0.5,v_dual_fmaak_f32,802,"800,797","v1: %802:v[88] = v_dual_fmaak_f32 %800:v[88], %797:v[87], 0x3f650000"
g_fswin32,activation,598,0.5,v_dual_fmaak_f32,794,"789,792","v1: %794:v[85] = v_dual_fmaak_f32 %789:v[85], %792:v[86], 0x3f650000"
g_fswin32,activation,599,1.0,v_fma_mix_f32,828,825,"v1: %828:v[94] = v_fma_mix_f32 lo(0x3728ab28), |%825:v[93]|, hi(0x3728ab28)"
g_fswin32,activation,600,1.0,v_maxmin_f32,852,17925,"v1: (InfPreserve)%852:v[99] = v_maxmin_f32 -4.0, %17925:v[121], 4.0"
g_fswin32,activation,601,0.5,v_dual_mul_f32,785,"17917,784","v1: %785:v[113] = v_dual_mul_f32 %17917:v[113], %784:v[84]"
g_fswin32,activation,601,0.5,v_dual_mul_f32,777,"17916,776","v1: %777:v[112] = v_dual_mul_f32 %17916:v[112], %776:v[81]"
g_fswin32,activation,602,1.0,v_cvt_pk_fp8_f32,768,"758,766","v2b: (InfNaNPreserve)%768:v[65][16:32] = v_cvt_pk_fp8_f32 %758:v[110], %766:v[111] opsel_hi"
g_fswin32,activation,603,1.0,v_fma_mix_f32,836,833,"v1: %836:v[96] = v_fma_mix_f32 lo(0x3728ab28), |%833:v[95]|, hi(0x3728ab28)"
g_fswin32,activation,604,1.0,v_maxmin_f32,862,17926,"v1: (InfPreserve)%862:v[101] = v_maxmin_f32 -4.0, %17926:v[122], 4.0"
g_fswin32,activation,605,0.5,v_dual_fmaak_f32,820,"818,815","v1: %820:v[92] = v_dual_fmaak_f32 %818:v[92], %815:v[91], 0x3f650000"
g_fswin32,activation,605,0.5,v_dual_fmaak_f32,812,"807,810","v1: %812:v[89] = v_dual_fmaak_f32 %807:v[89], %810:v[90], 0x3f650000"
g_fswin32,activation,606,1.0,v_fma_mix_f32,847,844,"v1: %847:v[98] = v_fma_mix_f32 lo(0x3728ab28), |%844:v[97]|, hi(0x3728ab28)"
g_fswin32,activation,607,1.0,v_maxmin_f32,870,17927,"v1: (InfPreserve)%870:v[103] = v_maxmin_f32 -4.0, %17927:v[123], 4.0"
g_fswin32,activation,608,0.5,v_dual_mul_f32,803,"17919,802","v1: %803:v[115] = v_dual_mul_f32 %17919:v[115], %802:v[88]"
g_fswin32,activation,608,0.5,v_dual_mul_f32,795,"17918,794","v1: %795:v[114] = v_dual_mul_f32 %17918:v[114], %794:v[85]"
g_fswin32,activation,609,1.0,v_fma_mix_f32,855,852,"v1: %855:v[100] = v_fma_mix_f32 lo(0x3728ab28), |%852:v[99]|, hi(0x3728ab28)"
g_fswin32,activation,610,1.0,v_cvt_pk_fp8_f32,787,"777,785","v2b: (InfNaNPreserve)%787:v[66][0:16] = v_cvt_pk_fp8_f32 %777:v[112], %785:v[113]"
g_fswin32,activation,611,1.0,v_maxmin_f32,880,17928,"v1: (InfPreserve)%880:v[105] = v_maxmin_f32 -4.0, %17928:v[124], 4.0"
g_fswin32,activation,612,0.5,v_dual_fmaak_f32,838,"836,833","v1: %838:v[96] = v_dual_fmaak_f32 %836:v[96], %833:v[95], 0x3f650000"
g_fswin32,activation,612,0.5,v_dual_fmaak_f32,830,"825,828","v1: %830:v[93] = v_dual_fmaak_f32 %825:v[93], %828:v[94], 0x3f650000"
g_fswin32,activation,613,1.0,v_maxmin_f32,888,17929,"v1: (InfPreserve)%888:v[107] = v_maxmin_f32 -4.0, %17929:v[125], 4.0"
g_fswin32,activation,614,1.0,v_fma_mix_f32,865,862,"v1: %865:v[102] = v_fma_mix_f32 lo(0x3728ab28), |%862:v[101]|, hi(0x3728ab28)"
g_fswin32,activation,615,0.5,v_dual_mul_f32,821,"17921,820","v1: %821:v[117] = v_dual_mul_f32 %17921:v[117], %820:v[92]"
g_fswin32,activation,615,0.5,v_dual_mul_f32,813,"17920,812","v1: %813:v[116] = v_dual_mul_f32 %17920:v[116], %812:v[89]"
g_fswin32,activation,616,1.0,v_fma_mix_f32,873,870,"v1: %873:v[104] = v_fma_mix_f32 lo(0x3728ab28), |%870:v[103]|, hi(0x3728ab28)"
g_fswin32,activation,617,1.0,v_cvt_pk_fp8_f32,805,"795,803","v2b: (InfNaNPreserve)%805:v[66][16:32] = v_cvt_pk_fp8_f32 %795:v[114], %803:v[115] opsel_hi"
g_fswin32,activation,618,0.5,v_dual_fmaak_f32,857,"855,852","v1: %857:v[100] = v_dual_fmaak_f32 %855:v[100], %852:v[99], 0x3f650000"
g_fswin32,activation,618,0.5,v_dual_fmaak_f32,849,"844,847","v1: %849:v[97] = v_dual_fmaak_f32 %844:v[97], %847:v[98], 0x3f650000"
g_fswin32,activation,619,1.0,v_maxmin_f32,898,17930,"v1: (InfPreserve)%898:v[109] = v_maxmin_f32 -4.0, %17930:v[126], 4.0"
g_fswin32,activation,620,1.0,v_maxmin_f32,906,17931,"v1: (InfPreserve)%906:v[111] = v_maxmin_f32 -4.0, %17931:v[127], 4.0"
g_fswin32,activation,621,1.0,v_fma_mix_f32,883,880,"v1: %883:v[106] = v_fma_mix_f32 lo(0x3728ab28), |%880:v[105]|, hi(0x3728ab28)"
g_fswin32,activation,622,0.5,v_dual_mul_f32,839,"17923,838","v1: %839:v[119] = v_dual_mul_f32 %17923:v[119], %838:v[96]"
g_fswin32,activation,622,0.5,v_dual_mul_f32,831,"17922,830","v1: %831:v[118] = v_dual_mul_f32 %17922:v[118], %830:v[93]"
g_fswin32,activation,623,1.0,v_fma_mix_f32,891,888,"v1: %891:v[108] = v_fma_mix_f32 lo(0x3728ab28), |%888:v[107]|, hi(0x3728ab28)"
g_fswin32,activation,624,1.0,v_cvt_pk_fp8_f32,823,"813,821","v2b: (InfNaNPreserve)%823:v[67][0:16] = v_cvt_pk_fp8_f32 %813:v[116], %821:v[117]"
g_fswin32,activation,625,0.5,v_dual_fmaak_f32,875,"873,870","v1: %875:v[104] = v_dual_fmaak_f32 %873:v[104], %870:v[103], 0x3f650000"
g_fswin32,activation,625,0.5,v_dual_fmaak_f32,867,"862,865","v1: %867:v[101] = v_dual_fmaak_f32 %862:v[101], %865:v[102], 0x3f650000"
g_fswin32,activation,628,0.5,v_dual_mul_f32,858,"17925,857","v1: %858:v[121] = v_dual_mul_f32 %17925:v[121], %857:v[100]"
g_fswin32,activation,628,0.5,v_dual_mul_f32,850,"17924,849","v1: %850:v[120] = v_dual_mul_f32 %17924:v[120], %849:v[97]"
g_fswin32,activation,629,1.0,v_fma_mix_f32,901,898,"v1: %901:v[110] = v_fma_mix_f32 lo(0x3728ab28), |%898:v[109]|, hi(0x3728ab28)"
g_fswin32,activation,630,1.0,v_fma_mix_f32,909,906,"v1: %909:v[112] = v_fma_mix_f32 lo(0x3728ab28), |%906:v[111]|, hi(0x3728ab28)"
g_fswin32,activation,631,1.0,v_cvt_pk_fp8_f32,841,"831,839","v2b: (InfNaNPreserve)%841:v[67][16:32] = v_cvt_pk_fp8_f32 %831:v[118], %839:v[119] opsel_hi"
g_fswin32,activation,632,0.5,v_dual_fmaak_f32,893,"891,888","v1: %893:v[108] = v_dual_fmaak_f32 %891:v[108], %888:v[107], 0x3f650000"
g_fswin32,activation,632,0.5,v_dual_fmaak_f32,885,"880,883","v1: %885:v[105] = v_dual_fmaak_f32 %880:v[105], %883:v[106], 0x3f650000"
g_fswin32,activation,633,0.5,v_dual_mul_f32,876,"17927,875","v1: %876:v[123] = v_dual_mul_f32 %17927:v[123], %875:v[104]"
g_fswin32,activation,633,0.5,v_dual_mul_f32,868,"17926,867","v1: %868:v[122] = v_dual_mul_f32 %17926:v[122], %867:v[101]"
g_fswin32,activation,634,1.0,v_cvt_pk_fp8_f32,860,"850,858","v2b: (InfNaNPreserve)%860:v[68][0:16] = v_cvt_pk_fp8_f32 %850:v[120], %858:v[121]"
g_fswin32,activation,635,0.5,v_dual_fmaak_f32,911,"909,906","v1: %911:v[112] = v_dual_fmaak_f32 %909:v[112], %906:v[111], 0x3f650000"
g_fswin32,activation,635,0.5,v_dual_fmaak_f32,903,"898,901","v1: %903:v[109] = v_dual_fmaak_f32 %898:v[109], %901:v[110], 0x3f650000"
g_fswin32,activation,637,0.5,v_dual_mul_f32,894,"17929,893","v1: %894:v[125] = v_dual_mul_f32 %17929:v[125], %893:v[108]"
g_fswin32,activation,637,0.5,v_dual_mul_f32,886,"17928,885","v1: %886:v[124] = v_dual_mul_f32 %17928:v[124], %885:v[105]"
g_fswin32,activation,638,1.0,v_cvt_pk_fp8_f32,878,"868,876","v2b: (InfNaNPreserve)%878:v[68][16:32] = v_cvt_pk_fp8_f32 %868:v[122], %876:v[123] opsel_hi"
g_fswin32,activation,642,0.5,v_dual_mul_f32,912,"17931,911","v1: %912:v[127] = v_dual_mul_f32 %17931:v[127], %911:v[112]"
g_fswin32,activation,642,0.5,v_dual_mul_f32,904,"17930,903","v1: %904:v[126] = v_dual_mul_f32 %17930:v[126], %903:v[109]"
g_fswin32,activation,643,1.0,v_cvt_pk_fp8_f32,896,"886,894","v2b: (InfNaNPreserve)%896:v[69][0:16] = v_cvt_pk_fp8_f32 %886:v[124], %894:v[125]"
g_fswin32,activation,646,1.0,v_maxmin_f32,945,18033,"v1: (InfPreserve)%945:v[115] = v_maxmin_f32 -4.0, %18033:v[73], 4.0"
g_fswin32,activation,647,1.0,v_maxmin_f32,937,18032,"v1: (InfPreserve)%937:v[113] = v_maxmin_f32 -4.0, %18032:v[72], 4.0"
g_fswin32,activation,648,1.0,v_maxmin_f32,955,18034,"v1: (InfPreserve)%955:v[117] = v_maxmin_f32 -4.0, %18034:v[74], 4.0"
g_fswin32,activation,649,1.0,v_maxmin_f32,963,18035,"v1: (InfPreserve)%963:v[119] = v_maxmin_f32 -4.0, %18035:v[75], 4.0"
g_fswin32,activation,650,1.0,v_cvt_pk_fp8_f32,914,"904,912","v2b: (InfNaNPreserve)%914:v[69][16:32] = v_cvt_pk_fp8_f32 %904:v[126], %912:v[127] opsel_hi"
g_fswin32,activation,652,1.0,v_maxmin_f32,973,18036,"v1: (InfPreserve)%973:v[121] = v_maxmin_f32 -4.0, %18036:v[76], 4.0"
g_fswin32,activation,653,1.0,v_maxmin_f32,981,18037,"v1: (InfPreserve)%981:v[123] = v_maxmin_f32 -4.0, %18037:v[77], 4.0"
g_fswin32,activation,655,1.0,v_fma_mix_f32,948,945,"v1: %948:v[116] = v_fma_mix_f32 lo(0x3728ab28), |%945:v[115]|, hi(0x3728ab28)"
g_fswin32,activation,656,1.0,v_fma_mix_f32,940,937,"v1: %940:v[114] = v_fma_mix_f32 lo(0x3728ab28), |%937:v[113]|, hi(0x3728ab28)"
g_fswin32,activation,657,1.0,v_fma_mix_f32,958,955,"v1: %958:v[118] = v_fma_mix_f32 lo(0x3728ab28), |%955:v[117]|, hi(0x3728ab28)"
g_fswin32,activation,658,1.0,v_fma_mix_f32,966,963,"v1: %966:v[120] = v_fma_mix_f32 lo(0x3728ab28), |%963:v[119]|, hi(0x3728ab28)"
g_fswin32,activation,660,1.0,v_maxmin_f32,991,18038,"v1: (InfPreserve)%991:v[125] = v_maxmin_f32 -4.0, %18038:v[78], 4.0"
g_fswin32,activation,661,1.0,v_fma_mix_f32,976,973,"v1: %976:v[122] = v_fma_mix_f32 lo(0x3728ab28), |%973:v[121]|, hi(0x3728ab28)"
g_fswin32,activation,662,1.0,v_fma_mix_f32,984,981,"v1: %984:v[124] = v_fma_mix_f32 lo(0x3728ab28), |%981:v[123]|, hi(0x3728ab28)"
g_fswin32,activation,663,1.0,v_maxmin_f32,999,18039,"v1: (InfPreserve)%999:v[127] = v_maxmin_f32 -4.0, %18039:v[79], 4.0"
g_fswin32,activation,664,0.5,v_dual_fmaak_f32,950,"948,945","v1: %950:v[116] = v_dual_fmaak_f32 %948:v[116], %945:v[115], 0x3f650000"
g_fswin32,activation,664,0.5,v_dual_fmaak_f32,942,"937,940","v1: %942:v[113] = v_dual_fmaak_f32 %937:v[113], %940:v[114], 0x3f650000"
g_fswin32,activation,665,0.5,v_dual_fmaak_f32,968,"966,963","v1: %968:v[120] = v_dual_fmaak_f32 %966:v[120], %963:v[119], 0x3f650000"
g_fswin32,activation,665,0.5,v_dual_fmaak_f32,960,"955,958","v1: %960:v[117] = v_dual_fmaak_f32 %955:v[117], %958:v[118], 0x3f650000"
g_fswin32,activation,666,1.0,v_maxmin_f32,1010,18040,"v1: (InfPreserve)%1010:v[129] = v_maxmin_f32 -4.0, %18040:v[80], 4.0"
g_fswin32,activation,667,1.0,v_maxmin_f32,1018,18041,"v1: (InfPreserve)%1018:v[131] = v_maxmin_f32 -4.0, %18041:v[81], 4.0"
g_fswin32,activation,668,1.0,v_fma_mix_f32,994,991,"v1: %994:v[126] = v_fma_mix_f32 lo(0x3728ab28), |%991:v[125]|, hi(0x3728ab28)"
g_fswin32,activation,669,0.5,v_dual_fmaak_f32,986,"984,981","v1: %986:v[124] = v_dual_fmaak_f32 %984:v[124], %981:v[123], 0x3f650000"
g_fswin32,activation,669,0.5,v_dual_fmaak_f32,978,"973,976","v1: %978:v[121] = v_dual_fmaak_f32 %973:v[121], %976:v[122], 0x3f650000"
g_fswin32,activation,670,1.0,v_maxmin_f32,1028,18042,"v1: (InfPreserve)%1028:v[133] = v_maxmin_f32 -4.0, %18042:v[82], 4.0"
g_fswin32,activation,671,1.0,v_fma_mix_f32,1002,999,"v1: %1002:v[128] = v_fma_mix_f32 lo(0x3728ab28), |%999:v[127]|, hi(0x3728ab28)"
g_fswin32,activation,672,1.0,v_maxmin_f32,1036,18043,"v1: (InfPreserve)%1036:v[135] = v_maxmin_f32 -4.0, %18043:v[83], 4.0"
g_fswin32,activation,673,0.5,v_dual_mul_f32,951,"18033,950","v1: %951:v[73] = v_dual_mul_f32 %18033:v[73], %950:v[116]"
g_fswin32,activation,673,0.5,v_dual_mul_f32,943,"18032,942","v1: %943:v[72] = v_dual_mul_f32 %18032:v[72], %942:v[113]"
g_fswin32,activation,674,0.5,v_dual_mul_f32,969,"18035,968","v1: %969:v[75] = v_dual_mul_f32 %18035:v[75], %968:v[120]"
g_fswin32,activation,674,0.5,v_dual_mul_f32,961,"18034,960","v1: %961:v[74] = v_dual_mul_f32 %18034:v[74], %960:v[117]"
g_fswin32,activation,675,1.0,v_fma_mix_f32,1013,1010,"v1: %1013:v[130] = v_fma_mix_f32 lo(0x3728ab28), |%1010:v[129]|, hi(0x3728ab28)"
g_fswin32,activation,676,1.0,v_fma_mix_f32,1021,1018,"v1: %1021:v[132] = v_fma_mix_f32 lo(0x3728ab28), |%1018:v[131]|, hi(0x3728ab28)"
g_fswin32,activation,677,0.5,v_dual_mul_f32,987,"18037,986","v1: %987:v[77] = v_dual_mul_f32 %18037:v[77], %986:v[124]"
g_fswin32,activation,677,0.5,v_dual_mul_f32,979,"18036,978","v1: %979:v[76] = v_dual_mul_f32 %18036:v[76], %978:v[121]"
g_fswin32,activation,678,1.0,v_maxmin_f32,1046,18044,"v1: (InfPreserve)%1046:v[137] = v_maxmin_f32 -4.0, %18044:v[84], 4.0"
g_fswin32,activation,679,1.0,v_fma_mix_f32,1031,1028,"v1: %1031:v[134] = v_fma_mix_f32 lo(0x3728ab28), |%1028:v[133]|, hi(0x3728ab28)"
g_fswin32,activation,680,1.0,v_maxmin_f32,1054,18045,"v1: (InfPreserve)%1054:v[139] = v_maxmin_f32 -4.0, %18045:v[85], 4.0"
g_fswin32,activation,681,0.5,v_dual_fmaak_f32,1004,"1002,999","v1: %1004:v[128] = v_dual_fmaak_f32 %1002:v[128], %999:v[127], 0x3f650000"
g_fswin32,activation,681,0.5,v_dual_fmaak_f32,996,"991,994","v1: %996:v[125] = v_dual_fmaak_f32 %991:v[125], %994:v[126], 0x3f650000"
g_fswin32,activation,682,1.0,v_fma_mix_f32,1039,1036,"v1: %1039:v[136] = v_fma_mix_f32 lo(0x3728ab28), |%1036:v[135]|, hi(0x3728ab28)"
g_fswin32,activation,683,1.0,v_cvt_pk_fp8_f32,953,"943,951","v2b: (InfNaNPreserve)%953:v[32][0:16] = v_cvt_pk_fp8_f32 %943:v[72], %951:v[73]"
g_fswin32,activation,684,1.0,v_cvt_pk_fp8_f32,971,"961,969","v2b: (InfNaNPreserve)%971:v[32][16:32] = v_cvt_pk_fp8_f32 %961:v[74], %969:v[75] opsel_hi"
g_fswin32,activation,685,1.0,v_maxmin_f32,1064,18046,"v1: (InfPreserve)%1064:v[141] = v_maxmin_f32 -4.0, %18046:v[86], 4.0"
g_fswin32,activation,686,0.5,v_dual_fmaak_f32,1023,"1021,1018","v1: %1023:v[132] = v_dual_fmaak_f32 %1021:v[132], %1018:v[131], 0x3f650000"
g_fswin32,activation,686,0.5,v_dual_fmaak_f32,1015,"1010,1013","v1: %1015:v[129] = v_dual_fmaak_f32 %1010:v[129], %1013:v[130], 0x3f650000"
g_fswin32,activation,687,1.0,v_cvt_pk_fp8_f32,989,"979,987","v2b: (InfNaNPreserve)%989:v[33][0:16] = v_cvt_pk_fp8_f32 %979:v[76], %987:v[77]"
g_fswin32,activation,688,1.0,v_fma_mix_f32,1049,1046,"v1: %1049:v[138] = v_fma_mix_f32 lo(0x3728ab28), |%1046:v[137]|, hi(0x3728ab28)"
g_fswin32,activation,689,1.0,v_maxmin_f32,1072,18047,"v1: (InfPreserve)%1072:v[143] = v_maxmin_f32 -4.0, %18047:v[87], 4.0"
g_fswin32,activation,690,1.0,v_fma_mix_f32,1057,1054,"v1: %1057:v[140] = v_fma_mix_f32 lo(0x3728ab28), |%1054:v[139]|, hi(0x3728ab28)"
g_fswin32,activation,691,0.5,v_dual_mul_f32,1005,"18039,1004","v1: %1005:v[79] = v_dual_mul_f32 %18039:v[79], %1004:v[128]"
g_fswin32,activation,691,0.5,v_dual_mul_f32,997,"18038,996","v1: %997:v[78] = v_dual_mul_f32 %18038:v[78], %996:v[125]"
g_fswin32,activation,692,0.5,v_dual_fmaak_f32,1041,"1039,1036","v1: %1041:v[136] = v_dual_fmaak_f32 %1039:v[136], %1036:v[135], 0x3f650000"
g_fswin32,activation,692,0.5,v_dual_fmaak_f32,1033,"1028,1031","v1: %1033:v[133] = v_dual_fmaak_f32 %1028:v[133], %1031:v[134], 0x3f650000"
g_fswin32,activation,693,1.0,v_maxmin_f32,1083,18048,"v1: (InfPreserve)%1083:v[145] = v_maxmin_f32 -4.0, %18048:v[88], 4.0"
g_fswin32,activation,694,1.0,v_maxmin_f32,1091,18049,"v1: (InfPreserve)%1091:v[147] = v_maxmin_f32 -4.0, %18049:v[89], 4.0"
g_fswin32,activation,695,1.0,v_fma_mix_f32,1067,1064,"v1: %1067:v[142] = v_fma_mix_f32 lo(0x3728ab28), |%1064:v[141]|, hi(0x3728ab28)"
g_fswin32,activation,696,0.5,v_dual_mul_f32,1024,"18041,1023","v1: %1024:v[81] = v_dual_mul_f32 %18041:v[81], %1023:v[132]"
g_fswin32,activation,696,0.5,v_dual_mul_f32,1016,"18040,1015","v1: %1016:v[80] = v_dual_mul_f32 %18040:v[80], %1015:v[129]"
g_fswin32,activation,697,1.0,v_fma_mix_f32,1075,1072,"v1: %1075:v[144] = v_fma_mix_f32 lo(0x3728ab28), |%1072:v[143]|, hi(0x3728ab28)"
g_fswin32,activation,698,1.0,v_maxmin_f32,1101,18050,"v1: (InfPreserve)%1101:v[149] = v_maxmin_f32 -4.0, %18050:v[90], 4.0"
g_fswin32,activation,699,0.5,v_dual_fmaak_f32,1059,"1057,1054","v1: %1059:v[140] = v_dual_fmaak_f32 %1057:v[140], %1054:v[139], 0x3f650000"
g_fswin32,activation,699,0.5,v_dual_fmaak_f32,1051,"1046,1049","v1: %1051:v[137] = v_dual_fmaak_f32 %1046:v[137], %1049:v[138], 0x3f650000"
g_fswin32,activation,700,1.0,v_cvt_pk_fp8_f32,1007,"997,1005","v2b: (InfNaNPreserve)%1007:v[33][16:32] = v_cvt_pk_fp8_f32 %997:v[78], %1005:v[79] opsel_hi"
g_fswin32,activation,701,1.0,v_maxmin_f32,1109,18051,"v1: (InfPreserve)%1109:v[151] = v_maxmin_f32 -4.0, %18051:v[91], 4.0"
g_fswin32,activation,702,0.5,v_dual_mul_f32,1042,"18043,1041","v1: %1042:v[83] = v_dual_mul_f32 %18043:v[83], %1041:v[136]"
g_fswin32,activation,702,0.5,v_dual_mul_f32,1034,"18042,1033","v1: %1034:v[82] = v_dual_mul_f32 %18042:v[82], %1033:v[133]"
g_fswin32,activation,703,1.0,v_fma_mix_f32,1086,1083,"v1: %1086:v[146] = v_fma_mix_f32 lo(0x3728ab28), |%1083:v[145]|, hi(0x3728ab28)"
g_fswin32,activation,704,1.0,v_fma_mix_f32,1094,1091,"v1: %1094:v[148] = v_fma_mix_f32 lo(0x3728ab28), |%1091:v[147]|, hi(0x3728ab28)"
g_fswin32,activation,705,1.0,v_cvt_pk_fp8_f32,1026,"1016,1024","v2b: (InfNaNPreserve)%1026:v[36][0:16] = v_cvt_pk_fp8_f32 %1016:v[80], %1024:v[81]"
g_fswin32,activation,706,0.5,v_dual_fmaak_f32,1077,"1075,1072","v1: %1077:v[144] = v_dual_fmaak_f32 %1075:v[144], %1072:v[143], 0x3f650000"
g_fswin32,activation,706,0.5,v_dual_fmaak_f32,1069,"1064,1067","v1: %1069:v[141] = v_dual_fmaak_f32 %1064:v[141], %1067:v[142], 0x3f650000"
g_fswin32,activation,707,1.0,v_maxmin_f32,1119,18052,"v1: (InfPreserve)%1119:v[153] = v_maxmin_f32 -4.0, %18052:v[92], 4.0"
g_fswin32,activation,708,1.0,v_fma_mix_f32,1104,1101,"v1: %1104:v[150] = v_fma_mix_f32 lo(0x3728ab28), |%1101:v[149]|, hi(0x3728ab28)"
g_fswin32,activation,709,0.5,v_dual_mul_f32,1060,"18045,1059","v1: %1060:v[85] = v_dual_mul_f32 %18045:v[85], %1059:v[140]"
g_fswin32,activation,709,0.5,v_dual_mul_f32,1052,"18044,1051","v1: %1052:v[84] = v_dual_mul_f32 %18044:v[84], %1051:v[137]"
g_fswin32,activation,710,1.0,v_maxmin_f32,1127,18053,"v1: (InfPreserve)%1127:v[155] = v_maxmin_f32 -4.0, %18053:v[93], 4.0"
g_fswin32,activation,711,1.0,v_fma_mix_f32,1112,1109,"v1: %1112:v[152] = v_fma_mix_f32 lo(0x3728ab28), |%1109:v[151]|, hi(0x3728ab28)"
g_fswin32,activation,712,1.0,v_cvt_pk_fp8_f32,1044,"1034,1042","v2b: (InfNaNPreserve)%1044:v[36][16:32] = v_cvt_pk_fp8_f32 %1034:v[82], %1042:v[83] opsel_hi"
g_fswin32,activation,713,1.0,v_maxmin_f32,1137,18054,"v1: (InfPreserve)%1137:v[157] = v_maxmin_f32 -4.0, %18054:v[94], 4.0"
g_fswin32,activation,714,0.5,v_dual_fmaak_f32,1096,"1094,1091","v1: %1096:v[148] = v_dual_fmaak_f32 %1094:v[148], %1091:v[147], 0x3f650000"
g_fswin32,activation,714,0.5,v_dual_fmaak_f32,1088,"1083,1086","v1: %1088:v[145] = v_dual_fmaak_f32 %1083:v[145], %1086:v[146], 0x3f650000"
g_fswin32,activation,715,1.0,v_maxmin_f32,1145,18055,"v1: (InfPreserve)%1145:v[159] = v_maxmin_f32 -4.0, %18055:v[95], 4.0"
g_fswin32,activation,716,0.5,v_dual_mul_f32,1078,"18047,1077","v1: %1078:v[87] = v_dual_mul_f32 %18047:v[87], %1077:v[144]"
g_fswin32,activation,716,0.5,v_dual_mul_f32,1070,"18046,1069","v1: %1070:v[86] = v_dual_mul_f32 %18046:v[86], %1069:v[141]"
g_fswin32,activation,717,1.0,v_fma_mix_f32,1122,1119,"v1: %1122:v[154] = v_fma_mix_f32 lo(0x3728ab28), |%1119:v[153]|, hi(0x3728ab28)"
g_fswin32,activation,718,1.0,v_cvt_pk_fp8_f32,1062,"1052,1060","v2b: (InfNaNPreserve)%1062:v[37][0:16] = v_cvt_pk_fp8_f32 %1052:v[84], %1060:v[85]"
g_fswin32,activation,719,1.0,v_fma_mix_f32,1130,1127,"v1: %1130:v[156] = v_fma_mix_f32 lo(0x3728ab28), |%1127:v[155]|, hi(0x3728ab28)"
g_fswin32,activation,720,1.0,v_maxmin_f32,1156,18056,"v1: (InfPreserve)%1156:v[161] = v_maxmin_f32 -4.0, %18056:v[96], 4.0"
g_fswin32,activation,721,0.5,v_dual_fmaak_f32,1114,"1112,1109","v1: %1114:v[152] = v_dual_fmaak_f32 %1112:v[152], %1109:v[151], 0x3f650000"
g_fswin32,activation,721,0.5,v_dual_fmaak_f32,1106,"1101,1104","v1: %1106:v[149] = v_dual_fmaak_f32 %1101:v[149], %1104:v[150], 0x3f650000"
g_fswin32,activation,722,1.0,v_fma_mix_f32,1140,1137,"v1: %1140:v[158] = v_fma_mix_f32 lo(0x3728ab28), |%1137:v[157]|, hi(0x3728ab28)"
g_fswin32,activation,723,1.0,v_maxmin_f32,1164,18057,"v1: (InfPreserve)%1164:v[163] = v_maxmin_f32 -4.0, %18057:v[97], 4.0"
g_fswin32,activation,724,0.5,v_dual_mul_f32,1097,"18049,1096","v1: %1097:v[89] = v_dual_mul_f32 %18049:v[89], %1096:v[148]"
g_fswin32,activation,724,0.5,v_dual_mul_f32,1089,"18048,1088","v1: %1089:v[88] = v_dual_mul_f32 %18048:v[88], %1088:v[145]"
g_fswin32,activation,725,1.0,v_fma_mix_f32,1148,1145,"v1: %1148:v[160] = v_fma_mix_f32 lo(0x3728ab28), |%1145:v[159]|, hi(0x3728ab28)"
g_fswin32,activation,726,1.0,v_cvt_pk_fp8_f32,1080,"1070,1078","v2b: (InfNaNPreserve)%1080:v[37][16:32] = v_cvt_pk_fp8_f32 %1070:v[86], %1078:v[87] opsel_hi"
g_fswin32,activation,727,1.0,v_maxmin_f32,1174,18058,"v1: (InfPreserve)%1174:v[165] = v_maxmin_f32 -4.0, %18058:v[98], 4.0"
g_fswin32,activation,728,0.5,v_dual_fmaak_f32,1132,"1130,1127","v1: %1132:v[156] = v_dual_fmaak_f32 %1130:v[156], %1127:v[155], 0x3f650000"
g_fswin32,activation,728,0.5,v_dual_fmaak_f32,1124,"1119,1122","v1: %1124:v[153] = v_dual_fmaak_f32 %1119:v[153], %1122:v[154], 0x3f650000"
g_fswin32,activation,729,1.0,v_fma_mix_f32,1159,1156,"v1: %1159:v[162] = v_fma_mix_f32 lo(0x3728ab28), |%1156:v[161]|, hi(0x3728ab28)"
g_fswin32,activation,730,1.0,v_maxmin_f32,1182,18059,"v1: (InfPreserve)%1182:v[167] = v_maxmin_f32 -4.0, %18059:v[99], 4.0"
g_fswin32,activation,731,0.5,v_dual_mul_f32,1115,"18051,1114","v1: %1115:v[91] = v_dual_mul_f32 %18051:v[91], %1114:v[152]"
g_fswin32,activation,731,0.5,v_dual_mul_f32,1107,"18050,1106","v1: %1107:v[90] = v_dual_mul_f32 %18050:v[90], %1106:v[149]"
g_fswin32,activation,732,1.0,v_fma_mix_f32,1167,1164,"v1: %1167:v[164] = v_fma_mix_f32 lo(0x3728ab28), |%1164:v[163]|, hi(0x3728ab28)"
g_fswin32,activation,733,1.0,v_cvt_pk_fp8_f32,1099,"1089,1097","v2b: (InfNaNPreserve)%1099:v[70][0:16] = v_cvt_pk_fp8_f32 %1089:v[88], %1097:v[89]"
g_fswin32,activation,734,0.5,v_dual_fmaak_f32,1150,"1148,1145","v1: %1150:v[160] = v_dual_fmaak_f32 %1148:v[160], %1145:v[159], 0x3f650000"
g_fswin32,activation,734,0.5,v_dual_fmaak_f32,1142,"1137,1140","v1: %1142:v[157] = v_dual_fmaak_f32 %1137:v[157], %1140:v[158], 0x3f650000"
g_fswin32,activation,735,1.0,v_maxmin_f32,1192,18060,"v1: (InfPreserve)%1192:v[169] = v_maxmin_f32 -4.0, %18060:v[100], 4.0"
g_fswin32,activation,736,1.0,v_fma_mix_f32,1177,1174,"v1: %1177:v[166] = v_fma_mix_f32 lo(0x3728ab28), |%1174:v[165]|, hi(0x3728ab28)"
g_fswin32,activation,737,1.0,v_maxmin_f32,1200,18061,"v1: (InfPreserve)%1200:v[171] = v_maxmin_f32 -4.0, %18061:v[101], 4.0"
g_fswin32,activation,738,0.5,v_dual_mul_f32,1133,"18053,1132","v1: %1133:v[93] = v_dual_mul_f32 %18053:v[93], %1132:v[156]"
g_fswin32,activation,738,0.5,v_dual_mul_f32,1125,"18052,1124","v1: %1125:v[92] = v_dual_mul_f32 %18052:v[92], %1124:v[153]"
g_fswin32,activation,739,1.0,v_fma_mix_f32,1185,1182,"v1: %1185:v[168] = v_fma_mix_f32 lo(0x3728ab28), |%1182:v[167]|, hi(0x3728ab28)"
g_fswin32,activation,740,1.0,v_cvt_pk_fp8_f32,1117,"1107,1115","v2b: (InfNaNPreserve)%1117:v[70][16:32] = v_cvt_pk_fp8_f32 %1107:v[90], %1115:v[91] opsel_hi"
g_fswin32,activation,741,0.5,v_dual_fmaak_f32,1169,"1167,1164","v1: %1169:v[164] = v_dual_fmaak_f32 %1167:v[164], %1164:v[163], 0x3f650000"
g_fswin32,activation,741,0.5,v_dual_fmaak_f32,1161,"1156,1159","v1: %1161:v[161] = v_dual_fmaak_f32 %1156:v[161], %1159:v[162], 0x3f650000"
g_fswin32,activation,742,1.0,v_maxmin_f32,1210,18062,"v1: (InfPreserve)%1210:v[173] = v_maxmin_f32 -4.0, %18062:v[102], 4.0"
g_fswin32,activation,743,1.0,v_maxmin_f32,1218,18063,"v1: (InfPreserve)%1218:v[175] = v_maxmin_f32 -4.0, %18063:v[103], 4.0"
g_fswin32,activation,744,0.5,v_dual_mul_f32,1151,"18055,1150","v1: %1151:v[95] = v_dual_mul_f32 %18055:v[95], %1150:v[160]"
g_fswin32,activation,744,0.5,v_dual_mul_f32,1143,"18054,1142","v1: %1143:v[94] = v_dual_mul_f32 %18054:v[94], %1142:v[157]"
g_fswin32,activation,745,1.0,v_fma_mix_f32,1195,1192,"v1: %1195:v[170] = v_fma_mix_f32 lo(0x3728ab28), |%1192:v[169]|, hi(0x3728ab28)"
g_fswin32,activation,746,1.0,v_fma_mix_f32,1203,1200,"v1: %1203:v[172] = v_fma_mix_f32 lo(0x3728ab28), |%1200:v[171]|, hi(0x3728ab28)"
g_fswin32,activation,747,1.0,v_cvt_pk_fp8_f32,1135,"1125,1133","v2b: (InfNaNPreserve)%1135:v[71][0:16] = v_cvt_pk_fp8_f32 %1125:v[92], %1133:v[93]"
g_fswin32,activation,748,0.5,v_dual_fmaak_f32,1187,"1185,1182","v1: %1187:v[168] = v_dual_fmaak_f32 %1185:v[168], %1182:v[167], 0x3f650000"
g_fswin32,activation,748,0.5,v_dual_fmaak_f32,1179,"1174,1177","v1: %1179:v[165] = v_dual_fmaak_f32 %1174:v[165], %1177:v[166], 0x3f650000"
g_fswin32,activation,750,0.5,v_dual_mul_f32,1170,"18057,1169","v1: %1170:v[97] = v_dual_mul_f32 %18057:v[97], %1169:v[164]"
g_fswin32,activation,750,0.5,v_dual_mul_f32,1162,"18056,1161","v1: %1162:v[96] = v_dual_mul_f32 %18056:v[96], %1161:v[161]"
g_fswin32,activation,751,1.0,v_fma_mix_f32,1213,1210,"v1: %1213:v[174] = v_fma_mix_f32 lo(0x3728ab28), |%1210:v[173]|, hi(0x3728ab28)"
g_fswin32,activation,752,1.0,v_fma_mix_f32,1221,1218,"v1: %1221:v[176] = v_fma_mix_f32 lo(0x3728ab28), |%1218:v[175]|, hi(0x3728ab28)"
g_fswin32,activation,753,1.0,v_cvt_pk_fp8_f32,1153,"1143,1151","v2b: (InfNaNPreserve)%1153:v[71][16:32] = v_cvt_pk_fp8_f32 %1143:v[94], %1151:v[95] opsel_hi"
g_fswin32,activation,754,0.5,v_dual_fmaak_f32,1205,"1203,1200","v1: %1205:v[172] = v_dual_fmaak_f32 %1203:v[172], %1200:v[171], 0x3f650000"
g_fswin32,activation,754,0.5,v_dual_fmaak_f32,1197,"1192,1195","v1: %1197:v[169] = v_dual_fmaak_f32 %1192:v[169], %1195:v[170], 0x3f650000"
g_fswin32,activation,755,0.5,v_dual_mul_f32,1188,"18059,1187","v1: %1188:v[99] = v_dual_mul_f32 %18059:v[99], %1187:v[168]"
g_fswin32,activation,755,0.5,v_dual_mul_f32,1180,"18058,1179","v1: %1180:v[98] = v_dual_mul_f32 %18058:v[98], %1179:v[165]"
g_fswin32,activation,756,1.0,v_cvt_pk_fp8_f32,1172,"1162,1170","v2b: (InfNaNPreserve)%1172:v[72][0:16] = v_cvt_pk_fp8_f32 %1162:v[96], %1170:v[97]"
g_fswin32,activation,757,0.5,v_dual_fmaak_f32,1223,"1221,1218","v1: %1223:v[176] = v_dual_fmaak_f32 %1221:v[176], %1218:v[175], 0x3f650000"
g_fswin32,activation,757,0.5,v_dual_fmaak_f32,1215,"1210,1213","v1: %1215:v[173] = v_dual_fmaak_f32 %1210:v[173], %1213:v[174], 0x3f650000"
g_fswin32,activation,759,0.5,v_dual_mul_f32,1206,"18061,1205","v1: %1206:v[101] = v_dual_mul_f32 %18061:v[101], %1205:v[172]"
g_fswin32,activation,759,0.5,v_dual_mul_f32,1198,"18060,1197","v1: %1198:v[100] = v_dual_mul_f32 %18060:v[100], %1197:v[169]"
g_fswin32,activation,760,1.0,v_cvt_pk_fp8_f32,1190,"1180,1188","v2b: (InfNaNPreserve)%1190:v[72][16:32] = v_cvt_pk_fp8_f32 %1180:v[98], %1188:v[99] opsel_hi"
g_fswin32,activation,763,0.5,v_dual_mul_f32,1224,"18063,1223","v1: %1224:v[103] = v_dual_mul_f32 %18063:v[103], %1223:v[176]"
g_fswin32,activation,763,0.5,v_dual_mul_f32,1216,"18062,1215","v1: %1216:v[102] = v_dual_mul_f32 %18062:v[102], %1215:v[173]"
g_fswin32,activation,764,1.0,v_cvt_pk_fp8_f32,1208,"1198,1206","v2b: (InfNaNPreserve)%1208:v[73][0:16] = v_cvt_pk_fp8_f32 %1198:v[100], %1206:v[101]"
g_fswin32,activation,767,1.0,v_cvt_pk_fp8_f32,1226,"1216,1224","v2b: (InfNaNPreserve)%1226:v[73][16:32] = v_cvt_pk_fp8_f32 %1216:v[102], %1224:v[103] opsel_hi"
g_fswin32,activation,769,1.0,v_maxmin_f32,1261,18158,"v1: (InfPreserve)%1261:v[181] = v_maxmin_f32 -4.0, %18158:v[82], 4.0"
g_fswin32,activation,770,1.0,v_maxmin_f32,1251,18157,"v1: (InfPreserve)%1251:v[179] = v_maxmin_f32 -4.0, %18157:v[81], 4.0"
g_fswin32,activation,771,1.0,v_maxmin_f32,1269,18159,"v1: (InfPreserve)%1269:v[183] = v_maxmin_f32 -4.0, %18159:v[83], 4.0"
g_fswin32,activation,772,1.0,v_maxmin_f32,1243,18156,"v1: (InfPreserve)%1243:v[177] = v_maxmin_f32 -4.0, %18156:v[80], 4.0"
g_fswin32,activation,773,1.0,v_maxmin_f32,1279,18160,"v1: (InfPreserve)%1279:v[185] = v_maxmin_f32 -4.0, %18160:v[84], 4.0"
g_fswin32,activation,775,1.0,v_maxmin_f32,1287,18161,"v1: (InfPreserve)%1287:v[187] = v_maxmin_f32 -4.0, %18161:v[85], 4.0"
g_fswin32,activation,776,1.0,v_fma_mix_f32,1264,1261,"v1: %1264:v[182] = v_fma_mix_f32 lo(0x3728ab28), |%1261:v[181]|, hi(0x3728ab28)"
g_fswin32,activation,777,1.0,v_fma_mix_f32,1254,1251,"v1: %1254:v[180] = v_fma_mix_f32 lo(0x3728ab28), |%1251:v[179]|, hi(0x3728ab28)"
g_fswin32,activation,778,1.0,v_fma_mix_f32,1272,1269,"v1: %1272:v[184] = v_fma_mix_f32 lo(0x3728ab28), |%1269:v[183]|, hi(0x3728ab28)"
g_fswin32,activation,779,1.0,v_fma_mix_f32,1246,1243,"v1: %1246:v[178] = v_fma_mix_f32 lo(0x3728ab28), |%1243:v[177]|, hi(0x3728ab28)"
g_fswin32,activation,780,1.0,v_fma_mix_f32,1282,1279,"v1: %1282:v[186] = v_fma_mix_f32 lo(0x3728ab28), |%1279:v[185]|, hi(0x3728ab28)"
g_fswin32,activation,782,1.0,v_maxmin_f32,1297,18162,"v1: (InfPreserve)%1297:v[189] = v_maxmin_f32 -4.0, %18162:v[86], 4.0"
g_fswin32,activation,783,1.0,v_maxmin_f32,1305,18163,"v1: (InfPreserve)%1305:v[191] = v_maxmin_f32 -4.0, %18163:v[87], 4.0"
g_fswin32,activation,784,1.0,v_fma_mix_f32,1290,1287,"v1: %1290:v[188] = v_fma_mix_f32 lo(0x3728ab28), |%1287:v[187]|, hi(0x3728ab28)"
g_fswin32,activation,785,0.5,v_dual_fmaak_f32,1274,"1272,1269","v1: %1274:v[184] = v_dual_fmaak_f32 %1272:v[184], %1269:v[183], 0x3f650000"
g_fswin32,activation,785,0.5,v_dual_fmaak_f32,1266,"1261,1264","v1: %1266:v[181] = v_dual_fmaak_f32 %1261:v[181], %1264:v[182], 0x3f650000"
g_fswin32,activation,786,0.5,v_dual_fmaak_f32,1256,"1254,1251","v1: %1256:v[180] = v_dual_fmaak_f32 %1254:v[180], %1251:v[179], 0x3f650000"
g_fswin32,activation,786,0.5,v_dual_fmaak_f32,1248,"1243,1246","v1: %1248:v[177] = v_dual_fmaak_f32 %1243:v[177], %1246:v[178], 0x3f650000"
g_fswin32,activation,787,1.0,v_maxmin_f32,1316,18164,"v1: (InfPreserve)%1316:v[39] = v_maxmin_f32 -4.0, %18164:v[88], 4.0"
g_fswin32,activation,788,1.0,v_maxmin_f32,1324,18165,"v1: (InfPreserve)%1324:v[75] = v_maxmin_f32 -4.0, %18165:v[89], 4.0"
g_fswin32,activation,789,1.0,v_fma_mix_f32,1300,1297,"v1: %1300:v[190] = v_fma_mix_f32 lo(0x3728ab28), |%1297:v[189]|, hi(0x3728ab28)"
g_fswin32,activation,790,1.0,v_fma_mix_f32,1308,1305,"v1: %1308:v[38] = v_fma_mix_f32 lo(0x3728ab28), |%1305:v[191]|, hi(0x3728ab28)"
g_fswin32,activation,791,1.0,v_maxmin_f32,1334,18166,"v1: (InfPreserve)%1334:v[77] = v_maxmin_f32 -4.0, %18166:v[90], 4.0"
g_fswin32,activation,792,0.5,v_dual_fmaak_f32,1292,"1290,1287","v1: %1292:v[188] = v_dual_fmaak_f32 %1290:v[188], %1287:v[187], 0x3f650000"
g_fswin32,activation,792,0.5,v_dual_fmaak_f32,1284,"1279,1282","v1: %1284:v[185] = v_dual_fmaak_f32 %1279:v[185], %1282:v[186], 0x3f650000"
g_fswin32,activation,793,0.5,v_dual_mul_f32,1275,"18159,1274","v1: %1275:v[83] = v_dual_mul_f32 %18159:v[83], %1274:v[184]"
g_fswin32,activation,793,0.5,v_dual_mul_f32,1267,"18158,1266","v1: %1267:v[82] = v_dual_mul_f32 %18158:v[82], %1266:v[181]"
g_fswin32,activation,794,1.0,v_maxmin_f32,1342,18167,"v1: (InfPreserve)%1342:v[79] = v_maxmin_f32 -4.0, %18167:v[91], 4.0"
g_fswin32,activation,795,0.5,v_dual_mul_f32,1257,"18157,1256","v1: %1257:v[81] = v_dual_mul_f32 %18157:v[81], %1256:v[180]"
g_fswin32,activation,795,0.5,v_dual_mul_f32,1249,"18156,1248","v1: %1249:v[80] = v_dual_mul_f32 %18156:v[80], %1248:v[177]"
g_fswin32,activation,796,1.0,v_fma_mix_f32,1319,1316,"v1: %1319:v[74] = v_fma_mix_f32 lo(0x3728ab28), |%1316:v[39]|, hi(0x3728ab28)"
g_fswin32,activation,797,1.0,v_fma_mix_f32,1327,1324,"v1: %1327:v[76] = v_fma_mix_f32 lo(0x3728ab28), |%1324:v[75]|, hi(0x3728ab28)"
g_fswin32,activation,798,0.5,v_dual_fmaak_f32,1310,"1308,1305","v1: %1310:v[38] = v_dual_fmaak_f32 %1308:v[38], %1305:v[191], 0x3f650000"
g_fswin32,activation,798,0.5,v_dual_fmaak_f32,1302,"1297,1300","v1: %1302:v[189] = v_dual_fmaak_f32 %1297:v[189], %1300:v[190], 0x3f650000"
g_fswin32,activation,799,1.0,v_fma_mix_f32,1337,1334,"v1: %1337:v[78] = v_fma_mix_f32 lo(0x3728ab28), |%1334:v[77]|, hi(0x3728ab28)"
g_fswin32,activation,800,0.5,v_dual_mul_f32,1293,"18161,1292","v1: %1293:v[85] = v_dual_mul_f32 %18161:v[85], %1292:v[188]"
g_fswin32,activation,800,0.5,v_dual_mul_f32,1285,"18160,1284","v1: %1285:v[84] = v_dual_mul_f32 %18160:v[84], %1284:v[185]"
g_fswin32,activation,801,1.0,v_cvt_pk_fp8_f32,1259,"1249,1257","v2b: (InfNaNPreserve)%1259:v[34][0:16] = v_cvt_pk_fp8_f32 %1249:v[80], %1257:v[81]"
g_fswin32,activation,802,1.0,v_maxmin_f32,1352,18168,"v1: (InfPreserve)%1352:v[81] = v_maxmin_f32 -4.0, %18168:v[92], 4.0"
g_fswin32,activation,803,1.0,v_cvt_pk_fp8_f32,1277,"1267,1275","v2b: (InfNaNPreserve)%1277:v[34][16:32] = v_cvt_pk_fp8_f32 %1267:v[82], %1275:v[83] opsel_hi"
g_fswin32,activation,804,1.0,v_maxmin_f32,1360,18169,"v1: (InfPreserve)%1360:v[83] = v_maxmin_f32 -4.0, %18169:v[93], 4.0"
g_fswin32,activation,805,1.0,v_fma_mix_f32,1345,1342,"v1: %1345:v[80] = v_fma_mix_f32 lo(0x3728ab28), |%1342:v[79]|, hi(0x3728ab28)"
g_fswin32,activation,806,0.5,v_dual_fmaak_f32,1329,"1327,1324","v1: %1329:v[76] = v_dual_fmaak_f32 %1327:v[76], %1324:v[75], 0x3f650000"
g_fswin32,activation,806,0.5,v_dual_fmaak_f32,1321,"1316,1319","v1: %1321:v[39] = v_dual_fmaak_f32 %1316:v[39], %1319:v[74], 0x3f650000"
g_fswin32,activation,807,0.5,v_dual_mul_f32,1311,"18163,1310","v1: %1311:v[87] = v_dual_mul_f32 %18163:v[87], %1310:v[38]"
g_fswin32,activation,807,0.5,v_dual_mul_f32,1303,"18162,1302","v1: %1303:v[86] = v_dual_mul_f32 %18162:v[86], %1302:v[189]"
g_fswin32,activation,808,1.0,v_cvt_pk_fp8_f32,1295,"1285,1293","v2b: (InfNaNPreserve)%1295:v[35][0:16] = v_cvt_pk_fp8_f32 %1285:v[84], %1293:v[85]"
g_fswin32,activation,809,1.0,v_maxmin_f32,1370,18170,"v1: (InfPreserve)%1370:v[85] = v_maxmin_f32 -4.0, %18170:v[94], 4.0"
g_fswin32,activation,810,1.0,v_fma_mix_f32,1355,1352,"v1: %1355:v[82] = v_fma_mix_f32 lo(0x3728ab28), |%1352:v[81]|, hi(0x3728ab28)"
g_fswin32,activation,811,1.0,v_fma_mix_f32,1363,1360,"v1: %1363:v[84] = v_fma_mix_f32 lo(0x3728ab28), |%1360:v[83]|, hi(0x3728ab28)"
g_fswin32,activation,812,0.5,v_dual_fmaak_f32,1347,"1345,1342","v1: %1347:v[80] = v_dual_fmaak_f32 %1345:v[80], %1342:v[79], 0x3f650000"
g_fswin32,activation,812,0.5,v_dual_fmaak_f32,1339,"1334,1337","v1: %1339:v[77] = v_dual_fmaak_f32 %1334:v[77], %1337:v[78], 0x3f650000"
g_fswin32,activation,813,0.5,v_dual_mul_f32,1330,"18165,1329","v1: %1330:v[89] = v_dual_mul_f32 %18165:v[89], %1329:v[76]"
g_fswin32,activation,813,0.5,v_dual_mul_f32,1322,"18164,1321","v1: %1322:v[88] = v_dual_mul_f32 %18164:v[88], %1321:v[39]"
g_fswin32,activation,814,1.0,v_cvt_pk_fp8_f32,1313,"1303,1311","v2b: (InfNaNPreserve)%1313:v[35][16:32] = v_cvt_pk_fp8_f32 %1303:v[86], %1311:v[87] opsel_hi"
g_fswin32,activation,815,1.0,v_maxmin_f32,1378,18171,"v1: (InfPreserve)%1378:v[87] = v_maxmin_f32 -4.0, %18171:v[95], 4.0"
g_fswin32,activation,816,1.0,v_fma_mix_f32,1373,1370,"v1: %1373:v[86] = v_fma_mix_f32 lo(0x3728ab28), |%1370:v[85]|, hi(0x3728ab28)"
g_fswin32,activation,817,0.5,v_dual_fmaak_f32,1365,"1363,1360","v1: %1365:v[84] = v_dual_fmaak_f32 %1363:v[84], %1360:v[83], 0x3f650000"
g_fswin32,activation,817,0.5,v_dual_fmaak_f32,1357,"1352,1355","v1: %1357:v[81] = v_dual_fmaak_f32 %1352:v[81], %1355:v[82], 0x3f650000"
g_fswin32,activation,818,0.5,v_dual_mul_f32,1348,"18167,1347","v1: %1348:v[91] = v_dual_mul_f32 %18167:v[91], %1347:v[80]"
g_fswin32,activation,818,0.5,v_dual_mul_f32,1340,"18166,1339","v1: %1340:v[90] = v_dual_mul_f32 %18166:v[90], %1339:v[77]"
g_fswin32,activation,819,1.0,v_cvt_pk_fp8_f32,1332,"1322,1330","v2b: (InfNaNPreserve)%1332:v[38][0:16] = v_cvt_pk_fp8_f32 %1322:v[88], %1330:v[89]"
g_fswin32,activation,820,1.0,v_maxmin_f32,1389,18172,"v1: (InfPreserve)%1389:v[89] = v_maxmin_f32 -4.0, %18172:v[96], 4.0"
g_fswin32,activation,821,1.0,v_fma_mix_f32,1381,1378,"v1: %1381:v[88] = v_fma_mix_f32 lo(0x3728ab28), |%1378:v[87]|, hi(0x3728ab28)"
g_fswin32,activation,822,0.5,v_dual_mul_f32,1366,"18169,1365","v1: %1366:v[93] = v_dual_mul_f32 %18169:v[93], %1365:v[84]"
g_fswin32,activation,822,0.5,v_dual_mul_f32,1358,"18168,1357","v1: %1358:v[92] = v_dual_mul_f32 %18168:v[92], %1357:v[81]"
g_fswin32,activation,823,1.0,v_cvt_pk_fp8_f32,1350,"1340,1348","v2b: (InfNaNPreserve)%1350:v[38][16:32] = v_cvt_pk_fp8_f32 %1340:v[90], %1348:v[91] opsel_hi"
g_fswin32,activation,824,1.0,v_maxmin_f32,1397,18173,"v1: (InfPreserve)%1397:v[91] = v_maxmin_f32 -4.0, %18173:v[97], 4.0"
g_fswin32,activation,825,1.0,v_fma_mix_f32,1392,1389,"v1: %1392:v[90] = v_fma_mix_f32 lo(0x3728ab28), |%1389:v[89]|, hi(0x3728ab28)"
g_fswin32,activation,826,0.5,v_dual_fmaak_f32,1383,"1381,1378","v1: %1383:v[88] = v_dual_fmaak_f32 %1381:v[88], %1378:v[87], 0x3f650000"
g_fswin32,activation,826,0.5,v_dual_fmaak_f32,1375,"1370,1373","v1: %1375:v[85] = v_dual_fmaak_f32 %1370:v[85], %1373:v[86], 0x3f650000"
g_fswin32,activation,827,1.0,v_cvt_pk_fp8_f32,1368,"1358,1366","v2b: (InfNaNPreserve)%1368:v[39][0:16] = v_cvt_pk_fp8_f32 %1358:v[92], %1366:v[93]"
g_fswin32,activation,828,1.0,v_maxmin_f32,1407,18174,"v1: (InfPreserve)%1407:v[93] = v_maxmin_f32 -4.0, %18174:v[98], 4.0"
g_fswin32,activation,829,1.0,v_fma_mix_f32,1400,1397,"v1: %1400:v[92] = v_fma_mix_f32 lo(0x3728ab28), |%1397:v[91]|, hi(0x3728ab28)"
g_fswin32,activation,831,0.5,v_dual_mul_f32,1384,"18171,1383","v1: %1384:v[95] = v_dual_mul_f32 %18171:v[95], %1383:v[88]"
g_fswin32,activation,831,0.5,v_dual_mul_f32,1376,"18170,1375","v1: %1376:v[94] = v_dual_mul_f32 %18170:v[94], %1375:v[85]"
g_fswin32,activation,832,0.5,v_dual_fmaak_f32,1394,"1389,1392","v1: %1394:v[89] = v_dual_fmaak_f32 %1389:v[89], %1392:v[90], 0x3f650000"
g_fswin32,activation,832,0.5,v_dual_fmaak_f32,1402,"1400,1397","v1: %1402:v[92] = v_dual_fmaak_f32 %1400:v[92], %1397:v[91], 0x3f650000"
g_fswin32,activation,833,1.0,v_maxmin_f32,1443,18178,"v1: (InfPreserve)%1443:v[113] = v_maxmin_f32 -4.0, %18178:v[102], 4.0"
g_fswin32,activation,834,1.0,v_cvt_pk_fp8_f32,1386,"1376,1384","v2b: (InfNaNPreserve)%1386:v[39][16:32] = v_cvt_pk_fp8_f32 %1376:v[94], %1384:v[95] opsel_hi"
g_fswin32,activation,835,1.0,v_maxmin_f32,1415,18175,"v1: (InfPreserve)%1415:v[95] = v_maxmin_f32 -4.0, %18175:v[99], 4.0"
g_fswin32,activation,836,1.0,v_fma_mix_f32,1410,1407,"v1: %1410:v[94] = v_fma_mix_f32 lo(0x3728ab28), |%1407:v[93]|, hi(0x3728ab28)"
g_fswin32,activation,837,1.0,v_maxmin_f32,1451,18179,"v1: (InfPreserve)%1451:v[115] = v_maxmin_f32 -4.0, %18179:v[103], 4.0"
g_fswin32,activation,838,0.5,v_dual_mul_f32,1403,"18173,1402","v1: %1403:v[97] = v_dual_mul_f32 %18173:v[97], %1402:v[92]"
g_fswin32,activation,838,0.5,v_dual_mul_f32,1395,"18172,1394","v1: %1395:v[96] = v_dual_mul_f32 %18172:v[96], %1394:v[89]"
g_fswin32,activation,839,1.0,v_fma_mix_f32,1446,1443,"v1: %1446:v[114] = v_fma_mix_f32 lo(0x3728ab28), |%1443:v[113]|, hi(0x3728ab28)"
g_fswin32,activation,840,1.0,v_maxmin_f32,1462,18180,"v1: (InfPreserve)%1462:v[117] = v_maxmin_f32 -4.0, %18180:v[104], 4.0"
g_fswin32,activation,842,1.0,v_fma_mix_f32,1454,1451,"v1: %1454:v[116] = v_fma_mix_f32 lo(0x3728ab28), |%1451:v[115]|, hi(0x3728ab28)"
g_fswin32,activation,843,1.0,v_cvt_pk_fp8_f32,1405,"1395,1403","v2b: (InfNaNPreserve)%1405:v[74][0:16] = v_cvt_pk_fp8_f32 %1395:v[96], %1403:v[97]"
g_fswin32,activation,844,1.0,v_maxmin_f32,1425,18176,"v1: (InfPreserve)%1425:v[97] = v_maxmin_f32 -4.0, %18176:v[100], 4.0"
g_fswin32,activation,845,1.0,v_fma_mix_f32,1418,1415,"v1: %1418:v[96] = v_fma_mix_f32 lo(0x3728ab28), |%1415:v[95]|, hi(0x3728ab28)"
g_fswin32,activation,846,1.0,v_fma_mix_f32,1465,1462,"v1: %1465:v[118] = v_fma_mix_f32 lo(0x3728ab28), |%1462:v[117]|, hi(0x3728ab28)"
g_fswin32,activation,847,1.0,v_maxmin_f32,1470,18181,"v1: (InfPreserve)%1470:v[119] = v_maxmin_f32 -4.0, %18181:v[105], 4.0"
g_fswin32,activation,848,1.0,v_maxmin_f32,1480,18182,"v1: (InfPreserve)%1480:v[121] = v_maxmin_f32 -4.0, %18182:v[106], 4.0"
g_fswin32,activation,850,0.5,v_dual_fmaak_f32,1420,"1418,1415","v1: %1420:v[96] = v_dual_fmaak_f32 %1418:v[96], %1415:v[95], 0x3f650000"
g_fswin32,activation,850,0.5,v_dual_fmaak_f32,1412,"1407,1410","v1: %1412:v[93] = v_dual_fmaak_f32 %1407:v[93], %1410:v[94], 0x3f650000"
g_fswin32,activation,851,0.5,v_dual_fmaak_f32,1456,"1454,1451","v1: %1456:v[116] = v_dual_fmaak_f32 %1454:v[116], %1451:v[115], 0x3f650000"
g_fswin32,activation,851,0.5,v_dual_fmaak_f32,1467,"1462,1465","v1: %1467:v[117] = v_dual_fmaak_f32 %1462:v[117], %1465:v[118], 0x3f650000"
g_fswin32,activation,852,1.0,v_fma_mix_f32,1473,1470,"v1: %1473:v[120] = v_fma_mix_f32 lo(0x3728ab28), |%1470:v[119]|, hi(0x3728ab28)"
g_fswin32,activation,853,1.0,v_fma_mix_f32,1483,1480,"v1: %1483:v[122] = v_fma_mix_f32 lo(0x3728ab28), |%1480:v[121]|, hi(0x3728ab28)"
g_fswin32,activation,854,1.0,v_maxmin_f32,1488,18183,"v1: (InfPreserve)%1488:v[123] = v_maxmin_f32 -4.0, %18183:v[107], 4.0"
g_fswin32,activation,855,1.0,v_maxmin_f32,1498,18184,"v1: (InfPreserve)%1498:v[125] = v_maxmin_f32 -4.0, %18184:v[108], 4.0"
g_fswin32,activation,856,0.5,v_dual_mul_f32,1421,"18175,1420","v1: %1421:v[99] = v_dual_mul_f32 %18175:v[99], %1420:v[96]"
g_fswin32,activation,856,0.5,v_dual_mul_f32,1413,"18174,1412","v1: %1413:v[98] = v_dual_mul_f32 %18174:v[98], %1412:v[93]"
g_fswin32,activation,858,0.5,v_dual_fmaak_f32,1475,"1473,1470","v1: %1475:v[120] = v_dual_fmaak_f32 %1473:v[120], %1470:v[119], 0x3f650000"
g_fswin32,activation,858,0.5,v_dual_fmaak_f32,1485,"1480,1483","v1: %1485:v[121] = v_dual_fmaak_f32 %1480:v[121], %1483:v[122], 0x3f650000"
g_fswin32,activation,859,1.0,v_fma_mix_f32,1491,1488,"v1: %1491:v[124] = v_fma_mix_f32 lo(0x3728ab28), |%1488:v[123]|, hi(0x3728ab28)"
g_fswin32,activation,860,1.0,v_fma_mix_f32,1501,1498,"v1: %1501:v[126] = v_fma_mix_f32 lo(0x3728ab28), |%1498:v[125]|, hi(0x3728ab28)"
g_fswin32,activation,861,1.0,v_maxmin_f32,1506,18185,"v1: (InfPreserve)%1506:v[127] = v_maxmin_f32 -4.0, %18185:v[109], 4.0"
g_fswin32,activation,862,1.0,v_cvt_pk_fp8_f32,1423,"1413,1421","v2b: (InfNaNPreserve)%1423:v[74][16:32] = v_cvt_pk_fp8_f32 %1413:v[98], %1421:v[99] opsel_hi"
g_fswin32,activation,863,1.0,v_maxmin_f32,1433,18177,"v1: (InfPreserve)%1433:v[99] = v_maxmin_f32 -4.0, %18177:v[101], 4.0"
g_fswin32,activation,864,1.0,v_fma_mix_f32,1428,1425,"v1: %1428:v[98] = v_fma_mix_f32 lo(0x3728ab28), |%1425:v[97]|, hi(0x3728ab28)"
g_fswin32,activation,865,1.0,v_maxmin_f32,1516,18186,"v1: (InfPreserve)%1516:v[129] = v_maxmin_f32 -4.0, %18186:v[110], 4.0"
g_fswin32,activation,866,0.5,v_dual_mul_f32,1486,"18182,1485","v1: %1486:v[106] = v_dual_mul_f32 %18182:v[106], %1485:v[121]"
g_fswin32,activation,866,0.5,v_dual_mul_f32,1457,"18179,1456","v1: %1457:v[103] = v_dual_mul_f32 %18179:v[103], %1456:v[116]"
g_fswin32,activation,867,0.5,v_dual_fmaak_f32,1493,"1491,1488","v1: %1493:v[124] = v_dual_fmaak_f32 %1491:v[124], %1488:v[123], 0x3f650000"
g_fswin32,activation,867,0.5,v_dual_fmaak_f32,1503,"1498,1501","v1: %1503:v[125] = v_dual_fmaak_f32 %1498:v[125], %1501:v[126], 0x3f650000"
g_fswin32,activation,868,1.0,v_fma_mix_f32,1509,1506,"v1: %1509:v[128] = v_fma_mix_f32 lo(0x3728ab28), |%1506:v[127]|, hi(0x3728ab28)"
g_fswin32,activation,869,1.0,v_maxmin_f32,1524,18187,"v1: (InfPreserve)%1524:v[131] = v_maxmin_f32 -4.0, %18187:v[111], 4.0"
g_fswin32,activation,870,1.0,v_fma_mix_f32,1436,1433,"v1: %1436:v[112] = v_fma_mix_f32 lo(0x3728ab28), |%1433:v[99]|, hi(0x3728ab28)"
g_fswin32,activation,871,1.0,v_fmaak_f32,1430,"1425,1428","v1: %1430:v[97] = v_fmaak_f32 %1425:v[97], %1428:v[98], 0x3f650000"
g_fswin32,activation,874,1.0,v_fma_mix_f32,1519,1516,"v1: %1519:v[130] = v_fma_mix_f32 lo(0x3728ab28), |%1516:v[129]|, hi(0x3728ab28)"
g_fswin32,activation,875,0.5,v_dual_mul_f32,1504,"18184,1503","v1: %1504:v[108] = v_dual_mul_f32 %18184:v[108], %1503:v[125]"
g_fswin32,activation,875,0.5,v_dual_mul_f32,1476,"18181,1475","v1: %1476:v[105] = v_dual_mul_f32 %18181:v[105], %1475:v[120]"
g_fswin32,activation,876,1.0,v_fma_mix_f32,1527,1524,"v1: %1527:v[132] = v_fma_mix_f32 lo(0x3728ab28), |%1524:v[131]|, hi(0x3728ab28)"
g_fswin32,activation,877,0.5,v_dual_fmaak_f32,1438,"1436,1433","v1: %1438:v[112] = v_dual_fmaak_f32 %1436:v[112], %1433:v[99], 0x3f650000"
g_fswin32,activation,877,0.5,v_dual_fmaak_f32,1448,"1443,1446","v1: %1448:v[113] = v_dual_fmaak_f32 %1443:v[113], %1446:v[114], 0x3f650000"
g_fswin32,activation,878,1.0,v_mul_f32,1431,"18176,1430","v1: %1431:v[100] = v_mul_f32 %18176:v[100], %1430:v[97]"
g_fswin32,activation,879,0.5,v_dual_fmaak_f32,1511,"1509,1506","v1: %1511:v[128] = v_dual_fmaak_f32 %1509:v[128], %1506:v[127], 0x3f650000"
g_fswin32,activation,879,0.5,v_dual_fmaak_f32,1521,"1516,1519","v1: %1521:v[129] = v_dual_fmaak_f32 %1516:v[129], %1519:v[130], 0x3f650000"
g_fswin32,activation,881,0.5,v_dual_mul_f32,1468,"18180,1467","v1: %1468:v[104] = v_dual_mul_f32 %18180:v[104], %1467:v[117]"
g_fswin32,activation,881,0.5,v_dual_mul_f32,1439,"18177,1438","v1: %1439:v[101] = v_dual_mul_f32 %18177:v[101], %1438:v[112]"
g_fswin32,activation,882,1.0,v_mul_f32,1449,"18178,1448","v1: %1449:v[102] = v_mul_f32 %18178:v[102], %1448:v[113]"
g_fswin32,activation,885,0.5,v_dual_mul_f32,1522,"18186,1521","v1: %1522:v[110] = v_dual_mul_f32 %18186:v[110], %1521:v[129]"
g_fswin32,activation,885,0.5,v_dual_mul_f32,1494,"18183,1493","v1: %1494:v[107] = v_dual_mul_f32 %18183:v[107], %1493:v[124]"
g_fswin32,activation,886,1.0,v_cvt_pk_fp8_f32,1441,"1431,1439","v2b: (InfNaNPreserve)%1441:v[75][0:16] = v_cvt_pk_fp8_f32 %1431:v[100], %1439:v[101]"
g_fswin32,activation,887,1.0,v_cvt_pk_fp8_f32,1478,"1468,1476","v2b: (InfNaNPreserve)%1478:v[76][0:16] = v_cvt_pk_fp8_f32 %1468:v[104], %1476:v[105]"
g_fswin32,activation,888,1.0,v_cvt_pk_fp8_f32,1459,"1449,1457","v2b: (InfNaNPreserve)%1459:v[75][16:32] = v_cvt_pk_fp8_f32 %1449:v[102], %1457:v[103] opsel_hi"
g_fswin32,activation,891,1.0,v_cvt_pk_fp8_f32,1496,"1486,1494","v2b: (InfNaNPreserve)%1496:v[76][16:32] = v_cvt_pk_fp8_f32 %1486:v[106], %1494:v[107] opsel_hi"
g_fswin32,activation,892,1.0,v_maxmin_f32,1573,18290,"v1: (InfPreserve)%1573:v[137] = v_maxmin_f32 -4.0, %18290:v[82], 4.0"
g_fswin32,activation,893,1.0,v_maxmin_f32,1563,18289,"v1: (InfPreserve)%1563:v[135] = v_maxmin_f32 -4.0, %18289:v[81], 4.0"
g_fswin32,activation,894,1.0,v_maxmin_f32,1555,18288,"v1: (InfPreserve)%1555:v[133] = v_maxmin_f32 -4.0, %18288:v[80], 4.0"
g_fswin32,activation,895,1.0,v_maxmin_f32,1581,18291,"v1: (InfPreserve)%1581:v[139] = v_maxmin_f32 -4.0, %18291:v[83], 4.0"
g_fswin32,activation,897,1.0,v_maxmin_f32,1591,18292,"v1: (InfPreserve)%1591:v[141] = v_maxmin_f32 -4.0, %18292:v[84], 4.0"
g_fswin32,activation,898,1.0,v_fma_mix_f32,1576,1573,"v1: %1576:v[138] = v_fma_mix_f32 lo(0x3728ab28), |%1573:v[137]|, hi(0x3728ab28)"
g_fswin32,activation,899,1.0,v_fma_mix_f32,1566,1563,"v1: %1566:v[136] = v_fma_mix_f32 lo(0x3728ab28), |%1563:v[135]|, hi(0x3728ab28)"
g_fswin32,activation,900,1.0,v_fma_mix_f32,1558,1555,"v1: %1558:v[134] = v_fma_mix_f32 lo(0x3728ab28), |%1555:v[133]|, hi(0x3728ab28)"
g_fswin32,activation,901,1.0,v_fma_mix_f32,1584,1581,"v1: %1584:v[140] = v_fma_mix_f32 lo(0x3728ab28), |%1581:v[139]|, hi(0x3728ab28)"
g_fswin32,activation,903,1.0,v_maxmin_f32,1599,18293,"v1: (InfPreserve)%1599:v[143] = v_maxmin_f32 -4.0, %18293:v[85], 4.0"
g_fswin32,activation,904,1.0,v_maxmin_f32,1609,18294,"v1: (InfPreserve)%1609:v[145] = v_maxmin_f32 -4.0, %18294:v[86], 4.0"
g_fswin32,activation,905,1.0,v_fma_mix_f32,1594,1591,"v1: %1594:v[142] = v_fma_mix_f32 lo(0x3728ab28), |%1591:v[141]|, hi(0x3728ab28)"
g_fswin32,activation,906,0.5,v_dual_fmaak_f32,1568,"1566,1563","v1: %1568:v[136] = v_dual_fmaak_f32 %1566:v[136], %1563:v[135], 0x3f650000"
g_fswin32,activation,906,0.5,v_dual_fmaak_f32,1578,"1573,1576","v1: %1578:v[137] = v_dual_fmaak_f32 %1573:v[137], %1576:v[138], 0x3f650000"
g_fswin32,activation,907,0.5,v_dual_fmaak_f32,1529,"1527,1524","v1: %1529:v[132] = v_dual_fmaak_f32 %1527:v[132], %1524:v[131], 0x3f650000"
g_fswin32,activation,907,0.5,v_dual_fmaak_f32,1560,"1555,1558","v1: %1560:v[133] = v_dual_fmaak_f32 %1555:v[133], %1558:v[134], 0x3f650000"
g_fswin32,activation,908,1.0,v_maxmin_f32,1617,18295,"v1: (InfPreserve)%1617:v[147] = v_maxmin_f32 -4.0, %18295:v[87], 4.0"
g_fswin32,activation,909,1.0,v_fma_mix_f32,1602,1599,"v1: %1602:v[144] = v_fma_mix_f32 lo(0x3728ab28), |%1599:v[143]|, hi(0x3728ab28)"
g_fswin32,activation,910,1.0,v_maxmin_f32,1628,18296,"v1: (InfPreserve)%1628:v[149] = v_maxmin_f32 -4.0, %18296:v[88], 4.0"
g_fswin32,activation,911,1.0,v_fma_mix_f32,1612,1609,"v1: %1612:v[146] = v_fma_mix_f32 lo(0x3728ab28), |%1609:v[145]|, hi(0x3728ab28)"
g_fswin32,activation,912,0.5,v_dual_fmaak_f32,1586,"1584,1581","v1: %1586:v[140] = v_dual_fmaak_f32 %1584:v[140], %1581:v[139], 0x3f650000"
g_fswin32,activation,912,0.5,v_dual_fmaak_f32,1596,"1591,1594","v1: %1596:v[141] = v_dual_fmaak_f32 %1591:v[141], %1594:v[142], 0x3f650000"
g_fswin32,activation,913,0.5,v_dual_mul_f32,1561,"18288,1560","v1: %1561:v[80] = v_dual_mul_f32 %18288:v[80], %1560:v[133]"
g_fswin32,activation,913,0.5,v_dual_mul_f32,1512,"18185,1511","v1: %1512:v[109] = v_dual_mul_f32 %18185:v[109], %1511:v[128]"
g_fswin32,activation,914,0.5,v_dual_mul_f32,1579,"18290,1578","v1: %1579:v[82] = v_dual_mul_f32 %18290:v[82], %1578:v[137]"
g_fswin32,activation,914,0.5,v_dual_mul_f32,1530,"18187,1529","v1: %1530:v[111] = v_dual_mul_f32 %18187:v[111], %1529:v[132]"
g_fswin32,activation,915,1.0,v_maxmin_f32,1636,18297,"v1: (InfPreserve)%1636:v[151] = v_maxmin_f32 -4.0, %18297:v[89], 4.0"
g_fswin32,activation,916,1.0,v_fma_mix_f32,1620,1617,"v1: %1620:v[148] = v_fma_mix_f32 lo(0x3728ab28), |%1617:v[147]|, hi(0x3728ab28)"
g_fswin32,activation,917,1.0,v_maxmin_f32,1646,18298,"v1: (InfPreserve)%1646:v[153] = v_maxmin_f32 -4.0, %18298:v[90], 4.0"
g_fswin32,activation,918,1.0,v_fma_mix_f32,1631,1628,"v1: %1631:v[150] = v_fma_mix_f32 lo(0x3728ab28), |%1628:v[149]|, hi(0x3728ab28)"
g_fswin32,activation,919,0.5,v_dual_fmaak_f32,1604,"1602,1599","v1: %1604:v[144] = v_dual_fmaak_f32 %1602:v[144], %1599:v[143], 0x3f650000"
g_fswin32,activation,919,0.5,v_dual_fmaak_f32,1614,"1609,1612","v1: %1614:v[145] = v_dual_fmaak_f32 %1609:v[145], %1612:v[146], 0x3f650000"
g_fswin32,activation,920,0.5,v_dual_mul_f32,1597,"18292,1596","v1: %1597:v[84] = v_dual_mul_f32 %18292:v[84], %1596:v[141]"
g_fswin32,activation,920,0.5,v_dual_mul_f32,1569,"18289,1568","v1: %1569:v[81] = v_dual_mul_f32 %18289:v[81], %1568:v[136]"
g_fswin32,activation,921,1.0,v_cvt_pk_fp8_f32,1514,"1504,1512","v2b: (InfNaNPreserve)%1514:v[77][0:16] = v_cvt_pk_fp8_f32 %1504:v[108], %1512:v[109]"
g_fswin32,activation,922,1.0,v_cvt_pk_fp8_f32,1532,"1522,1530","v2b: (InfNaNPreserve)%1532:v[77][16:32] = v_cvt_pk_fp8_f32 %1522:v[110], %1530:v[111] opsel_hi"
g_fswin32,activation,924,1.0,v_fma_mix_f32,1639,1636,"v1: %1639:v[152] = v_fma_mix_f32 lo(0x3728ab28), |%1636:v[151]|, hi(0x3728ab28)"
g_fswin32,activation,925,1.0,v_maxmin_f32,1654,18299,"v1: (InfPreserve)%1654:v[155] = v_maxmin_f32 -4.0, %18299:v[91], 4.0"
g_fswin32,activation,926,1.0,v_fma_mix_f32,1649,1646,"v1: %1649:v[154] = v_fma_mix_f32 lo(0x3728ab28), |%1646:v[153]|, hi(0x3728ab28)"
g_fswin32,activation,927,1.0,v_maxmin_f32,1664,18300,"v1: (InfPreserve)%1664:v[157] = v_maxmin_f32 -4.0, %18300:v[92], 4.0"
g_fswin32,activation,928,0.5,v_dual_fmaak_f32,1622,"1620,1617","v1: %1622:v[148] = v_dual_fmaak_f32 %1620:v[148], %1617:v[147], 0x3f650000"
g_fswin32,activation,928,0.5,v_dual_fmaak_f32,1633,"1628,1631","v1: %1633:v[149] = v_dual_fmaak_f32 %1628:v[149], %1631:v[150], 0x3f650000"
g_fswin32,activation,929,0.5,v_dual_mul_f32,1615,"18294,1614","v1: %1615:v[86] = v_dual_mul_f32 %18294:v[86], %1614:v[145]"
g_fswin32,activation,929,0.5,v_dual_mul_f32,1587,"18291,1586","v1: %1587:v[83] = v_dual_mul_f32 %18291:v[83], %1586:v[140]"
g_fswin32,activation,930,1.0,v_cvt_pk_fp8_f32,1571,"1561,1569","v2b: (InfNaNPreserve)%1571:v[40][0:16] = v_cvt_pk_fp8_f32 %1561:v[80], %1569:v[81]"
g_fswin32,activation,931,1.0,v_maxmin_f32,1672,18301,"v1: (InfPreserve)%1672:v[159] = v_maxmin_f32 -4.0, %18301:v[93], 4.0"
g_fswin32,activation,932,1.0,v_maxmin_f32,1682,18302,"v1: (InfPreserve)%1682:v[161] = v_maxmin_f32 -4.0, %18302:v[94], 4.0"
g_fswin32,activation,933,1.0,v_fma_mix_f32,1657,1654,"v1: %1657:v[156] = v_fma_mix_f32 lo(0x3728ab28), |%1654:v[155]|, hi(0x3728ab28)"
g_fswin32,activation,934,0.5,v_dual_fmaak_f32,1641,"1639,1636","v1: %1641:v[152] = v_dual_fmaak_f32 %1639:v[152], %1636:v[151], 0x3f650000"
g_fswin32,activation,934,0.5,v_dual_fmaak_f32,1651,"1646,1649","v1: %1651:v[153] = v_dual_fmaak_f32 %1646:v[153], %1649:v[154], 0x3f650000"
g_fswin32,activation,935,1.0,v_fma_mix_f32,1667,1664,"v1: %1667:v[158] = v_fma_mix_f32 lo(0x3728ab28), |%1664:v[157]|, hi(0x3728ab28)"
g_fswin32,activation,936,0.5,v_dual_mul_f32,1634,"18296,1633","v1: %1634:v[88] = v_dual_mul_f32 %18296:v[88], %1633:v[149]"
g_fswin32,activation,936,0.5,v_dual_mul_f32,1605,"18293,1604","v1: %1605:v[85] = v_dual_mul_f32 %18293:v[85], %1604:v[144]"
g_fswin32,activation,937,1.0,v_maxmin_f32,1690,18303,"v1: (InfPreserve)%1690:v[163] = v_maxmin_f32 -4.0, %18303:v[95], 4.0"
g_fswin32,activation,938,1.0,v_cvt_pk_fp8_f32,1589,"1579,1587","v2b: (InfNaNPreserve)%1589:v[40][16:32] = v_cvt_pk_fp8_f32 %1579:v[82], %1587:v[83] opsel_hi"
g_fswin32,activation,940,1.0,v_maxmin_f32,1701,18304,"v1: (InfPreserve)%1701:v[165] = v_maxmin_f32 -4.0, %18304:v[96], 4.0"
g_fswin32,activation,941,1.0,v_fma_mix_f32,1675,1672,"v1: %1675:v[160] = v_fma_mix_f32 lo(0x3728ab28), |%1672:v[159]|, hi(0x3728ab28)"
g_fswin32,activation,942,1.0,v_fma_mix_f32,1685,1682,"v1: %1685:v[162] = v_fma_mix_f32 lo(0x3728ab28), |%1682:v[161]|, hi(0x3728ab28)"
g_fswin32,activation,943,0.5,v_dual_mul_f32,1652,"18298,1651","v1: %1652:v[90] = v_dual_mul_f32 %18298:v[90], %1651:v[153]"
g_fswin32,activation,943,0.5,v_dual_mul_f32,1623,"18295,1622","v1: %1623:v[87] = v_dual_mul_f32 %18295:v[87], %1622:v[148]"
g_fswin32,activation,944,0.5,v_dual_fmaak_f32,1659,"1657,1654","v1: %1659:v[156] = v_dual_fmaak_f32 %1657:v[156], %1654:v[155], 0x3f650000"
g_fswin32,activation,944,0.5,v_dual_fmaak_f32,1669,"1664,1667","v1: %1669:v[157] = v_dual_fmaak_f32 %1664:v[157], %1667:v[158], 0x3f650000"
g_fswin32,activation,945,1.0,v_cvt_pk_fp8_f32,1607,"1597,1605","v2b: (InfNaNPreserve)%1607:v[41][0:16] = v_cvt_pk_fp8_f32 %1597:v[84], %1605:v[85]"
g_fswin32,activation,946,1.0,v_fma_mix_f32,1693,1690,"v1: %1693:v[164] = v_fma_mix_f32 lo(0x3728ab28), |%1690:v[163]|, hi(0x3728ab28)"
g_fswin32,activation,947,1.0,v_maxmin_f32,1709,18305,"v1: (InfPreserve)%1709:v[167] = v_maxmin_f32 -4.0, %18305:v[97], 4.0"
g_fswin32,activation,948,1.0,v_maxmin_f32,1719,18306,"v1: (InfPreserve)%1719:v[169] = v_maxmin_f32 -4.0, %18306:v[98], 4.0"
g_fswin32,activation,949,1.0,v_fma_mix_f32,1704,1701,"v1: %1704:v[166] = v_fma_mix_f32 lo(0x3728ab28), |%1701:v[165]|, hi(0x3728ab28)"
g_fswin32,activation,950,0.5,v_dual_fmaak_f32,1677,"1675,1672","v1: %1677:v[160] = v_dual_fmaak_f32 %1675:v[160], %1672:v[159], 0x3f650000"
g_fswin32,activation,950,0.5,v_dual_fmaak_f32,1687,"1682,1685","v1: %1687:v[161] = v_dual_fmaak_f32 %1682:v[161], %1685:v[162], 0x3f650000"
g_fswin32,activation,951,1.0,v_cvt_pk_fp8_f32,1625,"1615,1623","v2b: (InfNaNPreserve)%1625:v[41][16:32] = v_cvt_pk_fp8_f32 %1615:v[86], %1623:v[87] opsel_hi"
g_fswin32,activation,952,1.0,v_maxmin_f32,1727,18307,"v1: (InfPreserve)%1727:v[171] = v_maxmin_f32 -4.0, %18307:v[99], 4.0"
g_fswin32,activation,953,0.5,v_dual_mul_f32,1670,"18300,1669","v1: %1670:v[92] = v_dual_mul_f32 %18300:v[92], %1669:v[157]"
g_fswin32,activation,953,0.5,v_dual_mul_f32,1642,"18297,1641","v1: %1642:v[89] = v_dual_mul_f32 %18297:v[89], %1641:v[152]"
g_fswin32,activation,954,1.0,v_maxmin_f32,1737,18308,"v1: (InfPreserve)%1737:v[173] = v_maxmin_f32 -4.0, %18308:v[100], 4.0"
g_fswin32,activation,955,1.0,v_fma_mix_f32,1712,1709,"v1: %1712:v[168] = v_fma_mix_f32 lo(0x3728ab28), |%1709:v[167]|, hi(0x3728ab28)"
g_fswin32,activation,956,1.0,v_fma_mix_f32,1722,1719,"v1: %1722:v[170] = v_fma_mix_f32 lo(0x3728ab28), |%1719:v[169]|, hi(0x3728ab28)"
g_fswin32,activation,957,0.5,v_dual_fmaak_f32,1695,"1693,1690","v1: %1695:v[164] = v_dual_fmaak_f32 %1693:v[164], %1690:v[163], 0x3f650000"
g_fswin32,activation,957,0.5,v_dual_fmaak_f32,1706,"1701,1704","v1: %1706:v[165] = v_dual_fmaak_f32 %1701:v[165], %1704:v[166], 0x3f650000"
g_fswin32,activation,958,0.5,v_dual_mul_f32,1688,"18302,1687","v1: %1688:v[94] = v_dual_mul_f32 %18302:v[94], %1687:v[161]"
g_fswin32,activation,958,0.5,v_dual_mul_f32,1660,"18299,1659","v1: %1660:v[91] = v_dual_mul_f32 %18299:v[91], %1659:v[156]"
g_fswin32,activation,959,1.0,v_maxmin_f32,1745,18309,"v1: (InfPreserve)%1745:v[175] = v_maxmin_f32 -4.0, %18309:v[101], 4.0"
g_fswin32,activation,960,1.0,v_fma_mix_f32,1730,1727,"v1: %1730:v[172] = v_fma_mix_f32 lo(0x3728ab28), |%1727:v[171]|, hi(0x3728ab28)"
g_fswin32,activation,961,1.0,v_maxmin_f32,1755,18310,"v1: (InfPreserve)%1755:v[177] = v_maxmin_f32 -4.0, %18310:v[102], 4.0"
g_fswin32,activation,962,1.0,v_cvt_pk_fp8_f32,1644,"1634,1642","v2b: (InfNaNPreserve)%1644:v[44][0:16] = v_cvt_pk_fp8_f32 %1634:v[88], %1642:v[89]"
g_fswin32,activation,963,1.0,v_fma_mix_f32,1740,1737,"v1: %1740:v[174] = v_fma_mix_f32 lo(0x3728ab28), |%1737:v[173]|, hi(0x3728ab28)"
g_fswin32,activation,964,0.5,v_dual_fmaak_f32,1714,"1712,1709","v1: %1714:v[168] = v_dual_fmaak_f32 %1712:v[168], %1709:v[167], 0x3f650000"
g_fswin32,activation,964,0.5,v_dual_fmaak_f32,1724,"1719,1722","v1: %1724:v[169] = v_dual_fmaak_f32 %1719:v[169], %1722:v[170], 0x3f650000"
g_fswin32,activation,965,1.0,v_maxmin_f32,1763,18311,"v1: (InfPreserve)%1763:v[179] = v_maxmin_f32 -4.0, %18311:v[103], 4.0"
g_fswin32,activation,966,0.5,v_dual_mul_f32,1707,"18304,1706","v1: %1707:v[96] = v_dual_mul_f32 %18304:v[96], %1706:v[165]"
g_fswin32,activation,966,0.5,v_dual_mul_f32,1678,"18301,1677","v1: %1678:v[93] = v_dual_mul_f32 %18301:v[93], %1677:v[160]"
g_fswin32,activation,967,1.0,v_cvt_pk_fp8_f32,1662,"1652,1660","v2b: (InfNaNPreserve)%1662:v[44][16:32] = v_cvt_pk_fp8_f32 %1652:v[90], %1660:v[91] opsel_hi"
g_fswin32,activation,968,1.0,v_maxmin_f32,1774,18312,"v1: (InfPreserve)%1774:v[181] = v_maxmin_f32 -4.0, %18312:v[104], 4.0"
g_fswin32,activation,969,1.0,v_fma_mix_f32,1748,1745,"v1: %1748:v[176] = v_fma_mix_f32 lo(0x3728ab28), |%1745:v[175]|, hi(0x3728ab28)"
g_fswin32,activation,970,1.0,v_fma_mix_f32,1758,1755,"v1: %1758:v[178] = v_fma_mix_f32 lo(0x3728ab28), |%1755:v[177]|, hi(0x3728ab28)"
g_fswin32,activation,971,1.0,v_maxmin_f32,1782,18313,"v1: (InfPreserve)%1782:v[183] = v_maxmin_f32 -4.0, %18313:v[105], 4.0"
g_fswin32,activation,972,0.5,v_dual_fmaak_f32,1732,"1730,1727","v1: %1732:v[172] = v_dual_fmaak_f32 %1730:v[172], %1727:v[171], 0x3f650000"
g_fswin32,activation,972,0.5,v_dual_fmaak_f32,1742,"1737,1740","v1: %1742:v[173] = v_dual_fmaak_f32 %1737:v[173], %1740:v[174], 0x3f650000"
g_fswin32,activation,973,0.5,v_dual_mul_f32,1725,"18306,1724","v1: %1725:v[98] = v_dual_mul_f32 %18306:v[98], %1724:v[169]"
g_fswin32,activation,973,0.5,v_dual_mul_f32,1696,"18303,1695","v1: %1696:v[95] = v_dual_mul_f32 %18303:v[95], %1695:v[164]"
g_fswin32,activation,974,1.0,v_fma_mix_f32,1766,1763,"v1: %1766:v[180] = v_fma_mix_f32 lo(0x3728ab28), |%1763:v[179]|, hi(0x3728ab28)"
g_fswin32,activation,976,1.0,v_cvt_pk_fp8_f32,1680,"1670,1678","v2b: (InfNaNPreserve)%1680:v[45][0:16] = v_cvt_pk_fp8_f32 %1670:v[92], %1678:v[93]"
g_fswin32,activation,977,1.0,v_fma_mix_f32,1777,1774,"v1: %1777:v[182] = v_fma_mix_f32 lo(0x3728ab28), |%1774:v[181]|, hi(0x3728ab28)"
g_fswin32,activation,978,1.0,v_maxmin_f32,1792,18314,"v1: (InfPreserve)%1792:v[185] = v_maxmin_f32 -4.0, %18314:v[106], 4.0"
g_fswin32,activation,979,0.5,v_dual_fmaak_f32,1750,"1748,1745","v1: %1750:v[176] = v_dual_fmaak_f32 %1748:v[176], %1745:v[175], 0x3f650000"
g_fswin32,activation,979,0.5,v_dual_fmaak_f32,1760,"1755,1758","v1: %1760:v[177] = v_dual_fmaak_f32 %1755:v[177], %1758:v[178], 0x3f650000"
g_fswin32,activation,980,1.0,v_fma_mix_f32,1785,1782,"v1: %1785:v[184] = v_fma_mix_f32 lo(0x3728ab28), |%1782:v[183]|, hi(0x3728ab28)"
g_fswin32,activation,982,0.5,v_dual_mul_f32,1743,"18308,1742","v1: %1743:v[100] = v_dual_mul_f32 %18308:v[100], %1742:v[173]"
g_fswin32,activation,982,0.5,v_dual_mul_f32,1715,"18305,1714","v1: %1715:v[97] = v_dual_mul_f32 %18305:v[97], %1714:v[168]"
g_fswin32,activation,983,1.0,v_cvt_pk_fp8_f32,1698,"1688,1696","v2b: (InfNaNPreserve)%1698:v[45][16:32] = v_cvt_pk_fp8_f32 %1688:v[94], %1696:v[95] opsel_hi"
g_fswin32,activation,984,1.0,v_maxmin_f32,1800,18315,"v1: (InfPreserve)%1800:v[187] = v_maxmin_f32 -4.0, %18315:v[107], 4.0"
g_fswin32,activation,985,0.5,v_dual_fmaak_f32,1768,"1766,1763","v1: %1768:v[180] = v_dual_fmaak_f32 %1766:v[180], %1763:v[179], 0x3f650000"
g_fswin32,activation,985,0.5,v_dual_fmaak_f32,1779,"1774,1777","v1: %1779:v[181] = v_dual_fmaak_f32 %1774:v[181], %1777:v[182], 0x3f650000"
g_fswin32,activation,986,1.0,v_fma_mix_f32,1795,1792,"v1: %1795:v[186] = v_fma_mix_f32 lo(0x3728ab28), |%1792:v[185]|, hi(0x3728ab28)"
g_fswin32,activation,987,0.5,v_dual_mul_f32,1761,"18310,1760","v1: %1761:v[102] = v_dual_mul_f32 %18310:v[102], %1760:v[177]"
g_fswin32,activation,987,0.5,v_dual_mul_f32,1733,"18307,1732","v1: %1733:v[99] = v_dual_mul_f32 %18307:v[99], %1732:v[172]"
g_fswin32,activation,988,1.0,v_maxmin_f32,1810,18316,"v1: (InfPreserve)%1810:v[189] = v_maxmin_f32 -4.0, %18316:v[108], 4.0"
g_fswin32,activation,989,1.0,v_maxmin_f32,1818,18317,"v1: (InfPreserve)%1818:v[191] = v_maxmin_f32 -4.0, %18317:v[109], 4.0"
g_fswin32,activation,990,1.0,v_cvt_pk_fp8_f32,1717,"1707,1715","v2b: (InfNaNPreserve)%1717:v[78][0:16] = v_cvt_pk_fp8_f32 %1707:v[96], %1715:v[97]"
g_fswin32,activation,991,1.0,v_fma_mix_f32,1803,1800,"v1: %1803:v[188] = v_fma_mix_f32 lo(0x3728ab28), |%1800:v[187]|, hi(0x3728ab28)"
g_fswin32,activation,992,0.5,v_dual_fmaak_f32,1787,"1785,1782","v1: %1787:v[184] = v_dual_fmaak_f32 %1785:v[184], %1782:v[183], 0x3f650000"
g_fswin32,activation,992,0.5,v_dual_mul_f32,1769,"18311,1768","v1: %1769:v[103] = v_dual_mul_f32 %18311:v[103], %1768:v[180]"
g_fswin32,activation,993,0.5,v_dual_mul_f32,1780,"18312,1779","v1: %1780:v[104] = v_dual_mul_f32 %18312:v[104], %1779:v[181]"
g_fswin32,activation,993,0.5,v_dual_mul_f32,1751,"18309,1750","v1: %1751:v[101] = v_dual_mul_f32 %18309:v[101], %1750:v[176]"
g_fswin32,activation,994,1.0,v_maxmin_f32,1828,18318,"v1: (InfPreserve)%1828:v[86] = v_maxmin_f32 -4.0, %18318:v[110], 4.0"
g_fswin32,activation,995,1.0,v_fmaak_f32,1797,"1792,1795","v1: %1797:v[185] = v_fmaak_f32 %1792:v[185], %1795:v[186], 0x3f650000"
g_fswin32,activation,996,1.0,v_cvt_pk_fp8_f32,1735,"1725,1733","v2b: (InfNaNPreserve)%1735:v[78][16:32] = v_cvt_pk_fp8_f32 %1725:v[98], %1733:v[99] opsel_hi"
g_fswin32,activation,997,1.0,v_maxmin_f32,1836,18319,"v1: (InfPreserve)%1836:v[92] = v_maxmin_f32 -4.0, %18319:v[111], 4.0"
g_fswin32,activation,998,1.0,v_fma_mix_f32,1813,1810,"v1: %1813:v[190] = v_fma_mix_f32 lo(0x3728ab28), |%1810:v[189]|, hi(0x3728ab28)"
g_fswin32,activation,999,1.0,v_fma_mix_f32,1821,1818,"v1: %1821:v[21] = v_fma_mix_f32 lo(0x3728ab28), |%1818:v[191]|, hi(0x3728ab28)"
g_fswin32,activation,1000,1.0,v_fmaak_f32,1805,"1803,1800","v1: %1805:v[188] = v_fmaak_f32 %1803:v[188], %1800:v[187], 0x3f650000"
g_fswin32,activation,1001,1.0,v_cvt_pk_fp8_f32,1753,"1743,1751","v2b: (InfNaNPreserve)%1753:v[79][0:16] = v_cvt_pk_fp8_f32 %1743:v[100], %1751:v[101]"
g_fswin32,activation,1002,1.0,v_cvt_pk_fp8_f32,1771,"1761,1769","v2b: (InfNaNPreserve)%1771:v[79][16:32] = v_cvt_pk_fp8_f32 %1761:v[102], %1769:v[103] opsel_hi"
g_fswin32,activation,1003,1.0,v_fma_mix_f32,1831,1828,"v1: %1831:v[87] = v_fma_mix_f32 lo(0x3728ab28), |%1828:v[86]|, hi(0x3728ab28)"
g_fswin32,activation,1005,0.5,v_dual_mul_f32,1788,"18313,1787","v1: %1788:v[105] = v_dual_mul_f32 %18313:v[105], %1787:v[184]"
g_fswin32,activation,1005,0.5,v_dual_mul_f32,1798,"18314,1797","v1: %1798:v[106] = v_dual_mul_f32 %18314:v[106], %1797:v[185]"
g_fswin32,activation,1006,1.0,v_fma_mix_f32,1839,1836,"v1: %1839:v[93] = v_fma_mix_f32 lo(0x3728ab28), |%1836:v[92]|, hi(0x3728ab28)"
g_fswin32,activation,1007,1.0,v_fmaak_f32,1815,"1810,1813","v1: %1815:v[189] = v_fmaak_f32 %1810:v[189], %1813:v[190], 0x3f650000"
g_fswin32,activation,1008,1.0,v_mul_f32,1806,"18315,1805","v1: %1806:v[107] = v_mul_f32 %18315:v[107], %1805:v[188]"
g_fswin32,activation,1010,1.0,v_cvt_pk_fp8_f32,1790,"1780,1788","v2b: (InfNaNPreserve)%1790:v[84][0:16] = v_cvt_pk_fp8_f32 %1780:v[104], %1788:v[105]"
g_fswin32,activation,1011,0.5,v_dual_fmaak_f32,1841,"1839,1836","v1: %1841:v[93] = v_dual_fmaak_f32 %1839:v[93], %1836:v[92], 0x3f650000"
g_fswin32,activation,1011,0.5,v_dual_fmaak_f32,1833,"1828,1831","v1: %1833:v[86] = v_dual_fmaak_f32 %1828:v[86], %1831:v[87], 0x3f650000"
g_fswin32,activation,1012,0.5,v_dual_fmaak_f32,1823,"1821,1818","v1: %1823:v[21] = v_dual_fmaak_f32 %1821:v[21], %1818:v[191], 0x3f650000"
g_fswin32,activation,1012,0.5,v_dual_mul_f32,1816,"18316,1815","v1: %1816:v[108] = v_dual_mul_f32 %18316:v[108], %1815:v[189]"
g_fswin32,activation,1013,1.0,v_cvt_pk_fp8_f32,1808,"1798,1806","v2b: (InfNaNPreserve)%1808:v[84][16:32] = v_cvt_pk_fp8_f32 %1798:v[106], %1806:v[107] opsel_hi"
g_fswin32,activation,1015,0.5,v_dual_mul_f32,1842,"18319,1841","v1: %1842:v[111] = v_dual_mul_f32 %18319:v[111], %1841:v[93]"
g_fswin32,activation,1015,0.5,v_dual_mul_f32,1834,"18318,1833","v1: %1834:v[110] = v_dual_mul_f32 %18318:v[110], %1833:v[86]"
g_fswin32,activation,1016,1.0,v_mul_f32,1824,"18317,1823","v1: %1824:v[109] = v_mul_f32 %18317:v[109], %1823:v[21]"
g_fswin32,activation,1019,1.0,v_cvt_pk_fp8_f32,1826,"1816,1824","v2b: (InfNaNPreserve)%1826:v[85][0:16] = v_cvt_pk_fp8_f32 %1816:v[108], %1824:v[109]"
g_fswin32,activation,1020,1.0,v_cvt_pk_fp8_f32,1844,"1834,1842","v2b: (InfNaNPreserve)%1844:v[85][16:32] = v_cvt_pk_fp8_f32 %1834:v[110], %1842:v[111] opsel_hi"
g_fswin32,activation,1022,1.0,v_maxmin_f32,1861,18412,"v1: (InfPreserve)%1861:v[94] = v_maxmin_f32 -4.0, %18412:v[96], 4.0"
g_fswin32,activation,1023,1.0,v_maxmin_f32,1869,18413,"v1: (InfPreserve)%1869:v[128] = v_maxmin_f32 -4.0, %18413:v[97], 4.0"
g_fswin32,activation,1024,1.0,v_maxmin_f32,1887,18415,"v1: (InfPreserve)%1887:v[132] = v_maxmin_f32 -4.0, %18415:v[99], 4.0"
g_fswin32,activation,1025,1.0,v_maxmin_f32,1879,18414,"v1: (InfPreserve)%1879:v[130] = v_maxmin_f32 -4.0, %18414:v[98], 4.0"
g_fswin32,activation,1027,1.0,v_maxmin_f32,1897,18416,"v1: (InfPreserve)%1897:v[134] = v_maxmin_f32 -4.0, %18416:v[100], 4.0"
g_fswin32,activation,1028,1.0,v_maxmin_f32,1905,18417,"v1: (InfPreserve)%1905:v[136] = v_maxmin_f32 -4.0, %18417:v[101], 4.0"
g_fswin32,activation,1030,1.0,v_fma_mix_f32,1864,1861,"v1: %1864:v[95] = v_fma_mix_f32 lo(0x3728ab28), |%1861:v[94]|, hi(0x3728ab28)"
g_fswin32,activation,1031,1.0,v_fma_mix_f32,1872,1869,"v1: %1872:v[129] = v_fma_mix_f32 lo(0x3728ab28), |%1869:v[128]|, hi(0x3728ab28)"
g_fswin32,activation,1032,1.0,v_fma_mix_f32,1890,1887,"v1: %1890:v[133] = v_fma_mix_f32 lo(0x3728ab28), |%1887:v[132]|, hi(0x3728ab28)"
g_fswin32,activation,1033,1.0,v_fma_mix_f32,1882,1879,"v1: %1882:v[131] = v_fma_mix_f32 lo(0x3728ab28), |%1879:v[130]|, hi(0x3728ab28)"
g_fswin32,activation,1035,1.0,v_maxmin_f32,1915,18418,"v1: (InfPreserve)%1915:v[138] = v_maxmin_f32 -4.0, %18418:v[102], 4.0"
g_fswin32,activation,1036,1.0,v_fma_mix_f32,1900,1897,"v1: %1900:v[135] = v_fma_mix_f32 lo(0x3728ab28), |%1897:v[134]|, hi(0x3728ab28)"
g_fswin32,activation,1037,1.0,v_fma_mix_f32,1908,1905,"v1: %1908:v[137] = v_fma_mix_f32 lo(0x3728ab28), |%1905:v[136]|, hi(0x3728ab28)"
g_fswin32,activation,1038,1.0,v_maxmin_f32,1923,18419,"v1: (InfPreserve)%1923:v[140] = v_maxmin_f32 -4.0, %18419:v[103], 4.0"
g_fswin32,activation,1039,0.5,v_dual_fmaak_f32,1874,"1872,1869","v1: %1874:v[129] = v_dual_fmaak_f32 %1872:v[129], %1869:v[128], 0x3f650000"
g_fswin32,activation,1039,0.5,v_dual_fmaak_f32,1866,"1861,1864","v1: %1866:v[94] = v_dual_fmaak_f32 %1861:v[94], %1864:v[95], 0x3f650000"
g_fswin32,activation,1040,0.5,v_dual_fmaak_f32,1892,"1890,1887","v1: %1892:v[133] = v_dual_fmaak_f32 %1890:v[133], %1887:v[132], 0x3f650000"
g_fswin32,activation,1040,0.5,v_dual_fmaak_f32,1884,"1879,1882","v1: %1884:v[130] = v_dual_fmaak_f32 %1879:v[130], %1882:v[131], 0x3f650000"
g_fswin32,activation,1041,1.0,v_fma_mix_f32,1918,1915,"v1: %1918:v[139] = v_fma_mix_f32 lo(0x3728ab28), |%1915:v[138]|, hi(0x3728ab28)"
g_fswin32,activation,1042,0.5,v_dual_fmaak_f32,1910,"1908,1905","v1: %1910:v[137] = v_dual_fmaak_f32 %1908:v[137], %1905:v[136], 0x3f650000"
g_fswin32,activation,1042,0.5,v_dual_fmaak_f32,1902,"1897,1900","v1: %1902:v[134] = v_dual_fmaak_f32 %1897:v[134], %1900:v[135], 0x3f650000"
g_fswin32,activation,1043,1.0,v_fma_mix_f32,1926,1923,"v1: %1926:v[141] = v_fma_mix_f32 lo(0x3728ab28), |%1923:v[140]|, hi(0x3728ab28)"
g_fswin32,activation,1044,0.5,v_dual_mul_f32,1875,"18413,1874","v1: %1875:v[97] = v_dual_mul_f32 %18413:v[97], %1874:v[129]"
g_fswin32,activation,1044,0.5,v_dual_mul_f32,1867,"18412,1866","v1: %1867:v[96] = v_dual_mul_f32 %18412:v[96], %1866:v[94]"
g_fswin32,activation,1045,0.5,v_dual_mul_f32,1893,"18415,1892","v1: %1893:v[99] = v_dual_mul_f32 %18415:v[99], %1892:v[133]"
g_fswin32,activation,1045,0.5,v_dual_mul_f32,1885,"18414,1884","v1: %1885:v[98] = v_dual_mul_f32 %18414:v[98], %1884:v[130]"
g_fswin32,activation,1046,1.0,v_maxmin_f32,1934,18420,"v1: (InfPreserve)%1934:v[142] = v_maxmin_f32 -4.0, %18420:v[104], 4.0"
g_fswin32,activation,1047,1.0,v_maxmin_f32,1960,18423,"v1: (InfPreserve)%1960:v[148] = v_maxmin_f32 -4.0, %18423:v[107], 4.0"
g_fswin32,activation,1048,1.0,v_maxmin_f32,1942,18421,"v1: (InfPreserve)%1942:v[144] = v_maxmin_f32 -4.0, %18421:v[105], 4.0"
g_fswin32,activation,1049,1.0,v_maxmin_f32,1952,18422,"v1: (InfPreserve)%1952:v[146] = v_maxmin_f32 -4.0, %18422:v[106], 4.0"
g_fswin32,activation,1050,0.5,v_dual_mul_f32,1911,"18417,1910","v1: %1911:v[101] = v_dual_mul_f32 %18417:v[101], %1910:v[137]"
g_fswin32,activation,1050,0.5,v_dual_mul_f32,1903,"18416,1902","v1: %1903:v[100] = v_dual_mul_f32 %18416:v[100], %1902:v[134]"
g_fswin32,activation,1051,0.5,v_dual_fmaak_f32,1928,"1926,1923","v1: %1928:v[141] = v_dual_fmaak_f32 %1926:v[141], %1923:v[140], 0x3f650000"
g_fswin32,activation,1051,0.5,v_dual_fmaak_f32,1920,"1915,1918","v1: %1920:v[138] = v_dual_fmaak_f32 %1915:v[138], %1918:v[139], 0x3f650000"
g_fswin32,activation,1052,1.0,v_maxmin_f32,1970,18424,"v1: (InfPreserve)%1970:v[150] = v_maxmin_f32 -4.0, %18424:v[108], 4.0"
g_fswin32,activation,1053,1.0,v_cvt_pk_fp8_f32,1877,"1867,1875","v2b: (InfNaNPreserve)%1877:v[42][0:16] = v_cvt_pk_fp8_f32 %1867:v[96], %1875:v[97]"
g_fswin32,activation,1054,1.0,v_cvt_pk_fp8_f32,1895,"1885,1893","v2b: (InfNaNPreserve)%1895:v[42][16:32] = v_cvt_pk_fp8_f32 %1885:v[98], %1893:v[99] opsel_hi"
g_fswin32,activation,1055,1.0,v_maxmin_f32,1978,18425,"v1: (InfPreserve)%1978:v[152] = v_maxmin_f32 -4.0, %18425:v[109], 4.0"
g_fswin32,activation,1056,1.0,v_fma_mix_f32,1937,1934,"v1: %1937:v[143] = v_fma_mix_f32 lo(0x3728ab28), |%1934:v[142]|, hi(0x3728ab28)"
g_fswin32,activation,1057,1.0,v_fma_mix_f32,1963,1960,"v1: %1963:v[149] = v_fma_mix_f32 lo(0x3728ab28), |%1960:v[148]|, hi(0x3728ab28)"
g_fswin32,activation,1058,1.0,v_fma_mix_f32,1945,1942,"v1: %1945:v[145] = v_fma_mix_f32 lo(0x3728ab28), |%1942:v[144]|, hi(0x3728ab28)"
g_fswin32,activation,1059,1.0,v_fma_mix_f32,1955,1952,"v1: %1955:v[147] = v_fma_mix_f32 lo(0x3728ab28), |%1952:v[146]|, hi(0x3728ab28)"
g_fswin32,activation,1060,1.0,v_cvt_pk_fp8_f32,1913,"1903,1911","v2b: (InfNaNPreserve)%1913:v[43][0:16] = v_cvt_pk_fp8_f32 %1903:v[100], %1911:v[101]"
g_fswin32,activation,1061,1.0,v_maxmin_f32,1988,18426,"v1: (InfPreserve)%1988:v[154] = v_maxmin_f32 -4.0, %18426:v[110], 4.0"
g_fswin32,activation,1062,0.5,v_dual_mul_f32,1929,"18419,1928","v1: %1929:v[103] = v_dual_mul_f32 %18419:v[103], %1928:v[141]"
g_fswin32,activation,1062,0.5,v_dual_mul_f32,1921,"18418,1920","v1: %1921:v[102] = v_dual_mul_f32 %18418:v[102], %1920:v[138]"
g_fswin32,activation,1063,1.0,v_fma_mix_f32,1973,1970,"v1: %1973:v[151] = v_fma_mix_f32 lo(0x3728ab28), |%1970:v[150]|, hi(0x3728ab28)"
g_fswin32,activation,1064,1.0,v_maxmin_f32,1996,18427,"v1: (InfPreserve)%1996:v[156] = v_maxmin_f32 -4.0, %18427:v[111], 4.0"
g_fswin32,activation,1065,1.0,v_fma_mix_f32,1981,1978,"v1: %1981:v[153] = v_fma_mix_f32 lo(0x3728ab28), |%1978:v[152]|, hi(0x3728ab28)"
g_fswin32,activation,1066,0.5,v_dual_fmaak_f32,1947,"1945,1942","v1: %1947:v[145] = v_dual_fmaak_f32 %1945:v[145], %1942:v[144], 0x3f650000"
g_fswin32,activation,1066,0.5,v_dual_fmaak_f32,1939,"1934,1937","v1: %1939:v[142] = v_dual_fmaak_f32 %1934:v[142], %1937:v[143], 0x3f650000"
g_fswin32,activation,1067,1.0,v_maxmin_f32,2007,18428,"v1: (InfPreserve)%2007:v[158] = v_maxmin_f32 -4.0, %18428:v[112], 4.0"
g_fswin32,activation,1068,0.5,v_dual_fmaak_f32,1965,"1963,1960","v1: %1965:v[149] = v_dual_fmaak_f32 %1963:v[149], %1960:v[148], 0x3f650000"
g_fswin32,activation,1068,0.5,v_dual_fmaak_f32,1957,"1952,1955","v1: %1957:v[146] = v_dual_fmaak_f32 %1952:v[146], %1955:v[147], 0x3f650000"
g_fswin32,activation,1069,1.0,v_maxmin_f32,2015,18429,"v1: (InfPreserve)%2015:v[160] = v_maxmin_f32 -4.0, %18429:v[113], 4.0"
g_fswin32,activation,1070,1.0,v_fma_mix_f32,1991,1988,"v1: %1991:v[155] = v_fma_mix_f32 lo(0x3728ab28), |%1988:v[154]|, hi(0x3728ab28)"
g_fswin32,activation,1071,1.0,v_cvt_pk_fp8_f32,1931,"1921,1929","v2b: (InfNaNPreserve)%1931:v[43][16:32] = v_cvt_pk_fp8_f32 %1921:v[102], %1929:v[103] opsel_hi"
g_fswin32,activation,1072,1.0,v_fma_mix_f32,1999,1996,"v1: %1999:v[157] = v_fma_mix_f32 lo(0x3728ab28), |%1996:v[156]|, hi(0x3728ab28)"
g_fswin32,activation,1073,1.0,v_maxmin_f32,2025,18430,"v1: (InfPreserve)%2025:v[162] = v_maxmin_f32 -4.0, %18430:v[114], 4.0"
g_fswin32,activation,1074,0.5,v_dual_fmaak_f32,1983,"1981,1978","v1: %1983:v[153] = v_dual_fmaak_f32 %1981:v[153], %1978:v[152], 0x3f650000"
g_fswin32,activation,1074,0.5,v_dual_fmaak_f32,1975,"1970,1973","v1: %1975:v[150] = v_dual_fmaak_f32 %1970:v[150], %1973:v[151], 0x3f650000"
g_fswin32,activation,1075,0.5,v_dual_mul_f32,1948,"18421,1947","v1: %1948:v[105] = v_dual_mul_f32 %18421:v[105], %1947:v[145]"
g_fswin32,activation,1075,0.5,v_dual_mul_f32,1940,"18420,1939","v1: %1940:v[104] = v_dual_mul_f32 %18420:v[104], %1939:v[142]"
g_fswin32,activation,1076,1.0,v_maxmin_f32,2033,18431,"v1: (InfPreserve)%2033:v[164] = v_maxmin_f32 -4.0, %18431:v[115], 4.0"
g_fswin32,activation,1077,1.0,v_fma_mix_f32,2010,2007,"v1: %2010:v[159] = v_fma_mix_f32 lo(0x3728ab28), |%2007:v[158]|, hi(0x3728ab28)"
g_fswin32,activation,1078,0.5,v_dual_mul_f32,1966,"18423,1965","v1: %1966:v[107] = v_dual_mul_f32 %18423:v[107], %1965:v[149]"
g_fswin32,activation,1078,0.5,v_dual_mul_f32,1958,"18422,1957","v1: %1958:v[106] = v_dual_mul_f32 %18422:v[106], %1957:v[146]"
g_fswin32,activation,1079,1.0,v_fma_mix_f32,2018,2015,"v1: %2018:v[161] = v_fma_mix_f32 lo(0x3728ab28), |%2015:v[160]|, hi(0x3728ab28)"
g_fswin32,activation,1080,0.5,v_dual_fmaak_f32,2001,"1999,1996","v1: %2001:v[157] = v_dual_fmaak_f32 %1999:v[157], %1996:v[156], 0x3f650000"
g_fswin32,activation,1080,0.5,v_dual_fmaak_f32,1993,"1988,1991","v1: %1993:v[154] = v_dual_fmaak_f32 %1988:v[154], %1991:v[155], 0x3f650000"
g_fswin32,activation,1081,1.0,v_maxmin_f32,2043,18432,"v1: (InfPreserve)%2043:v[166] = v_maxmin_f32 -4.0, %18432:v[116], 4.0"
g_fswin32,activation,1082,1.0,v_fma_mix_f32,2028,2025,"v1: %2028:v[163] = v_fma_mix_f32 lo(0x3728ab28), |%2025:v[162]|, hi(0x3728ab28)"
g_fswin32,activation,1083,0.5,v_dual_mul_f32,1984,"18425,1983","v1: %1984:v[109] = v_dual_mul_f32 %18425:v[109], %1983:v[153]"
g_fswin32,activation,1083,0.5,v_dual_mul_f32,1976,"18424,1975","v1: %1976:v[108] = v_dual_mul_f32 %18424:v[108], %1975:v[150]"
g_fswin32,activation,1084,1.0,v_maxmin_f32,2051,18433,"v1: (InfPreserve)%2051:v[168] = v_maxmin_f32 -4.0, %18433:v[117], 4.0"
g_fswin32,activation,1085,1.0,v_cvt_pk_fp8_f32,1950,"1940,1948","v2b: (InfNaNPreserve)%1950:v[46][0:16] = v_cvt_pk_fp8_f32 %1940:v[104], %1948:v[105]"
g_fswin32,activation,1086,1.0,v_fma_mix_f32,2036,2033,"v1: %2036:v[165] = v_fma_mix_f32 lo(0x3728ab28), |%2033:v[164]|, hi(0x3728ab28)"
g_fswin32,activation,1087,1.0,v_cvt_pk_fp8_f32,1968,"1958,1966","v2b: (InfNaNPreserve)%1968:v[46][16:32] = v_cvt_pk_fp8_f32 %1958:v[106], %1966:v[107] opsel_hi"
g_fswin32,activation,1088,1.0,v_maxmin_f32,2061,18434,"v1: (InfPreserve)%2061:v[170] = v_maxmin_f32 -4.0, %18434:v[118], 4.0"
g_fswin32,activation,1089,0.5,v_dual_fmaak_f32,2020,"2018,2015","v1: %2020:v[161] = v_dual_fmaak_f32 %2018:v[161], %2015:v[160], 0x3f650000"
g_fswin32,activation,1089,0.5,v_dual_fmaak_f32,2012,"2007,2010","v1: %2012:v[158] = v_dual_fmaak_f32 %2007:v[158], %2010:v[159], 0x3f650000"
g_fswin32,activation,1090,0.5,v_dual_mul_f32,2002,"18427,2001","v1: %2002:v[111] = v_dual_mul_f32 %18427:v[111], %2001:v[157]"
g_fswin32,activation,1090,0.5,v_dual_mul_f32,1994,"18426,1993","v1: %1994:v[110] = v_dual_mul_f32 %18426:v[110], %1993:v[154]"
g_fswin32,activation,1091,1.0,v_maxmin_f32,2069,18435,"v1: (InfPreserve)%2069:v[172] = v_maxmin_f32 -4.0, %18435:v[119], 4.0"
g_fswin32,activation,1092,1.0,v_fma_mix_f32,2046,2043,"v1: %2046:v[167] = v_fma_mix_f32 lo(0x3728ab28), |%2043:v[166]|, hi(0x3728ab28)"
g_fswin32,activation,1093,1.0,v_cvt_pk_fp8_f32,1986,"1976,1984","v2b: (InfNaNPreserve)%1986:v[47][0:16] = v_cvt_pk_fp8_f32 %1976:v[108], %1984:v[109]"
g_fswin32,activation,1094,1.0,v_fma_mix_f32,2054,2051,"v1: %2054:v[169] = v_fma_mix_f32 lo(0x3728ab28), |%2051:v[168]|, hi(0x3728ab28)"
g_fswin32,activation,1095,1.0,v_maxmin_f32,2080,18436,"v1: (InfPreserve)%2080:v[174] = v_maxmin_f32 -4.0, %18436:v[120], 4.0"
g_fswin32,activation,1096,0.5,v_dual_fmaak_f32,2038,"2036,2033","v1: %2038:v[165] = v_dual_fmaak_f32 %2036:v[165], %2033:v[164], 0x3f650000"
g_fswin32,activation,1096,0.5,v_dual_fmaak_f32,2030,"2025,2028","v1: %2030:v[162] = v_dual_fmaak_f32 %2025:v[162], %2028:v[163], 0x3f650000"
g_fswin32,activation,1097,1.0,v_fma_mix_f32,2064,2061,"v1: %2064:v[171] = v_fma_mix_f32 lo(0x3728ab28), |%2061:v[170]|, hi(0x3728ab28)"
g_fswin32,activation,1098,1.0,v_maxmin_f32,2088,18437,"v1: (InfPreserve)%2088:v[176] = v_maxmin_f32 -4.0, %18437:v[121], 4.0"
g_fswin32,activation,1099,0.5,v_dual_mul_f32,2021,"18429,2020","v1: %2021:v[113] = v_dual_mul_f32 %18429:v[113], %2020:v[161]"
g_fswin32,activation,1099,0.5,v_dual_mul_f32,2013,"18428,2012","v1: %2013:v[112] = v_dual_mul_f32 %18428:v[112], %2012:v[158]"
g_fswin32,activation,1100,1.0,v_cvt_pk_fp8_f32,2004,"1994,2002","v2b: (InfNaNPreserve)%2004:v[47][16:32] = v_cvt_pk_fp8_f32 %1994:v[110], %2002:v[111] opsel_hi"
g_fswin32,activation,1101,1.0,v_fma_mix_f32,2072,2069,"v1: %2072:v[173] = v_fma_mix_f32 lo(0x3728ab28), |%2069:v[172]|, hi(0x3728ab28)"
g_fswin32,activation,1102,1.0,v_maxmin_f32,2098,18438,"v1: (InfPreserve)%2098:v[178] = v_maxmin_f32 -4.0, %18438:v[122], 4.0"
g_fswin32,activation,1103,0.5,v_dual_fmaak_f32,2056,"2054,2051","v1: %2056:v[169] = v_dual_fmaak_f32 %2054:v[169], %2051:v[168], 0x3f650000"
g_fswin32,activation,1103,0.5,v_dual_fmaak_f32,2048,"2043,2046","v1: %2048:v[166] = v_dual_fmaak_f32 %2043:v[166], %2046:v[167], 0x3f650000"
g_fswin32,activation,1104,1.0,v_fma_mix_f32,2083,2080,"v1: %2083:v[175] = v_fma_mix_f32 lo(0x3728ab28), |%2080:v[174]|, hi(0x3728ab28)"
g_fswin32,activation,1105,1.0,v_maxmin_f32,2106,18439,"v1: (InfPreserve)%2106:v[180] = v_maxmin_f32 -4.0, %18439:v[123], 4.0"
g_fswin32,activation,1106,0.5,v_dual_mul_f32,2039,"18431,2038","v1: %2039:v[115] = v_dual_mul_f32 %18431:v[115], %2038:v[165]"
g_fswin32,activation,1106,0.5,v_dual_mul_f32,2031,"18430,2030","v1: %2031:v[114] = v_dual_mul_f32 %18430:v[114], %2030:v[162]"
g_fswin32,activation,1107,1.0,v_fma_mix_f32,2091,2088,"v1: %2091:v[177] = v_fma_mix_f32 lo(0x3728ab28), |%2088:v[176]|, hi(0x3728ab28)"
g_fswin32,activation,1108,1.0,v_cvt_pk_fp8_f32,2023,"2013,2021","v2b: (InfNaNPreserve)%2023:v[86][0:16] = v_cvt_pk_fp8_f32 %2013:v[112], %2021:v[113]"
g_fswin32,activation,1109,1.0,v_maxmin_f32,2116,18440,"v1: (InfPreserve)%2116:v[182] = v_maxmin_f32 -4.0, %18440:v[124], 4.0"
g_fswin32,activation,1110,0.5,v_dual_fmaak_f32,2074,"2072,2069","v1: %2074:v[173] = v_dual_fmaak_f32 %2072:v[173], %2069:v[172], 0x3f650000"
g_fswin32,activation,1110,0.5,v_dual_fmaak_f32,2066,"2061,2064","v1: %2066:v[170] = v_dual_fmaak_f32 %2061:v[170], %2064:v[171], 0x3f650000"
g_fswin32,activation,1111,1.0,v_maxmin_f32,2124,18441,"v1: (InfPreserve)%2124:v[184] = v_maxmin_f32 -4.0, %18441:v[125], 4.0"
g_fswin32,activation,1112,1.0,v_fma_mix_f32,2101,2098,"v1: %2101:v[179] = v_fma_mix_f32 lo(0x3728ab28), |%2098:v[178]|, hi(0x3728ab28)"
g_fswin32,activation,1113,0.5,v_dual_mul_f32,2057,"18433,2056","v1: %2057:v[117] = v_dual_mul_f32 %18433:v[117], %2056:v[169]"
g_fswin32,activation,1113,0.5,v_dual_mul_f32,2049,"18432,2048","v1: %2049:v[116] = v_dual_mul_f32 %18432:v[116], %2048:v[166]"
g_fswin32,activation,1114,1.0,v_fma_mix_f32,2109,2106,"v1: %2109:v[181] = v_fma_mix_f32 lo(0x3728ab28), |%2106:v[180]|, hi(0x3728ab28)"
g_fswin32,activation,1115,1.0,v_cvt_pk_fp8_f32,2041,"2031,2039","v2b: (InfNaNPreserve)%2041:v[86][16:32] = v_cvt_pk_fp8_f32 %2031:v[114], %2039:v[115] opsel_hi"
g_fswin32,activation,1116,0.5,v_dual_fmaak_f32,2093,"2091,2088","v1: %2093:v[177] = v_dual_fmaak_f32 %2091:v[177], %2088:v[176], 0x3f650000"
g_fswin32,activation,1116,0.5,v_dual_fmaak_f32,2085,"2080,2083","v1: %2085:v[174] = v_dual_fmaak_f32 %2080:v[174], %2083:v[175], 0x3f650000"
g_fswin32,activation,1117,1.0,v_maxmin_f32,2134,18442,"v1: (InfPreserve)%2134:v[186] = v_maxmin_f32 -4.0, %18442:v[126], 4.0"
g_fswin32,activation,1118,1.0,v_maxmin_f32,2142,18443,"v1: (InfPreserve)%2142:v[188] = v_maxmin_f32 -4.0, %18443:v[127], 4.0"
g_fswin32,activation,1119,1.0,v_fma_mix_f32,2119,2116,"v1: %2119:v[183] = v_fma_mix_f32 lo(0x3728ab28), |%2116:v[182]|, hi(0x3728ab28)"
g_fswin32,activation,1120,0.5,v_dual_mul_f32,2075,"18435,2074","v1: %2075:v[119] = v_dual_mul_f32 %18435:v[119], %2074:v[173]"
g_fswin32,activation,1120,0.5,v_dual_mul_f32,2067,"18434,2066","v1: %2067:v[118] = v_dual_mul_f32 %18434:v[118], %2066:v[170]"
g_fswin32,activation,1121,1.0,v_fma_mix_f32,2127,2124,"v1: %2127:v[185] = v_fma_mix_f32 lo(0x3728ab28), |%2124:v[184]|, hi(0x3728ab28)"
g_fswin32,activation,1122,1.0,v_cvt_pk_fp8_f32,2059,"2049,2057","v2b: (InfNaNPreserve)%2059:v[87][0:16] = v_cvt_pk_fp8_f32 %2049:v[116], %2057:v[117]"
g_fswin32,activation,1123,0.5,v_dual_fmaak_f32,2111,"2109,2106","v1: %2111:v[181] = v_dual_fmaak_f32 %2109:v[181], %2106:v[180], 0x3f650000"
g_fswin32,activation,1123,0.5,v_dual_fmaak_f32,2103,"2098,2101","v1: %2103:v[178] = v_dual_fmaak_f32 %2098:v[178], %2101:v[179], 0x3f650000"
g_fswin32,activation,1124,0.5,v_dual_mul_f32,2094,"18437,2093","v1: %2094:v[121] = v_dual_mul_f32 %18437:v[121], %2093:v[177]"
g_fswin32,activation,1124,0.5,v_dual_mul_f32,2086,"18436,2085","v1: %2086:v[120] = v_dual_mul_f32 %18436:v[120], %2085:v[174]"
g_fswin32,activation,1125,1.0,v_fma_mix_f32,2137,2134,"v1: %2137:v[187] = v_fma_mix_f32 lo(0x3728ab28), |%2134:v[186]|, hi(0x3728ab28)"
g_fswin32,activation,1126,1.0,v_fma_mix_f32,2145,2142,"v1: %2145:v[189] = v_fma_mix_f32 lo(0x3728ab28), |%2142:v[188]|, hi(0x3728ab28)"
g_fswin32,activation,1127,1.0,v_cvt_pk_fp8_f32,2077,"2067,2075","v2b: (InfNaNPreserve)%2077:v[87][16:32] = v_cvt_pk_fp8_f32 %2067:v[118], %2075:v[119] opsel_hi"
g_fswin32,activation,1128,0.5,v_dual_fmaak_f32,2129,"2127,2124","v1: %2129:v[185] = v_dual_fmaak_f32 %2127:v[185], %2124:v[184], 0x3f650000"
g_fswin32,activation,1128,0.5,v_dual_fmaak_f32,2121,"2116,2119","v1: %2121:v[182] = v_dual_fmaak_f32 %2116:v[182], %2119:v[183], 0x3f650000"
g_fswin32,activation,1129,0.5,v_dual_mul_f32,2112,"18439,2111","v1: %2112:v[123] = v_dual_mul_f32 %18439:v[123], %2111:v[181]"
g_fswin32,activation,1129,0.5,v_dual_mul_f32,2104,"18438,2103","v1: %2104:v[122] = v_dual_mul_f32 %18438:v[122], %2103:v[178]"
g_fswin32,activation,1130,1.0,v_cvt_pk_fp8_f32,2096,"2086,2094","v2b: (InfNaNPreserve)%2096:v[92][0:16] = v_cvt_pk_fp8_f32 %2086:v[120], %2094:v[121]"
g_fswin32,activation,1131,0.5,v_dual_fmaak_f32,2147,"2145,2142","v1: %2147:v[189] = v_dual_fmaak_f32 %2145:v[189], %2142:v[188], 0x3f650000"
g_fswin32,activation,1131,0.5,v_dual_fmaak_f32,2139,"2134,2137","v1: %2139:v[186] = v_dual_fmaak_f32 %2134:v[186], %2137:v[187], 0x3f650000"
g_fswin32,activation,1133,0.5,v_dual_mul_f32,2130,"18441,2129","v1: %2130:v[125] = v_dual_mul_f32 %18441:v[125], %2129:v[185]"
g_fswin32,activation,1133,0.5,v_dual_mul_f32,2122,"18440,2121","v1: %2122:v[124] = v_dual_mul_f32 %18440:v[124], %2121:v[182]"
g_fswin32,activation,1134,1.0,v_cvt_pk_fp8_f32,2114,"2104,2112","v2b: (InfNaNPreserve)%2114:v[92][16:32] = v_cvt_pk_fp8_f32 %2104:v[122], %2112:v[123] opsel_hi"
g_fswin32,activation,1135,1.0,v_cvt_pk_fp8_f32,2132,"2122,2130","v2b: (InfNaNPreserve)%2132:v[93][0:16] = v_cvt_pk_fp8_f32 %2122:v[124], %2130:v[125]"
g_fswin32,activation,1144,1.0,v_maxmin_f32,2173,18544,"v1: (InfPreserve)%2173:v[190] = v_maxmin_f32 -4.0, %18544:v[96], 4.0"
g_fswin32,activation,1146,1.0,v_fma_mix_f32,2176,2173,"v1: %2176:v[191] = v_fma_mix_f32 lo(0x3728ab28), |%2173:v[190]|, hi(0x3728ab28)"
g_fswin32,activation,1147,0.5,v_dual_mul_f32,2148,"18443,2147","v1: %2148:v[127] = v_dual_mul_f32 %18443:v[127], %2147:v[189]"
g_fswin32,activation,1147,0.5,v_dual_fmaak_f32,2178,"2173,2176","v1: %2178:v[190] = v_dual_fmaak_f32 %2173:v[190], %2176:v[191], 0x3f650000"
g_fswin32,activation,1148,1.0,v_maxmin_f32,2181,18545,"v1: (InfPreserve)%2181:v[191] = v_maxmin_f32 -4.0, %18545:v[97], 4.0"
g_fswin32,activation,1149,1.0,v_maxmin_f32,2209,18548,"v1: (InfPreserve)%2209:v[95] = v_maxmin_f32 -4.0, %18548:v[100], 4.0"
g_fswin32,activation,1151,1.0,v_fma_mix_f32,2184,2181,"v1: %2184:v[21] = v_fma_mix_f32 lo(0x3728ab28), |%2181:v[191]|, hi(0x3728ab28)"
g_fswin32,activation,1152,0.5,v_dual_fmaak_f32,2186,"2184,2181","v1: %2186:v[21] = v_dual_fmaak_f32 %2184:v[21], %2181:v[191], 0x3f650000"
g_fswin32,activation,1152,0.5,v_dual_mul_f32,2140,"18442,2139","v1: %2140:v[126] = v_dual_mul_f32 %18442:v[126], %2139:v[186]"
g_fswin32,activation,1154,0.5,v_dual_mul_f32,2187,"18545,2186","v1: %2187:v[97] = v_dual_mul_f32 %18545:v[97], %2186:v[21]"
g_fswin32,activation,1154,0.5,v_dual_mul_f32,2179,"18544,2178","v1: %2179:v[96] = v_dual_mul_f32 %18544:v[96], %2178:v[190]"
g_fswin32,activation,1155,1.0,v_cvt_pk_fp8_f32,2150,"2140,2148","v2b: (InfNaNPreserve)%2150:v[93][16:32] = v_cvt_pk_fp8_f32 %2140:v[126], %2148:v[127] opsel_hi"
g_fswin32,activation,1157,1.0,v_maxmin_f32,2191,18546,"v1: (InfPreserve)%2191:v[81] = v_maxmin_f32 -4.0, %18546:v[98], 4.0"
g_fswin32,activation,1158,1.0,v_cvt_pk_fp8_f32,2189,"2179,2187","v2b: (InfNaNPreserve)%2189:v[80][0:16] = v_cvt_pk_fp8_f32 %2179:v[96], %2187:v[97]"
g_fswin32,activation,1159,1.0,v_maxmin_f32,2217,18549,"v1: (InfPreserve)%2217:v[97] = v_maxmin_f32 -4.0, %18549:v[101], 4.0"
g_fswin32,activation,1160,1.0,v_fma_mix_f32,2212,2209,"v1: %2212:v[96] = v_fma_mix_f32 lo(0x3728ab28), |%2209:v[95]|, hi(0x3728ab28)"
g_fswin32,activation,1162,1.0,v_maxmin_f32,2199,18547,"v1: (InfPreserve)%2199:v[89] = v_maxmin_f32 -4.0, %18547:v[99], 4.0"
g_fswin32,activation,1163,1.0,v_fma_mix_f32,2194,2191,"v1: %2194:v[88] = v_fma_mix_f32 lo(0x3728ab28), |%2191:v[81]|, hi(0x3728ab28)"
g_fswin32,activation,1164,1.0,v_maxmin_f32,2246,18552,"v1: (InfPreserve)%2246:v[129] = v_maxmin_f32 -4.0, %18552:v[104], 4.0"
g_fswin32,activation,1166,1.0,v_fma_mix_f32,2202,2199,"v1: %2202:v[94] = v_fma_mix_f32 lo(0x3728ab28), |%2199:v[89]|, hi(0x3728ab28)"
g_fswin32,activation,1167,1.0,v_fma_mix_f32,2249,2246,"v1: %2249:v[130] = v_fma_mix_f32 lo(0x3728ab28), |%2246:v[129]|, hi(0x3728ab28)"
g_fswin32,activation,1168,1.0,v_maxmin_f32,2254,18553,"v1: (InfPreserve)%2254:v[131] = v_maxmin_f32 -4.0, %18553:v[105], 4.0"
g_fswin32,activation,1170,0.5,v_dual_fmaak_f32,2204,"2202,2199","v1: %2204:v[94] = v_dual_fmaak_f32 %2202:v[94], %2199:v[89], 0x3f650000"
g_fswin32,activation,1170,0.5,v_dual_fmaak_f32,2196,"2191,2194","v1: %2196:v[81] = v_dual_fmaak_f32 %2191:v[81], %2194:v[88], 0x3f650000"
g_fswin32,activation,1171,1.0,v_maxmin_f32,2264,18554,"v1: (InfPreserve)%2264:v[133] = v_maxmin_f32 -4.0, %18554:v[106], 4.0"
g_fswin32,activation,1172,1.0,v_fma_mix_f32,2257,2254,"v1: %2257:v[132] = v_fma_mix_f32 lo(0x3728ab28), |%2254:v[131]|, hi(0x3728ab28)"
g_fswin32,activation,1174,0.5,v_dual_mul_f32,2205,"18547,2204","v1: %2205:v[99] = v_dual_mul_f32 %18547:v[99], %2204:v[94]"
g_fswin32,activation,1174,0.5,v_dual_mul_f32,2197,"18546,2196","v1: %2197:v[98] = v_dual_mul_f32 %18546:v[98], %2196:v[81]"
g_fswin32,activation,1175,1.0,v_fma_mix_f32,2267,2264,"v1: %2267:v[134] = v_fma_mix_f32 lo(0x3728ab28), |%2264:v[133]|, hi(0x3728ab28)"
g_fswin32,activation,1176,1.0,v_cvt_pk_fp8_f32,2207,"2197,2205","v2b: (InfNaNPreserve)%2207:v[80][16:32] = v_cvt_pk_fp8_f32 %2197:v[98], %2205:v[99] opsel_hi"
g_fswin32,activation,1177,1.0,v_maxmin_f32,2227,18550,"v1: (InfPreserve)%2227:v[99] = v_maxmin_f32 -4.0, %18550:v[102], 4.0"
g_fswin32,activation,1178,1.0,v_fma_mix_f32,2220,2217,"v1: %2220:v[98] = v_fma_mix_f32 lo(0x3728ab28), |%2217:v[97]|, hi(0x3728ab28)"
g_fswin32,activation,1179,1.0,v_maxmin_f32,2272,18555,"v1: (InfPreserve)%2272:v[135] = v_maxmin_f32 -4.0, %18555:v[107], 4.0"
g_fswin32,activation,1180,0.5,v_dual_fmaak_f32,2259,"2257,2254","v1: %2259:v[132] = v_dual_fmaak_f32 %2257:v[132], %2254:v[131], 0x3f650000"
g_fswin32,activation,1180,0.5,v_dual_fmaak_f32,2269,"2264,2267","v1: %2269:v[133] = v_dual_fmaak_f32 %2264:v[133], %2267:v[134], 0x3f650000"
g_fswin32,activation,1181,1.0,v_maxmin_f32,2282,18556,"v1: (InfPreserve)%2282:v[137] = v_maxmin_f32 -4.0, %18556:v[108], 4.0"
g_fswin32,activation,1183,0.5,v_dual_fmaak_f32,2222,"2220,2217","v1: %2222:v[98] = v_dual_fmaak_f32 %2220:v[98], %2217:v[97], 0x3f650000"
g_fswin32,activation,1183,0.5,v_dual_fmaak_f32,2214,"2209,2212","v1: %2214:v[95] = v_dual_fmaak_f32 %2209:v[95], %2212:v[96], 0x3f650000"
g_fswin32,activation,1184,1.0,v_fma_mix_f32,2275,2272,"v1: %2275:v[136] = v_fma_mix_f32 lo(0x3728ab28), |%2272:v[135]|, hi(0x3728ab28)"
g_fswin32,activation,1185,1.0,v_maxmin_f32,2290,18557,"v1: (InfPreserve)%2290:v[139] = v_maxmin_f32 -4.0, %18557:v[109], 4.0"
g_fswin32,activation,1186,1.0,v_fma_mix_f32,2285,2282,"v1: %2285:v[138] = v_fma_mix_f32 lo(0x3728ab28), |%2282:v[137]|, hi(0x3728ab28)"
g_fswin32,activation,1187,1.0,v_maxmin_f32,2300,18558,"v1: (InfPreserve)%2300:v[141] = v_maxmin_f32 -4.0, %18558:v[110], 4.0"
g_fswin32,activation,1188,0.5,v_dual_mul_f32,2223,"18549,2222","v1: %2223:v[101] = v_dual_mul_f32 %18549:v[101], %2222:v[98]"
g_fswin32,activation,1188,0.5,v_dual_mul_f32,2215,"18548,2214","v1: %2215:v[100] = v_dual_mul_f32 %18548:v[100], %2214:v[95]"
g_fswin32,activation,1190,1.0,v_fma_mix_f32,2293,2290,"v1: %2293:v[140] = v_fma_mix_f32 lo(0x3728ab28), |%2290:v[139]|, hi(0x3728ab28)"
g_fswin32,activation,1191,0.5,v_dual_fmaak_f32,2277,"2275,2272","v1: %2277:v[136] = v_dual_fmaak_f32 %2275:v[136], %2272:v[135], 0x3f650000"
g_fswin32,activation,1191,0.5,v_dual_fmaak_f32,2287,"2282,2285","v1: %2287:v[137] = v_dual_fmaak_f32 %2282:v[137], %2285:v[138], 0x3f650000"
g_fswin32,activation,1192,1.0,v_fma_mix_f32,2303,2300,"v1: %2303:v[142] = v_fma_mix_f32 lo(0x3728ab28), |%2300:v[141]|, hi(0x3728ab28)"
g_fswin32,activation,1193,1.0,v_maxmin_f32,2308,18559,"v1: (InfPreserve)%2308:v[143] = v_maxmin_f32 -4.0, %18559:v[111], 4.0"
g_fswin32,activation,1194,1.0,v_cvt_pk_fp8_f32,2225,"2215,2223","v2b: (InfNaNPreserve)%2225:v[81][0:16] = v_cvt_pk_fp8_f32 %2215:v[100], %2223:v[101]"
g_fswin32,activation,1195,1.0,v_maxmin_f32,2235,18551,"v1: (InfPreserve)%2235:v[101] = v_maxmin_f32 -4.0, %18551:v[103], 4.0"
g_fswin32,activation,1196,1.0,v_fma_mix_f32,2230,2227,"v1: %2230:v[100] = v_fma_mix_f32 lo(0x3728ab28), |%2227:v[99]|, hi(0x3728ab28)"
g_fswin32,activation,1197,1.0,v_maxmin_f32,2319,18560,"v1: (InfPreserve)%2319:v[145] = v_maxmin_f32 -4.0, %18560:v[112], 4.0"
g_fswin32,activation,1198,0.5,v_dual_mul_f32,2288,"18556,2287","v1: %2288:v[108] = v_dual_mul_f32 %18556:v[108], %2287:v[137]"
g_fswin32,activation,1198,0.5,v_dual_mul_f32,2260,"18553,2259","v1: %2260:v[105] = v_dual_mul_f32 %18553:v[105], %2259:v[132]"
g_fswin32,activation,1199,0.5,v_dual_fmaak_f32,2295,"2293,2290","v1: %2295:v[140] = v_dual_fmaak_f32 %2293:v[140], %2290:v[139], 0x3f650000"
g_fswin32,activation,1199,0.5,v_dual_fmaak_f32,2305,"2300,2303","v1: %2305:v[141] = v_dual_fmaak_f32 %2300:v[141], %2303:v[142], 0x3f650000"
g_fswin32,activation,1200,1.0,v_fma_mix_f32,2311,2308,"v1: %2311:v[144] = v_fma_mix_f32 lo(0x3728ab28), |%2308:v[143]|, hi(0x3728ab28)"
g_fswin32,activation,1201,1.0,v_maxmin_f32,2327,18561,"v1: (InfPreserve)%2327:v[147] = v_maxmin_f32 -4.0, %18561:v[113], 4.0"
g_fswin32,activation,1202,1.0,v_fma_mix_f32,2238,2235,"v1: %2238:v[128] = v_fma_mix_f32 lo(0x3728ab28), |%2235:v[101]|, hi(0x3728ab28)"
g_fswin32,activation,1203,1.0,v_fmaak_f32,2232,"2227,2230","v1: %2232:v[99] = v_fmaak_f32 %2227:v[99], %2230:v[100], 0x3f650000"
g_fswin32,activation,1204,1.0,v_maxmin_f32,2337,18562,"v1: (InfPreserve)%2337:v[149] = v_maxmin_f32 -4.0, %18562:v[114], 4.0"
g_fswin32,activation,1205,1.0,v_fma_mix_f32,2322,2319,"v1: %2322:v[146] = v_fma_mix_f32 lo(0x3728ab28), |%2319:v[145]|, hi(0x3728ab28)"
g_fswin32,activation,1206,0.5,v_dual_mul_f32,2306,"18558,2305","v1: %2306:v[110] = v_dual_mul_f32 %18558:v[110], %2305:v[141]"
g_fswin32,activation,1206,0.5,v_dual_mul_f32,2278,"18555,2277","v1: %2278:v[107] = v_dual_mul_f32 %18555:v[107], %2277:v[136]"
g_fswin32,activation,1207,1.0,v_maxmin_f32,2345,18563,"v1: (InfPreserve)%2345:v[151] = v_maxmin_f32 -4.0, %18563:v[115], 4.0"
g_fswin32,activation,1208,1.0,v_fma_mix_f32,2330,2327,"v1: %2330:v[148] = v_fma_mix_f32 lo(0x3728ab28), |%2327:v[147]|, hi(0x3728ab28)"
g_fswin32,activation,1209,0.5,v_dual_fmaak_f32,2240,"2238,2235","v1: %2240:v[128] = v_dual_fmaak_f32 %2238:v[128], %2235:v[101], 0x3f650000"
g_fswin32,activation,1209,0.5,v_dual_fmaak_f32,2251,"2246,2249","v1: %2251:v[129] = v_dual_fmaak_f32 %2246:v[129], %2249:v[130], 0x3f650000"
g_fswin32,activation,1210,1.0,v_maxmin_f32,2355,18564,"v1: (InfPreserve)%2355:v[153] = v_maxmin_f32 -4.0, %18564:v[116], 4.0"
g_fswin32,activation,1211,1.0,v_mul_f32,2233,"18550,2232","v1: %2233:v[102] = v_mul_f32 %18550:v[102], %2232:v[99]"
g_fswin32,activation,1212,1.0,v_fma_mix_f32,2340,2337,"v1: %2340:v[150] = v_fma_mix_f32 lo(0x3728ab28), |%2337:v[149]|, hi(0x3728ab28)"
g_fswin32,activation,1213,0.5,v_dual_fmaak_f32,2313,"2311,2308","v1: %2313:v[144] = v_dual_fmaak_f32 %2311:v[144], %2308:v[143], 0x3f650000"
g_fswin32,activation,1213,0.5,v_dual_fmaak_f32,2324,"2319,2322","v1: %2324:v[145] = v_dual_fmaak_f32 %2319:v[145], %2322:v[146], 0x3f650000"
g_fswin32,activation,1214,1.0,v_fma_mix_f32,2348,2345,"v1: %2348:v[152] = v_fma_mix_f32 lo(0x3728ab28), |%2345:v[151]|, hi(0x3728ab28)"
g_fswin32,activation,1215,1.0,v_maxmin_f32,2363,18565,"v1: (InfPreserve)%2363:v[155] = v_maxmin_f32 -4.0, %18565:v[117], 4.0"
g_fswin32,activation,1216,0.5,v_dual_mul_f32,2270,"18554,2269","v1: %2270:v[106] = v_dual_mul_f32 %18554:v[106], %2269:v[133]"
g_fswin32,activation,1216,0.5,v_dual_mul_f32,2241,"18551,2240","v1: %2241:v[103] = v_dual_mul_f32 %18551:v[103], %2240:v[128]"
g_fswin32,activation,1217,1.0,v_mul_f32,2252,"18552,2251","v1: %2252:v[104] = v_mul_f32 %18552:v[104], %2251:v[129]"
g_fswin32,activation,1218,1.0,v_maxmin_f32,2373,18566,"v1: (InfPreserve)%2373:v[157] = v_maxmin_f32 -4.0, %18566:v[118], 4.0"
g_fswin32,activation,1219,1.0,v_fma_mix_f32,2358,2355,"v1: %2358:v[154] = v_fma_mix_f32 lo(0x3728ab28), |%2355:v[153]|, hi(0x3728ab28)"
g_fswin32,activation,1220,0.5,v_dual_fmaak_f32,2332,"2330,2327","v1: %2332:v[148] = v_dual_fmaak_f32 %2330:v[148], %2327:v[147], 0x3f650000"
g_fswin32,activation,1220,0.5,v_dual_fmaak_f32,2342,"2337,2340","v1: %2342:v[149] = v_dual_fmaak_f32 %2337:v[149], %2340:v[150], 0x3f650000"
g_fswin32,activation,1221,0.5,v_dual_mul_f32,2325,"18560,2324","v1: %2325:v[112] = v_dual_mul_f32 %18560:v[112], %2324:v[145]"
g_fswin32,activation,1221,0.5,v_dual_mul_f32,2296,"18557,2295","v1: %2296:v[109] = v_dual_mul_f32 %18557:v[109], %2295:v[140]"
g_fswin32,activation,1222,1.0,v_fma_mix_f32,2366,2363,"v1: %2366:v[156] = v_fma_mix_f32 lo(0x3728ab28), |%2363:v[155]|, hi(0x3728ab28)"
g_fswin32,activation,1223,1.0,v_maxmin_f32,2381,18567,"v1: (InfPreserve)%2381:v[159] = v_maxmin_f32 -4.0, %18567:v[119], 4.0"
g_fswin32,activation,1224,1.0,v_cvt_pk_fp8_f32,2243,"2233,2241","v2b: (InfNaNPreserve)%2243:v[81][16:32] = v_cvt_pk_fp8_f32 %2233:v[102], %2241:v[103] opsel_hi"
g_fswin32,activation,1225,1.0,v_maxmin_f32,2392,18568,"v1: (InfPreserve)%2392:v[161] = v_maxmin_f32 -4.0, %18568:v[120], 4.0"
g_fswin32,activation,1226,1.0,v_cvt_pk_fp8_f32,2262,"2252,2260","v2b: (InfNaNPreserve)%2262:v[88][0:16] = v_cvt_pk_fp8_f32 %2252:v[104], %2260:v[105]"
g_fswin32,activation,1227,1.0,v_cvt_pk_fp8_f32,2280,"2270,2278","v2b: (InfNaNPreserve)%2280:v[88][16:32] = v_cvt_pk_fp8_f32 %2270:v[106], %2278:v[107] opsel_hi"
g_fswin32,activation,1228,1.0,v_fma_mix_f32,2376,2373,"v1: %2376:v[158] = v_fma_mix_f32 lo(0x3728ab28), |%2373:v[157]|, hi(0x3728ab28)"
g_fswin32,activation,1229,0.5,v_dual_fmaak_f32,2350,"2348,2345","v1: %2350:v[152] = v_dual_fmaak_f32 %2348:v[152], %2345:v[151], 0x3f650000"
g_fswin32,activation,1229,0.5,v_dual_fmaak_f32,2360,"2355,2358","v1: %2360:v[153] = v_dual_fmaak_f32 %2355:v[153], %2358:v[154], 0x3f650000"
g_fswin32,activation,1230,0.5,v_dual_mul_f32,2343,"18562,2342","v1: %2343:v[114] = v_dual_mul_f32 %18562:v[114], %2342:v[149]"
g_fswin32,activation,1230,0.5,v_dual_mul_f32,2314,"18559,2313","v1: %2314:v[111] = v_dual_mul_f32 %18559:v[111], %2313:v[144]"
g_fswin32,activation,1231,1.0,v_cvt_pk_fp8_f32,2298,"2288,2296","v2b: (InfNaNPreserve)%2298:v[89][0:16] = v_cvt_pk_fp8_f32 %2288:v[108], %2296:v[109]"
g_fswin32,activation,1232,1.0,v_maxmin_f32,2400,18569,"v1: (InfPreserve)%2400:v[163] = v_maxmin_f32 -4.0, %18569:v[121], 4.0"
g_fswin32,activation,1233,1.0,v_fma_mix_f32,2384,2381,"v1: %2384:v[160] = v_fma_mix_f32 lo(0x3728ab28), |%2381:v[159]|, hi(0x3728ab28)"
g_fswin32,activation,1234,1.0,v_fma_mix_f32,2395,2392,"v1: %2395:v[162] = v_fma_mix_f32 lo(0x3728ab28), |%2392:v[161]|, hi(0x3728ab28)"
g_fswin32,activation,1237,0.5,v_dual_fmaak_f32,2386,"2384,2381","v1: %2386:v[160] = v_dual_fmaak_f32 %2384:v[160], %2381:v[159], 0x3f650000"
g_fswin32,activation,1237,0.5,v_dual_fmaak_f32,2397,"2392,2395","v1: %2397:v[161] = v_dual_fmaak_f32 %2392:v[161], %2395:v[162], 0x3f650000"
g_fswin32,activation,1238,0.5,v_dual_mul_f32,2387,"2386,18567","v1: %2387:v[119] = v_dual_mul_f32 %2386:v[160], %18567:v[119]"
g_fswin32,activation,1242,0.5,v_dual_fmaak_f32,2368,"2366,2363","v1: %2368:v[156] = v_dual_fmaak_f32 %2366:v[156], %2363:v[155], 0x3f650000"
g_fswin32,activation,1242,0.5,v_dual_fmaak_f32,2378,"2373,2376","v1: %2378:v[157] = v_dual_fmaak_f32 %2373:v[157], %2376:v[158], 0x3f650000"
g_fswin32,activation,1243,0.5,v_dual_mul_f32,2361,"18564,2360","v1: %2361:v[116] = v_dual_mul_f32 %18564:v[116], %2360:v[153]"
g_fswin32,activation,1243,0.5,v_dual_mul_f32,2333,"18561,2332","v1: %2333:v[113] = v_dual_mul_f32 %18561:v[113], %2332:v[148]"
g_fswin32,activation,1244,1.0,v_cvt_pk_fp8_f32,2316,"2306,2314","v2b: (InfNaNPreserve)%2316:v[89][16:32] = v_cvt_pk_fp8_f32 %2306:v[110], %2314:v[111] opsel_hi"
g_fswin32,activation,1245,1.0,v_maxmin_f32,2410,18570,"v1: (InfPreserve)%2410:v[166] = v_maxmin_f32 -4.0, %18570:v[122], 4.0"
g_fswin32,activation,1247,1.0,v_fma_mix_f32,2403,2400,"v1: %2403:v[164] = v_fma_mix_f32 lo(0x3728ab28), |%2400:v[163]|, hi(0x3728ab28)"
g_fswin32,activation,1248,1.0,v_mul_f32,2398,"18568,2397","v1: %2398:v[120] = v_mul_f32 %18568:v[120], %2397:v[161]"
g_fswin32,activation,1249,1.0,v_maxmin_f32,2418,18571,"v1: (InfPreserve)%2418:v[168] = v_maxmin_f32 -4.0, %18571:v[123], 4.0"
g_fswin32,activation,1250,1.0,v_maxmin_f32,2428,18572,"v1: (InfPreserve)%2428:v[170] = v_maxmin_f32 -4.0, %18572:v[124], 4.0"
g_fswin32,activation,1251,0.5,v_dual_mul_f32,2379,"18566,2378","v1: %2379:v[118] = v_dual_mul_f32 %18566:v[118], %2378:v[157]"
g_fswin32,activation,1251,0.5,v_dual_mul_f32,2351,"18563,2350","v1: %2351:v[115] = v_dual_mul_f32 %18563:v[115], %2350:v[152]"
g_fswin32,activation,1252,1.0,v_cvt_pk_fp8_f32,2335,"2325,2333","v2b: (InfNaNPreserve)%2335:v[94][0:16] = v_cvt_pk_fp8_f32 %2325:v[112], %2333:v[113]"
g_fswin32,activation,1253,1.0,v_maxmin_f32,2436,18573,"v1: (InfPreserve)%2436:v[172] = v_maxmin_f32 -4.0, %18573:v[125], 4.0"
g_fswin32,activation,1254,1.0,v_fma_mix_f32,2413,2410,"v1: %2413:v[167] = v_fma_mix_f32 lo(0x3728ab28), |%2410:v[166]|, hi(0x3728ab28)"
g_fswin32,activation,1255,1.0,v_maxmin_f32,2446,18574,"v1: (InfPreserve)%2446:v[174] = v_maxmin_f32 -4.0, %18574:v[126], 4.0"
g_fswin32,activation,1256,0.5,v_dual_fmaak_f32,2405,"2403,2400","v1: %2405:v[164] = v_dual_fmaak_f32 %2403:v[164], %2400:v[163], 0x3f650000"
g_fswin32,activation,1256,0.5,v_dual_mul_f32,2369,"18565,2368","v1: %2369:v[117] = v_dual_mul_f32 %18565:v[117], %2368:v[156]"
g_fswin32,activation,1257,1.0,v_fma_mix_f32,2421,2418,"v1: %2421:v[169] = v_fma_mix_f32 lo(0x3728ab28), |%2418:v[168]|, hi(0x3728ab28)"
g_fswin32,activation,1258,1.0,v_fma_mix_f32,2431,2428,"v1: %2431:v[171] = v_fma_mix_f32 lo(0x3728ab28), |%2428:v[170]|, hi(0x3728ab28)"
g_fswin32,activation,1259,1.0,v_maxmin_f32,2454,18575,"v1: (InfPreserve)%2454:v[176] = v_maxmin_f32 -4.0, %18575:v[127], 4.0"
g_fswin32,activation,1260,1.0,v_cvt_pk_fp8_f32,2353,"2343,2351","v2b: (InfNaNPreserve)%2353:v[94][16:32] = v_cvt_pk_fp8_f32 %2343:v[114], %2351:v[115] opsel_hi"
g_fswin32,activation,1261,1.0,v_fma_mix_f32,2439,2436,"v1: %2439:v[173] = v_fma_mix_f32 lo(0x3728ab28), |%2436:v[172]|, hi(0x3728ab28)"
g_fswin32,activation,1262,1.0,v_fma_mix_f32,2449,2446,"v1: %2449:v[175] = v_fma_mix_f32 lo(0x3728ab28), |%2446:v[174]|, hi(0x3728ab28)"
g_fswin32,activation,1263,0.5,v_dual_fmaak_f32,2415,"2410,2413","v1: %2415:v[166] = v_dual_fmaak_f32 %2410:v[166], %2413:v[167], 0x3f650000"
g_fswin32,activation,1263,0.5,v_dual_mul_f32,2406,"18569,2405","v1: %2406:v[121] = v_dual_mul_f32 %18569:v[121], %2405:v[164]"
g_fswin32,activation,1264,1.0,v_cvt_pk_fp8_f32,2371,"2361,2369","v2b: (InfNaNPreserve)%2371:v[95][0:16] = v_cvt_pk_fp8_f32 %2361:v[116], %2369:v[117]"
g_fswin32,activation,1265,1.0,v_cvt_pk_fp8_f32,2389,"2379,2387","v2b: (InfNaNPreserve)%2389:v[95][16:32] = v_cvt_pk_fp8_f32 %2379:v[118], %2387:v[119] opsel_hi"
g_fswin32,activation,1267,1.0,v_fmaak_f32,2433,"2428,2431","v1: %2433:v[170] = v_fmaak_f32 %2428:v[170], %2431:v[171], 0x3f650000"
g_fswin32,activation,1268,1.0,v_fma_mix_f32,2457,2454,"v1: %2457:v[177] = v_fma_mix_f32 lo(0x3728ab28), |%2454:v[176]|, hi(0x3728ab28)"
g_fswin32,activation,1269,0.5,v_dual_fmaak_f32,2451,"2446,2449","v1: %2451:v[174] = v_dual_fmaak_f32 %2446:v[174], %2449:v[175], 0x3f650000"
g_fswin32,activation,1269,0.5,v_dual_fmaak_f32,2441,"2439,2436","v1: %2441:v[173] = v_dual_fmaak_f32 %2439:v[173], %2436:v[172], 0x3f650000"
g_fswin32,activation,1270,0.5,v_dual_fmaak_f32,2423,"2421,2418","v1: %2423:v[169] = v_dual_fmaak_f32 %2421:v[169], %2418:v[168], 0x3f650000"
g_fswin32,activation,1270,0.5,v_dual_mul_f32,2416,"18570,2415","v1: %2416:v[122] = v_dual_mul_f32 %18570:v[122], %2415:v[166]"
g_fswin32,activation,1271,1.0,v_cvt_pk_fp8_f32,2408,"2398,2406","v2b: (InfNaNPreserve)%2408:v[100][0:16] = v_cvt_pk_fp8_f32 %2398:v[120], %2406:v[121]"
g_fswin32,activation,1273,0.5,v_dual_mul_f32,2452,"18574,2451","v1: %2452:v[126] = v_dual_mul_f32 %18574:v[126], %2451:v[174]"
g_fswin32,activation,1273,0.5,v_dual_mul_f32,2442,"18573,2441","v1: %2442:v[125] = v_dual_mul_f32 %18573:v[125], %2441:v[173]"
g_fswin32,activation,1274,0.5,v_dual_mul_f32,2434,"18572,2433","v1: %2434:v[124] = v_dual_mul_f32 %18572:v[124], %2433:v[170]"
g_fswin32,activation,1274,0.5,v_dual_mul_f32,2424,"18571,2423","v1: %2424:v[123] = v_dual_mul_f32 %18571:v[123], %2423:v[169]"
g_fswin32,activation,1277,1.0,v_cvt_pk_fp8_f32,2426,"2416,2424","v2b: (InfNaNPreserve)%2426:v[100][16:32] = v_cvt_pk_fp8_f32 %2416:v[122], %2424:v[123] opsel_hi"
g_fswin32,activation,1278,1.0,v_cvt_pk_fp8_f32,2444,"2434,2442","v2b: (InfNaNPreserve)%2444:v[101][0:16] = v_cvt_pk_fp8_f32 %2434:v[124], %2442:v[125]"
g_fswin32,activation,1281,1.0,v_maxmin_f32,2505,18671,"v1: (InfPreserve)%2505:v[184] = v_maxmin_f32 -4.0, %18671:v[115], 4.0"
g_fswin32,activation,1282,1.0,v_maxmin_f32,2497,18670,"v1: (InfPreserve)%2497:v[182] = v_maxmin_f32 -4.0, %18670:v[114], 4.0"
g_fswin32,activation,1283,1.0,v_maxmin_f32,2487,18669,"v1: (InfPreserve)%2487:v[180] = v_maxmin_f32 -4.0, %18669:v[113], 4.0"
g_fswin32,activation,1284,1.0,v_maxmin_f32,2479,18668,"v1: (InfPreserve)%2479:v[178] = v_maxmin_f32 -4.0, %18668:v[112], 4.0"
g_fswin32,activation,1285,1.0,v_maxmin_f32,2515,18672,"v1: (InfPreserve)%2515:v[186] = v_maxmin_f32 -4.0, %18672:v[116], 4.0"
g_fswin32,activation,1287,1.0,v_fma_mix_f32,2508,2505,"v1: %2508:v[185] = v_fma_mix_f32 lo(0x3728ab28), |%2505:v[184]|, hi(0x3728ab28)"
g_fswin32,activation,1288,1.0,v_fma_mix_f32,2500,2497,"v1: %2500:v[183] = v_fma_mix_f32 lo(0x3728ab28), |%2497:v[182]|, hi(0x3728ab28)"
g_fswin32,activation,1289,1.0,v_fma_mix_f32,2490,2487,"v1: %2490:v[181] = v_fma_mix_f32 lo(0x3728ab28), |%2487:v[180]|, hi(0x3728ab28)"
g_fswin32,activation,1290,1.0,v_fma_mix_f32,2482,2479,"v1: %2482:v[179] = v_fma_mix_f32 lo(0x3728ab28), |%2479:v[178]|, hi(0x3728ab28)"
g_fswin32,activation,1294,0.5,v_dual_fmaak_f32,2484,"2479,2482","v1: %2484:v[178] = v_dual_fmaak_f32 %2479:v[178], %2482:v[179], 0x3f650000"
g_fswin32,activation,1294,0.5,v_dual_fmaak_f32,2459,"2457,2454","v1: %2459:v[177] = v_dual_fmaak_f32 %2457:v[177], %2454:v[176], 0x3f650000"
g_fswin32,activation,1296,0.5,v_dual_mul_f32,2485,"18668,2484","v1: %2485:v[112] = v_dual_mul_f32 %18668:v[112], %2484:v[178]"
g_fswin32,activation,1296,0.5,v_dual_mul_f32,2460,"18575,2459","v1: %2460:v[127] = v_dual_mul_f32 %18575:v[127], %2459:v[177]"
g_fswin32,activation,1297,1.0,v_cvt_pk_fp8_f32,2462,"2452,2460","v2b: (InfNaNPreserve)%2462:v[101][16:32] = v_cvt_pk_fp8_f32 %2452:v[126], %2460:v[127] opsel_hi"
g_fswin32,activation,1300,1.0,v_fma_mix_f32,2518,2515,"v1: %2518:v[187] = v_fma_mix_f32 lo(0x3728ab28), |%2515:v[186]|, hi(0x3728ab28)"
g_fswin32,activation,1301,1.0,v_maxmin_f32,2523,18673,"v1: (InfPreserve)%2523:v[189] = v_maxmin_f32 -4.0, %18673:v[117], 4.0"
g_fswin32,activation,1303,1.0,v_maxmin_f32,2533,18674,"v1: (InfPreserve)%2533:v[191] = v_maxmin_f32 -4.0, %18674:v[118], 4.0"
g_fswin32,activation,1304,0.5,v_dual_fmaak_f32,2502,"2497,2500","v1: %2502:v[182] = v_dual_fmaak_f32 %2497:v[182], %2500:v[183], 0x3f650000"
g_fswin32,activation,1304,0.5,v_dual_fmaak_f32,2492,"2490,2487","v1: %2492:v[181] = v_dual_fmaak_f32 %2490:v[181], %2487:v[180], 0x3f650000"
g_fswin32,activation,1305,0.5,v_dual_fmaak_f32,2520,"2515,2518","v1: %2520:v[186] = v_dual_fmaak_f32 %2515:v[186], %2518:v[187], 0x3f650000"
g_fswin32,activation,1305,0.5,v_dual_fmaak_f32,2510,"2508,2505","v1: %2510:v[185] = v_dual_fmaak_f32 %2508:v[185], %2505:v[184], 0x3f650000"
g_fswin32,activation,1306,1.0,v_fma_mix_f32,2526,2523,"v1: %2526:v[190] = v_fma_mix_f32 lo(0x3728ab28), |%2523:v[189]|, hi(0x3728ab28)"
g_fswin32,activation,1308,1.0,v_fma_mix_f32,2536,2533,"v1: %2536:v[21] = v_fma_mix_f32 lo(0x3728ab28), |%2533:v[191]|, hi(0x3728ab28)"
g_fswin32,activation,1310,0.5,v_dual_mul_f32,2503,"18670,2502","v1: %2503:v[114] = v_dual_mul_f32 %18670:v[114], %2502:v[182]"
g_fswin32,activation,1310,0.5,v_dual_mul_f32,2493,"18669,2492","v1: %2493:v[113] = v_dual_mul_f32 %18669:v[113], %2492:v[181]"
g_fswin32,activation,1312,1.0,v_maxmin_f32,2541,18675,"v1: (InfPreserve)%2541:v[52] = v_maxmin_f32 -4.0, %18675:v[119], 4.0"
g_fswin32,activation,1313,0.5,v_dual_mul_f32,2521,"18672,2520","v1: %2521:v[116] = v_dual_mul_f32 %18672:v[116], %2520:v[186]"
g_fswin32,activation,1313,0.5,v_dual_mul_f32,2511,"18671,2510","v1: %2511:v[115] = v_dual_mul_f32 %18671:v[115], %2510:v[185]"
g_fswin32,activation,1314,0.5,v_dual_fmaak_f32,2538,"2536,2533","v1: %2538:v[191] = v_dual_fmaak_f32 %2536:v[21], %2533:v[191], 0x3f650000"
g_fswin32,activation,1314,0.5,v_dual_fmaak_f32,2528,"2526,2523","v1: %2528:v[190] = v_dual_fmaak_f32 %2526:v[190], %2523:v[189], 0x3f650000"
g_fswin32,activation,1316,1.0,v_fma_mix_f32,2544,2541,"v1: %2544:v[53] = v_fma_mix_f32 lo(0x3728ab28), |%2541:v[52]|, hi(0x3728ab28)"
g_fswin32,activation,1317,1.0,v_maxmin_f32,2560,18677,"v1: (InfPreserve)%2560:v[60] = v_maxmin_f32 -4.0, %18677:v[121], 4.0"
g_fswin32,activation,1318,1.0,v_fmaak_f32,2546,"2544,2541","v1: %2546:v[53] = v_fmaak_f32 %2544:v[53], %2541:v[52], 0x3f650000"
g_fswin32,activation,1319,1.0,v_maxmin_f32,2552,18676,"v1: (InfPreserve)%2552:v[54] = v_maxmin_f32 -4.0, %18676:v[120], 4.0"
g_fswin32,activation,1320,1.0,v_fma_mix_f32,2563,2560,"v1: %2563:v[61] = v_fma_mix_f32 lo(0x3728ab28), |%2560:v[60]|, hi(0x3728ab28)"
g_fswin32,activation,1321,1.0,v_cvt_pk_fp8_f32,2495,"2485,2493","v2b: (InfNaNPreserve)%2495:v[22][0:16] = v_cvt_pk_fp8_f32 %2485:v[112], %2493:v[113]"
g_fswin32,activation,1322,1.0,v_cvt_pk_fp8_f32,2513,"2503,2511","v2b: (InfNaNPreserve)%2513:v[22][16:32] = v_cvt_pk_fp8_f32 %2503:v[114], %2511:v[115] opsel_hi"
g_fswin32,activation,1323,1.0,v_mul_f32,2547,"18675,2546","v1: %2547:v[119] = v_mul_f32 %18675:v[119], %2546:v[53]"
g_fswin32,activation,1324,1.0,v_fma_mix_f32,2555,2552,"v1: %2555:v[55] = v_fma_mix_f32 lo(0x3728ab28), |%2552:v[54]|, hi(0x3728ab28)"
g_fswin32,activation,1326,1.0,v_fmaak_f32,2557,"2552,2555","v1: %2557:v[54] = v_fmaak_f32 %2552:v[54], %2555:v[55], 0x3f650000"
g_fswin32,activation,1327,0.5,v_dual_mul_f32,2558,"18676,2557","v1: %2558:v[120] = v_dual_mul_f32 %18676:v[120], %2557:v[54]"
g_fswin32,activation,1327,0.5,v_dual_fmaak_f32,2565,"2563,2560","v1: %2565:v[61] = v_dual_fmaak_f32 %2563:v[61], %2560:v[60], 0x3f650000"
g_fswin32,activation,1331,0.5,v_dual_mul_f32,2539,"18674,2538","v1: %2539:v[118] = v_dual_mul_f32 %18674:v[118], %2538:v[191]"
g_fswin32,activation,1331,0.5,v_dual_mul_f32,2529,"18673,2528","v1: %2529:v[117] = v_dual_mul_f32 %18673:v[117], %2528:v[190]"
g_fswin32,activation,1333,1.0,v_cvt_pk_fp8_f32,2531,"2521,2529","v2b: (InfNaNPreserve)%2531:v[23][0:16] = v_cvt_pk_fp8_f32 %2521:v[116], %2529:v[117]"
g_fswin32,activation,1334,1.0,v_cvt_pk_fp8_f32,2549,"2539,2547","v2b: (InfNaNPreserve)%2549:v[23][16:32] = v_cvt_pk_fp8_f32 %2539:v[118], %2547:v[119] opsel_hi"
g_fswin32,activation,1336,1.0,v_maxmin_f32,2570,18678,"v1: (InfPreserve)%2570:v[82] = v_maxmin_f32 -4.0, %18678:v[122], 4.0"
g_fswin32,activation,1337,1.0,v_maxmin_f32,2578,18679,"v1: (InfPreserve)%2578:v[90] = v_maxmin_f32 -4.0, %18679:v[123], 4.0"
g_fswin32,activation,1339,1.0,v_maxmin_f32,2588,18680,"v1: (InfPreserve)%2588:v[102] = v_maxmin_f32 -4.0, %18680:v[124], 4.0"
g_fswin32,activation,1340,1.0,v_fma_mix_f32,2573,2570,"v1: %2573:v[83] = v_fma_mix_f32 lo(0x3728ab28), |%2570:v[82]|, hi(0x3728ab28)"
g_fswin32,activation,1341,1.0,v_fma_mix_f32,2581,2578,"v1: %2581:v[91] = v_fma_mix_f32 lo(0x3728ab28), |%2578:v[90]|, hi(0x3728ab28)"
g_fswin32,activation,1343,1.0,v_fma_mix_f32,2591,2588,"v1: %2591:v[103] = v_fma_mix_f32 lo(0x3728ab28), |%2588:v[102]|, hi(0x3728ab28)"
g_fswin32,activation,1344,1.0,v_fmaak_f32,2575,"2570,2573","v1: %2575:v[82] = v_fmaak_f32 %2570:v[82], %2573:v[83], 0x3f650000"
g_fswin32,activation,1345,1.0,v_fmaak_f32,2583,"2581,2578","v1: %2583:v[91] = v_fmaak_f32 %2581:v[91], %2578:v[90], 0x3f650000"
g_fswin32,activation,1346,1.0,v_fmaak_f32,2593,"2588,2591","v1: %2593:v[102] = v_fmaak_f32 %2588:v[102], %2591:v[103], 0x3f650000"
g_fswin32,activation,1347,0.5,v_dual_mul_f32,2576,"18678,2575","v1: %2576:v[122] = v_dual_mul_f32 %18678:v[122], %2575:v[82]"
g_fswin32,activation,1347,0.5,v_dual_mul_f32,2566,"18677,2565","v1: %2566:v[121] = v_dual_mul_f32 %18677:v[121], %2565:v[61]"
g_fswin32,activation,1348,1.0,v_mul_f32,2584,"18679,2583","v1: %2584:v[123] = v_mul_f32 %18679:v[123], %2583:v[91]"
g_fswin32,activation,1350,1.0,v_cvt_pk_fp8_f32,2568,"2558,2566","v2b: (InfNaNPreserve)%2568:v[60][0:16] = v_cvt_pk_fp8_f32 %2558:v[120], %2566:v[121]"
g_fswin32,activation,1351,1.0,v_maxmin_f32,2596,18681,"v1: (InfPreserve)%2596:v[120] = v_maxmin_f32 -4.0, %18681:v[125], 4.0"
g_fswin32,activation,1352,1.0,v_cvt_pk_fp8_f32,2586,"2576,2584","v2b: (InfNaNPreserve)%2586:v[60][16:32] = v_cvt_pk_fp8_f32 %2576:v[122], %2584:v[123] opsel_hi"
g_fswin32,activation,1353,1.0,v_maxmin_f32,2606,18682,"v1: (InfPreserve)%2606:v[122] = v_maxmin_f32 -4.0, %18682:v[126], 4.0"
g_fswin32,activation,1354,1.0,v_fma_mix_f32,2599,2596,"v1: %2599:v[121] = v_fma_mix_f32 lo(0x3728ab28), |%2596:v[120]|, hi(0x3728ab28)"
g_fswin32,activation,1356,1.0,v_fma_mix_f32,2609,2606,"v1: %2609:v[123] = v_fma_mix_f32 lo(0x3728ab28), |%2606:v[122]|, hi(0x3728ab28)"
g_fswin32,activation,1357,0.5,v_dual_mul_f32,2594,"18680,2593","v1: %2594:v[124] = v_dual_mul_f32 %18680:v[124], %2593:v[102]"
g_fswin32,activation,1357,0.5,v_dual_fmaak_f32,2601,"2599,2596","v1: %2601:v[121] = v_dual_fmaak_f32 %2599:v[121], %2596:v[120], 0x3f650000"
g_fswin32,activation,1359,1.0,v_fmaak_f32,2611,"2606,2609","v1: %2611:v[122] = v_fmaak_f32 %2606:v[122], %2609:v[123], 0x3f650000"
g_fswin32,activation,1360,0.5,v_dual_mul_f32,2612,"18682,2611","v1: %2612:v[126] = v_dual_mul_f32 %18682:v[126], %2611:v[122]"
g_fswin32,activation,1360,0.5,v_dual_mul_f32,2602,"18681,2601","v1: %2602:v[125] = v_dual_mul_f32 %18681:v[125], %2601:v[121]"
g_fswin32,activation,1362,1.0,v_maxmin_f32,2633,18685,"v1: (InfPreserve)%2633:v[148] = v_maxmin_f32 -4.0, %18685:v[129], 4.0"
g_fswin32,activation,1363,1.0,v_maxmin_f32,2643,18686,"v1: (InfPreserve)%2643:v[150] = v_maxmin_f32 -4.0, %18686:v[130], 4.0"
g_fswin32,activation,1364,1.0,v_maxmin_f32,2651,18687,"v1: (InfPreserve)%2651:v[152] = v_maxmin_f32 -4.0, %18687:v[131], 4.0"
g_fswin32,activation,1365,1.0,v_maxmin_f32,2661,18688,"v1: (InfPreserve)%2661:v[154] = v_maxmin_f32 -4.0, %18688:v[132], 4.0"
g_fswin32,activation,1366,1.0,v_cvt_pk_fp8_f32,2604,"2594,2602","v2b: (InfNaNPreserve)%2604:v[61][0:16] = v_cvt_pk_fp8_f32 %2594:v[124], %2602:v[125]"
g_fswin32,activation,1367,1.0,v_maxmin_f32,2614,18683,"v1: (InfPreserve)%2614:v[124] = v_maxmin_f32 -4.0, %18683:v[127], 4.0"
g_fswin32,activation,1368,1.0,v_fma_mix_f32,2636,2633,"v1: %2636:v[149] = v_fma_mix_f32 lo(0x3728ab28), |%2633:v[148]|, hi(0x3728ab28)"
g_fswin32,activation,1369,1.0,v_fma_mix_f32,2646,2643,"v1: %2646:v[151] = v_fma_mix_f32 lo(0x3728ab28), |%2643:v[150]|, hi(0x3728ab28)"
g_fswin32,activation,1370,1.0,v_fma_mix_f32,2654,2651,"v1: %2654:v[153] = v_fma_mix_f32 lo(0x3728ab28), |%2651:v[152]|, hi(0x3728ab28)"
g_fswin32,activation,1371,1.0,v_maxmin_f32,2669,18689,"v1: (InfPreserve)%2669:v[156] = v_maxmin_f32 -4.0, %18689:v[133], 4.0"
g_fswin32,activation,1372,1.0,v_fma_mix_f32,2664,2661,"v1: %2664:v[155] = v_fma_mix_f32 lo(0x3728ab28), |%2661:v[154]|, hi(0x3728ab28)"
g_fswin32,activation,1373,1.0,v_fma_mix_f32,2617,2614,"v1: %2617:v[125] = v_fma_mix_f32 lo(0x3728ab28), |%2614:v[124]|, hi(0x3728ab28)"
g_fswin32,activation,1375,1.0,v_fmaak_f32,2619,"2617,2614","v1: %2619:v[125] = v_fmaak_f32 %2617:v[125], %2614:v[124], 0x3f650000"
g_fswin32,activation,1376,1.0,v_mul_f32,2620,"18683,2619","v1: %2620:v[127] = v_mul_f32 %18683:v[127], %2619:v[125]"
g_fswin32,activation,1378,1.0,v_cvt_pk_fp8_f32,2622,"2612,2620","v2b: (InfNaNPreserve)%2622:v[61][16:32] = v_cvt_pk_fp8_f32 %2612:v[126], %2620:v[127] opsel_hi"
g_fswin32,activation,1379,1.0,v_maxmin_f32,2625,18684,"v1: (InfPreserve)%2625:v[126] = v_maxmin_f32 -4.0, %18684:v[128], 4.0"
g_fswin32,activation,1380,1.0,v_fma_mix_f32,2628,2625,"v1: %2628:v[127] = v_fma_mix_f32 lo(0x3728ab28), |%2625:v[126]|, hi(0x3728ab28)"
g_fswin32,activation,1382,1.0,v_fmaak_f32,2630,"2625,2628","v1: %2630:v[126] = v_fmaak_f32 %2625:v[126], %2628:v[127], 0x3f650000"
g_fswin32,activation,1383,1.0,v_mul_f32,2631,"18684,2630","v1: %2631:v[128] = v_mul_f32 %18684:v[128], %2630:v[126]"
g_fswin32,activation,1384,1.0,v_maxmin_f32,2679,18690,"v1: (InfPreserve)%2679:v[158] = v_maxmin_f32 -4.0, %18690:v[134], 4.0"
g_fswin32,activation,1385,0.5,v_dual_fmaak_f32,2648,"2643,2646","v1: %2648:v[150] = v_dual_fmaak_f32 %2643:v[150], %2646:v[151], 0x3f650000"
g_fswin32,activation,1385,0.5,v_dual_fmaak_f32,2638,"2636,2633","v1: %2638:v[149] = v_dual_fmaak_f32 %2636:v[149], %2633:v[148], 0x3f650000"
g_fswin32,activation,1386,0.5,v_dual_fmaak_f32,2666,"2661,2664","v1: %2666:v[154] = v_dual_fmaak_f32 %2661:v[154], %2664:v[155], 0x3f650000"
g_fswin32,activation,1386,0.5,v_dual_fmaak_f32,2656,"2654,2651","v1: %2656:v[153] = v_dual_fmaak_f32 %2654:v[153], %2651:v[152], 0x3f650000"
g_fswin32,activation,1388,0.5,v_dual_mul_f32,2649,"18686,2648","v1: %2649:v[130] = v_dual_mul_f32 %18686:v[130], %2648:v[150]"
g_fswin32,activation,1388,0.5,v_dual_mul_f32,2639,"18685,2638","v1: %2639:v[129] = v_dual_mul_f32 %18685:v[129], %2638:v[149]"
g_fswin32,activation,1389,0.5,v_dual_mul_f32,2667,"18688,2666","v1: %2667:v[132] = v_dual_mul_f32 %18688:v[132], %2666:v[154]"
g_fswin32,activation,1389,0.5,v_dual_mul_f32,2657,"18687,2656","v1: %2657:v[131] = v_dual_mul_f32 %18687:v[131], %2656:v[153]"
g_fswin32,activation,1390,1.0,v_cvt_pk_fp8_f32,2641,"2631,2639","v2b: (InfNaNPreserve)%2641:v[82][0:16] = v_cvt_pk_fp8_f32 %2631:v[128], %2639:v[129]"
g_fswin32,activation,1391,1.0,v_cvt_pk_fp8_f32,2659,"2649,2657","v2b: (InfNaNPreserve)%2659:v[82][16:32] = v_cvt_pk_fp8_f32 %2649:v[130], %2657:v[131] opsel_hi"
g_fswin32,activation,1395,1.0,v_fma_mix_f32,2672,2669,"v1: %2672:v[157] = v_fma_mix_f32 lo(0x3728ab28), |%2669:v[156]|, hi(0x3728ab28)"
g_fswin32,activation,1396,1.0,v_maxmin_f32,2687,18691,"v1: (InfPreserve)%2687:v[160] = v_maxmin_f32 -4.0, %18691:v[135], 4.0"
g_fswin32,activation,1397,1.0,v_maxmin_f32,2698,18692,"v1: (InfPreserve)%2698:v[162] = v_maxmin_f32 -4.0, %18692:v[136], 4.0"
g_fswin32,activation,1398,1.0,v_fma_mix_f32,2682,2679,"v1: %2682:v[159] = v_fma_mix_f32 lo(0x3728ab28), |%2679:v[158]|, hi(0x3728ab28)"
g_fswin32,activation,1399,1.0,v_maxmin_f32,2706,18693,"v1: (InfPreserve)%2706:v[164] = v_maxmin_f32 -4.0, %18693:v[137], 4.0"
g_fswin32,activation,1400,1.0,v_maxmin_f32,2716,18694,"v1: (InfPreserve)%2716:v[166] = v_maxmin_f32 -4.0, %18694:v[138], 4.0"
g_fswin32,activation,1401,1.0,v_maxmin_f32,2724,18695,"v1: (InfPreserve)%2724:v[168] = v_maxmin_f32 -4.0, %18695:v[139], 4.0"
g_fswin32,activation,1402,1.0,v_fma_mix_f32,2690,2687,"v1: %2690:v[161] = v_fma_mix_f32 lo(0x3728ab28), |%2687:v[160]|, hi(0x3728ab28)"
g_fswin32,activation,1403,1.0,v_maxmin_f32,2734,18696,"v1: (InfPreserve)%2734:v[170] = v_maxmin_f32 -4.0, %18696:v[140], 4.0"
g_fswin32,activation,1404,1.0,v_fma_mix_f32,2701,2698,"v1: %2701:v[163] = v_fma_mix_f32 lo(0x3728ab28), |%2698:v[162]|, hi(0x3728ab28)"
g_fswin32,activation,1405,0.5,v_dual_fmaak_f32,2684,"2679,2682","v1: %2684:v[158] = v_dual_fmaak_f32 %2679:v[158], %2682:v[159], 0x3f650000"
g_fswin32,activation,1405,0.5,v_dual_fmaak_f32,2674,"2672,2669","v1: %2674:v[157] = v_dual_fmaak_f32 %2672:v[157], %2669:v[156], 0x3f650000"
g_fswin32,activation,1406,1.0,v_maxmin_f32,2742,18697,"v1: (InfPreserve)%2742:v[172] = v_maxmin_f32 -4.0, %18697:v[141], 4.0"
g_fswin32,activation,1407,1.0,v_fma_mix_f32,2709,2706,"v1: %2709:v[165] = v_fma_mix_f32 lo(0x3728ab28), |%2706:v[164]|, hi(0x3728ab28)"
g_fswin32,activation,1408,1.0,v_fma_mix_f32,2719,2716,"v1: %2719:v[167] = v_fma_mix_f32 lo(0x3728ab28), |%2716:v[166]|, hi(0x3728ab28)"
g_fswin32,activation,1409,1.0,v_fma_mix_f32,2727,2724,"v1: %2727:v[169] = v_fma_mix_f32 lo(0x3728ab28), |%2724:v[168]|, hi(0x3728ab28)"
g_fswin32,activation,1410,1.0,v_fmaak_f32,2692,"2690,2687","v1: %2692:v[161] = v_fmaak_f32 %2690:v[161], %2687:v[160], 0x3f650000"
g_fswin32,activation,1411,1.0,v_fma_mix_f32,2737,2734,"v1: %2737:v[171] = v_fma_mix_f32 lo(0x3728ab28), |%2734:v[170]|, hi(0x3728ab28)"
g_fswin32,activation,1412,1.0,v_maxmin_f32,2752,18698,"v1: (InfPreserve)%2752:v[174] = v_maxmin_f32 -4.0, %18698:v[142], 4.0"
g_fswin32,activation,1413,0.5,v_dual_mul_f32,2685,"18690,2684","v1: %2685:v[134] = v_dual_mul_f32 %18690:v[134], %2684:v[158]"
g_fswin32,activation,1413,0.5,v_dual_mul_f32,2675,"18689,2674","v1: %2675:v[133] = v_dual_mul_f32 %18689:v[133], %2674:v[157]"
g_fswin32,activation,1414,1.0,v_maxmin_f32,2760,18699,"v1: (InfPreserve)%2760:v[176] = v_maxmin_f32 -4.0, %18699:v[143], 4.0"
g_fswin32,activation,1415,1.0,v_fma_mix_f32,2745,2742,"v1: %2745:v[173] = v_fma_mix_f32 lo(0x3728ab28), |%2742:v[172]|, hi(0x3728ab28)"
g_fswin32,activation,1416,0.5,v_dual_fmaak_f32,2711,"2709,2706","v1: %2711:v[165] = v_dual_fmaak_f32 %2709:v[165], %2706:v[164], 0x3f650000"
g_fswin32,activation,1416,0.5,v_dual_fmaak_f32,2703,"2698,2701","v1: %2703:v[162] = v_dual_fmaak_f32 %2698:v[162], %2701:v[163], 0x3f650000"
g_fswin32,activation,1417,0.5,v_dual_fmaak_f32,2729,"2727,2724","v1: %2729:v[169] = v_dual_fmaak_f32 %2727:v[169], %2724:v[168], 0x3f650000"
g_fswin32,activation,1417,0.5,v_dual_fmaak_f32,2721,"2716,2719","v1: %2721:v[166] = v_dual_fmaak_f32 %2716:v[166], %2719:v[167], 0x3f650000"
g_fswin32,activation,1419,1.0,v_mul_f32,2693,"18691,2692","v1: %2693:v[135] = v_mul_f32 %18691:v[135], %2692:v[161]"
g_fswin32,activation,1420,1.0,v_fma_mix_f32,2755,2752,"v1: %2755:v[175] = v_fma_mix_f32 lo(0x3728ab28), |%2752:v[174]|, hi(0x3728ab28)"
g_fswin32,activation,1421,1.0,v_cvt_pk_fp8_f32,2677,"2667,2675","v2b: (InfNaNPreserve)%2677:v[83][0:16] = v_cvt_pk_fp8_f32 %2667:v[132], %2675:v[133]"
g_fswin32,activation,1422,1.0,v_fma_mix_f32,2763,2760,"v1: %2763:v[177] = v_fma_mix_f32 lo(0x3728ab28), |%2760:v[176]|, hi(0x3728ab28)"
g_fswin32,activation,1423,0.5,v_dual_fmaak_f32,2747,"2745,2742","v1: %2747:v[173] = v_dual_fmaak_f32 %2745:v[173], %2742:v[172], 0x3f650000"
g_fswin32,activation,1423,0.5,v_dual_fmaak_f32,2739,"2734,2737","v1: %2739:v[170] = v_dual_fmaak_f32 %2734:v[170], %2737:v[171], 0x3f650000"
g_fswin32,activation,1424,0.5,v_dual_mul_f32,2712,"18693,2711","v1: %2712:v[137] = v_dual_mul_f32 %18693:v[137], %2711:v[165]"
g_fswin32,activation,1424,0.5,v_dual_mul_f32,2704,"18692,2703","v1: %2704:v[136] = v_dual_mul_f32 %18692:v[136], %2703:v[162]"
g_fswin32,activation,1425,0.5,v_dual_mul_f32,2730,"18695,2729","v1: %2730:v[139] = v_dual_mul_f32 %18695:v[139], %2729:v[169]"
g_fswin32,activation,1425,0.5,v_dual_mul_f32,2722,"18694,2721","v1: %2722:v[138] = v_dual_mul_f32 %18694:v[138], %2721:v[166]"
g_fswin32,activation,1426,1.0,v_cvt_pk_fp8_f32,2695,"2685,2693","v2b: (InfNaNPreserve)%2695:v[83][16:32] = v_cvt_pk_fp8_f32 %2685:v[134], %2693:v[135] opsel_hi"
g_fswin32,activation,1427,0.5,v_dual_fmaak_f32,2765,"2763,2760","v1: %2765:v[177] = v_dual_fmaak_f32 %2763:v[177], %2760:v[176], 0x3f650000"
g_fswin32,activation,1427,0.5,v_dual_fmaak_f32,2757,"2752,2755","v1: %2757:v[174] = v_dual_fmaak_f32 %2752:v[174], %2755:v[175], 0x3f650000"
g_fswin32,activation,1428,0.5,v_dual_mul_f32,2748,"18697,2747","v1: %2748:v[141] = v_dual_mul_f32 %18697:v[141], %2747:v[173]"
g_fswin32,activation,1428,0.5,v_dual_mul_f32,2740,"18696,2739","v1: %2740:v[140] = v_dual_mul_f32 %18696:v[140], %2739:v[170]"
g_fswin32,activation,1429,1.0,v_cvt_pk_fp8_f32,2714,"2704,2712","v2b: (InfNaNPreserve)%2714:v[90][0:16] = v_cvt_pk_fp8_f32 %2704:v[136], %2712:v[137]"
g_fswin32,activation,1433,1.0,v_cvt_pk_fp8_f32,2732,"2722,2730","v2b: (InfNaNPreserve)%2732:v[90][16:32] = v_cvt_pk_fp8_f32 %2722:v[138], %2730:v[139] opsel_hi"
g_fswin32,activation,1434,0.5,v_dual_mul_f32,2766,"18699,2765","v1: %2766:v[143] = v_dual_mul_f32 %18699:v[143], %2765:v[177]"
g_fswin32,activation,1434,0.5,v_dual_mul_f32,2758,"18698,2757","v1: %2758:v[142] = v_dual_mul_f32 %18698:v[142], %2757:v[174]"
g_fswin32,activation,1435,1.0,v_cvt_pk_fp8_f32,2750,"2740,2748","v2b: (InfNaNPreserve)%2750:v[91][0:16] = v_cvt_pk_fp8_f32 %2740:v[140], %2748:v[141]"
g_fswin32,activation,1440,1.0,v_cvt_pk_fp8_f32,2768,"2758,2766","v2b: (InfNaNPreserve)%2768:v[91][16:32] = v_cvt_pk_fp8_f32 %2758:v[142], %2766:v[143] opsel_hi"
g_fswin32,softmax,2376,1.0,v_pk_add_f16,4596,"4591,4594","v1: %4596:v[56] = v_pk_add_f16 %4591:v[129], %4594:v[71]"
g_fswin32,softmax,2383,1.0,v_pk_add_f16,4611,"4606,4609","v1: %4611:v[57] = v_pk_add_f16 %4606:v[134], %4609:v[72]"
g_fswin32,softmax,2388,1.0,v_pk_add_f16,4600,"4596,4598","v1: %4600:v[56] = v_pk_add_f16 %4596:v[56], %4598:v[68]"
g_fswin32,softmax,2389,1.0,v_pk_add_f16,4626,"4621,4624","v1: %4626:v[58] = v_pk_add_f16 %4621:v[135], %4624:v[73]"
g_fswin32,softmax,2391,1.0,v_pk_add_f16,4615,"4611,4613","v1: %4615:v[57] = v_pk_add_f16 %4611:v[57], %4613:v[69]"
g_fswin32,softmax,2392,1.0,v_pk_add_f16,4641,"4636,4639","v1: %4641:v[59] = v_pk_add_f16 %4636:v[45], %4639:v[74]"
g_fswin32,softmax,2394,1.0,v_pk_add_f16,4604,"4600,4602","v1: %4604:v[56] = v_pk_add_f16 %4600:v[56], %4602:v[55]"
g_fswin32,softmax,2395,1.0,v_pk_add_f16,4630,"4626,4628","v1: %4630:v[58] = v_pk_add_f16 %4626:v[58], %4628:v[88]"
g_fswin32,softmax,2396,1.0,v_pk_add_f16,4619,"4615,4617","v1: %4619:v[57] = v_pk_add_f16 %4615:v[57], %4617:v[111]"
g_fswin32,softmax,2397,1.0,v_pk_add_f16,4645,"4641,4643","v1: %4645:v[59] = v_pk_add_f16 %4641:v[59], %4643:v[89]"
g_fswin32,softmax,2399,1.0,v_pk_add_f16,4634,"4630,4632","v1: %4634:v[58] = v_pk_add_f16 %4630:v[58], %4632:v[133]"
g_fswin32,softmax,2400,1.0,v_pk_add_f16,4650,"4604,4619","v1: %4650:v[56] = v_pk_add_f16 %4604:v[56], %4619:v[57]"
g_fswin32,softmax,2401,1.0,v_pk_add_f16,4649,"4645,4647","v1: %4649:v[59] = v_pk_add_f16 %4645:v[59], %4647:v[2]"
g_fswin32,softmax,2402,1.0,v_pk_add_f16,4651,"4650,4634","v1: %4651:v[56] = v_pk_add_f16 %4650:v[56], %4634:v[58]"
g_fswin32,softmax,2404,1.0,v_pk_add_f16,4652,"4651,4649","v1: %4652:v[56] = v_pk_add_f16 %4651:v[56], %4649:v[59]"
g_fswin32,softmax,2405,1.0,v_permlanex16_b32,21252,"4652,19886,19887","v1: %21252:v[84] = v_permlanex16_b32 %4652:v[56], %19886:s[57], %19887:s[58] bound_ctrl:1 fi"
g_fswin32,softmax,2407,1.0,v_pk_add_f16,4656,"4652,21252","v1: %4656:v[56] = v_pk_add_f16 %4652:v[56], %21252:v[84]"
g_fswin32,softmax,2408,1.0,v_add_f16,4657,"4656,4656","v2b: %4657:v[85][0:16] = v_add_f16 %4656:v[56], hi(%4656:v[56])"
g_fswin32,softmax,2410,1.0,v_max_f16,4660,"916,4657","v2b: (InfPreserve)%4660:v[85][0:16] = v_max_f16 %916:s[56], %4657:v[85][0:16]"
g_fswin32,softmax,2411,1.0,v_cvt_f32_f16,4661,4660,v1: %4661:v[86] = v_cvt_f32_f16 %4660:v[85][0:16]
g_fswin32,softmax,2413,1.0,v_rcp_f32,4662,4661,v1: %4662:v[86] = v_rcp_f32 %4661:v[86]
g_fswin32,softmax,2414,1.0,v_fma_mix_f32,4694,"4609,4662","v1: %4694:v[59] = v_fma_mix_f32 lo(%4609:v[72]), %4662:v[86], neg(0)"
g_fswin32,softmax,2415,1.0,v_fma_mix_f32,4663,"4591,4662","v1: %4663:v[87] = v_fma_mix_f32 lo(%4591:v[129]), %4662:v[86], neg(0)"
g_fswin32,softmax,2416,1.0,v_fma_mix_f32,4665,"4591,4662","v1: %4665:v[129] = v_fma_mix_f32 hi(%4591:v[129]), %4662:v[86], neg(0)"
g_fswin32,softmax,2417,1.0,v_fma_mix_f32,4696,"4609,4662","v1: %4696:v[72] = v_fma_mix_f32 hi(%4609:v[72]), %4662:v[86], neg(0)"
g_fswin32,softmax,2419,1.0,v_cvt_pk_fp8_f32,4667,"4663,4665","v2b: %4667:v[56][0:16] = v_cvt_pk_fp8_f32 %4663:v[87], %4665:v[129]"
g_fswin32,softmax,2420,1.0,v_fma_mix_f32,4669,"4606,4662","v1: %4669:v[129] = v_fma_mix_f32 lo(%4606:v[134]), %4662:v[86], neg(0)"
g_fswin32,softmax,2421,1.0,v_fma_mix_f32,4671,"4606,4662","v1: %4671:v[134] = v_fma_mix_f32 hi(%4606:v[134]), %4662:v[86], neg(0)"
g_fswin32,softmax,2422,1.0,v_cvt_pk_fp8_f32,4673,"4669,4671","v2b: %4673:v[56][16:32] = v_cvt_pk_fp8_f32 %4669:v[129], %4671:v[134] opsel_hi"
g_fswin32,softmax,2423,1.0,v_fma_mix_f32,4675,"4621,4662","v1: %4675:v[134] = v_fma_mix_f32 lo(%4621:v[135]), %4662:v[86], neg(0)"
g_fswin32,softmax,2424,1.0,v_fma_mix_f32,4677,"4621,4662","v1: %4677:v[135] = v_fma_mix_f32 hi(%4621:v[135]), %4662:v[86], neg(0)"
g_fswin32,softmax,2426,1.0,v_cvt_pk_fp8_f32,4679,"4675,4677","v2b: %4679:v[57][0:16] = v_cvt_pk_fp8_f32 %4675:v[134], %4677:v[135]"
g_fswin32,softmax,2427,1.0,v_fma_mix_f32,4681,"4636,4662","v1: %4681:v[135] = v_fma_mix_f32 lo(%4636:v[45]), %4662:v[86], neg(0)"
g_fswin32,softmax,2428,1.0,v_fma_mix_f32,4683,"4636,4662","v1: %4683:v[45] = v_fma_mix_f32 hi(%4636:v[45]), %4662:v[86], neg(0)"
g_fswin32,softmax,2429,1.0,v_cvt_pk_fp8_f32,4685,"4681,4683","v2b: %4685:v[57][16:32] = v_cvt_pk_fp8_f32 %4681:v[135], %4683:v[45] opsel_hi"
g_fswin32,softmax,2430,1.0,v_fma_mix_f32,4688,"4594,4662","v1: %4688:v[45] = v_fma_mix_f32 lo(%4594:v[71]), %4662:v[86], neg(0)"
g_fswin32,softmax,2431,1.0,v_fma_mix_f32,4690,"4594,4662","v1: %4690:v[71] = v_fma_mix_f32 hi(%4594:v[71]), %4662:v[86], neg(0)"
g_fswin32,softmax,2432,1.0,v_fma_mix_f32,4725,"4628,4662","v1: %4725:v[84] = v_fma_mix_f32 lo(%4628:v[88]), %4662:v[86], neg(0)"
g_fswin32,softmax,2433,1.0,v_fma_mix_f32,4727,"4628,4662","v1: %4727:v[88] = v_fma_mix_f32 hi(%4628:v[88]), %4662:v[86], neg(0)"
g_fswin32,softmax,2434,1.0,v_fma_mix_f32,4731,"4643,4662","v1: %4731:v[85] = v_fma_mix_f32 lo(%4643:v[89]), %4662:v[86], neg(0)"
g_fswin32,softmax,2435,1.0,v_fma_mix_f32,4733,"4643,4662","v1: %4733:v[89] = v_fma_mix_f32 hi(%4643:v[89]), %4662:v[86], neg(0)"
g_fswin32,softmax,2436,1.0,v_cvt_pk_fp8_f32,4692,"4688,4690","v2b: %4692:v[58][0:16] = v_cvt_pk_fp8_f32 %4688:v[45], %4690:v[71]"
g_fswin32,softmax,2437,1.0,v_fma_mix_f32,4700,"4624,4662","v1: %4700:v[71] = v_fma_mix_f32 lo(%4624:v[73]), %4662:v[86], neg(0)"
g_fswin32,softmax,2438,1.0,v_fma_mix_f32,4702,"4624,4662","v1: %4702:v[73] = v_fma_mix_f32 hi(%4624:v[73]), %4662:v[86], neg(0)"
g_fswin32,softmax,2439,1.0,v_cvt_pk_fp8_f32,4698,"4694,4696","v2b: %4698:v[58][16:32] = v_cvt_pk_fp8_f32 %4694:v[59], %4696:v[72] opsel_hi"
g_fswin32,softmax,2440,1.0,v_fma_mix_f32,4706,"4639,4662","v1: %4706:v[72] = v_fma_mix_f32 lo(%4639:v[74]), %4662:v[86], neg(0)"
g_fswin32,softmax,2441,1.0,v_fma_mix_f32,4708,"4639,4662","v1: %4708:v[74] = v_fma_mix_f32 hi(%4639:v[74]), %4662:v[86], neg(0)"
g_fswin32,softmax,2442,1.0,v_fma_mix_f32,4738,"4602,4662","v1: %4738:v[87] = v_fma_mix_f32 lo(%4602:v[55]), %4662:v[86], neg(0)"
g_fswin32,softmax,2443,1.0,v_fma_mix_f32,4740,"4602,4662","v1: %4740:v[55] = v_fma_mix_f32 hi(%4602:v[55]), %4662:v[86], neg(0)"
g_fswin32,softmax,2444,1.0,v_cvt_pk_fp8_f32,4704,"4700,4702","v2b: %4704:v[59][0:16] = v_cvt_pk_fp8_f32 %4700:v[71], %4702:v[73]"
g_fswin32,softmax,2445,1.0,v_fma_mix_f32,4713,"4598,4662","v1: %4713:v[73] = v_fma_mix_f32 lo(%4598:v[68]), %4662:v[86], neg(0)"
g_fswin32,softmax,2446,1.0,v_fma_mix_f32,4715,"4598,4662","v1: %4715:v[68] = v_fma_mix_f32 hi(%4598:v[68]), %4662:v[86], neg(0)"
g_fswin32,softmax,2447,1.0,v_cvt_pk_fp8_f32,4710,"4706,4708","v2b: %4710:v[59][16:32] = v_cvt_pk_fp8_f32 %4706:v[72], %4708:v[74] opsel_hi"
g_fswin32,softmax,2448,1.0,v_fma_mix_f32,4719,"4613,4662","v1: %4719:v[74] = v_fma_mix_f32 lo(%4613:v[69]), %4662:v[86], neg(0)"
g_fswin32,softmax,2449,1.0,v_fma_mix_f32,4721,"4613,4662","v1: %4721:v[69] = v_fma_mix_f32 hi(%4613:v[69]), %4662:v[86], neg(0)"
g_fswin32,softmax,2453,1.0,v_cvt_pk_fp8_f32,4717,"4713,4715","v2b: %4717:v[72][0:16] = v_cvt_pk_fp8_f32 %4713:v[73], %4715:v[68]"
g_fswin32,softmax,2454,1.0,v_cvt_pk_fp8_f32,4729,"4725,4727","v2b: %4729:v[73][0:16] = v_cvt_pk_fp8_f32 %4725:v[84], %4727:v[88]"
g_fswin32,softmax,2455,1.0,v_fma_mix_f32,4744,"4617,4662","v1: %4744:v[88] = v_fma_mix_f32 lo(%4617:v[111]), %4662:v[86], neg(0)"
g_fswin32,softmax,2456,1.0,v_cvt_pk_fp8_f32,4735,"4731,4733","v2b: %4735:v[73][16:32] = v_cvt_pk_fp8_f32 %4731:v[85], %4733:v[89] opsel_hi"
g_fswin32,softmax,2457,1.0,v_fma_mix_f32,4746,"4617,4662","v1: %4746:v[111] = v_fma_mix_f32 hi(%4617:v[111]), %4662:v[86], neg(0)"
g_fswin32,softmax,2458,1.0,v_fma_mix_f32,4750,"4632,4662","v1: %4750:v[89] = v_fma_mix_f32 lo(%4632:v[133]), %4662:v[86], neg(0)"
g_fswin32,softmax,2459,1.0,v_fma_mix_f32,4752,"4632,4662","v1: %4752:v[133] = v_fma_mix_f32 hi(%4632:v[133]), %4662:v[86], neg(0)"
g_fswin32,softmax,2460,1.0,v_cvt_pk_fp8_f32,4742,"4738,4740","v2b: %4742:v[68][0:16] = v_cvt_pk_fp8_f32 %4738:v[87], %4740:v[55]"
g_fswin32,softmax,2462,1.0,v_cvt_pk_fp8_f32,4723,"4719,4721","v2b: %4723:v[72][16:32] = v_cvt_pk_fp8_f32 %4719:v[74], %4721:v[69] opsel_hi"
g_fswin32,softmax,2465,1.0,v_pk_add_f16,4768,"4763,4766","v1: %4768:v[129] = v_pk_add_f16 %4763:v[46], %4766:v[75]"
g_fswin32,softmax,2469,1.0,v_cvt_pk_fp8_f32,4748,"4744,4746","v2b: %4748:v[68][16:32] = v_cvt_pk_fp8_f32 %4744:v[88], %4746:v[111] opsel_hi"
g_fswin32,softmax,2470,1.0,v_fma_mix_f32,4756,"4647,4662","v1: %4756:v[111] = v_fma_mix_f32 lo(%4647:v[2]), %4662:v[86], neg(0)"
g_fswin32,softmax,2471,1.0,v_fma_mix_f32,4758,"4647,4662","v1: %4758:v[2] = v_fma_mix_f32 hi(%4647:v[2]), %4662:v[86], neg(0)"
g_fswin32,softmax,2473,1.0,v_cvt_pk_fp8_f32,4754,"4750,4752","v2b: %4754:v[69][0:16] = v_cvt_pk_fp8_f32 %4750:v[89], %4752:v[133]"
g_fswin32,softmax,2476,1.0,v_pk_add_f16,4783,"4778,4781","v1: %4783:v[133] = v_pk_add_f16 %4778:v[47], %4781:v[76]"
g_fswin32,softmax,2479,1.0,v_pk_add_f16,4772,"4768,4770","v1: %4772:v[129] = v_pk_add_f16 %4768:v[129], %4770:v[94]"
g_fswin32,softmax,2481,1.0,v_pk_add_f16,4798,"4793,4796","v1: %4798:v[134] = v_pk_add_f16 %4793:v[112], %4796:v[77]"
g_fswin32,softmax,2485,1.0,v_cvt_pk_fp8_f32,4760,"4756,4758","v2b: %4760:v[69][16:32] = v_cvt_pk_fp8_f32 %4756:v[111], %4758:v[2] opsel_hi"
g_fswin32,softmax,2487,1.0,v_pk_add_f16,4813,"4808,4811","v1: %4813:v[135] = v_pk_add_f16 %4808:v[113], %4811:v[78]"
g_fswin32,softmax,2490,1.0,v_pk_add_f16,4787,"4783,4785","v1: %4787:v[133] = v_pk_add_f16 %4783:v[133], %4785:v[95]"
g_fswin32,softmax,2491,1.0,v_pk_add_f16,4939,"4934,4937","v1: %4939:v[2] = v_pk_add_f16 %4934:v[114], %4937:v[79]"
g_fswin32,softmax,2494,1.0,v_pk_add_f16,4802,"4798,4800","v1: %4802:v[134] = v_pk_add_f16 %4798:v[134], %4800:v[41]"
g_fswin32,softmax,2497,1.0,v_pk_add_f16,4954,"4949,4952","v1: %4954:v[45] = v_pk_add_f16 %4949:v[115], %4952:v[44]"
g_fswin32,softmax,2500,1.0,v_pk_add_f16,4817,"4813,4815","v1: %4817:v[135] = v_pk_add_f16 %4813:v[135], %4815:v[54]"
g_fswin32,softmax,2502,1.0,v_pk_add_f16,4969,"4964,4967","v1: %4969:v[55] = v_pk_add_f16 %4964:v[116], %4967:v[148]"
g_fswin32,softmax,2504,1.0,v_pk_add_f16,4943,"4939,4941","v1: %4943:v[2] = v_pk_add_f16 %4939:v[2], %4941:v[100]"
g_fswin32,softmax,2507,1.0,v_pk_add_f16,4984,"4979,4982","v1: %4984:v[71] = v_pk_add_f16 %4979:v[117], %4982:v[149]"
g_fswin32,softmax,2512,1.0,v_pk_add_f16,4958,"4954,4956","v1: %4958:v[45] = v_pk_add_f16 %4954:v[45], %4956:v[101]"
g_fswin32,softmax,2513,1.0,v_pk_add_f16,5110,"5105,5108","v1: %5110:v[74] = v_pk_add_f16 %5105:v[118], %5108:v[150]"
g_fswin32,softmax,2516,1.0,v_pk_add_f16,4973,"4969,4971","v1: %4973:v[55] = v_pk_add_f16 %4969:v[55], %4971:v[102]"
g_fswin32,softmax,2519,1.0,v_pk_add_f16,5125,"5120,5123","v1: %5125:v[84] = v_pk_add_f16 %5120:v[119], %5123:v[151]"
g_fswin32,softmax,2521,1.0,v_pk_add_f16,4988,"4984,4986","v1: %4988:v[71] = v_pk_add_f16 %4984:v[71], %4986:v[14]"
g_fswin32,softmax,2528,1.0,v_pk_add_f16,5114,"5110,5112","v1: %5114:v[74] = v_pk_add_f16 %5110:v[74], %5112:v[13]"
g_fswin32,softmax,2532,1.0,v_pk_add_f16,5129,"5125,5127","v1: %5129:v[84] = v_pk_add_f16 %5125:v[84], %5127:v[28]"
g_fswin32,softmax,2569,1.0,v_pk_add_f16,4776,"4772,4774","v1: %4776:v[129] = v_pk_add_f16 %4772:v[129], %4774:v[85]"
g_fswin32,softmax,2572,1.0,v_pk_add_f16,4791,"4787,4789","v1: %4791:v[133] = v_pk_add_f16 %4787:v[133], %4789:v[86]"
g_fswin32,softmax,2573,1.0,v_pk_add_f16,4806,"4802,4804","v1: %4806:v[134] = v_pk_add_f16 %4802:v[134], %4804:v[87]"
g_fswin32,softmax,2574,1.0,v_pk_add_f16,4821,"4817,4819","v1: %4821:v[135] = v_pk_add_f16 %4817:v[135], %4819:v[88]"
g_fswin32,softmax,2579,1.0,v_pk_add_f16,4822,"4776,4791","v1: %4822:v[129] = v_pk_add_f16 %4776:v[129], %4791:v[133]"
g_fswin32,softmax,2581,1.0,v_pk_add_f16,4823,"4822,4806","v1: %4823:v[129] = v_pk_add_f16 %4822:v[129], %4806:v[134]"
g_fswin32,softmax,2582,1.0,v_pk_add_f16,4824,"4823,4821","v1: %4824:v[129] = v_pk_add_f16 %4823:v[129], %4821:v[135]"
g_fswin32,softmax,2584,1.0,v_permlanex16_b32,21353,"4824,19886,19887","v1: %21353:v[99] = v_permlanex16_b32 %4824:v[129], %19886:s[57], %19887:s[58] bound_ctrl:1 fi"
g_fswin32,softmax,2585,1.0,v_pk_add_f16,4828,"4824,21353","v1: %4828:v[129] = v_pk_add_f16 %4824:v[129], %21353:v[99]"
g_fswin32,softmax,2587,1.0,v_add_f16,4829,"4828,4828","v2b: %4829:v[103][0:16] = v_add_f16 %4828:v[129], hi(%4828:v[129])"
g_fswin32,softmax,2588,1.0,v_max_f16,4831,"916,4829","v2b: (InfPreserve)%4831:v[103][0:16] = v_max_f16 %916:s[56], %4829:v[103][0:16]"
g_fswin32,softmax,2590,1.0,v_cvt_f32_f16,4832,4831,v1: %4832:v[104] = v_cvt_f32_f16 %4831:v[103][0:16]
g_fswin32,softmax,2591,1.0,v_rcp_f32,4833,4832,v1: %4833:v[104] = v_rcp_f32 %4832:v[104]
g_fswin32,softmax,2593,1.0,v_fma_mix_f32,4852,"4808,4833","v1: %4852:v[108] = v_fma_mix_f32 lo(%4808:v[113]), %4833:v[104], neg(0)"
g_fswin32,softmax,2594,1.0,v_fma_mix_f32,4854,"4808,4833","v1: %4854:v[113] = v_fma_mix_f32 hi(%4808:v[113]), %4833:v[104], neg(0)"
g_fswin32,softmax,2595,1.0,v_fma_mix_f32,4840,"4778,4833","v1: %4840:v[106] = v_fma_mix_f32 lo(%4778:v[47]), %4833:v[104], neg(0)"
g_fswin32,softmax,2596,1.0,v_fma_mix_f32,4865,"4781,4833","v1: %4865:v[110] = v_fma_mix_f32 lo(%4781:v[76]), %4833:v[104], neg(0)"
g_fswin32,softmax,2597,1.0,v_fma_mix_f32,4859,"4766,4833","v1: %4859:v[109] = v_fma_mix_f32 lo(%4766:v[75]), %4833:v[104], neg(0)"
g_fswin32,softmax,2598,1.0,v_fma_mix_f32,4861,"4766,4833","v1: %4861:v[75] = v_fma_mix_f32 hi(%4766:v[75]), %4833:v[104], neg(0)"
g_fswin32,softmax,2599,1.0,v_fma_mix_f32,4846,"4793,4833","v1: %4846:v[107] = v_fma_mix_f32 lo(%4793:v[112]), %4833:v[104], neg(0)"
g_fswin32,softmax,2600,1.0,v_fma_mix_f32,4848,"4793,4833","v1: %4848:v[112] = v_fma_mix_f32 hi(%4793:v[112]), %4833:v[104], neg(0)"
g_fswin32,softmax,2601,1.0,v_fma_mix_f32,4834,"4763,4833","v1: %4834:v[105] = v_fma_mix_f32 lo(%4763:v[46]), %4833:v[104], neg(0)"
g_fswin32,softmax,2602,1.0,v_fma_mix_f32,4836,"4763,4833","v1: %4836:v[46] = v_fma_mix_f32 hi(%4763:v[46]), %4833:v[104], neg(0)"
g_fswin32,softmax,2603,1.0,v_fma_mix_f32,4842,"4778,4833","v1: %4842:v[47] = v_fma_mix_f32 hi(%4778:v[47]), %4833:v[104], neg(0)"
g_fswin32,softmax,2604,1.0,v_fma_mix_f32,4867,"4781,4833","v1: %4867:v[76] = v_fma_mix_f32 hi(%4781:v[76]), %4833:v[104], neg(0)"
g_fswin32,softmax,2605,1.0,v_fma_mix_f32,4871,"4796,4833","v1: %4871:v[111] = v_fma_mix_f32 lo(%4796:v[77]), %4833:v[104], neg(0)"
g_fswin32,softmax,2606,1.0,v_fma_mix_f32,4873,"4796,4833","v1: %4873:v[77] = v_fma_mix_f32 hi(%4796:v[77]), %4833:v[104], neg(0)"
g_fswin32,softmax,2607,1.0,v_cvt_pk_fp8_f32,4863,"4859,4861","v2b: %4863:v[22][0:16] = v_cvt_pk_fp8_f32 %4859:v[109], %4861:v[75]"
g_fswin32,softmax,2608,1.0,v_fma_mix_f32,4890,"4785,4833","v1: %4890:v[129] = v_fma_mix_f32 lo(%4785:v[95]), %4833:v[104], neg(0)"
g_fswin32,softmax,2609,1.0,v_fma_mix_f32,4892,"4785,4833","v1: %4892:v[95] = v_fma_mix_f32 hi(%4785:v[95]), %4833:v[104], neg(0)"
g_fswin32,softmax,2610,1.0,v_cvt_pk_fp8_f32,4850,"4846,4848","v2b: %4850:v[21][0:16] = v_cvt_pk_fp8_f32 %4846:v[107], %4848:v[112]"
g_fswin32,softmax,2611,1.0,v_fma_mix_f32,4877,"4811,4833","v1: %4877:v[112] = v_fma_mix_f32 lo(%4811:v[78]), %4833:v[104], neg(0)"
g_fswin32,softmax,2612,1.0,v_cvt_pk_fp8_f32,4856,"4852,4854","v2b: %4856:v[21][16:32] = v_cvt_pk_fp8_f32 %4852:v[108], %4854:v[113] opsel_hi"
g_fswin32,softmax,2613,1.0,v_fma_mix_f32,4879,"4811,4833","v1: %4879:v[78] = v_fma_mix_f32 hi(%4811:v[78]), %4833:v[104], neg(0)"
g_fswin32,softmax,2614,1.0,v_fma_mix_f32,4884,"4770,4833","v1: %4884:v[113] = v_fma_mix_f32 lo(%4770:v[94]), %4833:v[104], neg(0)"
g_fswin32,softmax,2615,1.0,v_fma_mix_f32,4886,"4770,4833","v1: %4886:v[94] = v_fma_mix_f32 hi(%4770:v[94]), %4833:v[104], neg(0)"
g_fswin32,softmax,2616,1.0,v_cvt_pk_fp8_f32,4838,"4834,4836","v2b: %4838:v[20][0:16] = v_cvt_pk_fp8_f32 %4834:v[105], %4836:v[46]"
g_fswin32,softmax,2617,1.0,v_fma_mix_f32,4896,"4800,4833","v1: %4896:v[133] = v_fma_mix_f32 lo(%4800:v[41]), %4833:v[104], neg(0)"
g_fswin32,softmax,2618,1.0,v_fma_mix_f32,4898,"4800,4833","v1: %4898:v[41] = v_fma_mix_f32 hi(%4800:v[41]), %4833:v[104], neg(0)"
g_fswin32,softmax,2619,1.0,v_cvt_pk_fp8_f32,4844,"4840,4842","v2b: %4844:v[20][16:32] = v_cvt_pk_fp8_f32 %4840:v[106], %4842:v[47] opsel_hi"
g_fswin32,softmax,2620,1.0,v_cvt_pk_fp8_f32,4869,"4865,4867","v2b: %4869:v[22][16:32] = v_cvt_pk_fp8_f32 %4865:v[110], %4867:v[76] opsel_hi"
g_fswin32,softmax,2621,1.0,v_fma_mix_f32,4902,"4815,4833","v1: %4902:v[134] = v_fma_mix_f32 lo(%4815:v[54]), %4833:v[104], neg(0)"
g_fswin32,softmax,2622,1.0,v_cvt_pk_fp8_f32,4875,"4871,4873","v2b: %4875:v[23][0:16] = v_cvt_pk_fp8_f32 %4871:v[111], %4873:v[77]"
g_fswin32,softmax,2623,1.0,v_fma_mix_f32,4904,"4815,4833","v1: %4904:v[54] = v_fma_mix_f32 hi(%4815:v[54]), %4833:v[104], neg(0)"
g_fswin32,softmax,2624,1.0,v_fma_mix_f32,4909,"4774,4833","v1: %4909:v[135] = v_fma_mix_f32 lo(%4774:v[85]), %4833:v[104], neg(0)"
g_fswin32,softmax,2625,1.0,v_fma_mix_f32,4911,"4774,4833","v1: %4911:v[85] = v_fma_mix_f32 hi(%4774:v[85]), %4833:v[104], neg(0)"
g_fswin32,softmax,2626,1.0,v_fma_mix_f32,4915,"4789,4833","v1: %4915:v[140] = v_fma_mix_f32 lo(%4789:v[86]), %4833:v[104], neg(0)"
g_fswin32,softmax,2627,1.0,v_fma_mix_f32,4917,"4789,4833","v1: %4917:v[86] = v_fma_mix_f32 hi(%4789:v[86]), %4833:v[104], neg(0)"
g_fswin32,softmax,2628,1.0,v_cvt_pk_fp8_f32,4881,"4877,4879","v2b: %4881:v[23][16:32] = v_cvt_pk_fp8_f32 %4877:v[112], %4879:v[78] opsel_hi"
g_fswin32,softmax,2629,1.0,v_fma_mix_f32,4921,"4804,4833","v1: %4921:v[141] = v_fma_mix_f32 lo(%4804:v[87]), %4833:v[104], neg(0)"
g_fswin32,softmax,2630,1.0,v_fma_mix_f32,4923,"4804,4833","v1: %4923:v[87] = v_fma_mix_f32 hi(%4804:v[87]), %4833:v[104], neg(0)"
g_fswin32,softmax,2631,1.0,v_cvt_pk_fp8_f32,4888,"4884,4886","v2b: %4888:v[24][0:16] = v_cvt_pk_fp8_f32 %4884:v[113], %4886:v[94]"
g_fswin32,softmax,2632,1.0,v_cvt_pk_fp8_f32,4894,"4890,4892","v2b: %4894:v[24][16:32] = v_cvt_pk_fp8_f32 %4890:v[129], %4892:v[95] opsel_hi"
g_fswin32,softmax,2633,1.0,v_fma_mix_f32,4927,"4819,4833","v1: %4927:v[142] = v_fma_mix_f32 lo(%4819:v[88]), %4833:v[104], neg(0)"
g_fswin32,softmax,2634,1.0,v_cvt_pk_fp8_f32,4900,"4896,4898","v2b: %4900:v[25][0:16] = v_cvt_pk_fp8_f32 %4896:v[133], %4898:v[41]"
g_fswin32,softmax,2635,1.0,v_fma_mix_f32,4929,"4819,4833","v1: %4929:v[88] = v_fma_mix_f32 hi(%4819:v[88]), %4833:v[104], neg(0)"
g_fswin32,softmax,2638,1.0,v_cvt_pk_fp8_f32,4906,"4902,4904","v2b: %4906:v[25][16:32] = v_cvt_pk_fp8_f32 %4902:v[134], %4904:v[54] opsel_hi"
g_fswin32,softmax,2640,1.0,v_cvt_pk_fp8_f32,4913,"4909,4911","v2b: %4913:v[26][0:16] = v_cvt_pk_fp8_f32 %4909:v[135], %4911:v[85]"
g_fswin32,softmax,2642,1.0,v_cvt_pk_fp8_f32,4919,"4915,4917","v2b: %4919:v[26][16:32] = v_cvt_pk_fp8_f32 %4915:v[140], %4917:v[86] opsel_hi"
g_fswin32,softmax,2643,1.0,v_cvt_pk_fp8_f32,4925,"4921,4923","v2b: %4925:v[27][0:16] = v_cvt_pk_fp8_f32 %4921:v[141], %4923:v[87]"
g_fswin32,softmax,2644,1.0,v_cvt_pk_fp8_f32,4931,"4927,4929","v2b: %4931:v[27][16:32] = v_cvt_pk_fp8_f32 %4927:v[142], %4929:v[88] opsel_hi"
g_fswin32,softmax,2645,1.0,v_pk_add_f16,4947,"4943,4945","v1: %4947:v[2] = v_pk_add_f16 %4943:v[2], %4945:v[89]"
g_fswin32,softmax,2646,1.0,v_pk_add_f16,4962,"4958,4960","v1: %4962:v[45] = v_pk_add_f16 %4958:v[45], %4960:v[90]"
g_fswin32,softmax,2647,1.0,v_pk_add_f16,4977,"4973,4975","v1: %4977:v[55] = v_pk_add_f16 %4973:v[55], %4975:v[91]"
g_fswin32,softmax,2648,1.0,v_pk_add_f16,4992,"4988,4990","v1: %4992:v[71] = v_pk_add_f16 %4988:v[71], %4990:v[92]"
g_fswin32,softmax,2650,1.0,v_pk_add_f16,4993,"4947,4962","v1: %4993:v[2] = v_pk_add_f16 %4947:v[2], %4962:v[45]"
g_fswin32,softmax,2651,1.0,v_pk_add_f16,4994,"4993,4977","v1: %4994:v[2] = v_pk_add_f16 %4993:v[2], %4977:v[55]"
g_fswin32,softmax,2653,1.0,v_pk_add_f16,4995,"4994,4992","v1: %4995:v[2] = v_pk_add_f16 %4994:v[2], %4992:v[71]"
g_fswin32,softmax,2654,1.0,v_permlanex16_b32,21454,"4995,19886,19887","v1: %21454:v[143] = v_permlanex16_b32 %4995:v[2], %19886:s[57], %19887:s[58] bound_ctrl:1 fi"
g_fswin32,softmax,2656,1.0,v_pk_add_f16,4999,"4995,21454","v1: %4999:v[2] = v_pk_add_f16 %4995:v[2], %21454:v[143]"
g_fswin32,softmax,2657,1.0,v_add_f16,5000,"4999,4999","v2b: %5000:v[144][0:16] = v_add_f16 %4999:v[2], hi(%4999:v[2])"
g_fswin32,softmax,2659,1.0,v_max_f16,5002,"916,5000","v2b: (InfPreserve)%5002:v[144][0:16] = v_max_f16 %916:s[56], %5000:v[144][0:16]"
g_fswin32,softmax,2660,1.0,v_cvt_f32_f16,5003,5002,v1: %5003:v[145] = v_cvt_f32_f16 %5002:v[144][0:16]
g_fswin32,softmax,2662,1.0,v_rcp_f32,5004,5003,v1: %5004:v[145] = v_rcp_f32 %5003:v[145]
g_fswin32,softmax,2663,1.0,v_fma_mix_f32,5030,"4937,5004","v1: %5030:v[45] = v_fma_mix_f32 lo(%4937:v[79]), %5004:v[145], neg(0)"
g_fswin32,softmax,2664,1.0,v_fma_mix_f32,5005,"4934,5004","v1: %5005:v[146] = v_fma_mix_f32 lo(%4934:v[114]), %5004:v[145], neg(0)"
g_fswin32,softmax,2665,1.0,v_fma_mix_f32,5017,"4964,5004","v1: %5017:v[2] = v_fma_mix_f32 lo(%4964:v[116]), %5004:v[145], neg(0)"
g_fswin32,softmax,2668,1.0,v_fma_mix_f32,5032,"4937,5004","v1: %5032:v[79] = v_fma_mix_f32 hi(%4937:v[79]), %5004:v[145], neg(0)"
g_fswin32,softmax,2669,1.0,v_fma_mix_f32,5019,"4964,5004","v1: %5019:v[116] = v_fma_mix_f32 hi(%4964:v[116]), %5004:v[145], neg(0)"
g_fswin32,softmax,2670,1.0,v_fma_mix_f32,5023,"4979,5004","v1: %5023:v[41] = v_fma_mix_f32 lo(%4979:v[117]), %5004:v[145], neg(0)"
g_fswin32,softmax,2671,1.0,v_fma_mix_f32,5007,"4934,5004","v1: %5007:v[114] = v_fma_mix_f32 hi(%4934:v[114]), %5004:v[145], neg(0)"
g_fswin32,softmax,2673,1.0,v_fma_mix_f32,5025,"4979,5004","v1: %5025:v[117] = v_fma_mix_f32 hi(%4979:v[117]), %5004:v[145], neg(0)"
g_fswin32,softmax,2674,1.0,v_fma_mix_f32,5011,"4949,5004","v1: %5011:v[147] = v_fma_mix_f32 lo(%4949:v[115]), %5004:v[145], neg(0)"
g_fswin32,softmax,2675,1.0,v_fma_mix_f32,5013,"4949,5004","v1: %5013:v[115] = v_fma_mix_f32 hi(%4949:v[115]), %5004:v[145], neg(0)"
g_fswin32,softmax,2676,1.0,v_fma_mix_f32,5036,"4952,5004","v1: %5036:v[49] = v_fma_mix_f32 lo(%4952:v[44]), %5004:v[145], neg(0)"
g_fswin32,softmax,2677,1.0,v_fma_mix_f32,5038,"4952,5004","v1: %5038:v[44] = v_fma_mix_f32 hi(%4952:v[44]), %5004:v[145], neg(0)"
g_fswin32,softmax,2678,1.0,v_fma_mix_f32,5042,"4967,5004","v1: %5042:v[50] = v_fma_mix_f32 lo(%4967:v[148]), %5004:v[145], neg(0)"
g_fswin32,softmax,2679,1.0,v_fma_mix_f32,5044,"4967,5004","v1: %5044:v[148] = v_fma_mix_f32 hi(%4967:v[148]), %5004:v[145], neg(0)"
g_fswin32,softmax,2680,1.0,v_fma_mix_f32,5048,"4982,5004","v1: %5048:v[51] = v_fma_mix_f32 lo(%4982:v[149]), %5004:v[145], neg(0)"
g_fswin32,softmax,2681,1.0,v_fma_mix_f32,5050,"4982,5004","v1: %5050:v[149] = v_fma_mix_f32 hi(%4982:v[149]), %5004:v[145], neg(0)"
g_fswin32,softmax,2682,1.0,v_cvt_pk_fp8_f32,5034,"5030,5032","v2b: %5034:v[48][0:16] = v_cvt_pk_fp8_f32 %5030:v[45], %5032:v[79]"
g_fswin32,softmax,2683,1.0,v_cvt_pk_fp8_f32,5021,"5017,5019","v2b: %5021:v[47][0:16] = v_cvt_pk_fp8_f32 %5017:v[2], %5019:v[116]"
g_fswin32,softmax,2684,1.0,v_fma_mix_f32,5055,"4941,5004","v1: %5055:v[54] = v_fma_mix_f32 lo(%4941:v[100]), %5004:v[145], neg(0)"
g_fswin32,softmax,2685,1.0,v_fma_mix_f32,5057,"4941,5004","v1: %5057:v[100] = v_fma_mix_f32 hi(%4941:v[100]), %5004:v[145], neg(0)"
g_fswin32,softmax,2686,1.0,v_cvt_pk_fp8_f32,5009,"5005,5007","v2b: %5009:v[46][0:16] = v_cvt_pk_fp8_f32 %5005:v[146], %5007:v[114]"
g_fswin32,softmax,2687,1.0,v_fma_mix_f32,5061,"4956,5004","v1: %5061:v[55] = v_fma_mix_f32 lo(%4956:v[101]), %5004:v[145], neg(0)"
g_fswin32,softmax,2688,1.0,v_fma_mix_f32,5063,"4956,5004","v1: %5063:v[101] = v_fma_mix_f32 hi(%4956:v[101]), %5004:v[145], neg(0)"
g_fswin32,softmax,2689,1.0,v_cvt_pk_fp8_f32,5027,"5023,5025","v2b: %5027:v[47][16:32] = v_cvt_pk_fp8_f32 %5023:v[41], %5025:v[117] opsel_hi"
g_fswin32,softmax,2690,1.0,v_cvt_pk_fp8_f32,5015,"5011,5013","v2b: %5015:v[46][16:32] = v_cvt_pk_fp8_f32 %5011:v[147], %5013:v[115] opsel_hi"
g_fswin32,softmax,2691,1.0,v_fma_mix_f32,5067,"4971,5004","v1: %5067:v[71] = v_fma_mix_f32 lo(%4971:v[102]), %5004:v[145], neg(0)"
g_fswin32,softmax,2692,1.0,v_fma_mix_f32,5069,"4971,5004","v1: %5069:v[102] = v_fma_mix_f32 hi(%4971:v[102]), %5004:v[145], neg(0)"
g_fswin32,softmax,2693,1.0,v_cvt_pk_fp8_f32,5040,"5036,5038","v2b: %5040:v[48][16:32] = v_cvt_pk_fp8_f32 %5036:v[49], %5038:v[44] opsel_hi"
g_fswin32,softmax,2694,1.0,v_fma_mix_f32,5073,"4986,5004","v1: %5073:v[75] = v_fma_mix_f32 lo(%4986:v[14]), %5004:v[145], neg(0)"
g_fswin32,softmax,2695,1.0,v_cvt_pk_fp8_f32,5046,"5042,5044","v2b: %5046:v[49][0:16] = v_cvt_pk_fp8_f32 %5042:v[50], %5044:v[148]"
g_fswin32,softmax,2696,1.0,v_fma_mix_f32,5075,"4986,5004","v1: %5075:v[14] = v_fma_mix_f32 hi(%4986:v[14]), %5004:v[145], neg(0)"
g_fswin32,softmax,2697,1.0,v_fma_mix_f32,5080,"4945,5004","v1: %5080:v[76] = v_fma_mix_f32 lo(%4945:v[89]), %5004:v[145], neg(0)"
g_fswin32,softmax,2698,1.0,v_cvt_pk_fp8_f32,5052,"5048,5050","v2b: %5052:v[49][16:32] = v_cvt_pk_fp8_f32 %5048:v[51], %5050:v[149] opsel_hi"
g_fswin32,softmax,2699,1.0,v_fma_mix_f32,5082,"4945,5004","v1: %5082:v[89] = v_fma_mix_f32 hi(%4945:v[89]), %5004:v[145], neg(0)"
g_fswin32,softmax,2700,1.0,v_fma_mix_f32,5086,"4960,5004","v1: %5086:v[77] = v_fma_mix_f32 lo(%4960:v[90]), %5004:v[145], neg(0)"
g_fswin32,softmax,2701,1.0,v_fma_mix_f32,5088,"4960,5004","v1: %5088:v[90] = v_fma_mix_f32 hi(%4960:v[90]), %5004:v[145], neg(0)"
g_fswin32,softmax,2702,1.0,v_cvt_pk_fp8_f32,5059,"5055,5057","v2b: %5059:v[44][0:16] = v_cvt_pk_fp8_f32 %5055:v[54], %5057:v[100]"
g_fswin32,softmax,2703,1.0,v_cvt_pk_fp8_f32,5065,"5061,5063","v2b: %5065:v[44][16:32] = v_cvt_pk_fp8_f32 %5061:v[55], %5063:v[101] opsel_hi"
g_fswin32,softmax,2708,1.0,v_fma_mix_f32,5092,"4975,5004","v1: %5092:v[78] = v_fma_mix_f32 lo(%4975:v[91]), %5004:v[145], neg(0)"
g_fswin32,softmax,2709,1.0,v_fma_mix_f32,5094,"4975,5004","v1: %5094:v[91] = v_fma_mix_f32 hi(%4975:v[91]), %5004:v[145], neg(0)"
g_fswin32,softmax,2710,1.0,v_fma_mix_f32,5098,"4990,5004","v1: %5098:v[79] = v_fma_mix_f32 lo(%4990:v[92]), %5004:v[145], neg(0)"
g_fswin32,softmax,2711,1.0,v_cvt_pk_fp8_f32,5084,"5080,5082","v2b: %5084:v[50][0:16] = v_cvt_pk_fp8_f32 %5080:v[76], %5082:v[89]"
g_fswin32,softmax,2712,1.0,v_cvt_pk_fp8_f32,5090,"5086,5088","v2b: %5090:v[50][16:32] = v_cvt_pk_fp8_f32 %5086:v[77], %5088:v[90] opsel_hi"
g_fswin32,softmax,2714,1.0,v_fma_mix_f32,5100,"4990,5004","v1: %5100:v[92] = v_fma_mix_f32 hi(%4990:v[92]), %5004:v[145], neg(0)"
g_fswin32,softmax,2715,1.0,v_cvt_pk_fp8_f32,5071,"5067,5069","v2b: %5071:v[45][0:16] = v_cvt_pk_fp8_f32 %5067:v[71], %5069:v[102]"
g_fswin32,softmax,2716,1.0,v_cvt_pk_fp8_f32,5077,"5073,5075","v2b: %5077:v[45][16:32] = v_cvt_pk_fp8_f32 %5073:v[75], %5075:v[14] opsel_hi"
g_fswin32,softmax,2719,1.0,v_pk_add_f16,5140,"5135,5138","v1: %5140:v[80] = v_pk_add_f16 %5135:v[128], %5138:v[35]"
g_fswin32,softmax,2724,1.0,v_cvt_pk_fp8_f32,5096,"5092,5094","v2b: %5096:v[51][0:16] = v_cvt_pk_fp8_f32 %5092:v[78], %5094:v[91]"
g_fswin32,softmax,2727,1.0,v_cvt_pk_fp8_f32,5102,"5098,5100","v2b: %5102:v[51][16:32] = v_cvt_pk_fp8_f32 %5098:v[79], %5100:v[92] opsel_hi"
g_fswin32,softmax,2728,1.0,v_pk_add_f16,5118,"5114,5116","v1: %5118:v[74] = v_pk_add_f16 %5114:v[74], %5116:v[93]"
g_fswin32,softmax,2729,1.0,v_pk_add_f16,5133,"5129,5131","v1: %5133:v[84] = v_pk_add_f16 %5129:v[84], %5131:v[96]"
g_fswin32,softmax,2730,1.0,v_pk_add_f16,5144,"5140,5142","v1: %5144:v[80] = v_pk_add_f16 %5140:v[80], %5142:v[29]"
g_fswin32,softmax,2731,1.0,v_pk_add_f16,5155,"5150,5153","v1: %5155:v[81] = v_pk_add_f16 %5150:v[70], %5153:v[40]"
g_fswin32,softmax,2733,1.0,v_pk_add_f16,5164,"5118,5133","v1: %5164:v[74] = v_pk_add_f16 %5118:v[74], %5133:v[84]"
g_fswin32,softmax,2734,1.0,v_pk_add_f16,5148,"5144,5146","v1: %5148:v[80] = v_pk_add_f16 %5144:v[80], %5146:v[97]"
g_fswin32,softmax,2735,1.0,v_pk_add_f16,5159,"5155,5157","v1: %5159:v[81] = v_pk_add_f16 %5155:v[81], %5157:v[34]"
g_fswin32,softmax,2736,1.0,v_pk_add_f16,5165,"5164,5148","v1: %5165:v[74] = v_pk_add_f16 %5164:v[74], %5148:v[80]"
g_fswin32,softmax,2737,1.0,v_pk_add_f16,5163,"5159,5161","v1: %5163:v[81] = v_pk_add_f16 %5159:v[81], %5161:v[98]"
g_fswin32,softmax,2739,1.0,v_pk_add_f16,5166,"5165,5163","v1: %5166:v[74] = v_pk_add_f16 %5165:v[74], %5163:v[81]"
g_fswin32,softmax,2740,1.0,v_permlanex16_b32,21555,"5166,19886,19887","v1: %21555:v[82] = v_permlanex16_b32 %5166:v[74], %19886:s[57], %19887:s[58] bound_ctrl:1 fi"
g_fswin32,softmax,2742,1.0,v_pk_add_f16,5170,"5166,21555","v1: %5170:v[74] = v_pk_add_f16 %5166:v[74], %21555:v[82]"
g_fswin32,softmax,2743,1.0,v_add_f16,5171,"5170,5170","v2b: %5171:v[83][0:16] = v_add_f16 %5170:v[74], hi(%5170:v[74])"
g_fswin32,softmax,2745,1.0,v_max_f16,5173,"916,5171","v2b: (InfPreserve)%5173:v[83][0:16] = v_max_f16 %916:s[56], %5171:v[83][0:16]"
g_fswin32,softmax,2746,1.0,v_cvt_f32_f16,5174,5173,v1: %5174:v[84] = v_cvt_f32_f16 %5173:v[83][0:16]
g_fswin32,softmax,2748,1.0,v_rcp_f32,5175,5174,v1: %5175:v[84] = v_rcp_f32 %5174:v[84]
g_fswin32,softmax,2749,1.0,v_fma_mix_f32,5188,"5135,5175","v1: %5188:v[87] = v_fma_mix_f32 lo(%5135:v[128]), %5175:v[84], neg(0)"
g_fswin32,softmax,2750,1.0,v_fma_mix_f32,5201,"5108,5175","v1: %5201:v[89] = v_fma_mix_f32 lo(%5108:v[150]), %5175:v[84], neg(0)"
g_fswin32,softmax,2751,1.0,v_fma_mix_f32,5203,"5108,5175","v1: %5203:v[150] = v_fma_mix_f32 hi(%5108:v[150]), %5175:v[84], neg(0)"
g_fswin32,softmax,2752,1.0,v_fma_mix_f32,5194,"5150,5175","v1: %5194:v[88] = v_fma_mix_f32 lo(%5150:v[70]), %5175:v[84], neg(0)"
g_fswin32,softmax,2753,1.0,v_fma_mix_f32,5207,"5123,5175","v1: %5207:v[90] = v_fma_mix_f32 lo(%5123:v[151]), %5175:v[84], neg(0)"
g_fswin32,softmax,2754,1.0,v_fma_mix_f32,5196,"5150,5175","v1: %5196:v[70] = v_fma_mix_f32 hi(%5150:v[70]), %5175:v[84], neg(0)"
g_fswin32,softmax,2755,1.0,v_fma_mix_f32,5182,"5120,5175","v1: %5182:v[86] = v_fma_mix_f32 lo(%5120:v[119]), %5175:v[84], neg(0)"
g_fswin32,softmax,2756,1.0,v_fma_mix_f32,5184,"5120,5175","v1: %5184:v[119] = v_fma_mix_f32 hi(%5120:v[119]), %5175:v[84], neg(0)"
g_fswin32,softmax,2757,1.0,v_fma_mix_f32,5176,"5105,5175","v1: %5176:v[85] = v_fma_mix_f32 lo(%5105:v[118]), %5175:v[84], neg(0)"
g_fswin32,softmax,2758,1.0,v_fma_mix_f32,5178,"5105,5175","v1: %5178:v[118] = v_fma_mix_f32 hi(%5105:v[118]), %5175:v[84], neg(0)"
g_fswin32,softmax,2759,1.0,v_fma_mix_f32,5190,"5135,5175","v1: %5190:v[128] = v_fma_mix_f32 hi(%5135:v[128]), %5175:v[84], neg(0)"
g_fswin32,softmax,2760,1.0,v_fma_mix_f32,5209,"5123,5175","v1: %5209:v[151] = v_fma_mix_f32 hi(%5123:v[151]), %5175:v[84], neg(0)"
g_fswin32,softmax,2761,1.0,v_fma_mix_f32,5213,"5138,5175","v1: %5213:v[91] = v_fma_mix_f32 lo(%5138:v[35]), %5175:v[84], neg(0)"
g_fswin32,softmax,2762,1.0,v_fma_mix_f32,5215,"5138,5175","v1: %5215:v[35] = v_fma_mix_f32 hi(%5138:v[35]), %5175:v[84], neg(0)"
g_fswin32,softmax,2763,1.0,v_fma_mix_f32,5219,"5153,5175","v1: %5219:v[92] = v_fma_mix_f32 lo(%5153:v[40]), %5175:v[84], neg(0)"
g_fswin32,softmax,2764,1.0,v_fma_mix_f32,5221,"5153,5175","v1: %5221:v[40] = v_fma_mix_f32 hi(%5153:v[40]), %5175:v[84], neg(0)"
g_fswin32,softmax,2765,1.0,v_fma_mix_f32,5226,"5112,5175","v1: %5226:v[94] = v_fma_mix_f32 lo(%5112:v[13]), %5175:v[84], neg(0)"
g_fswin32,softmax,2766,1.0,v_fma_mix_f32,5228,"5112,5175","v1: %5228:v[13] = v_fma_mix_f32 hi(%5112:v[13]), %5175:v[84], neg(0)"
g_fswin32,softmax,2767,1.0,v_fma_mix_f32,5232,"5127,5175","v1: %5232:v[95] = v_fma_mix_f32 lo(%5127:v[28]), %5175:v[84], neg(0)"
g_fswin32,softmax,2768,1.0,v_fma_mix_f32,5234,"5127,5175","v1: %5234:v[28] = v_fma_mix_f32 hi(%5127:v[28]), %5175:v[84], neg(0)"
g_fswin32,softmax,2769,1.0,v_cvt_pk_fp8_f32,5180,"5176,5178","v2b: %5180:v[74][0:16] = v_cvt_pk_fp8_f32 %5176:v[85], %5178:v[118]"
g_fswin32,softmax,2770,1.0,v_cvt_pk_fp8_f32,5186,"5182,5184","v2b: %5186:v[74][16:32] = v_cvt_pk_fp8_f32 %5182:v[86], %5184:v[119] opsel_hi"
g_fswin32,softmax,2771,1.0,v_fma_mix_f32,5238,"5142,5175","v1: %5238:v[99] = v_fma_mix_f32 lo(%5142:v[29]), %5175:v[84], neg(0)"
g_fswin32,softmax,2772,1.0,v_cvt_pk_fp8_f32,5192,"5188,5190","v2b: %5192:v[75][0:16] = v_cvt_pk_fp8_f32 %5188:v[87], %5190:v[128]"
g_fswin32,softmax,2773,1.0,v_cvt_pk_fp8_f32,5198,"5194,5196","v2b: %5198:v[75][16:32] = v_cvt_pk_fp8_f32 %5194:v[88], %5196:v[70] opsel_hi"
g_fswin32,softmax,2774,1.0,v_cvt_pk_fp8_f32,5205,"5201,5203","v2b: %5205:v[70][0:16] = v_cvt_pk_fp8_f32 %5201:v[89], %5203:v[150]"
g_fswin32,softmax,2775,1.0,v_fma_mix_f32,5240,"5142,5175","v1: %5240:v[29] = v_fma_mix_f32 hi(%5142:v[29]), %5175:v[84], neg(0)"
g_fswin32,softmax,2776,1.0,v_cvt_pk_fp8_f32,5211,"5207,5209","v2b: %5211:v[70][16:32] = v_cvt_pk_fp8_f32 %5207:v[90], %5209:v[151] opsel_hi"
g_fswin32,softmax,2777,1.0,v_fma_mix_f32,5244,"5157,5175","v1: %5244:v[100] = v_fma_mix_f32 lo(%5157:v[34]), %5175:v[84], neg(0)"
g_fswin32,softmax,2778,1.0,v_fma_mix_f32,5246,"5157,5175","v1: %5246:v[34] = v_fma_mix_f32 hi(%5157:v[34]), %5175:v[84], neg(0)"
g_fswin32,softmax,2779,1.0,v_cvt_pk_fp8_f32,5217,"5213,5215","v2b: %5217:v[71][0:16] = v_cvt_pk_fp8_f32 %5213:v[91], %5215:v[35]"
g_fswin32,softmax,2780,1.0,v_cvt_pk_fp8_f32,5223,"5219,5221","v2b: %5223:v[71][16:32] = v_cvt_pk_fp8_f32 %5219:v[92], %5221:v[40] opsel_hi"
g_fswin32,softmax,2781,1.0,v_fma_mix_f32,5251,"5116,5175","v1: %5251:v[101] = v_fma_mix_f32 lo(%5116:v[93]), %5175:v[84], neg(0)"
g_fswin32,softmax,2782,1.0,v_fma_mix_f32,5253,"5116,5175","v1: %5253:v[93] = v_fma_mix_f32 hi(%5116:v[93]), %5175:v[84], neg(0)"
g_fswin32,softmax,2783,1.0,v_cvt_pk_fp8_f32,5230,"5226,5228","v2b: %5230:v[40][0:16] = v_cvt_pk_fp8_f32 %5226:v[94], %5228:v[13]"
g_fswin32,softmax,2784,1.0,v_fma_mix_f32,5257,"5131,5175","v1: %5257:v[102] = v_fma_mix_f32 lo(%5131:v[96]), %5175:v[84], neg(0)"
g_fswin32,softmax,2785,1.0,v_fma_mix_f32,5259,"5131,5175","v1: %5259:v[96] = v_fma_mix_f32 hi(%5131:v[96]), %5175:v[84], neg(0)"
g_fswin32,softmax,2786,1.0,v_cvt_pk_fp8_f32,5236,"5232,5234","v2b: %5236:v[40][16:32] = v_cvt_pk_fp8_f32 %5232:v[95], %5234:v[28] opsel_hi"
g_fswin32,softmax,2787,1.0,v_fma_mix_f32,5263,"5146,5175","v1: %5263:v[103] = v_fma_mix_f32 lo(%5146:v[97]), %5175:v[84], neg(0)"
g_fswin32,softmax,2788,1.0,v_fma_mix_f32,5265,"5146,5175","v1: %5265:v[97] = v_fma_mix_f32 hi(%5146:v[97]), %5175:v[84], neg(0)"
g_fswin32,softmax,2789,1.0,v_fma_mix_f32,5269,"5161,5175","v1: %5269:v[104] = v_fma_mix_f32 lo(%5161:v[98]), %5175:v[84], neg(0)"
g_fswin32,softmax,2790,1.0,v_fma_mix_f32,5271,"5161,5175","v1: %5271:v[98] = v_fma_mix_f32 hi(%5161:v[98]), %5175:v[84], neg(0)"
g_fswin32,softmax,2791,1.0,v_cvt_pk_fp8_f32,5242,"5238,5240","v2b: %5242:v[41][0:16] = v_cvt_pk_fp8_f32 %5238:v[99], %5240:v[29]"
g_fswin32,softmax,2793,1.0,v_cvt_pk_fp8_f32,5248,"5244,5246","v2b: %5248:v[41][16:32] = v_cvt_pk_fp8_f32 %5244:v[100], %5246:v[34] opsel_hi"
g_fswin32,softmax,2794,1.0,v_cvt_pk_fp8_f32,5255,"5251,5253","v2b: %5255:v[28][0:16] = v_cvt_pk_fp8_f32 %5251:v[101], %5253:v[93]"
g_fswin32,softmax,2796,1.0,v_cvt_pk_fp8_f32,5261,"5257,5259","v2b: %5261:v[28][16:32] = v_cvt_pk_fp8_f32 %5257:v[102], %5259:v[96] opsel_hi"
g_fswin32,softmax,2797,1.0,v_cvt_pk_fp8_f32,5267,"5263,5265","v2b: %5267:v[29][0:16] = v_cvt_pk_fp8_f32 %5263:v[103], %5265:v[97]"
g_fswin32,softmax,2798,1.0,v_cvt_pk_fp8_f32,5273,"5269,5271","v2b: %5273:v[29][16:32] = v_cvt_pk_fp8_f32 %5269:v[104], %5271:v[98] opsel_hi"
g_fswin64,activation,394,1.0,v_maxmin_f32,414,7510,"v1: (InfPreserve)%414:v[48] = v_maxmin_f32 -4.0, %7510:v[88], 4.0"
g_fswin64,activation,395,1.0,v_maxmin_f32,424,7511,"v1: (InfPreserve)%424:v[50] = v_maxmin_f32 -4.0, %7511:v[89], 4.0"
g_fswin64,activation,396,1.0,v_maxmin_f32,434,7512,"v1: (InfPreserve)%434:v[52] = v_maxmin_f32 -4.0, %7512:v[90], 4.0"
g_fswin64,activation,401,1.0,v_maxmin_f32,442,7513,"v1: (InfPreserve)%442:v[54] = v_maxmin_f32 -4.0, %7513:v[91], 4.0"
g_fswin64,activation,402,1.0,v_maxmin_f32,452,7514,"v1: (InfPreserve)%452:v[56] = v_maxmin_f32 -4.0, %7514:v[92], 4.0"
g_fswin64,activation,403,1.0,v_fma_mix_f32,418,414,"v1: %418:v[49] = v_fma_mix_f32 lo(0x3728ab28), |%414:v[48]|, hi(0x3728ab28)"
g_fswin64,activation,404,1.0,v_fma_mix_f32,427,424,"v1: %427:v[51] = v_fma_mix_f32 lo(0x3728ab28), |%424:v[50]|, hi(0x3728ab28)"
g_fswin64,activation,405,1.0,v_fma_mix_f32,437,434,"v1: %437:v[53] = v_fma_mix_f32 lo(0x3728ab28), |%434:v[52]|, hi(0x3728ab28)"
g_fswin64,activation,415,1.0,v_fma_mix_f32,445,442,"v1: %445:v[55] = v_fma_mix_f32 lo(0x3728ab28), |%442:v[54]|, hi(0x3728ab28)"
g_fswin64,activation,416,1.0,v_fma_mix_f32,455,452,"v1: %455:v[57] = v_fma_mix_f32 lo(0x3728ab28), |%452:v[56]|, hi(0x3728ab28)"
g_fswin64,activation,417,1.0,v_fmaak_f32,421,"414,418","v1: %421:v[48] = v_fmaak_f32 %414:v[48], %418:v[49], 0x3f650000"
g_fswin64,activation,418,0.5,v_dual_fmaak_f32,439,"434,437","v1: %439:v[52] = v_dual_fmaak_f32 %434:v[52], %437:v[53], 0x3f650000"
g_fswin64,activation,418,0.5,v_dual_fmaak_f32,429,"427,424","v1: %429:v[51] = v_dual_fmaak_f32 %427:v[51], %424:v[50], 0x3f650000"
g_fswin64,activation,419,1.0,v_maxmin_f32,460,7515,"v1: (InfPreserve)%460:v[58] = v_maxmin_f32 -4.0, %7515:v[93], 4.0"
g_fswin64,activation,420,1.0,v_maxmin_f32,470,7516,"v1: (InfPreserve)%470:v[60] = v_maxmin_f32 -4.0, %7516:v[94], 4.0"
g_fswin64,activation,421,1.0,v_maxmin_f32,478,7517,"v1: (InfPreserve)%478:v[62] = v_maxmin_f32 -4.0, %7517:v[95], 4.0"
g_fswin64,activation,422,1.0,v_maxmin_f32,489,7518,"v1: (InfPreserve)%489:v[66] = v_maxmin_f32 -4.0, %7518:v[120], 4.0"
g_fswin64,activation,423,0.5,v_dual_fmaak_f32,457,"452,455","v1: %457:v[56] = v_dual_fmaak_f32 %452:v[56], %455:v[57], 0x3f650000"
g_fswin64,activation,423,0.5,v_dual_fmaak_f32,447,"445,442","v1: %447:v[55] = v_dual_fmaak_f32 %445:v[55], %442:v[54], 0x3f650000"
g_fswin64,activation,424,1.0,v_maxmin_f32,497,7519,"v1: (InfPreserve)%497:v[68] = v_maxmin_f32 -4.0, %7519:v[121], 4.0"
g_fswin64,activation,425,1.0,v_mul_f32,422,"7510,421","v1: %422:v[88] = v_mul_f32 %7510:v[88], %421:v[48]"
g_fswin64,activation,426,0.5,v_dual_mul_f32,440,"7512,439","v1: %440:v[90] = v_dual_mul_f32 %7512:v[90], %439:v[52]"
g_fswin64,activation,426,0.5,v_dual_mul_f32,430,"7511,429","v1: %430:v[89] = v_dual_mul_f32 %7511:v[89], %429:v[51]"
g_fswin64,activation,427,1.0,v_maxmin_f32,507,7520,"v1: (InfPreserve)%507:v[70] = v_maxmin_f32 -4.0, %7520:v[122], 4.0"
g_fswin64,activation,428,1.0,v_fma_mix_f32,463,460,"v1: %463:v[59] = v_fma_mix_f32 lo(0x3728ab28), |%460:v[58]|, hi(0x3728ab28)"
g_fswin64,activation,429,1.0,v_fma_mix_f32,473,470,"v1: %473:v[61] = v_fma_mix_f32 lo(0x3728ab28), |%470:v[60]|, hi(0x3728ab28)"
g_fswin64,activation,430,1.0,v_fma_mix_f32,481,478,"v1: %481:v[63] = v_fma_mix_f32 lo(0x3728ab28), |%478:v[62]|, hi(0x3728ab28)"
g_fswin64,activation,431,1.0,v_fma_mix_f32,492,489,"v1: %492:v[67] = v_fma_mix_f32 lo(0x3728ab28), |%489:v[66]|, hi(0x3728ab28)"
g_fswin64,activation,432,0.5,v_dual_mul_f32,458,"7514,457","v1: %458:v[92] = v_dual_mul_f32 %7514:v[92], %457:v[56]"
g_fswin64,activation,432,0.5,v_dual_mul_f32,448,"7513,447","v1: %448:v[91] = v_dual_mul_f32 %7513:v[91], %447:v[55]"
g_fswin64,activation,433,1.0,v_maxmin_f32,515,7521,"v1: (InfPreserve)%515:v[72] = v_maxmin_f32 -4.0, %7521:v[123], 4.0"
g_fswin64,activation,434,1.0,v_fma_mix_f32,500,497,"v1: %500:v[69] = v_fma_mix_f32 lo(0x3728ab28), |%497:v[68]|, hi(0x3728ab28)"
g_fswin64,activation,435,1.0,v_cvt_pk_fp8_f32,432,"422,430","v2b: (InfNaNPreserve)%432:v[22][0:16] = v_cvt_pk_fp8_f32 %422:v[88], %430:v[89]"
g_fswin64,activation,436,1.0,v_maxmin_f32,525,7522,"v1: (InfPreserve)%525:v[74] = v_maxmin_f32 -4.0, %7522:v[124], 4.0"
g_fswin64,activation,437,1.0,v_fma_mix_f32,510,507,"v1: %510:v[71] = v_fma_mix_f32 lo(0x3728ab28), |%507:v[70]|, hi(0x3728ab28)"
g_fswin64,activation,438,0.5,v_dual_fmaak_f32,475,"470,473","v1: %475:v[60] = v_dual_fmaak_f32 %470:v[60], %473:v[61], 0x3f650000"
g_fswin64,activation,438,0.5,v_dual_fmaak_f32,465,"463,460","v1: %465:v[59] = v_dual_fmaak_f32 %463:v[59], %460:v[58], 0x3f650000"
g_fswin64,activation,439,0.5,v_dual_fmaak_f32,494,"489,492","v1: %494:v[66] = v_dual_fmaak_f32 %489:v[66], %492:v[67], 0x3f650000"
g_fswin64,activation,439,0.5,v_dual_fmaak_f32,483,"481,478","v1: %483:v[63] = v_dual_fmaak_f32 %481:v[63], %478:v[62], 0x3f650000"
g_fswin64,activation,440,1.0,v_maxmin_f32,533,7523,"v1: (InfPreserve)%533:v[76] = v_maxmin_f32 -4.0, %7523:v[125], 4.0"
g_fswin64,activation,441,1.0,v_cvt_pk_fp8_f32,450,"440,448","v2b: (InfNaNPreserve)%450:v[22][16:32] = v_cvt_pk_fp8_f32 %440:v[90], %448:v[91] opsel_hi"
g_fswin64,activation,442,1.0,v_maxmin_f32,543,7524,"v1: (InfPreserve)%543:v[78] = v_maxmin_f32 -4.0, %7524:v[126], 4.0"
g_fswin64,activation,443,1.0,v_fma_mix_f32,518,515,"v1: %518:v[73] = v_fma_mix_f32 lo(0x3728ab28), |%515:v[72]|, hi(0x3728ab28)"
g_fswin64,activation,444,1.0,v_fma_mix_f32,528,525,"v1: %528:v[75] = v_fma_mix_f32 lo(0x3728ab28), |%525:v[74]|, hi(0x3728ab28)"
g_fswin64,activation,445,0.5,v_dual_fmaak_f32,512,"507,510","v1: %512:v[70] = v_dual_fmaak_f32 %507:v[70], %510:v[71], 0x3f650000"
g_fswin64,activation,445,0.5,v_dual_fmaak_f32,502,"500,497","v1: %502:v[69] = v_dual_fmaak_f32 %500:v[69], %497:v[68], 0x3f650000"
g_fswin64,activation,446,1.0,v_maxmin_f32,551,7525,"v1: (InfPreserve)%551:v[80] = v_maxmin_f32 -4.0, %7525:v[127], 4.0"
g_fswin64,activation,447,0.5,v_dual_mul_f32,476,"7516,475","v1: %476:v[94] = v_dual_mul_f32 %7516:v[94], %475:v[60]"
g_fswin64,activation,447,0.5,v_dual_mul_f32,466,"7515,465","v1: %466:v[93] = v_dual_mul_f32 %7515:v[93], %465:v[59]"
g_fswin64,activation,448,0.5,v_dual_mul_f32,495,"7518,494","v1: %495:v[120] = v_dual_mul_f32 %7518:v[120], %494:v[66]"
g_fswin64,activation,448,0.5,v_dual_mul_f32,484,"7517,483","v1: %484:v[95] = v_dual_mul_f32 %7517:v[95], %483:v[63]"
g_fswin64,activation,449,1.0,v_maxmin_f32,570,7527,"v1: (InfPreserve)%570:v[87] = v_maxmin_f32 -4.0, %7527:v[153], 4.0"
g_fswin64,activation,450,1.0,v_fma_mix_f32,536,533,"v1: %536:v[77] = v_fma_mix_f32 lo(0x3728ab28), |%533:v[76]|, hi(0x3728ab28)"
g_fswin64,activation,451,1.0,v_fma_mix_f32,546,543,"v1: %546:v[79] = v_fma_mix_f32 lo(0x3728ab28), |%543:v[78]|, hi(0x3728ab28)"
g_fswin64,activation,452,1.0,v_maxmin_f32,562,7526,"v1: (InfPreserve)%562:v[84] = v_maxmin_f32 -4.0, %7526:v[152], 4.0"
g_fswin64,activation,453,0.5,v_dual_fmaak_f32,530,"525,528","v1: %530:v[74] = v_dual_fmaak_f32 %525:v[74], %528:v[75], 0x3f650000"
g_fswin64,activation,453,0.5,v_dual_fmaak_f32,520,"518,515","v1: %520:v[73] = v_dual_fmaak_f32 %518:v[73], %515:v[72], 0x3f650000"
g_fswin64,activation,454,0.5,v_dual_mul_f32,513,"7520,512","v1: %513:v[122] = v_dual_mul_f32 %7520:v[122], %512:v[70]"
g_fswin64,activation,454,0.5,v_dual_mul_f32,503,"7519,502","v1: %503:v[121] = v_dual_mul_f32 %7519:v[121], %502:v[69]"
g_fswin64,activation,455,1.0,v_fma_mix_f32,554,551,"v1: %554:v[81] = v_fma_mix_f32 lo(0x3728ab28), |%551:v[80]|, hi(0x3728ab28)"
g_fswin64,activation,456,1.0,v_cvt_pk_fp8_f32,468,"458,466","v2b: (InfNaNPreserve)%468:v[23][0:16] = v_cvt_pk_fp8_f32 %458:v[92], %466:v[93]"
g_fswin64,activation,457,1.0,v_maxmin_f32,580,7528,"v1: (InfPreserve)%580:v[89] = v_maxmin_f32 -4.0, %7528:v[154], 4.0"
g_fswin64,activation,458,1.0,v_cvt_pk_fp8_f32,486,"476,484","v2b: (InfNaNPreserve)%486:v[23][16:32] = v_cvt_pk_fp8_f32 %476:v[94], %484:v[95] opsel_hi"
g_fswin64,activation,459,1.0,v_fma_mix_f32,573,570,"v1: %573:v[88] = v_fma_mix_f32 lo(0x3728ab28), |%570:v[87]|, hi(0x3728ab28)"
g_fswin64,activation,460,1.0,v_maxmin_f32,588,7529,"v1: (InfPreserve)%588:v[91] = v_maxmin_f32 -4.0, %7529:v[155], 4.0"
g_fswin64,activation,461,0.5,v_dual_fmaak_f32,548,"543,546","v1: %548:v[78] = v_dual_fmaak_f32 %543:v[78], %546:v[79], 0x3f650000"
g_fswin64,activation,461,0.5,v_dual_fmaak_f32,538,"536,533","v1: %538:v[77] = v_dual_fmaak_f32 %536:v[77], %533:v[76], 0x3f650000"
g_fswin64,activation,462,1.0,v_fma_mix_f32,565,562,"v1: %565:v[86] = v_fma_mix_f32 lo(0x3728ab28), |%562:v[84]|, hi(0x3728ab28)"
g_fswin64,activation,463,0.5,v_dual_mul_f32,531,"7522,530","v1: %531:v[124] = v_dual_mul_f32 %7522:v[124], %530:v[74]"
g_fswin64,activation,463,0.5,v_dual_mul_f32,521,"7521,520","v1: %521:v[123] = v_dual_mul_f32 %7521:v[123], %520:v[73]"
g_fswin64,activation,464,1.0,v_cvt_pk_fp8_f32,505,"495,503","v2b: (InfNaNPreserve)%505:v[48][0:16] = v_cvt_pk_fp8_f32 %495:v[120], %503:v[121]"
g_fswin64,activation,465,1.0,v_maxmin_f32,598,7530,"v1: (InfPreserve)%598:v[93] = v_maxmin_f32 -4.0, %7530:v[156], 4.0"
g_fswin64,activation,466,1.0,v_maxmin_f32,606,7531,"v1: (InfPreserve)%606:v[95] = v_maxmin_f32 -4.0, %7531:v[157], 4.0"
g_fswin64,activation,467,1.0,v_fma_mix_f32,583,580,"v1: %583:v[90] = v_fma_mix_f32 lo(0x3728ab28), |%580:v[89]|, hi(0x3728ab28)"
g_fswin64,activation,468,0.5,v_dual_fmaak_f32,575,"573,570","v1: %575:v[88] = v_dual_fmaak_f32 %573:v[88], %570:v[87], 0x3f650000"
g_fswin64,activation,468,0.5,v_dual_fmaak_f32,556,"554,551","v1: %556:v[81] = v_dual_fmaak_f32 %554:v[81], %551:v[80], 0x3f650000"
g_fswin64,activation,469,1.0,v_fma_mix_f32,591,588,"v1: %591:v[92] = v_fma_mix_f32 lo(0x3728ab28), |%588:v[91]|, hi(0x3728ab28)"
g_fswin64,activation,470,0.5,v_dual_mul_f32,549,"7524,548","v1: %549:v[126] = v_dual_mul_f32 %7524:v[126], %548:v[78]"
g_fswin64,activation,470,0.5,v_dual_mul_f32,539,"7523,538","v1: %539:v[125] = v_dual_mul_f32 %7523:v[125], %538:v[77]"
g_fswin64,activation,471,1.0,v_maxmin_f32,616,7532,"v1: (InfPreserve)%616:v[121] = v_maxmin_f32 -4.0, %7532:v[158], 4.0"
g_fswin64,activation,472,1.0,v_cvt_pk_fp8_f32,523,"513,521","v2b: (InfNaNPreserve)%523:v[48][16:32] = v_cvt_pk_fp8_f32 %513:v[122], %521:v[123] opsel_hi"
g_fswin64,activation,473,1.0,v_maxmin_f32,624,7533,"v1: (InfPreserve)%624:v[123] = v_maxmin_f32 -4.0, %7533:v[159], 4.0"
g_fswin64,activation,474,1.0,v_fma_mix_f32,601,598,"v1: %601:v[94] = v_fma_mix_f32 lo(0x3728ab28), |%598:v[93]|, hi(0x3728ab28)"
g_fswin64,activation,475,1.0,v_fma_mix_f32,609,606,"v1: %609:v[120] = v_fma_mix_f32 lo(0x3728ab28), |%606:v[95]|, hi(0x3728ab28)"
g_fswin64,activation,476,0.5,v_dual_mul_f32,576,"7527,575","v1: %576:v[153] = v_dual_mul_f32 %7527:v[153], %575:v[88]"
g_fswin64,activation,476,0.5,v_dual_fmaak_f32,567,"562,565","v1: %567:v[84] = v_dual_fmaak_f32 %562:v[84], %565:v[86], 0x3f650000"
g_fswin64,activation,477,0.5,v_dual_fmaak_f32,593,"591,588","v1: %593:v[92] = v_dual_fmaak_f32 %591:v[92], %588:v[91], 0x3f650000"
g_fswin64,activation,477,0.5,v_dual_fmaak_f32,585,"580,583","v1: %585:v[89] = v_dual_fmaak_f32 %580:v[89], %583:v[90], 0x3f650000"
g_fswin64,activation,478,1.0,v_cvt_pk_fp8_f32,541,"531,539","v2b: (InfNaNPreserve)%541:v[49][0:16] = v_cvt_pk_fp8_f32 %531:v[124], %539:v[125]"
g_fswin64,activation,479,1.0,v_maxmin_f32,635,7534,"v1: (InfPreserve)%635:v[125] = v_maxmin_f32 -4.0, %7534:v[184], 4.0"
g_fswin64,activation,480,1.0,v_fma_mix_f32,619,616,"v1: %619:v[122] = v_fma_mix_f32 lo(0x3728ab28), |%616:v[121]|, hi(0x3728ab28)"
g_fswin64,activation,481,1.0,v_fma_mix_f32,627,624,"v1: %627:v[124] = v_fma_mix_f32 lo(0x3728ab28), |%624:v[123]|, hi(0x3728ab28)"
g_fswin64,activation,482,0.5,v_dual_fmaak_f32,611,"609,606","v1: %611:v[120] = v_dual_fmaak_f32 %609:v[120], %606:v[95], 0x3f650000"
g_fswin64,activation,482,0.5,v_dual_fmaak_f32,603,"598,601","v1: %603:v[93] = v_dual_fmaak_f32 %598:v[93], %601:v[94], 0x3f650000"
g_fswin64,activation,483,0.5,v_dual_mul_f32,568,"7526,567","v1: %568:v[152] = v_dual_mul_f32 %7526:v[152], %567:v[84]"
g_fswin64,activation,483,0.5,v_dual_mul_f32,557,"7525,556","v1: %557:v[127] = v_dual_mul_f32 %7525:v[127], %556:v[81]"
g_fswin64,activation,484,0.5,v_dual_mul_f32,586,"7528,585","v1: %586:v[154] = v_dual_mul_f32 %7528:v[154], %585:v[89]"
g_fswin64,activation,484,0.5,v_dual_mul_f32,594,"7529,593","v1: %594:v[155] = v_dual_mul_f32 %7529:v[155], %593:v[92]"
g_fswin64,activation,486,0.5,v_dual_fmaak_f32,629,"627,624","v1: %629:v[124] = v_dual_fmaak_f32 %627:v[124], %624:v[123], 0x3f650000"
g_fswin64,activation,486,0.5,v_dual_fmaak_f32,621,"616,619","v1: %621:v[121] = v_dual_fmaak_f32 %616:v[121], %619:v[122], 0x3f650000"
g_fswin64,activation,487,0.5,v_dual_mul_f32,612,"7531,611","v1: %612:v[157] = v_dual_mul_f32 %7531:v[157], %611:v[120]"
g_fswin64,activation,487,0.5,v_dual_mul_f32,604,"7530,603","v1: %604:v[156] = v_dual_mul_f32 %7530:v[156], %603:v[93]"
g_fswin64,activation,488,1.0,v_cvt_pk_fp8_f32,559,"549,557","v2b: (InfNaNPreserve)%559:v[49][16:32] = v_cvt_pk_fp8_f32 %549:v[126], %557:v[127] opsel_hi"
g_fswin64,activation,489,1.0,v_maxmin_f32,643,7535,"v1: (InfPreserve)%643:v[127] = v_maxmin_f32 -4.0, %7535:v[185], 4.0"
g_fswin64,activation,490,1.0,v_fma_mix_f32,638,635,"v1: %638:v[126] = v_fma_mix_f32 lo(0x3728ab28), |%635:v[125]|, hi(0x3728ab28)"
g_fswin64,activation,491,1.0,v_cvt_pk_fp8_f32,578,"568,576","v2b: (InfNaNPreserve)%578:v[50][0:16] = v_cvt_pk_fp8_f32 %568:v[152], %576:v[153]"
g_fswin64,activation,492,1.0,v_maxmin_f32,653,7536,"v1: (InfPreserve)%653:v[153] = v_maxmin_f32 -4.0, %7536:v[186], 4.0"
g_fswin64,activation,493,1.0,v_cvt_pk_fp8_f32,596,"586,594","v2b: (InfNaNPreserve)%596:v[50][16:32] = v_cvt_pk_fp8_f32 %586:v[154], %594:v[155] opsel_hi"
g_fswin64,activation,494,1.0,v_maxmin_f32,661,7537,"v1: (InfPreserve)%661:v[155] = v_maxmin_f32 -4.0, %7537:v[187], 4.0"
g_fswin64,activation,495,0.5,v_dual_mul_f32,630,"7533,629","v1: %630:v[159] = v_dual_mul_f32 %7533:v[159], %629:v[124]"
g_fswin64,activation,495,0.5,v_dual_mul_f32,622,"7532,621","v1: %622:v[158] = v_dual_mul_f32 %7532:v[158], %621:v[121]"
g_fswin64,activation,496,1.0,v_cvt_pk_fp8_f32,614,"604,612","v2b: (InfNaNPreserve)%614:v[51][0:16] = v_cvt_pk_fp8_f32 %604:v[156], %612:v[157]"
g_fswin64,activation,497,1.0,v_maxmin_f32,671,7538,"v1: (InfPreserve)%671:v[157] = v_maxmin_f32 -4.0, %7538:v[188], 4.0"
g_fswin64,activation,498,1.0,v_fma_mix_f32,646,643,"v1: %646:v[152] = v_fma_mix_f32 lo(0x3728ab28), |%643:v[127]|, hi(0x3728ab28)"
g_fswin64,activation,499,1.0,v_fma_mix_f32,656,653,"v1: %656:v[154] = v_fma_mix_f32 lo(0x3728ab28), |%653:v[153]|, hi(0x3728ab28)"
g_fswin64,activation,500,1.0,v_fma_mix_f32,664,661,"v1: %664:v[156] = v_fma_mix_f32 lo(0x3728ab28), |%661:v[155]|, hi(0x3728ab28)"
g_fswin64,activation,501,1.0,v_cvt_pk_fp8_f32,632,"622,630","v2b: (InfNaNPreserve)%632:v[51][16:32] = v_cvt_pk_fp8_f32 %622:v[158], %630:v[159] opsel_hi"
g_fswin64,activation,502,1.0,v_maxmin_f32,679,7539,"v1: (InfPreserve)%679:v[159] = v_maxmin_f32 -4.0, %7539:v[189], 4.0"
g_fswin64,activation,503,1.0,v_fma_mix_f32,674,671,"v1: %674:v[158] = v_fma_mix_f32 lo(0x3728ab28), |%671:v[157]|, hi(0x3728ab28)"
g_fswin64,activation,504,0.5,v_dual_fmaak_f32,648,"646,643","v1: %648:v[152] = v_dual_fmaak_f32 %646:v[152], %643:v[127], 0x3f650000"
g_fswin64,activation,504,0.5,v_dual_fmaak_f32,640,"635,638","v1: %640:v[125] = v_dual_fmaak_f32 %635:v[125], %638:v[126], 0x3f650000"
g_fswin64,activation,505,0.5,v_dual_fmaak_f32,666,"664,661","v1: %666:v[156] = v_dual_fmaak_f32 %664:v[156], %661:v[155], 0x3f650000"
g_fswin64,activation,505,0.5,v_dual_fmaak_f32,658,"653,656","v1: %658:v[153] = v_dual_fmaak_f32 %653:v[153], %656:v[154], 0x3f650000"
g_fswin64,activation,507,0.5,v_dual_mul_f32,649,"7535,648","v1: %649:v[185] = v_dual_mul_f32 %7535:v[185], %648:v[152]"
g_fswin64,activation,507,0.5,v_dual_mul_f32,641,"7534,640","v1: %641:v[184] = v_dual_mul_f32 %7534:v[184], %640:v[125]"
g_fswin64,activation,508,0.5,v_dual_mul_f32,667,"7537,666","v1: %667:v[187] = v_dual_mul_f32 %7537:v[187], %666:v[156]"
g_fswin64,activation,508,0.5,v_dual_mul_f32,659,"7536,658","v1: %659:v[186] = v_dual_mul_f32 %7536:v[186], %658:v[153]"
g_fswin64,activation,509,1.0,v_cvt_pk_fp8_f32,651,"641,649","v2b: (InfNaNPreserve)%651:v[52][0:16] = v_cvt_pk_fp8_f32 %641:v[184], %649:v[185]"
g_fswin64,activation,510,1.0,v_maxmin_f32,689,7540,"v1: (InfPreserve)%689:v[185] = v_maxmin_f32 -4.0, %7540:v[190], 4.0"
g_fswin64,activation,511,1.0,v_fma_mix_f32,682,679,"v1: %682:v[184] = v_fma_mix_f32 lo(0x3728ab28), |%679:v[159]|, hi(0x3728ab28)"
g_fswin64,activation,512,1.0,v_cvt_pk_fp8_f32,669,"659,667","v2b: (InfNaNPreserve)%669:v[52][16:32] = v_cvt_pk_fp8_f32 %659:v[186], %667:v[187] opsel_hi"
g_fswin64,activation,513,1.0,v_maxmin_f32,697,7541,"v1: (InfPreserve)%697:v[187] = v_maxmin_f32 -4.0, %7541:v[191], 4.0"
g_fswin64,activation,514,1.0,v_maxmin_f32,726,7556,"v1: (InfPreserve)%726:v[55] = v_maxmin_f32 -4.0, %7556:v[98], 4.0"
g_fswin64,activation,515,1.0,v_maxmin_f32,734,7557,"v1: (InfPreserve)%734:v[57] = v_maxmin_f32 -4.0, %7557:v[99], 4.0"
g_fswin64,activation,516,1.0,v_fma_mix_f32,692,689,"v1: %692:v[186] = v_fma_mix_f32 lo(0x3728ab28), |%689:v[185]|, hi(0x3728ab28)"
g_fswin64,activation,517,0.5,v_dual_fmaak_f32,676,"671,674","v1: %676:v[157] = v_dual_fmaak_f32 %671:v[157], %674:v[158], 0x3f650000"
g_fswin64,activation,517,0.5,v_dual_fmaak_f32,684,"682,679","v1: %684:v[184] = v_dual_fmaak_f32 %682:v[184], %679:v[159], 0x3f650000"
g_fswin64,activation,519,1.0,v_fma_mix_f32,729,726,"v1: %729:v[56] = v_fma_mix_f32 lo(0x3728ab28), |%726:v[55]|, hi(0x3728ab28)"
g_fswin64,activation,520,1.0,v_maxmin_f32,744,7558,"v1: (InfPreserve)%744:v[59] = v_maxmin_f32 -4.0, %7558:v[100], 4.0"
g_fswin64,activation,521,1.0,v_fma_mix_f32,737,734,"v1: %737:v[58] = v_fma_mix_f32 lo(0x3728ab28), |%734:v[57]|, hi(0x3728ab28)"
g_fswin64,activation,522,1.0,v_maxmin_f32,752,7559,"v1: (InfPreserve)%752:v[61] = v_maxmin_f32 -4.0, %7559:v[101], 4.0"
g_fswin64,activation,523,0.5,v_dual_mul_f32,685,"7539,684","v1: %685:v[189] = v_dual_mul_f32 %7539:v[189], %684:v[184]"
g_fswin64,activation,523,0.5,v_dual_mul_f32,677,"7538,676","v1: %677:v[188] = v_dual_mul_f32 %7538:v[188], %676:v[157]"
g_fswin64,activation,524,1.0,v_fma_mix_f32,747,744,"v1: %747:v[60] = v_fma_mix_f32 lo(0x3728ab28), |%744:v[59]|, hi(0x3728ab28)"
g_fswin64,activation,525,0.5,v_dual_fmaak_f32,731,"726,729","v1: %731:v[55] = v_dual_fmaak_f32 %726:v[55], %729:v[56], 0x3f650000"
g_fswin64,activation,525,0.5,v_dual_fmaak_f32,739,"737,734","v1: %739:v[58] = v_dual_fmaak_f32 %737:v[58], %734:v[57], 0x3f650000"
g_fswin64,activation,526,1.0,v_fma_mix_f32,755,752,"v1: %755:v[62] = v_fma_mix_f32 lo(0x3728ab28), |%752:v[61]|, hi(0x3728ab28)"
g_fswin64,activation,527,1.0,v_maxmin_f32,762,7560,"v1: (InfPreserve)%762:v[63] = v_maxmin_f32 -4.0, %7560:v[102], 4.0"
g_fswin64,activation,528,1.0,v_cvt_pk_fp8_f32,687,"677,685","v2b: (InfNaNPreserve)%687:v[53][0:16] = v_cvt_pk_fp8_f32 %677:v[188], %685:v[189]"
g_fswin64,activation,529,1.0,v_maxmin_f32,708,7554,"v1: (InfPreserve)%708:v[189] = v_maxmin_f32 -4.0, %7554:v[96], 4.0"
g_fswin64,activation,530,1.0,v_fma_mix_f32,700,697,"v1: %700:v[188] = v_fma_mix_f32 lo(0x3728ab28), |%697:v[187]|, hi(0x3728ab28)"
g_fswin64,activation,531,1.0,v_maxmin_f32,770,7561,"v1: (InfPreserve)%770:v[67] = v_maxmin_f32 -4.0, %7561:v[103], 4.0"
g_fswin64,activation,532,0.5,v_dual_fmaak_f32,749,"744,747","v1: %749:v[59] = v_dual_fmaak_f32 %744:v[59], %747:v[60], 0x3f650000"
g_fswin64,activation,532,0.5,v_dual_fmaak_f32,757,"755,752","v1: %757:v[62] = v_dual_fmaak_f32 %755:v[62], %752:v[61], 0x3f650000"
g_fswin64,activation,533,1.0,v_fma_mix_f32,765,762,"v1: %765:v[66] = v_fma_mix_f32 lo(0x3728ab28), |%762:v[63]|, hi(0x3728ab28)"
g_fswin64,activation,534,1.0,v_maxmin_f32,781,7562,"v1: (InfPreserve)%781:v[69] = v_maxmin_f32 -4.0, %7562:v[128], 4.0"
g_fswin64,activation,535,0.5,v_dual_fmaak_f32,702,"700,697","v1: %702:v[188] = v_dual_fmaak_f32 %700:v[188], %697:v[187], 0x3f650000"
g_fswin64,activation,535,0.5,v_dual_fmaak_f32,694,"689,692","v1: %694:v[185] = v_dual_fmaak_f32 %689:v[185], %692:v[186], 0x3f650000"
g_fswin64,activation,536,1.0,v_fma_mix_f32,773,770,"v1: %773:v[68] = v_fma_mix_f32 lo(0x3728ab28), |%770:v[67]|, hi(0x3728ab28)"
g_fswin64,activation,537,1.0,v_maxmin_f32,789,7563,"v1: (InfPreserve)%789:v[71] = v_maxmin_f32 -4.0, %7563:v[129], 4.0"
g_fswin64,activation,538,0.5,v_dual_mul_f32,758,"7559,757","v1: %758:v[101] = v_dual_mul_f32 %7559:v[101], %757:v[62]"
g_fswin64,activation,538,0.5,v_dual_mul_f32,732,"7556,731","v1: %732:v[98] = v_dual_mul_f32 %7556:v[98], %731:v[55]"
g_fswin64,activation,539,1.0,v_fma_mix_f32,784,781,"v1: %784:v[70] = v_fma_mix_f32 lo(0x3728ab28), |%781:v[69]|, hi(0x3728ab28)"
g_fswin64,activation,540,0.5,v_dual_mul_f32,703,"7541,702","v1: %703:v[191] = v_dual_mul_f32 %7541:v[191], %702:v[188]"
g_fswin64,activation,540,0.5,v_dual_mul_f32,695,"7540,694","v1: %695:v[190] = v_dual_mul_f32 %7540:v[190], %694:v[185]"
g_fswin64,activation,541,0.5,v_dual_fmaak_f32,767,"762,765","v1: %767:v[63] = v_dual_fmaak_f32 %762:v[63], %765:v[66], 0x3f650000"
g_fswin64,activation,541,0.5,v_dual_fmaak_f32,775,"773,770","v1: %775:v[68] = v_dual_fmaak_f32 %773:v[68], %770:v[67], 0x3f650000"
g_fswin64,activation,542,1.0,v_maxmin_f32,799,7564,"v1: (InfPreserve)%799:v[73] = v_maxmin_f32 -4.0, %7564:v[130], 4.0"
g_fswin64,activation,543,1.0,v_fma_mix_f32,792,789,"v1: %792:v[72] = v_fma_mix_f32 lo(0x3728ab28), |%789:v[71]|, hi(0x3728ab28)"
g_fswin64,activation,544,1.0,v_maxmin_f32,807,7565,"v1: (InfPreserve)%807:v[75] = v_maxmin_f32 -4.0, %7565:v[131], 4.0"
g_fswin64,activation,545,1.0,v_cvt_pk_fp8_f32,705,"695,703","v2b: (InfNaNPreserve)%705:v[53][16:32] = v_cvt_pk_fp8_f32 %695:v[190], %703:v[191] opsel_hi"
g_fswin64,activation,546,1.0,v_maxmin_f32,716,7555,"v1: (InfPreserve)%716:v[191] = v_maxmin_f32 -4.0, %7555:v[97], 4.0"
g_fswin64,activation,547,1.0,v_fma_mix_f32,711,708,"v1: %711:v[190] = v_fma_mix_f32 lo(0x3728ab28), |%708:v[189]|, hi(0x3728ab28)"
g_fswin64,activation,548,0.5,v_dual_mul_f32,776,"7561,775","v1: %776:v[103] = v_dual_mul_f32 %7561:v[103], %775:v[68]"
g_fswin64,activation,548,0.5,v_dual_mul_f32,750,"7558,749","v1: %750:v[100] = v_dual_mul_f32 %7558:v[100], %749:v[59]"
g_fswin64,activation,549,1.0,v_fma_mix_f32,802,799,"v1: %802:v[74] = v_fma_mix_f32 lo(0x3728ab28), |%799:v[73]|, hi(0x3728ab28)"
g_fswin64,activation,550,1.0,v_maxmin_f32,817,7566,"v1: (InfPreserve)%817:v[77] = v_maxmin_f32 -4.0, %7566:v[132], 4.0"
g_fswin64,activation,551,0.5,v_dual_fmaak_f32,786,"781,784","v1: %786:v[69] = v_dual_fmaak_f32 %781:v[69], %784:v[70], 0x3f650000"
g_fswin64,activation,551,0.5,v_dual_fmaak_f32,794,"792,789","v1: %794:v[72] = v_dual_fmaak_f32 %792:v[72], %789:v[71], 0x3f650000"
g_fswin64,activation,552,1.0,v_fma_mix_f32,810,807,"v1: %810:v[76] = v_fma_mix_f32 lo(0x3728ab28), |%807:v[75]|, hi(0x3728ab28)"
g_fswin64,activation,553,1.0,v_maxmin_f32,825,7567,"v1: (InfPreserve)%825:v[79] = v_maxmin_f32 -4.0, %7567:v[133], 4.0"
g_fswin64,activation,554,1.0,v_fma_mix_f32,719,716,"v1: %719:v[54] = v_fma_mix_f32 lo(0x3728ab28), |%716:v[191]|, hi(0x3728ab28)"
g_fswin64,activation,555,1.0,v_cvt_pk_fp8_f32,760,"750,758","v2b: (InfNaNPreserve)%760:v[55][0:16] = v_cvt_pk_fp8_f32 %750:v[100], %758:v[101]"
g_fswin64,activation,556,1.0,v_maxmin_f32,835,7568,"v1: (InfPreserve)%835:v[81] = v_maxmin_f32 -4.0, %7568:v[134], 4.0"
g_fswin64,activation,557,1.0,v_fma_mix_f32,820,817,"v1: %820:v[78] = v_fma_mix_f32 lo(0x3728ab28), |%817:v[77]|, hi(0x3728ab28)"
g_fswin64,activation,558,0.5,v_dual_mul_f32,795,"7563,794","v1: %795:v[129] = v_dual_mul_f32 %7563:v[129], %794:v[72]"
g_fswin64,activation,558,0.5,v_dual_mul_f32,768,"7560,767","v1: %768:v[102] = v_dual_mul_f32 %7560:v[102], %767:v[63]"
g_fswin64,activation,559,0.5,v_dual_fmaak_f32,804,"799,802","v1: %804:v[73] = v_dual_fmaak_f32 %799:v[73], %802:v[74], 0x3f650000"
g_fswin64,activation,559,0.5,v_dual_fmaak_f32,812,"810,807","v1: %812:v[76] = v_dual_fmaak_f32 %810:v[76], %807:v[75], 0x3f650000"
g_fswin64,activation,560,1.0,v_maxmin_f32,843,7569,"v1: (InfPreserve)%843:v[86] = v_maxmin_f32 -4.0, %7569:v[135], 4.0"
g_fswin64,activation,561,1.0,v_fma_mix_f32,828,825,"v1: %828:v[80] = v_fma_mix_f32 lo(0x3728ab28), |%825:v[79]|, hi(0x3728ab28)"
g_fswin64,activation,562,0.5,v_dual_fmaak_f32,721,"719,716","v1: %721:v[54] = v_dual_fmaak_f32 %719:v[54], %716:v[191], 0x3f650000"
g_fswin64,activation,562,0.5,v_dual_fmaak_f32,713,"708,711","v1: %713:v[189] = v_dual_fmaak_f32 %708:v[189], %711:v[190], 0x3f650000"
g_fswin64,activation,563,1.0,v_fma_mix_f32,838,835,"v1: %838:v[84] = v_fma_mix_f32 lo(0x3728ab28), |%835:v[81]|, hi(0x3728ab28)"
g_fswin64,activation,564,1.0,v_maxmin_f32,854,7570,"v1: (InfPreserve)%854:v[88] = v_maxmin_f32 -4.0, %7570:v[160], 4.0"
g_fswin64,activation,565,1.0,v_cvt_pk_fp8_f32,778,"768,776","v2b: (InfNaNPreserve)%778:v[55][16:32] = v_cvt_pk_fp8_f32 %768:v[102], %776:v[103] opsel_hi"
g_fswin64,activation,566,0.5,v_dual_mul_f32,813,"7565,812","v1: %813:v[131] = v_dual_mul_f32 %7565:v[131], %812:v[76]"
g_fswin64,activation,566,0.5,v_dual_mul_f32,787,"7562,786","v1: %787:v[128] = v_dual_mul_f32 %7562:v[128], %786:v[69]"
g_fswin64,activation,567,1.0,v_maxmin_f32,862,7571,"v1: (InfPreserve)%862:v[90] = v_maxmin_f32 -4.0, %7571:v[161], 4.0"
g_fswin64,activation,568,1.0,v_fma_mix_f32,846,843,"v1: %846:v[87] = v_fma_mix_f32 lo(0x3728ab28), |%843:v[86]|, hi(0x3728ab28)"
g_fswin64,activation,569,0.5,v_dual_fmaak_f32,822,"817,820","v1: %822:v[77] = v_dual_fmaak_f32 %817:v[77], %820:v[78], 0x3f650000"
g_fswin64,activation,569,0.5,v_dual_fmaak_f32,830,"828,825","v1: %830:v[80] = v_dual_fmaak_f32 %828:v[80], %825:v[79], 0x3f650000"
g_fswin64,activation,570,1.0,v_mul_f32,722,"7555,721","v1: %722:v[97] = v_mul_f32 %7555:v[97], %721:v[54]"
g_fswin64,activation,571,0.5,v_dual_mul_f32,740,"7557,739","v1: %740:v[99] = v_dual_mul_f32 %7557:v[99], %739:v[58]"
g_fswin64,activation,571,0.5,v_dual_mul_f32,714,"7554,713","v1: %714:v[96] = v_dual_mul_f32 %7554:v[96], %713:v[189]"
g_fswin64,activation,572,1.0,v_maxmin_f32,872,7572,"v1: (InfPreserve)%872:v[92] = v_maxmin_f32 -4.0, %7572:v[162], 4.0"
g_fswin64,activation,573,1.0,v_fma_mix_f32,857,854,"v1: %857:v[89] = v_fma_mix_f32 lo(0x3728ab28), |%854:v[88]|, hi(0x3728ab28)"
g_fswin64,activation,574,1.0,v_cvt_pk_fp8_f32,797,"787,795","v2b: (InfNaNPreserve)%797:v[56][0:16] = v_cvt_pk_fp8_f32 %787:v[128], %795:v[129]"
g_fswin64,activation,575,1.0,v_maxmin_f32,880,7573,"v1: (InfPreserve)%880:v[94] = v_maxmin_f32 -4.0, %7573:v[163], 4.0"
g_fswin64,activation,576,1.0,v_fma_mix_f32,865,862,"v1: %865:v[91] = v_fma_mix_f32 lo(0x3728ab28), |%862:v[90]|, hi(0x3728ab28)"
g_fswin64,activation,577,0.5,v_dual_mul_f32,831,"7567,830","v1: %831:v[133] = v_dual_mul_f32 %7567:v[133], %830:v[80]"
g_fswin64,activation,577,0.5,v_dual_mul_f32,805,"7564,804","v1: %805:v[130] = v_dual_mul_f32 %7564:v[130], %804:v[73]"
g_fswin64,activation,578,0.5,v_dual_fmaak_f32,840,"835,838","v1: %840:v[81] = v_dual_fmaak_f32 %835:v[81], %838:v[84], 0x3f650000"
g_fswin64,activation,578,0.5,v_dual_mul_f32,823,"7566,822","v1: %823:v[132] = v_dual_mul_f32 %7566:v[132], %822:v[77]"
g_fswin64,activation,579,1.0,v_cvt_pk_fp8_f32,724,"714,722","v2b: (InfNaNPreserve)%724:v[54][0:16] = v_cvt_pk_fp8_f32 %714:v[96], %722:v[97]"
g_fswin64,activation,580,1.0,v_maxmin_f32,890,7574,"v1: (InfPreserve)%890:v[96] = v_maxmin_f32 -4.0, %7574:v[164], 4.0"
g_fswin64,activation,581,1.0,v_cvt_pk_fp8_f32,742,"732,740","v2b: (InfNaNPreserve)%742:v[54][16:32] = v_cvt_pk_fp8_f32 %732:v[98], %740:v[99] opsel_hi"
g_fswin64,activation,582,1.0,v_fma_mix_f32,875,872,"v1: %875:v[93] = v_fma_mix_f32 lo(0x3728ab28), |%872:v[92]|, hi(0x3728ab28)"
g_fswin64,activation,583,1.0,v_maxmin_f32,898,7575,"v1: (InfPreserve)%898:v[98] = v_maxmin_f32 -4.0, %7575:v[165], 4.0"
g_fswin64,activation,584,1.0,v_fma_mix_f32,883,880,"v1: %883:v[95] = v_fma_mix_f32 lo(0x3728ab28), |%880:v[94]|, hi(0x3728ab28)"
g_fswin64,activation,585,1.0,v_cvt_pk_fp8_f32,815,"805,813","v2b: (InfNaNPreserve)%815:v[56][16:32] = v_cvt_pk_fp8_f32 %805:v[130], %813:v[131] opsel_hi"
g_fswin64,activation,586,1.0,v_maxmin_f32,908,7576,"v1: (InfPreserve)%908:v[100] = v_maxmin_f32 -4.0, %7576:v[166], 4.0"
g_fswin64,activation,587,0.5,v_dual_fmaak_f32,848,"846,843","v1: %848:v[87] = v_dual_fmaak_f32 %846:v[87], %843:v[86], 0x3f650000"
g_fswin64,activation,587,0.5,v_dual_mul_f32,841,"7568,840","v1: %841:v[134] = v_dual_mul_f32 %7568:v[134], %840:v[81]"
g_fswin64,activation,588,1.0,v_cvt_pk_fp8_f32,833,"823,831","v2b: (InfNaNPreserve)%833:v[57][0:16] = v_cvt_pk_fp8_f32 %823:v[132], %831:v[133]"
g_fswin64,activation,589,1.0,v_fma_mix_f32,893,890,"v1: %893:v[97] = v_fma_mix_f32 lo(0x3728ab28), |%890:v[96]|, hi(0x3728ab28)"
g_fswin64,activation,590,1.0,v_maxmin_f32,916,7577,"v1: (InfPreserve)%916:v[102] = v_maxmin_f32 -4.0, %7577:v[167], 4.0"
g_fswin64,activation,591,1.0,v_fma_mix_f32,901,898,"v1: %901:v[99] = v_fma_mix_f32 lo(0x3728ab28), |%898:v[98]|, hi(0x3728ab28)"
g_fswin64,activation,592,1.0,v_maxmin_f32,927,7578,"v1: (InfPreserve)%927:v[120] = v_maxmin_f32 -4.0, %7578:v[6], 4.0"
g_fswin64,activation,593,1.0,v_fma_mix_f32,911,908,"v1: %911:v[101] = v_fma_mix_f32 lo(0x3728ab28), |%908:v[100]|, hi(0x3728ab28)"
g_fswin64,activation,594,1.0,v_maxmin_f32,935,7579,"v1: (InfPreserve)%935:v[122] = v_maxmin_f32 -4.0, %7579:v[7], 4.0"
g_fswin64,activation,595,0.5,v_dual_fmaak_f32,859,"854,857","v1: %859:v[88] = v_dual_fmaak_f32 %854:v[88], %857:v[89], 0x3f650000"
g_fswin64,activation,595,0.5,v_dual_mul_f32,849,"7569,848","v1: %849:v[135] = v_dual_mul_f32 %7569:v[135], %848:v[87]"
g_fswin64,activation,596,1.0,v_fma_mix_f32,919,916,"v1: %919:v[103] = v_fma_mix_f32 lo(0x3728ab28), |%916:v[102]|, hi(0x3728ab28)"
g_fswin64,activation,597,1.0,v_maxmin_f32,945,7580,"v1: (InfPreserve)%945:v[124] = v_maxmin_f32 -4.0, %7580:v[8], 4.0"
g_fswin64,activation,598,1.0,v_fma_mix_f32,930,927,"v1: %930:v[121] = v_fma_mix_f32 lo(0x3728ab28), |%927:v[120]|, hi(0x3728ab28)"
g_fswin64,activation,599,1.0,v_fma_mix_f32,938,935,"v1: %938:v[123] = v_fma_mix_f32 lo(0x3728ab28), |%935:v[122]|, hi(0x3728ab28)"
g_fswin64,activation,600,0.5,v_dual_fmaak_f32,867,"865,862","v1: %867:v[91] = v_dual_fmaak_f32 %865:v[91], %862:v[90], 0x3f650000"
g_fswin64,activation,600,0.5,v_dual_mul_f32,860,"7570,859","v1: %860:v[160] = v_dual_mul_f32 %7570:v[160], %859:v[88]"
g_fswin64,activation,601,1.0,v_cvt_pk_fp8_f32,851,"841,849","v2b: (InfNaNPreserve)%851:v[57][16:32] = v_cvt_pk_fp8_f32 %841:v[134], %849:v[135] opsel_hi"
g_fswin64,activation,602,1.0,v_maxmin_f32,953,7581,"v1: (InfPreserve)%953:v[126] = v_maxmin_f32 -4.0, %7581:v[9], 4.0"
g_fswin64,activation,603,1.0,v_fma_mix_f32,948,945,"v1: %948:v[125] = v_fma_mix_f32 lo(0x3728ab28), |%945:v[124]|, hi(0x3728ab28)"
g_fswin64,activation,604,1.0,v_maxmin_f32,963,7582,"v1: (InfPreserve)%963:v[128] = v_maxmin_f32 -4.0, %7582:v[10], 4.0"
g_fswin64,activation,605,0.5,v_dual_fmaak_f32,877,"872,875","v1: %877:v[92] = v_dual_fmaak_f32 %872:v[92], %875:v[93], 0x3f650000"
g_fswin64,activation,605,0.5,v_dual_mul_f32,868,"7571,867","v1: %868:v[161] = v_dual_mul_f32 %7571:v[161], %867:v[91]"
g_fswin64,activation,607,1.0,v_fma_mix_f32,956,953,"v1: %956:v[127] = v_fma_mix_f32 lo(0x3728ab28), |%953:v[126]|, hi(0x3728ab28)"
g_fswin64,activation,608,1.0,v_maxmin_f32,971,7583,"v1: (InfPreserve)%971:v[130] = v_maxmin_f32 -4.0, %7583:v[11], 4.0"
g_fswin64,activation,609,1.0,v_fma_mix_f32,966,963,"v1: %966:v[129] = v_fma_mix_f32 lo(0x3728ab28), |%963:v[128]|, hi(0x3728ab28)"
g_fswin64,activation,610,0.5,v_dual_fmaak_f32,885,"883,880","v1: %885:v[95] = v_dual_fmaak_f32 %883:v[95], %880:v[94], 0x3f650000"
g_fswin64,activation,610,0.5,v_dual_mul_f32,878,"7572,877","v1: %878:v[162] = v_dual_mul_f32 %7572:v[162], %877:v[92]"
g_fswin64,activation,611,1.0,v_cvt_pk_fp8_f32,870,"860,868","v2b: (InfNaNPreserve)%870:v[58][0:16] = v_cvt_pk_fp8_f32 %860:v[160], %868:v[161]"
g_fswin64,activation,612,1.0,v_maxmin_f32,981,7584,"v1: (InfPreserve)%981:v[132] = v_maxmin_f32 -4.0, %7584:v[12], 4.0"
g_fswin64,activation,613,1.0,v_fma_mix_f32,974,971,"v1: %974:v[131] = v_fma_mix_f32 lo(0x3728ab28), |%971:v[130]|, hi(0x3728ab28)"
g_fswin64,activation,615,0.5,v_dual_fmaak_f32,895,"890,893","v1: %895:v[96] = v_dual_fmaak_f32 %890:v[96], %893:v[97], 0x3f650000"
g_fswin64,activation,615,0.5,v_dual_mul_f32,886,"7573,885","v1: %886:v[163] = v_dual_mul_f32 %7573:v[163], %885:v[95]"
g_fswin64,activation,616,1.0,v_maxmin_f32,989,7585,"v1: (InfPreserve)%989:v[134] = v_maxmin_f32 -4.0, %7585:v[13], 4.0"
g_fswin64,activation,617,1.0,v_fma_mix_f32,984,981,"v1: %984:v[133] = v_fma_mix_f32 lo(0x3728ab28), |%981:v[132]|, hi(0x3728ab28)"
g_fswin64,activation,618,1.0,v_cvt_pk_fp8_f32,888,"878,886","v2b: (InfNaNPreserve)%888:v[58][16:32] = v_cvt_pk_fp8_f32 %878:v[162], %886:v[163] opsel_hi"
g_fswin64,activation,619,0.5,v_dual_fmaak_f32,903,"901,898","v1: %903:v[99] = v_dual_fmaak_f32 %901:v[99], %898:v[98], 0x3f650000"
g_fswin64,activation,619,0.5,v_dual_mul_f32,896,"7574,895","v1: %896:v[164] = v_dual_mul_f32 %7574:v[164], %895:v[96]"
g_fswin64,activation,620,1.0,v_fma_mix_f32,992,989,"v1: %992:v[135] = v_fma_mix_f32 lo(0x3728ab28), |%989:v[134]|, hi(0x3728ab28)"
g_fswin64,activation,621,1.0,v_maxmin_f32,1000,7602,"v1: (InfPreserve)%1000:v[152] = v_maxmin_f32 -4.0, %7602:v[104], 4.0"
g_fswin64,activation,623,0.5,v_dual_fmaak_f32,913,"908,911","v1: %913:v[100] = v_dual_fmaak_f32 %908:v[100], %911:v[101], 0x3f650000"
g_fswin64,activation,623,0.5,v_dual_mul_f32,904,"7575,903","v1: %904:v[165] = v_dual_mul_f32 %7575:v[165], %903:v[99]"
g_fswin64,activation,624,1.0,v_maxmin_f32,1008,7603,"v1: (InfPreserve)%1008:v[154] = v_maxmin_f32 -4.0, %7603:v[105], 4.0"
g_fswin64,activation,625,1.0,v_fma_mix_f32,1003,1000,"v1: %1003:v[153] = v_fma_mix_f32 lo(0x3728ab28), |%1000:v[152]|, hi(0x3728ab28)"
g_fswin64,activation,626,0.5,v_dual_fmaak_f32,921,"919,916","v1: %921:v[103] = v_dual_fmaak_f32 %919:v[103], %916:v[102], 0x3f650000"
g_fswin64,activation,626,0.5,v_dual_mul_f32,914,"7576,913","v1: %914:v[166] = v_dual_mul_f32 %7576:v[166], %913:v[100]"
g_fswin64,activation,627,1.0,v_cvt_pk_fp8_f32,906,"896,904","v2b: (InfNaNPreserve)%906:v[59][0:16] = v_cvt_pk_fp8_f32 %896:v[164], %904:v[165]"
g_fswin64,activation,628,1.0,v_fma_mix_f32,1011,1008,"v1: %1011:v[155] = v_fma_mix_f32 lo(0x3728ab28), |%1008:v[154]|, hi(0x3728ab28)"
g_fswin64,activation,629,1.0,v_maxmin_f32,1018,7604,"v1: (InfPreserve)%1018:v[156] = v_maxmin_f32 -4.0, %7604:v[106], 4.0"
g_fswin64,activation,631,0.5,v_dual_fmaak_f32,932,"927,930","v1: %932:v[120] = v_dual_fmaak_f32 %927:v[120], %930:v[121], 0x3f650000"
g_fswin64,activation,631,0.5,v_dual_mul_f32,922,"7577,921","v1: %922:v[167] = v_dual_mul_f32 %7577:v[167], %921:v[103]"
g_fswin64,activation,632,1.0,v_maxmin_f32,1026,7605,"v1: (InfPreserve)%1026:v[158] = v_maxmin_f32 -4.0, %7605:v[107], 4.0"
g_fswin64,activation,633,1.0,v_fma_mix_f32,1021,1018,"v1: %1021:v[157] = v_fma_mix_f32 lo(0x3728ab28), |%1018:v[156]|, hi(0x3728ab28)"
g_fswin64,activation,635,0.5,v_dual_fmaak_f32,940,"938,935","v1: %940:v[123] = v_dual_fmaak_f32 %938:v[123], %935:v[122], 0x3f650000"
g_fswin64,activation,635,0.5,v_dual_mul_f32,933,"7578,932","v1: %933:v[6] = v_dual_mul_f32 %7578:v[6], %932:v[120]"
g_fswin64,activation,636,1.0,v_cvt_pk_fp8_f32,924,"914,922","v2b: (InfNaNPreserve)%924:v[59][16:32] = v_cvt_pk_fp8_f32 %914:v[166], %922:v[167] opsel_hi"
g_fswin64,activation,637,1.0,v_fma_mix_f32,1029,1026,"v1: %1029:v[159] = v_fma_mix_f32 lo(0x3728ab28), |%1026:v[158]|, hi(0x3728ab28)"
g_fswin64,activation,638,1.0,v_maxmin_f32,1036,7606,"v1: (InfPreserve)%1036:v[160] = v_maxmin_f32 -4.0, %7606:v[108], 4.0"
g_fswin64,activation,639,0.5,v_dual_fmaak_f32,950,"945,948","v1: %950:v[124] = v_dual_fmaak_f32 %945:v[124], %948:v[125], 0x3f650000"
g_fswin64,activation,639,0.5,v_dual_mul_f32,941,"7579,940","v1: %941:v[7] = v_dual_mul_f32 %7579:v[7], %940:v[123]"
g_fswin64,activation,640,1.0,v_maxmin_f32,1044,7607,"v1: (InfPreserve)%1044:v[162] = v_maxmin_f32 -4.0, %7607:v[109], 4.0"
g_fswin64,activation,642,1.0,v_fma_mix_f32,1039,1036,"v1: %1039:v[161] = v_fma_mix_f32 lo(0x3728ab28), |%1036:v[160]|, hi(0x3728ab28)"
g_fswin64,activation,643,1.0,v_cvt_pk_fp8_f32,943,"933,941","v2b: (InfNaNPreserve)%943:v[6][0:16] = v_cvt_pk_fp8_f32 %933:v[6], %941:v[7]"
g_fswin64,activation,644,0.5,v_dual_fmaak_f32,958,"956,953","v1: %958:v[127] = v_dual_fmaak_f32 %956:v[127], %953:v[126], 0x3f650000"
g_fswin64,activation,644,0.5,v_dual_mul_f32,951,"7580,950","v1: %951:v[8] = v_dual_mul_f32 %7580:v[8], %950:v[124]"
g_fswin64,activation,645,1.0,v_fma_mix_f32,1047,1044,"v1: %1047:v[163] = v_fma_mix_f32 lo(0x3728ab28), |%1044:v[162]|, hi(0x3728ab28)"
g_fswin64,activation,646,1.0,v_maxmin_f32,1054,7608,"v1: (InfPreserve)%1054:v[164] = v_maxmin_f32 -4.0, %7608:v[110], 4.0"
g_fswin64,activation,648,0.5,v_dual_fmaak_f32,968,"963,966","v1: %968:v[128] = v_dual_fmaak_f32 %963:v[128], %966:v[129], 0x3f650000"
g_fswin64,activation,648,0.5,v_dual_mul_f32,959,"7581,958","v1: %959:v[9] = v_dual_mul_f32 %7581:v[9], %958:v[127]"
g_fswin64,activation,649,1.0,v_maxmin_f32,1062,7609,"v1: (InfPreserve)%1062:v[166] = v_maxmin_f32 -4.0, %7609:v[111], 4.0"
g_fswin64,activation,650,1.0,v_fma_mix_f32,1057,1054,"v1: %1057:v[165] = v_fma_mix_f32 lo(0x3728ab28), |%1054:v[164]|, hi(0x3728ab28)"
g_fswin64,activation,651,1.0,v_cvt_pk_fp8_f32,961,"951,959","v2b: (InfNaNPreserve)%961:v[6][16:32] = v_cvt_pk_fp8_f32 %951:v[8], %959:v[9] opsel_hi"
g_fswin64,activation,652,0.5,v_dual_fmaak_f32,976,"974,971","v1: %976:v[131] = v_dual_fmaak_f32 %974:v[131], %971:v[130], 0x3f650000"
g_fswin64,activation,652,0.5,v_dual_mul_f32,969,"7582,968","v1: %969:v[10] = v_dual_mul_f32 %7582:v[10], %968:v[128]"
g_fswin64,activation,653,1.0,v_fma_mix_f32,1065,1062,"v1: %1065:v[167] = v_fma_mix_f32 lo(0x3728ab28), |%1062:v[166]|, hi(0x3728ab28)"
g_fswin64,activation,654,1.0,v_maxmin_f32,1073,7610,"v1: (InfPreserve)%1073:v[184] = v_maxmin_f32 -4.0, %7610:v[136], 4.0"
g_fswin64,activation,656,0.5,v_dual_fmaak_f32,986,"981,984","v1: %986:v[132] = v_dual_fmaak_f32 %981:v[132], %984:v[133], 0x3f650000"
g_fswin64,activation,656,0.5,v_dual_mul_f32,977,"7583,976","v1: %977:v[11] = v_dual_mul_f32 %7583:v[11], %976:v[131]"
g_fswin64,activation,657,1.0,v_maxmin_f32,1099,7613,"v1: (InfPreserve)%1099:v[190] = v_maxmin_f32 -4.0, %7613:v[139], 4.0"
g_fswin64,activation,658,1.0,v_fma_mix_f32,1076,1073,"v1: %1076:v[185] = v_fma_mix_f32 lo(0x3728ab28), |%1073:v[184]|, hi(0x3728ab28)"
g_fswin64,activation,659,1.0,v_cvt_pk_fp8_f32,979,"969,977","v2b: (InfNaNPreserve)%979:v[7][0:16] = v_cvt_pk_fp8_f32 %969:v[10], %977:v[11]"
g_fswin64,activation,660,0.5,v_dual_fmaak_f32,994,"992,989","v1: %994:v[135] = v_dual_fmaak_f32 %992:v[135], %989:v[134], 0x3f650000"
g_fswin64,activation,660,0.5,v_dual_mul_f32,987,"7584,986","v1: %987:v[12] = v_dual_mul_f32 %7584:v[12], %986:v[132]"
g_fswin64,activation,661,1.0,v_fma_mix_f32,1102,1099,"v1: %1102:v[191] = v_fma_mix_f32 lo(0x3728ab28), |%1099:v[190]|, hi(0x3728ab28)"
g_fswin64,activation,662,1.0,v_maxmin_f32,1091,7612,"v1: (InfPreserve)%1091:v[188] = v_maxmin_f32 -4.0, %7612:v[138], 4.0"
g_fswin64,activation,664,0.5,v_dual_fmaak_f32,1005,"1000,1003","v1: %1005:v[152] = v_dual_fmaak_f32 %1000:v[152], %1003:v[153], 0x3f650000"
g_fswin64,activation,664,0.5,v_dual_mul_f32,995,"7585,994","v1: %995:v[13] = v_dual_mul_f32 %7585:v[13], %994:v[135]"
g_fswin64,activation,665,1.0,v_fma_mix_f32,1094,1091,"v1: %1094:v[189] = v_fma_mix_f32 lo(0x3728ab28), |%1091:v[188]|, hi(0x3728ab28)"
g_fswin64,activation,667,0.5,v_dual_fmaak_f32,1013,"1011,1008","v1: %1013:v[155] = v_dual_fmaak_f32 %1011:v[155], %1008:v[154], 0x3f650000"
g_fswin64,activation,667,0.5,v_dual_mul_f32,1006,"7602,1005","v1: %1006:v[104] = v_dual_mul_f32 %7602:v[104], %1005:v[152]"
g_fswin64,activation,668,1.0,v_cvt_pk_fp8_f32,997,"987,995","v2b: (InfNaNPreserve)%997:v[7][16:32] = v_cvt_pk_fp8_f32 %987:v[12], %995:v[13] opsel_hi"
g_fswin64,activation,669,0.5,v_dual_fmaak_f32,1023,"1018,1021","v1: %1023:v[156] = v_dual_fmaak_f32 %1018:v[156], %1021:v[157], 0x3f650000"
g_fswin64,activation,669,0.5,v_dual_mul_f32,1014,"7603,1013","v1: %1014:v[105] = v_dual_mul_f32 %7603:v[105], %1013:v[155]"
g_fswin64,activation,670,1.0,v_maxmin_f32,1081,7611,"v1: (InfPreserve)%1081:v[186] = v_maxmin_f32 -4.0, %7611:v[137], 4.0"
g_fswin64,activation,672,1.0,v_cvt_pk_fp8_f32,1016,"1006,1014","v2b: (InfNaNPreserve)%1016:v[8][0:16] = v_cvt_pk_fp8_f32 %1006:v[104], %1014:v[105]"
g_fswin64,activation,673,0.5,v_dual_fmaak_f32,1031,"1029,1026","v1: %1031:v[159] = v_dual_fmaak_f32 %1029:v[159], %1026:v[158], 0x3f650000"
g_fswin64,activation,673,0.5,v_dual_mul_f32,1024,"7604,1023","v1: %1024:v[106] = v_dual_mul_f32 %7604:v[106], %1023:v[156]"
g_fswin64,activation,674,1.0,v_fma_mix_f32,1084,1081,"v1: %1084:v[187] = v_fma_mix_f32 lo(0x3728ab28), |%1081:v[186]|, hi(0x3728ab28)"
g_fswin64,activation,675,1.0,v_maxmin_f32,1127,7616,"v1: (InfPreserve)%1127:v[60] = v_maxmin_f32 -4.0, %7616:v[142], 4.0"
g_fswin64,activation,676,0.5,v_dual_fmaak_f32,1041,"1036,1039","v1: %1041:v[160] = v_dual_fmaak_f32 %1036:v[160], %1039:v[161], 0x3f650000"
g_fswin64,activation,676,0.5,v_dual_mul_f32,1032,"7605,1031","v1: %1032:v[107] = v_dual_mul_f32 %7605:v[107], %1031:v[159]"
g_fswin64,activation,678,1.0,v_fma_mix_f32,1130,1127,"v1: %1130:v[61] = v_fma_mix_f32 lo(0x3728ab28), |%1127:v[60]|, hi(0x3728ab28)"
g_fswin64,activation,679,1.0,v_maxmin_f32,1117,7615,"v1: (InfPreserve)%1117:v[12] = v_maxmin_f32 -4.0, %7615:v[141], 4.0"
g_fswin64,activation,680,0.5,v_dual_fmaak_f32,1049,"1047,1044","v1: %1049:v[163] = v_dual_fmaak_f32 %1047:v[163], %1044:v[162], 0x3f650000"
g_fswin64,activation,680,0.5,v_dual_mul_f32,1042,"7606,1041","v1: %1042:v[108] = v_dual_mul_f32 %7606:v[108], %1041:v[160]"
g_fswin64,activation,681,1.0,v_cvt_pk_fp8_f32,1034,"1024,1032","v2b: (InfNaNPreserve)%1034:v[8][16:32] = v_cvt_pk_fp8_f32 %1024:v[106], %1032:v[107] opsel_hi"
g_fswin64,activation,683,1.0,v_fma_mix_f32,1120,1117,"v1: %1120:v[13] = v_fma_mix_f32 lo(0x3728ab28), |%1117:v[12]|, hi(0x3728ab28)"
g_fswin64,activation,684,1.0,v_maxmin_f32,1135,7617,"v1: (InfPreserve)%1135:v[62] = v_maxmin_f32 -4.0, %7617:v[143], 4.0"
g_fswin64,activation,685,0.5,v_dual_fmaak_f32,1059,"1054,1057","v1: %1059:v[164] = v_dual_fmaak_f32 %1054:v[164], %1057:v[165], 0x3f650000"
g_fswin64,activation,685,0.5,v_dual_mul_f32,1050,"7607,1049","v1: %1050:v[109] = v_dual_mul_f32 %7607:v[109], %1049:v[163]"
g_fswin64,activation,686,1.0,v_maxmin_f32,1146,7618,"v1: (InfPreserve)%1146:v[66] = v_maxmin_f32 -4.0, %7618:v[168], 4.0"
g_fswin64,activation,687,1.0,v_fma_mix_f32,1138,1135,"v1: %1138:v[63] = v_fma_mix_f32 lo(0x3728ab28), |%1135:v[62]|, hi(0x3728ab28)"
g_fswin64,activation,688,1.0,v_cvt_pk_fp8_f32,1052,"1042,1050","v2b: (InfNaNPreserve)%1052:v[9][0:16] = v_cvt_pk_fp8_f32 %1042:v[108], %1050:v[109]"
g_fswin64,activation,689,0.5,v_dual_fmaak_f32,1067,"1065,1062","v1: %1067:v[167] = v_dual_fmaak_f32 %1065:v[167], %1062:v[166], 0x3f650000"
g_fswin64,activation,689,0.5,v_dual_mul_f32,1060,"7608,1059","v1: %1060:v[110] = v_dual_mul_f32 %7608:v[110], %1059:v[164]"
g_fswin64,activation,690,1.0,v_fma_mix_f32,1149,1146,"v1: %1149:v[67] = v_fma_mix_f32 lo(0x3728ab28), |%1146:v[66]|, hi(0x3728ab28)"
g_fswin64,activation,691,1.0,v_maxmin_f32,1164,7620,"v1: (InfPreserve)%1164:v[70] = v_maxmin_f32 -4.0, %7620:v[170], 4.0"
g_fswin64,activation,693,0.5,v_dual_fmaak_f32,1078,"1073,1076","v1: %1078:v[184] = v_dual_fmaak_f32 %1073:v[184], %1076:v[185], 0x3f650000"
g_fswin64,activation,693,0.5,v_dual_mul_f32,1068,"7609,1067","v1: %1068:v[111] = v_dual_mul_f32 %7609:v[111], %1067:v[167]"
g_fswin64,activation,694,0.5,v_dual_fmaak_f32,1151,"1146,1149","v1: %1151:v[66] = v_dual_fmaak_f32 %1146:v[66], %1149:v[67], 0x3f650000"
g_fswin64,activation,694,0.5,v_dual_fmaak_f32,1140,"1138,1135","v1: %1140:v[63] = v_dual_fmaak_f32 %1138:v[63], %1135:v[62], 0x3f650000"
g_fswin64,activation,695,1.0,v_fma_mix_f32,1167,1164,"v1: %1167:v[71] = v_fma_mix_f32 lo(0x3728ab28), |%1164:v[70]|, hi(0x3728ab28)"
g_fswin64,activation,696,1.0,v_maxmin_f32,1154,7619,"v1: (InfPreserve)%1154:v[68] = v_maxmin_f32 -4.0, %7619:v[169], 4.0"
g_fswin64,activation,697,0.5,v_dual_fmaak_f32,1104,"1102,1099","v1: %1104:v[191] = v_dual_fmaak_f32 %1102:v[191], %1099:v[190], 0x3f650000"
g_fswin64,activation,697,0.5,v_dual_mul_f32,1079,"7610,1078","v1: %1079:v[136] = v_dual_mul_f32 %7610:v[136], %1078:v[184]"
g_fswin64,activation,698,1.0,v_cvt_pk_fp8_f32,1070,"1060,1068","v2b: (InfNaNPreserve)%1070:v[9][16:32] = v_cvt_pk_fp8_f32 %1060:v[110], %1068:v[111] opsel_hi"
g_fswin64,activation,699,1.0,v_maxmin_f32,1182,7622,"v1: (InfPreserve)%1182:v[74] = v_maxmin_f32 -4.0, %7622:v[172], 4.0"
g_fswin64,activation,700,0.5,v_dual_mul_f32,1152,"7618,1151","v1: %1152:v[168] = v_dual_mul_f32 %7618:v[168], %1151:v[66]"
g_fswin64,activation,700,0.5,v_dual_mul_f32,1141,"7617,1140","v1: %1141:v[143] = v_dual_mul_f32 %7617:v[143], %1140:v[63]"
g_fswin64,activation,701,1.0,v_fma_mix_f32,1157,1154,"v1: %1157:v[69] = v_fma_mix_f32 lo(0x3728ab28), |%1154:v[68]|, hi(0x3728ab28)"
g_fswin64,activation,702,1.0,v_maxmin_f32,1172,7621,"v1: (InfPreserve)%1172:v[72] = v_maxmin_f32 -4.0, %7621:v[171], 4.0"
g_fswin64,activation,703,0.5,v_dual_mul_f32,1105,"7613,1104","v1: %1105:v[139] = v_dual_mul_f32 %7613:v[139], %1104:v[191]"
g_fswin64,activation,703,0.5,v_dual_fmaak_f32,1096,"1091,1094","v1: %1096:v[188] = v_dual_fmaak_f32 %1091:v[188], %1094:v[189], 0x3f650000"
g_fswin64,activation,704,1.0,v_maxmin_f32,1109,7614,"v1: (InfPreserve)%1109:v[191] = v_maxmin_f32 -4.0, %7614:v[140], 4.0"
g_fswin64,activation,705,1.0,v_fma_mix_f32,1185,1182,"v1: %1185:v[75] = v_fma_mix_f32 lo(0x3728ab28), |%1182:v[74]|, hi(0x3728ab28)"
g_fswin64,activation,706,1.0,v_maxmin_f32,1200,7624,"v1: (InfPreserve)%1200:v[78] = v_maxmin_f32 -4.0, %7624:v[174], 4.0"
g_fswin64,activation,707,1.0,v_fma_mix_f32,1175,1172,"v1: %1175:v[73] = v_fma_mix_f32 lo(0x3728ab28), |%1172:v[72]|, hi(0x3728ab28)"
g_fswin64,activation,709,1.0,v_fma_mix_f32,1112,1109,"v1: %1112:v[11] = v_fma_mix_f32 lo(0x3728ab28), |%1109:v[191]|, hi(0x3728ab28)"
g_fswin64,activation,710,1.0,v_maxmin_f32,1190,7623,"v1: (InfPreserve)%1190:v[76] = v_maxmin_f32 -4.0, %7623:v[173], 4.0"
g_fswin64,activation,711,1.0,v_fma_mix_f32,1203,1200,"v1: %1203:v[79] = v_fma_mix_f32 lo(0x3728ab28), |%1200:v[78]|, hi(0x3728ab28)"
g_fswin64,activation,712,0.5,v_dual_fmaak_f32,1114,"1109,1112","v1: %1114:v[191] = v_dual_fmaak_f32 %1109:v[191], %1112:v[11], 0x3f650000"
g_fswin64,activation,712,0.5,v_dual_mul_f32,1097,"7612,1096","v1: %1097:v[138] = v_dual_mul_f32 %7612:v[138], %1096:v[188]"
g_fswin64,activation,713,1.0,v_fma_mix_f32,1193,1190,"v1: %1193:v[77] = v_fma_mix_f32 lo(0x3728ab28), |%1190:v[76]|, hi(0x3728ab28)"
g_fswin64,activation,714,1.0,v_maxmin_f32,1208,7625,"v1: (InfPreserve)%1208:v[80] = v_maxmin_f32 -4.0, %7625:v[175], 4.0"
g_fswin64,activation,716,0.5,v_dual_mul_f32,1115,"7614,1114","v1: %1115:v[140] = v_dual_mul_f32 %7614:v[140], %1114:v[191]"
g_fswin64,activation,716,0.5,v_dual_fmaak_f32,1086,"1084,1081","v1: %1086:v[187] = v_dual_fmaak_f32 %1084:v[187], %1081:v[186], 0x3f650000"
g_fswin64,activation,717,1.0,v_maxmin_f32,1219,7626,"v1: (InfPreserve)%1219:v[84] = v_maxmin_f32 -4.0, %7626:v[28], 4.0"
g_fswin64,activation,718,1.0,v_fma_mix_f32,1211,1208,"v1: %1211:v[81] = v_fma_mix_f32 lo(0x3728ab28), |%1208:v[80]|, hi(0x3728ab28)"
g_fswin64,activation,719,0.5,v_dual_fmaak_f32,1132,"1127,1130","v1: %1132:v[60] = v_dual_fmaak_f32 %1127:v[60], %1130:v[61], 0x3f650000"
g_fswin64,activation,719,0.5,v_dual_mul_f32,1087,"7611,1086","v1: %1087:v[137] = v_dual_mul_f32 %7611:v[137], %1086:v[187]"
g_fswin64,activation,720,1.0,v_fma_mix_f32,1222,1219,"v1: %1222:v[86] = v_fma_mix_f32 lo(0x3728ab28), |%1219:v[84]|, hi(0x3728ab28)"
g_fswin64,activation,722,0.5,v_dual_mul_f32,1133,"1132,7616","v1: %1133:v[142] = v_dual_mul_f32 %1132:v[60], %7616:v[142]"
g_fswin64,activation,722,0.5,v_dual_fmaak_f32,1122,"1120,1117","v1: %1122:v[13] = v_dual_fmaak_f32 %1120:v[13], %1117:v[12], 0x3f650000"
g_fswin64,activation,723,1.0,v_cvt_pk_fp8_f32,1089,"1079,1087","v2b: (InfNaNPreserve)%1089:v[10][0:16] = v_cvt_pk_fp8_f32 %1079:v[136], %1087:v[137]"
g_fswin64,activation,724,1.0,v_cvt_pk_fp8_f32,1107,"1097,1105","v2b: (InfNaNPreserve)%1107:v[10][16:32] = v_cvt_pk_fp8_f32 %1097:v[138], %1105:v[139] opsel_hi"
g_fswin64,activation,725,0.5,v_dual_fmaak_f32,1224,"1219,1222","v1: %1224:v[84] = v_dual_fmaak_f32 %1219:v[84], %1222:v[86], 0x3f650000"
g_fswin64,activation,725,0.5,v_dual_fmaak_f32,1213,"1211,1208","v1: %1213:v[81] = v_dual_fmaak_f32 %1211:v[81], %1208:v[80], 0x3f650000"
g_fswin64,activation,726,0.5,v_dual_fmaak_f32,1169,"1164,1167","v1: %1169:v[70] = v_dual_fmaak_f32 %1164:v[70], %1167:v[71], 0x3f650000"
g_fswin64,activation,726,0.5,v_dual_mul_f32,1123,"7615,1122","v1: %1123:v[141] = v_dual_mul_f32 %7615:v[141], %1122:v[13]"
g_fswin64,activation,728,0.5,v_dual_mul_f32,1214,"7625,1213","v1: %1214:v[175] = v_dual_mul_f32 %7625:v[175], %1213:v[81]"
g_fswin64,activation,729,0.5,v_dual_mul_f32,1170,"7620,1169","v1: %1170:v[170] = v_dual_mul_f32 %7620:v[170], %1169:v[70]"
g_fswin64,activation,729,0.5,v_dual_fmaak_f32,1159,"1157,1154","v1: %1159:v[69] = v_dual_fmaak_f32 %1157:v[69], %1154:v[68], 0x3f650000"
g_fswin64,activation,730,1.0,v_cvt_pk_fp8_f32,1125,"1115,1123","v2b: (InfNaNPreserve)%1125:v[11][0:16] = v_cvt_pk_fp8_f32 %1115:v[140], %1123:v[141]"
g_fswin64,activation,731,1.0,v_cvt_pk_fp8_f32,1143,"1133,1141","v2b: (InfNaNPreserve)%1143:v[11][16:32] = v_cvt_pk_fp8_f32 %1133:v[142], %1141:v[143] opsel_hi"
g_fswin64,activation,734,0.5,v_dual_fmaak_f32,1187,"1182,1185","v1: %1187:v[74] = v_dual_fmaak_f32 %1182:v[74], %1185:v[75], 0x3f650000"
g_fswin64,activation,734,0.5,v_dual_mul_f32,1160,"7619,1159","v1: %1160:v[169] = v_dual_mul_f32 %7619:v[169], %1159:v[69]"
g_fswin64,activation,744,1.0,v_maxmin_f32,1227,7627,"v1: (InfPreserve)%1227:v[88] = v_maxmin_f32 -4.0, %7627:v[29], 4.0"
g_fswin64,activation,745,1.0,v_cvt_pk_fp8_f32,1162,"1152,1160","v2b: (InfNaNPreserve)%1162:v[12][0:16] = v_cvt_pk_fp8_f32 %1152:v[168], %1160:v[169]"
g_fswin64,activation,746,0.5,v_dual_mul_f32,1188,"7622,1187","v1: %1188:v[172] = v_dual_mul_f32 %7622:v[172], %1187:v[74]"
g_fswin64,activation,746,0.5,v_dual_fmaak_f32,1177,"1175,1172","v1: %1177:v[73] = v_dual_fmaak_f32 %1175:v[73], %1172:v[72], 0x3f650000"
g_fswin64,activation,747,1.0,v_maxmin_f32,1237,7628,"v1: (InfPreserve)%1237:v[90] = v_maxmin_f32 -4.0, %7628:v[30], 4.0"
g_fswin64,activation,748,1.0,v_maxmin_f32,1245,7629,"v1: (InfPreserve)%1245:v[92] = v_maxmin_f32 -4.0, %7629:v[31], 4.0"
g_fswin64,activation,749,1.0,v_maxmin_f32,1255,7630,"v1: (InfPreserve)%1255:v[94] = v_maxmin_f32 -4.0, %7630:v[32], 4.0"
g_fswin64,activation,750,1.0,v_maxmin_f32,1263,7631,"v1: (InfPreserve)%1263:v[96] = v_maxmin_f32 -4.0, %7631:v[33], 4.0"
g_fswin64,activation,751,1.0,v_fma_mix_f32,1230,1227,"v1: %1230:v[89] = v_fma_mix_f32 lo(0x3728ab28), |%1227:v[88]|, hi(0x3728ab28)"
g_fswin64,activation,752,0.5,v_dual_fmaak_f32,1205,"1200,1203","v1: %1205:v[78] = v_dual_fmaak_f32 %1200:v[78], %1203:v[79], 0x3f650000"
g_fswin64,activation,752,0.5,v_dual_mul_f32,1178,"7621,1177","v1: %1178:v[171] = v_dual_mul_f32 %7621:v[171], %1177:v[73]"
g_fswin64,activation,753,1.0,v_fma_mix_f32,1240,1237,"v1: %1240:v[91] = v_fma_mix_f32 lo(0x3728ab28), |%1237:v[90]|, hi(0x3728ab28)"
g_fswin64,activation,754,1.0,v_fma_mix_f32,1248,1245,"v1: %1248:v[93] = v_fma_mix_f32 lo(0x3728ab28), |%1245:v[92]|, hi(0x3728ab28)"
g_fswin64,activation,755,1.0,v_maxmin_f32,1273,7632,"v1: (InfPreserve)%1273:v[98] = v_maxmin_f32 -4.0, %7632:v[34], 4.0"
g_fswin64,activation,756,1.0,v_fma_mix_f32,1258,1255,"v1: %1258:v[95] = v_fma_mix_f32 lo(0x3728ab28), |%1255:v[94]|, hi(0x3728ab28)"
g_fswin64,activation,757,1.0,v_fma_mix_f32,1266,1263,"v1: %1266:v[97] = v_fma_mix_f32 lo(0x3728ab28), |%1263:v[96]|, hi(0x3728ab28)"
g_fswin64,activation,758,1.0,v_maxmin_f32,1281,7633,"v1: (InfPreserve)%1281:v[100] = v_maxmin_f32 -4.0, %7633:v[35], 4.0"
g_fswin64,activation,759,1.0,v_fmaak_f32,1232,"1230,1227","v1: %1232:v[89] = v_fmaak_f32 %1230:v[89], %1227:v[88], 0x3f650000"
g_fswin64,activation,760,1.0,v_cvt_pk_fp8_f32,1180,"1170,1178","v2b: (InfNaNPreserve)%1180:v[12][16:32] = v_cvt_pk_fp8_f32 %1170:v[170], %1178:v[171] opsel_hi"
g_fswin64,activation,761,0.5,v_dual_mul_f32,1206,"7624,1205","v1: %1206:v[174] = v_dual_mul_f32 %7624:v[174], %1205:v[78]"
g_fswin64,activation,761,0.5,v_dual_fmaak_f32,1195,"1193,1190","v1: %1195:v[77] = v_dual_fmaak_f32 %1193:v[77], %1190:v[76], 0x3f650000"
g_fswin64,activation,762,0.5,v_dual_fmaak_f32,1250,"1248,1245","v1: %1250:v[93] = v_dual_fmaak_f32 %1248:v[93], %1245:v[92], 0x3f650000"
g_fswin64,activation,762,0.5,v_dual_fmaak_f32,1242,"1237,1240","v1: %1242:v[90] = v_dual_fmaak_f32 %1237:v[90], %1240:v[91], 0x3f650000"
g_fswin64,activation,763,1.0,v_maxmin_f32,1292,7646,"v1: (InfPreserve)%1292:v[102] = v_maxmin_f32 -4.0, %7646:v[112], 4.0"
g_fswin64,activation,764,1.0,v_fma_mix_f32,1276,1273,"v1: %1276:v[99] = v_fma_mix_f32 lo(0x3728ab28), |%1273:v[98]|, hi(0x3728ab28)"
g_fswin64,activation,765,1.0,v_maxmin_f32,1300,7647,"v1: (InfPreserve)%1300:v[104] = v_maxmin_f32 -4.0, %7647:v[113], 4.0"
g_fswin64,activation,766,0.5,v_dual_fmaak_f32,1268,"1266,1263","v1: %1268:v[97] = v_dual_fmaak_f32 %1266:v[97], %1263:v[96], 0x3f650000"
g_fswin64,activation,766,0.5,v_dual_fmaak_f32,1260,"1255,1258","v1: %1260:v[94] = v_dual_fmaak_f32 %1255:v[94], %1258:v[95], 0x3f650000"
g_fswin64,activation,767,1.0,v_fma_mix_f32,1284,1281,"v1: %1284:v[101] = v_fma_mix_f32 lo(0x3728ab28), |%1281:v[100]|, hi(0x3728ab28)"
g_fswin64,activation,768,1.0,v_mul_f32,1233,"7627,1232","v1: %1233:v[29] = v_mul_f32 %7627:v[29], %1232:v[89]"
g_fswin64,activation,769,0.5,v_dual_mul_f32,1225,"7626,1224","v1: %1225:v[28] = v_dual_mul_f32 %7626:v[28], %1224:v[84]"
g_fswin64,activation,769,0.5,v_dual_mul_f32,1196,"7623,1195","v1: %1196:v[173] = v_dual_mul_f32 %7623:v[173], %1195:v[77]"
g_fswin64,activation,770,0.5,v_dual_mul_f32,1251,"7629,1250","v1: %1251:v[31] = v_dual_mul_f32 %7629:v[31], %1250:v[93]"
g_fswin64,activation,770,0.5,v_dual_mul_f32,1243,"7628,1242","v1: %1243:v[30] = v_dual_mul_f32 %7628:v[30], %1242:v[90]"
g_fswin64,activation,771,1.0,v_maxmin_f32,1310,7648,"v1: (InfPreserve)%1310:v[106] = v_maxmin_f32 -4.0, %7648:v[114], 4.0"
g_fswin64,activation,772,1.0,v_fma_mix_f32,1295,1292,"v1: %1295:v[103] = v_fma_mix_f32 lo(0x3728ab28), |%1292:v[102]|, hi(0x3728ab28)"
g_fswin64,activation,773,1.0,v_maxmin_f32,1318,7649,"v1: (InfPreserve)%1318:v[108] = v_maxmin_f32 -4.0, %7649:v[115], 4.0"
g_fswin64,activation,774,1.0,v_fma_mix_f32,1303,1300,"v1: %1303:v[105] = v_fma_mix_f32 lo(0x3728ab28), |%1300:v[104]|, hi(0x3728ab28)"
g_fswin64,activation,775,0.5,v_dual_mul_f32,1269,"7631,1268","v1: %1269:v[33] = v_dual_mul_f32 %7631:v[33], %1268:v[97]"
g_fswin64,activation,775,0.5,v_dual_mul_f32,1261,"7630,1260","v1: %1261:v[32] = v_dual_mul_f32 %7630:v[32], %1260:v[94]"
g_fswin64,activation,776,0.5,v_dual_fmaak_f32,1286,"1284,1281","v1: %1286:v[101] = v_dual_fmaak_f32 %1284:v[101], %1281:v[100], 0x3f650000"
g_fswin64,activation,776,0.5,v_dual_fmaak_f32,1278,"1273,1276","v1: %1278:v[98] = v_dual_fmaak_f32 %1273:v[98], %1276:v[99], 0x3f650000"
g_fswin64,activation,777,1.0,v_cvt_pk_fp8_f32,1198,"1188,1196","v2b: (InfNaNPreserve)%1198:v[13][0:16] = v_cvt_pk_fp8_f32 %1188:v[172], %1196:v[173]"
g_fswin64,activation,778,1.0,v_cvt_pk_fp8_f32,1216,"1206,1214","v2b: (InfNaNPreserve)%1216:v[13][16:32] = v_cvt_pk_fp8_f32 %1206:v[174], %1214:v[175] opsel_hi"
g_fswin64,activation,779,1.0,v_cvt_pk_fp8_f32,1235,"1225,1233","v2b: (InfNaNPreserve)%1235:v[28][0:16] = v_cvt_pk_fp8_f32 %1225:v[28], %1233:v[29]"
g_fswin64,activation,780,1.0,v_cvt_pk_fp8_f32,1253,"1243,1251","v2b: (InfNaNPreserve)%1253:v[28][16:32] = v_cvt_pk_fp8_f32 %1243:v[30], %1251:v[31] opsel_hi"
g_fswin64,activation,781,1.0,v_maxmin_f32,1328,7650,"v1: (InfPreserve)%1328:v[110] = v_maxmin_f32 -4.0, %7650:v[116], 4.0"
g_fswin64,activation,782,1.0,v_fma_mix_f32,1313,1310,"v1: %1313:v[107] = v_fma_mix_f32 lo(0x3728ab28), |%1310:v[106]|, hi(0x3728ab28)"
g_fswin64,activation,783,1.0,v_fma_mix_f32,1321,1318,"v1: %1321:v[109] = v_fma_mix_f32 lo(0x3728ab28), |%1318:v[108]|, hi(0x3728ab28)"
g_fswin64,activation,784,0.5,v_dual_fmaak_f32,1305,"1303,1300","v1: %1305:v[105] = v_dual_fmaak_f32 %1303:v[105], %1300:v[104], 0x3f650000"
g_fswin64,activation,784,0.5,v_dual_fmaak_f32,1297,"1292,1295","v1: %1297:v[102] = v_dual_fmaak_f32 %1292:v[102], %1295:v[103], 0x3f650000"
g_fswin64,activation,785,1.0,v_cvt_pk_fp8_f32,1271,"1261,1269","v2b: (InfNaNPreserve)%1271:v[29][0:16] = v_cvt_pk_fp8_f32 %1261:v[32], %1269:v[33]"
g_fswin64,activation,786,0.5,v_dual_mul_f32,1287,"7633,1286","v1: %1287:v[35] = v_dual_mul_f32 %7633:v[35], %1286:v[101]"
g_fswin64,activation,786,0.5,v_dual_mul_f32,1279,"7632,1278","v1: %1279:v[34] = v_dual_mul_f32 %7632:v[34], %1278:v[98]"
g_fswin64,activation,787,1.0,v_fma_mix_f32,1331,1328,"v1: %1331:v[111] = v_fma_mix_f32 lo(0x3728ab28), |%1328:v[110]|, hi(0x3728ab28)"
g_fswin64,activation,788,0.5,v_dual_fmaak_f32,1323,"1321,1318","v1: %1323:v[109] = v_dual_fmaak_f32 %1321:v[109], %1318:v[108], 0x3f650000"
g_fswin64,activation,788,0.5,v_dual_fmaak_f32,1315,"1310,1313","v1: %1315:v[106] = v_dual_fmaak_f32 %1310:v[106], %1313:v[107], 0x3f650000"
g_fswin64,activation,789,0.5,v_dual_mul_f32,1306,"7647,1305","v1: %1306:v[113] = v_dual_mul_f32 %7647:v[113], %1305:v[105]"
g_fswin64,activation,789,0.5,v_dual_mul_f32,1298,"7646,1297","v1: %1298:v[112] = v_dual_mul_f32 %7646:v[112], %1297:v[102]"
g_fswin64,activation,791,1.0,v_cvt_pk_fp8_f32,1289,"1279,1287","v2b: (InfNaNPreserve)%1289:v[29][16:32] = v_cvt_pk_fp8_f32 %1279:v[34], %1287:v[35] opsel_hi"
g_fswin64,activation,792,0.5,v_dual_mul_f32,1324,"7649,1323","v1: %1324:v[115] = v_dual_mul_f32 %7649:v[115], %1323:v[109]"
g_fswin64,activation,792,0.5,v_dual_mul_f32,1316,"7648,1315","v1: %1316:v[114] = v_dual_mul_f32 %7648:v[114], %1315:v[106]"
g_fswin64,activation,793,1.0,v_cvt_pk_fp8_f32,1308,"1298,1306","v2b: (InfNaNPreserve)%1308:v[30][0:16] = v_cvt_pk_fp8_f32 %1298:v[112], %1306:v[113]"
g_fswin64,activation,794,1.0,v_maxmin_f32,1336,7651,"v1: (InfPreserve)%1336:v[112] = v_maxmin_f32 -4.0, %7651:v[117], 4.0"
g_fswin64,activation,795,1.0,v_maxmin_f32,1373,7655,"v1: (InfPreserve)%1373:v[120] = v_maxmin_f32 -4.0, %7655:v[145], 4.0"
g_fswin64,activation,797,1.0,v_cvt_pk_fp8_f32,1326,"1316,1324","v2b: (InfNaNPreserve)%1326:v[30][16:32] = v_cvt_pk_fp8_f32 %1316:v[114], %1324:v[115] opsel_hi"
g_fswin64,activation,798,1.0,v_maxmin_f32,1346,7652,"v1: (InfPreserve)%1346:v[114] = v_maxmin_f32 -4.0, %7652:v[118], 4.0"
g_fswin64,activation,799,1.0,v_maxmin_f32,1383,7656,"v1: (InfPreserve)%1383:v[122] = v_maxmin_f32 -4.0, %7656:v[146], 4.0"
g_fswin64,activation,800,1.0,v_fma_mix_f32,1339,1336,"v1: %1339:v[113] = v_fma_mix_f32 lo(0x3728ab28), |%1336:v[112]|, hi(0x3728ab28)"
g_fswin64,activation,801,1.0,v_fma_mix_f32,1376,1373,"v1: %1376:v[121] = v_fma_mix_f32 lo(0x3728ab28), |%1373:v[120]|, hi(0x3728ab28)"
g_fswin64,activation,802,1.0,v_maxmin_f32,1391,7657,"v1: (InfPreserve)%1391:v[124] = v_maxmin_f32 -4.0, %7657:v[147], 4.0"
g_fswin64,activation,803,1.0,v_fma_mix_f32,1349,1346,"v1: %1349:v[115] = v_fma_mix_f32 lo(0x3728ab28), |%1346:v[114]|, hi(0x3728ab28)"
g_fswin64,activation,804,1.0,v_fma_mix_f32,1386,1383,"v1: %1386:v[123] = v_fma_mix_f32 lo(0x3728ab28), |%1383:v[122]|, hi(0x3728ab28)"
g_fswin64,activation,805,0.5,v_dual_fmaak_f32,1341,"1339,1336","v1: %1341:v[113] = v_dual_fmaak_f32 %1339:v[113], %1336:v[112], 0x3f650000"
g_fswin64,activation,805,0.5,v_dual_fmaak_f32,1333,"1328,1331","v1: %1333:v[110] = v_dual_fmaak_f32 %1328:v[110], %1331:v[111], 0x3f650000"
g_fswin64,activation,806,1.0,v_maxmin_f32,1401,7658,"v1: (InfPreserve)%1401:v[126] = v_maxmin_f32 -4.0, %7658:v[148], 4.0"
g_fswin64,activation,807,1.0,v_fma_mix_f32,1394,1391,"v1: %1394:v[125] = v_fma_mix_f32 lo(0x3728ab28), |%1391:v[124]|, hi(0x3728ab28)"
g_fswin64,activation,808,1.0,v_maxmin_f32,1409,7659,"v1: (InfPreserve)%1409:v[128] = v_maxmin_f32 -4.0, %7659:v[149], 4.0"
g_fswin64,activation,810,0.5,v_dual_mul_f32,1342,"7651,1341","v1: %1342:v[117] = v_dual_mul_f32 %7651:v[117], %1341:v[113]"
g_fswin64,activation,810,0.5,v_dual_mul_f32,1334,"7650,1333","v1: %1334:v[116] = v_dual_mul_f32 %7650:v[116], %1333:v[110]"
g_fswin64,activation,811,1.0,v_fma_mix_f32,1404,1401,"v1: %1404:v[127] = v_fma_mix_f32 lo(0x3728ab28), |%1401:v[126]|, hi(0x3728ab28)"
g_fswin64,activation,812,0.5,v_dual_fmaak_f32,1396,"1394,1391","v1: %1396:v[125] = v_dual_fmaak_f32 %1394:v[125], %1391:v[124], 0x3f650000"
g_fswin64,activation,812,0.5,v_dual_fmaak_f32,1388,"1383,1386","v1: %1388:v[122] = v_dual_fmaak_f32 %1383:v[122], %1386:v[123], 0x3f650000"
g_fswin64,activation,813,1.0,v_fma_mix_f32,1412,1409,"v1: %1412:v[129] = v_fma_mix_f32 lo(0x3728ab28), |%1409:v[128]|, hi(0x3728ab28)"
g_fswin64,activation,814,1.0,v_maxmin_f32,1419,7660,"v1: (InfPreserve)%1419:v[130] = v_maxmin_f32 -4.0, %7660:v[150], 4.0"
g_fswin64,activation,815,1.0,v_maxmin_f32,1427,7661,"v1: (InfPreserve)%1427:v[132] = v_maxmin_f32 -4.0, %7661:v[151], 4.0"
g_fswin64,activation,816,1.0,v_cvt_pk_fp8_f32,1344,"1334,1342","v2b: (InfNaNPreserve)%1344:v[31][0:16] = v_cvt_pk_fp8_f32 %1334:v[116], %1342:v[117]"
g_fswin64,activation,817,1.0,v_maxmin_f32,1354,7653,"v1: (InfPreserve)%1354:v[116] = v_maxmin_f32 -4.0, %7653:v[119], 4.0"
g_fswin64,activation,818,0.5,v_dual_mul_f32,1397,"7657,1396","v1: %1397:v[147] = v_dual_mul_f32 %7657:v[147], %1396:v[125]"
g_fswin64,activation,818,0.5,v_dual_mul_f32,1389,"7656,1388","v1: %1389:v[146] = v_dual_mul_f32 %7656:v[146], %1388:v[122]"
g_fswin64,activation,819,0.5,v_dual_fmaak_f32,1414,"1412,1409","v1: %1414:v[129] = v_dual_fmaak_f32 %1412:v[129], %1409:v[128], 0x3f650000"
g_fswin64,activation,819,0.5,v_dual_fmaak_f32,1406,"1401,1404","v1: %1406:v[126] = v_dual_fmaak_f32 %1401:v[126], %1404:v[127], 0x3f650000"
g_fswin64,activation,820,1.0,v_fma_mix_f32,1422,1419,"v1: %1422:v[131] = v_fma_mix_f32 lo(0x3728ab28), |%1419:v[130]|, hi(0x3728ab28)"
g_fswin64,activation,821,1.0,v_maxmin_f32,1438,7662,"v1: (InfPreserve)%1438:v[134] = v_maxmin_f32 -4.0, %7662:v[176], 4.0"
g_fswin64,activation,822,1.0,v_fma_mix_f32,1430,1427,"v1: %1430:v[133] = v_fma_mix_f32 lo(0x3728ab28), |%1427:v[132]|, hi(0x3728ab28)"
g_fswin64,activation,823,1.0,v_maxmin_f32,1446,7663,"v1: (InfPreserve)%1446:v[136] = v_maxmin_f32 -4.0, %7663:v[177], 4.0"
g_fswin64,activation,824,1.0,v_fma_mix_f32,1357,1354,"v1: %1357:v[117] = v_fma_mix_f32 lo(0x3728ab28), |%1354:v[116]|, hi(0x3728ab28)"
g_fswin64,activation,825,0.5,v_dual_mul_f32,1415,"7659,1414","v1: %1415:v[149] = v_dual_mul_f32 %7659:v[149], %1414:v[129]"
g_fswin64,activation,825,0.5,v_dual_mul_f32,1407,"7658,1406","v1: %1407:v[148] = v_dual_mul_f32 %7658:v[148], %1406:v[126]"
g_fswin64,activation,826,1.0,v_fma_mix_f32,1441,1438,"v1: %1441:v[135] = v_fma_mix_f32 lo(0x3728ab28), |%1438:v[134]|, hi(0x3728ab28)"
g_fswin64,activation,827,1.0,v_maxmin_f32,1456,7664,"v1: (InfPreserve)%1456:v[138] = v_maxmin_f32 -4.0, %7664:v[178], 4.0"
g_fswin64,activation,828,0.5,v_dual_fmaak_f32,1432,"1430,1427","v1: %1432:v[133] = v_dual_fmaak_f32 %1430:v[133], %1427:v[132], 0x3f650000"
g_fswin64,activation,828,0.5,v_dual_fmaak_f32,1424,"1419,1422","v1: %1424:v[130] = v_dual_fmaak_f32 %1419:v[130], %1422:v[131], 0x3f650000"
g_fswin64,activation,829,1.0,v_fma_mix_f32,1449,1446,"v1: %1449:v[137] = v_fma_mix_f32 lo(0x3728ab28), |%1446:v[136]|, hi(0x3728ab28)"
g_fswin64,activation,830,0.5,v_dual_fmaak_f32,1359,"1357,1354","v1: %1359:v[117] = v_dual_fmaak_f32 %1357:v[117], %1354:v[116], 0x3f650000"
g_fswin64,activation,830,0.5,v_dual_fmaak_f32,1351,"1346,1349","v1: %1351:v[114] = v_dual_fmaak_f32 %1346:v[114], %1349:v[115], 0x3f650000"
g_fswin64,activation,831,1.0,v_maxmin_f32,1464,7665,"v1: (InfPreserve)%1464:v[140] = v_maxmin_f32 -4.0, %7665:v[179], 4.0"
g_fswin64,activation,832,1.0,v_cvt_pk_fp8_f32,1417,"1407,1415","v2b: (InfNaNPreserve)%1417:v[33][0:16] = v_cvt_pk_fp8_f32 %1407:v[148], %1415:v[149]"
g_fswin64,activation,833,1.0,v_fma_mix_f32,1459,1456,"v1: %1459:v[139] = v_fma_mix_f32 lo(0x3728ab28), |%1456:v[138]|, hi(0x3728ab28)"
g_fswin64,activation,834,1.0,v_maxmin_f32,1474,7666,"v1: (InfPreserve)%1474:v[142] = v_maxmin_f32 -4.0, %7666:v[180], 4.0"
g_fswin64,activation,835,0.5,v_dual_mul_f32,1433,"7661,1432","v1: %1433:v[151] = v_dual_mul_f32 %7661:v[151], %1432:v[133]"
g_fswin64,activation,835,0.5,v_dual_mul_f32,1425,"7660,1424","v1: %1425:v[150] = v_dual_mul_f32 %7660:v[150], %1424:v[130]"
g_fswin64,activation,836,0.5,v_dual_fmaak_f32,1451,"1449,1446","v1: %1451:v[137] = v_dual_fmaak_f32 %1449:v[137], %1446:v[136], 0x3f650000"
g_fswin64,activation,836,0.5,v_dual_fmaak_f32,1443,"1438,1441","v1: %1443:v[134] = v_dual_fmaak_f32 %1438:v[134], %1441:v[135], 0x3f650000"
g_fswin64,activation,837,0.5,v_dual_mul_f32,1360,"7653,1359","v1: %1360:v[119] = v_dual_mul_f32 %7653:v[119], %1359:v[117]"
g_fswin64,activation,837,0.5,v_dual_mul_f32,1352,"7652,1351","v1: %1352:v[118] = v_dual_mul_f32 %7652:v[118], %1351:v[114]"
g_fswin64,activation,838,1.0,v_fma_mix_f32,1467,1464,"v1: %1467:v[141] = v_fma_mix_f32 lo(0x3728ab28), |%1464:v[140]|, hi(0x3728ab28)"
g_fswin64,activation,839,1.0,v_fma_mix_f32,1477,1474,"v1: %1477:v[143] = v_fma_mix_f32 lo(0x3728ab28), |%1474:v[142]|, hi(0x3728ab28)"
g_fswin64,activation,840,1.0,v_cvt_pk_fp8_f32,1435,"1425,1433","v2b: (InfNaNPreserve)%1435:v[33][16:32] = v_cvt_pk_fp8_f32 %1425:v[150], %1433:v[151] opsel_hi"
g_fswin64,activation,841,0.5,v_dual_mul_f32,1452,"7663,1451","v1: %1452:v[177] = v_dual_mul_f32 %7663:v[177], %1451:v[137]"
g_fswin64,activation,841,0.5,v_dual_mul_f32,1444,"7662,1443","v1: %1444:v[176] = v_dual_mul_f32 %7662:v[176], %1443:v[134]"
g_fswin64,activation,842,1.0,v_cvt_pk_fp8_f32,1362,"1352,1360","v2b: (InfNaNPreserve)%1362:v[31][16:32] = v_cvt_pk_fp8_f32 %1352:v[118], %1360:v[119] opsel_hi"
g_fswin64,activation,843,1.0,v_maxmin_f32,1365,7654,"v1: (InfPreserve)%1365:v[118] = v_maxmin_f32 -4.0, %7654:v[144], 4.0"
g_fswin64,activation,844,1.0,v_maxmin_f32,1500,7669,"v1: (InfPreserve)%1500:v[148] = v_maxmin_f32 -4.0, %7669:v[183], 4.0"
g_fswin64,activation,845,0.5,v_dual_fmaak_f32,1469,"1467,1464","v1: %1469:v[141] = v_dual_fmaak_f32 %1467:v[141], %1464:v[140], 0x3f650000"
g_fswin64,activation,845,0.5,v_dual_fmaak_f32,1461,"1456,1459","v1: %1461:v[138] = v_dual_fmaak_f32 %1456:v[138], %1459:v[139], 0x3f650000"
g_fswin64,activation,846,1.0,v_cvt_pk_fp8_f32,1454,"1444,1452","v2b: (InfNaNPreserve)%1454:v[34][0:16] = v_cvt_pk_fp8_f32 %1444:v[176], %1452:v[177]"
g_fswin64,activation,848,1.0,v_fma_mix_f32,1368,1365,"v1: %1368:v[119] = v_fma_mix_f32 lo(0x3728ab28), |%1365:v[118]|, hi(0x3728ab28)"
g_fswin64,activation,849,1.0,v_fma_mix_f32,1503,1500,"v1: %1503:v[149] = v_fma_mix_f32 lo(0x3728ab28), |%1500:v[148]|, hi(0x3728ab28)"
g_fswin64,activation,850,1.0,v_maxmin_f32,1511,7670,"v1: (InfPreserve)%1511:v[150] = v_maxmin_f32 -4.0, %7670:v[14], 4.0"
g_fswin64,activation,851,0.5,v_dual_mul_f32,1470,"7665,1469","v1: %1470:v[179] = v_dual_mul_f32 %7665:v[179], %1469:v[141]"
g_fswin64,activation,851,0.5,v_dual_mul_f32,1462,"7664,1461","v1: %1462:v[178] = v_dual_mul_f32 %7664:v[178], %1461:v[138]"
g_fswin64,activation,852,1.0,v_maxmin_f32,1519,7671,"v1: (InfPreserve)%1519:v[152] = v_maxmin_f32 -4.0, %7671:v[15], 4.0"
g_fswin64,activation,853,0.5,v_dual_fmaak_f32,1378,"1376,1373","v1: %1378:v[121] = v_dual_fmaak_f32 %1376:v[121], %1373:v[120], 0x3f650000"
g_fswin64,activation,853,0.5,v_dual_fmaak_f32,1370,"1365,1368","v1: %1370:v[118] = v_dual_fmaak_f32 %1365:v[118], %1368:v[119], 0x3f650000"
g_fswin64,activation,855,1.0,v_fma_mix_f32,1514,1511,"v1: %1514:v[151] = v_fma_mix_f32 lo(0x3728ab28), |%1511:v[150]|, hi(0x3728ab28)"
g_fswin64,activation,856,1.0,v_cvt_pk_fp8_f32,1472,"1462,1470","v2b: (InfNaNPreserve)%1472:v[34][16:32] = v_cvt_pk_fp8_f32 %1462:v[178], %1470:v[179] opsel_hi"
g_fswin64,activation,857,1.0,v_fma_mix_f32,1522,1519,"v1: %1522:v[153] = v_fma_mix_f32 lo(0x3728ab28), |%1519:v[152]|, hi(0x3728ab28)"
g_fswin64,activation,858,1.0,v_maxmin_f32,1529,7672,"v1: (InfPreserve)%1529:v[154] = v_maxmin_f32 -4.0, %7672:v[16], 4.0"
g_fswin64,activation,859,1.0,v_maxmin_f32,1537,7673,"v1: (InfPreserve)%1537:v[156] = v_maxmin_f32 -4.0, %7673:v[17], 4.0"
g_fswin64,activation,860,0.5,v_dual_mul_f32,1379,"7655,1378","v1: %1379:v[145] = v_dual_mul_f32 %7655:v[145], %1378:v[121]"
g_fswin64,activation,860,0.5,v_dual_mul_f32,1371,"7654,1370","v1: %1371:v[144] = v_dual_mul_f32 %7654:v[144], %1370:v[118]"
g_fswin64,activation,862,0.5,v_dual_fmaak_f32,1524,"1522,1519","v1: %1524:v[153] = v_dual_fmaak_f32 %1522:v[153], %1519:v[152], 0x3f650000"
g_fswin64,activation,862,0.5,v_dual_fmaak_f32,1516,"1511,1514","v1: %1516:v[150] = v_dual_fmaak_f32 %1511:v[150], %1514:v[151], 0x3f650000"
g_fswin64,activation,863,1.0,v_fma_mix_f32,1532,1529,"v1: %1532:v[155] = v_fma_mix_f32 lo(0x3728ab28), |%1529:v[154]|, hi(0x3728ab28)"
g_fswin64,activation,864,1.0,v_fma_mix_f32,1540,1537,"v1: %1540:v[157] = v_fma_mix_f32 lo(0x3728ab28), |%1537:v[156]|, hi(0x3728ab28)"
g_fswin64,activation,865,1.0,v_maxmin_f32,1547,7674,"v1: (InfPreserve)%1547:v[158] = v_maxmin_f32 -4.0, %7674:v[18], 4.0"
g_fswin64,activation,866,1.0,v_cvt_pk_fp8_f32,1381,"1371,1379","v2b: (InfNaNPreserve)%1381:v[32][0:16] = v_cvt_pk_fp8_f32 %1371:v[144], %1379:v[145]"
g_fswin64,activation,867,1.0,v_cvt_pk_fp8_f32,1399,"1389,1397","v2b: (InfNaNPreserve)%1399:v[32][16:32] = v_cvt_pk_fp8_f32 %1389:v[146], %1397:v[147] opsel_hi"
g_fswin64,activation,868,1.0,v_maxmin_f32,1482,7667,"v1: (InfPreserve)%1482:v[144] = v_maxmin_f32 -4.0, %7667:v[181], 4.0"
g_fswin64,activation,869,1.0,v_maxmin_f32,1492,7668,"v1: (InfPreserve)%1492:v[146] = v_maxmin_f32 -4.0, %7668:v[182], 4.0"
g_fswin64,activation,870,1.0,v_maxmin_f32,1555,7675,"v1: (InfPreserve)%1555:v[160] = v_maxmin_f32 -4.0, %7675:v[19], 4.0"
g_fswin64,activation,871,0.5,v_dual_mul_f32,1525,"7671,1524","v1: %1525:v[15] = v_dual_mul_f32 %7671:v[15], %1524:v[153]"
g_fswin64,activation,871,0.5,v_dual_mul_f32,1517,"7670,1516","v1: %1517:v[14] = v_dual_mul_f32 %7670:v[14], %1516:v[150]"
g_fswin64,activation,872,0.5,v_dual_fmaak_f32,1542,"1540,1537","v1: %1542:v[157] = v_dual_fmaak_f32 %1540:v[157], %1537:v[156], 0x3f650000"
g_fswin64,activation,872,0.5,v_dual_fmaak_f32,1534,"1529,1532","v1: %1534:v[154] = v_dual_fmaak_f32 %1529:v[154], %1532:v[155], 0x3f650000"
g_fswin64,activation,873,1.0,v_fma_mix_f32,1550,1547,"v1: %1550:v[159] = v_fma_mix_f32 lo(0x3728ab28), |%1547:v[158]|, hi(0x3728ab28)"
g_fswin64,activation,874,1.0,v_fma_mix_f32,1485,1482,"v1: %1485:v[145] = v_fma_mix_f32 lo(0x3728ab28), |%1482:v[144]|, hi(0x3728ab28)"
g_fswin64,activation,875,1.0,v_fma_mix_f32,1495,1492,"v1: %1495:v[147] = v_fma_mix_f32 lo(0x3728ab28), |%1492:v[146]|, hi(0x3728ab28)"
g_fswin64,activation,876,1.0,v_fma_mix_f32,1558,1555,"v1: %1558:v[161] = v_fma_mix_f32 lo(0x3728ab28), |%1555:v[160]|, hi(0x3728ab28)"
g_fswin64,activation,877,1.0,v_cvt_pk_fp8_f32,1527,"1517,1525","v2b: (InfNaNPreserve)%1527:v[14][0:16] = v_cvt_pk_fp8_f32 %1517:v[14], %1525:v[15]"
g_fswin64,activation,878,0.5,v_dual_mul_f32,1543,"7673,1542","v1: %1543:v[17] = v_dual_mul_f32 %7673:v[17], %1542:v[157]"
g_fswin64,activation,878,0.5,v_dual_mul_f32,1535,"7672,1534","v1: %1535:v[16] = v_dual_mul_f32 %7672:v[16], %1534:v[154]"
g_fswin64,activation,880,0.5,v_dual_fmaak_f32,1560,"1558,1555","v1: %1560:v[161] = v_dual_fmaak_f32 %1558:v[161], %1555:v[160], 0x3f650000"
g_fswin64,activation,880,0.5,v_dual_fmaak_f32,1552,"1547,1550","v1: %1552:v[158] = v_dual_fmaak_f32 %1547:v[158], %1550:v[159], 0x3f650000"
g_fswin64,activation,881,1.0,v_cvt_pk_fp8_f32,1545,"1535,1543","v2b: (InfNaNPreserve)%1545:v[14][16:32] = v_cvt_pk_fp8_f32 %1535:v[16], %1543:v[17] opsel_hi"
g_fswin64,activation,883,0.5,v_dual_mul_f32,1561,"7675,1560","v1: %1561:v[19] = v_dual_mul_f32 %7675:v[19], %1560:v[161]"
g_fswin64,activation,883,0.5,v_dual_mul_f32,1553,"7674,1552","v1: %1553:v[18] = v_dual_mul_f32 %7674:v[18], %1552:v[158]"
g_fswin64,activation,884,1.0,v_cvt_pk_fp8_f32,1563,"1553,1561","v2b: (InfNaNPreserve)%1563:v[15][0:16] = v_cvt_pk_fp8_f32 %1553:v[18], %1561:v[19]"
g_fswin64,activation,889,1.0,v_maxmin_f32,1565,7676,"v1: (InfPreserve)%1565:v[162] = v_maxmin_f32 -4.0, %7676:v[20], 4.0"
g_fswin64,activation,890,0.5,v_dual_fmaak_f32,1487,"1485,1482","v1: %1487:v[145] = v_dual_fmaak_f32 %1485:v[145], %1482:v[144], 0x3f650000"
g_fswin64,activation,890,0.5,v_dual_fmaak_f32,1479,"1474,1477","v1: %1479:v[142] = v_dual_fmaak_f32 %1474:v[142], %1477:v[143], 0x3f650000"
g_fswin64,activation,891,0.5,v_dual_fmaak_f32,1505,"1503,1500","v1: %1505:v[149] = v_dual_fmaak_f32 %1503:v[149], %1500:v[148], 0x3f650000"
g_fswin64,activation,891,0.5,v_dual_fmaak_f32,1497,"1492,1495","v1: %1497:v[146] = v_dual_fmaak_f32 %1492:v[146], %1495:v[147], 0x3f650000"
g_fswin64,activation,892,1.0,v_maxmin_f32,1573,7677,"v1: (InfPreserve)%1573:v[164] = v_maxmin_f32 -4.0, %7677:v[21], 4.0"
g_fswin64,activation,898,1.0,v_fma_mix_f32,1568,1565,"v1: %1568:v[163] = v_fma_mix_f32 lo(0x3728ab28), |%1565:v[162]|, hi(0x3728ab28)"
g_fswin64,activation,899,0.5,v_dual_mul_f32,1488,"7667,1487","v1: %1488:v[181] = v_dual_mul_f32 %7667:v[181], %1487:v[145]"
g_fswin64,activation,899,0.5,v_dual_mul_f32,1480,"7666,1479","v1: %1480:v[180] = v_dual_mul_f32 %7666:v[180], %1479:v[142]"
g_fswin64,activation,900,0.5,v_dual_mul_f32,1506,"7669,1505","v1: %1506:v[183] = v_dual_mul_f32 %7669:v[183], %1505:v[149]"
g_fswin64,activation,900,0.5,v_dual_mul_f32,1498,"7668,1497","v1: %1498:v[182] = v_dual_mul_f32 %7668:v[182], %1497:v[146]"
g_fswin64,activation,901,1.0,v_fma_mix_f32,1576,1573,"v1: %1576:v[165] = v_fma_mix_f32 lo(0x3728ab28), |%1573:v[164]|, hi(0x3728ab28)"
g_fswin64,activation,910,1.0,v_cvt_pk_fp8_f32,1490,"1480,1488","v2b: (InfNaNPreserve)%1490:v[35][0:16] = v_cvt_pk_fp8_f32 %1480:v[180], %1488:v[181]"
g_fswin64,activation,911,1.0,v_cvt_pk_fp8_f32,1508,"1498,1506","v2b: (InfNaNPreserve)%1508:v[35][16:32] = v_cvt_pk_fp8_f32 %1498:v[182], %1506:v[183] opsel_hi"
g_fswin64,activation,912,0.5,v_dual_fmaak_f32,1578,"1576,1573","v1: %1578:v[165] = v_dual_fmaak_f32 %1576:v[165], %1573:v[164], 0x3f650000"
g_fswin64,activation,912,0.5,v_dual_fmaak_f32,1570,"1565,1568","v1: %1570:v[162] = v_dual_fmaak_f32 %1565:v[162], %1568:v[163], 0x3f650000"
g_fswin64,activation,914,0.5,v_dual_mul_f32,1579,"7677,1578","v1: %1579:v[21] = v_dual_mul_f32 %7677:v[21], %1578:v[165]"
g_fswin64,activation,914,0.5,v_dual_mul_f32,1571,"7676,1570","v1: %1571:v[20] = v_dual_mul_f32 %7676:v[20], %1570:v[162]"
g_fswin64,activation,915,1.0,v_cvt_pk_fp8_f32,1581,"1571,1579","v2b: (InfNaNPreserve)%1581:v[15][16:32] = v_cvt_pk_fp8_f32 %1571:v[20], %1579:v[21] opsel_hi"
g_fswin64,activation,995,1.0,v_maxmin_f32,1748,8616,"v1: (InfPreserve)%1748:v[69] = v_maxmin_f32 -4.0, %8616:v[72], 4.0"
g_fswin64,activation,996,1.0,v_maxmin_f32,1756,8617,"v1: (InfPreserve)%1756:v[17] = v_maxmin_f32 -4.0, %8617:v[73], 4.0"
g_fswin64,activation,997,1.0,v_maxmin_f32,1774,8619,"v1: (InfPreserve)%1774:v[45] = v_maxmin_f32 -4.0, %8619:v[75], 4.0"
g_fswin64,activation,998,1.0,v_maxmin_f32,1766,8618,"v1: (InfPreserve)%1766:v[19] = v_maxmin_f32 -4.0, %8618:v[74], 4.0"
g_fswin64,activation,1000,1.0,v_fma_mix_f32,1751,1748,"v1: %1751:v[16] = v_fma_mix_f32 lo(0x3728ab28), |%1748:v[69]|, hi(0x3728ab28)"
g_fswin64,activation,1001,1.0,v_fma_mix_f32,1759,1756,"v1: %1759:v[18] = v_fma_mix_f32 lo(0x3728ab28), |%1756:v[17]|, hi(0x3728ab28)"
g_fswin64,activation,1002,1.0,v_fma_mix_f32,1769,1766,"v1: %1769:v[24] = v_fma_mix_f32 lo(0x3728ab28), |%1766:v[19]|, hi(0x3728ab28)"
g_fswin64,activation,1004,0.5,v_dual_fmaak_f32,1761,"1759,1756","v1: %1761:v[18] = v_dual_fmaak_f32 %1759:v[18], %1756:v[17], 0x3f650000"
g_fswin64,activation,1004,0.5,v_dual_fmaak_f32,1753,"1748,1751","v1: %1753:v[69] = v_dual_fmaak_f32 %1748:v[69], %1751:v[16], 0x3f650000"
g_fswin64,activation,1005,0.5,v_dual_fmaak_f32,1771,"1766,1769","v1: %1771:v[19] = v_dual_fmaak_f32 %1766:v[19], %1769:v[24], 0x3f650000"
g_fswin64,activation,1005,0.5,v_dual_mul_f32,1754,"8616,1753","v1: %1754:v[72] = v_dual_mul_f32 %8616:v[72], %1753:v[69]"
g_fswin64,activation,1006,1.0,v_fma_mix_f32,1777,1774,"v1: %1777:v[69] = v_fma_mix_f32 lo(0x3728ab28), |%1774:v[45]|, hi(0x3728ab28)"
g_fswin64,activation,1007,1.0,v_mul_f32,1762,"8617,1761","v1: %1762:v[73] = v_mul_f32 %8617:v[73], %1761:v[18]"
g_fswin64,activation,1008,1.0,v_maxmin_f32,1810,8623,"v1: (InfPreserve)%1810:v[18] = v_maxmin_f32 -4.0, %8623:v[79], 4.0"
g_fswin64,activation,1010,1.0,v_fmaak_f32,1779,"1777,1774","v1: %1779:v[69] = v_fmaak_f32 %1777:v[69], %1774:v[45], 0x3f650000"
g_fswin64,activation,1011,1.0,v_cvt_pk_fp8_f32,1764,"1754,1762","v2b: (InfNaNPreserve)%1764:v[16][0:16] = v_cvt_pk_fp8_f32 %1754:v[72], %1762:v[73]"
g_fswin64,activation,1012,1.0,v_maxmin_f32,1784,8620,"v1: (InfPreserve)%1784:v[72] = v_maxmin_f32 -4.0, %8620:v[76], 4.0"
g_fswin64,activation,1013,0.5,v_dual_mul_f32,1780,"8619,1779","v1: %1780:v[75] = v_dual_mul_f32 %8619:v[75], %1779:v[69]"
g_fswin64,activation,1013,0.5,v_dual_mul_f32,1772,"8618,1771","v1: %1772:v[74] = v_dual_mul_f32 %8618:v[74], %1771:v[19]"
g_fswin64,activation,1014,1.0,v_maxmin_f32,1829,8625,"v1: (InfPreserve)%1829:v[69] = v_maxmin_f32 -4.0, %8625:v[89], 4.0"
g_fswin64,activation,1015,1.0,v_fma_mix_f32,1813,1810,"v1: %1813:v[19] = v_fma_mix_f32 lo(0x3728ab28), |%1810:v[18]|, hi(0x3728ab28)"
g_fswin64,activation,1016,1.0,v_maxmin_f32,1821,8624,"v1: (InfPreserve)%1821:v[24] = v_maxmin_f32 -4.0, %8624:v[88], 4.0"
g_fswin64,activation,1017,1.0,v_fma_mix_f32,1787,1784,"v1: %1787:v[73] = v_fma_mix_f32 lo(0x3728ab28), |%1784:v[72]|, hi(0x3728ab28)"
g_fswin64,activation,1018,1.0,v_cvt_pk_fp8_f32,1782,"1772,1780","v2b: (InfNaNPreserve)%1782:v[16][16:32] = v_cvt_pk_fp8_f32 %1772:v[74], %1780:v[75] opsel_hi"
g_fswin64,activation,1019,1.0,v_maxmin_f32,1792,8621,"v1: (InfPreserve)%1792:v[74] = v_maxmin_f32 -4.0, %8621:v[77], 4.0"
g_fswin64,activation,1021,1.0,v_fma_mix_f32,1824,1821,"v1: %1824:v[45] = v_fma_mix_f32 lo(0x3728ab28), |%1821:v[24]|, hi(0x3728ab28)"
g_fswin64,activation,1022,1.0,v_fma_mix_f32,1795,1792,"v1: %1795:v[75] = v_fma_mix_f32 lo(0x3728ab28), |%1792:v[74]|, hi(0x3728ab28)"
g_fswin64,activation,1024,0.5,v_dual_fmaak_f32,1797,"1795,1792","v1: %1797:v[75] = v_dual_fmaak_f32 %1795:v[75], %1792:v[74], 0x3f650000"
g_fswin64,activation,1024,0.5,v_dual_fmaak_f32,1789,"1784,1787","v1: %1789:v[72] = v_dual_fmaak_f32 %1784:v[72], %1787:v[73], 0x3f650000"
g_fswin64,activation,1025,1.0,v_maxmin_f32,1839,8626,"v1: (InfPreserve)%1839:v[73] = v_maxmin_f32 -4.0, %8626:v[90], 4.0"
g_fswin64,activation,1026,0.5,v_dual_mul_f32,1798,"8621,1797","v1: %1798:v[77] = v_dual_mul_f32 %8621:v[77], %1797:v[75]"
g_fswin64,activation,1026,0.5,v_dual_mul_f32,1790,"8620,1789","v1: %1790:v[76] = v_dual_mul_f32 %8620:v[76], %1789:v[72]"
g_fswin64,activation,1027,1.0,v_fma_mix_f32,1832,1829,"v1: %1832:v[72] = v_fma_mix_f32 lo(0x3728ab28), |%1829:v[69]|, hi(0x3728ab28)"
g_fswin64,activation,1028,1.0,v_maxmin_f32,1847,8627,"v1: (InfPreserve)%1847:v[75] = v_maxmin_f32 -4.0, %8627:v[91], 4.0"
g_fswin64,activation,1029,1.0,v_fma_mix_f32,1842,1839,"v1: %1842:v[74] = v_fma_mix_f32 lo(0x3728ab28), |%1839:v[73]|, hi(0x3728ab28)"
g_fswin64,activation,1031,1.0,v_cvt_pk_fp8_f32,1800,"1790,1798","v2b: (InfNaNPreserve)%1800:v[17][0:16] = v_cvt_pk_fp8_f32 %1790:v[76], %1798:v[77]"
g_fswin64,activation,1032,1.0,v_maxmin_f32,1802,8622,"v1: (InfPreserve)%1802:v[76] = v_maxmin_f32 -4.0, %8622:v[78], 4.0"
g_fswin64,activation,1033,0.5,v_dual_fmaak_f32,1834,"1832,1829","v1: %1834:v[72] = v_dual_fmaak_f32 %1832:v[72], %1829:v[69], 0x3f650000"
g_fswin64,activation,1033,0.5,v_dual_fmaak_f32,1815,"1813,1810","v1: %1815:v[19] = v_dual_fmaak_f32 %1813:v[19], %1810:v[18], 0x3f650000"
g_fswin64,activation,1034,1.0,v_fma_mix_f32,1805,1802,"v1: %1805:v[77] = v_fma_mix_f32 lo(0x3728ab28), |%1802:v[76]|, hi(0x3728ab28)"
g_fswin64,activation,1035,0.5,v_dual_fmaak_f32,1826,"1821,1824","v1: %1826:v[24] = v_dual_fmaak_f32 %1821:v[24], %1824:v[45], 0x3f650000"
g_fswin64,activation,1035,0.5,v_dual_mul_f32,1835,"8625,1834","v1: %1835:v[89] = v_dual_mul_f32 %8625:v[89], %1834:v[72]"
g_fswin64,activation,1037,1.0,v_fmaak_f32,1807,"1802,1805","v1: %1807:v[76] = v_fmaak_f32 %1802:v[76], %1805:v[77], 0x3f650000"
g_fswin64,activation,1038,1.0,v_maxmin_f32,1857,8628,"v1: (InfPreserve)%1857:v[77] = v_maxmin_f32 -4.0, %8628:v[92], 4.0"
g_fswin64,activation,1039,0.5,v_dual_mul_f32,1827,"8624,1826","v1: %1827:v[88] = v_dual_mul_f32 %8624:v[88], %1826:v[24]"
g_fswin64,activation,1039,0.5,v_dual_mul_f32,1816,"8623,1815","v1: %1816:v[79] = v_dual_mul_f32 %8623:v[79], %1815:v[19]"
g_fswin64,activation,1040,1.0,v_mul_f32,1808,"8622,1807","v1: %1808:v[78] = v_mul_f32 %8622:v[78], %1807:v[76]"
g_fswin64,activation,1041,1.0,v_fma_mix_f32,1850,1847,"v1: %1850:v[76] = v_fma_mix_f32 lo(0x3728ab28), |%1847:v[75]|, hi(0x3728ab28)"
g_fswin64,activation,1042,1.0,v_cvt_pk_fp8_f32,1837,"1827,1835","v2b: (InfNaNPreserve)%1837:v[18][0:16] = v_cvt_pk_fp8_f32 %1827:v[88], %1835:v[89]"
g_fswin64,activation,1043,1.0,v_maxmin_f32,1875,8630,"v1: (InfPreserve)%1875:v[89] = v_maxmin_f32 -4.0, %8630:v[94], 4.0"
g_fswin64,activation,1045,1.0,v_cvt_pk_fp8_f32,1818,"1808,1816","v2b: (InfNaNPreserve)%1818:v[17][16:32] = v_cvt_pk_fp8_f32 %1808:v[78], %1816:v[79] opsel_hi"
g_fswin64,activation,1046,1.0,v_maxmin_f32,1865,8629,"v1: (InfPreserve)%1865:v[79] = v_maxmin_f32 -4.0, %8629:v[93], 4.0"
g_fswin64,activation,1047,1.0,v_fma_mix_f32,1860,1857,"v1: %1860:v[78] = v_fma_mix_f32 lo(0x3728ab28), |%1857:v[77]|, hi(0x3728ab28)"
g_fswin64,activation,1048,0.5,v_dual_fmaak_f32,1852,"1850,1847","v1: %1852:v[76] = v_dual_fmaak_f32 %1850:v[76], %1847:v[75], 0x3f650000"
g_fswin64,activation,1048,0.5,v_dual_fmaak_f32,1844,"1839,1842","v1: %1844:v[73] = v_dual_fmaak_f32 %1839:v[73], %1842:v[74], 0x3f650000"
g_fswin64,activation,1049,1.0,v_fma_mix_f32,1868,1865,"v1: %1868:v[88] = v_fma_mix_f32 lo(0x3728ab28), |%1865:v[79]|, hi(0x3728ab28)"
g_fswin64,activation,1051,0.5,v_dual_mul_f32,1845,"8626,1844","v1: %1845:v[90] = v_dual_mul_f32 %8626:v[90], %1844:v[73]"
g_fswin64,activation,1051,0.5,v_dual_mul_f32,1853,"8627,1852","v1: %1853:v[91] = v_dual_mul_f32 %8627:v[91], %1852:v[76]"
g_fswin64,activation,1052,0.5,v_dual_fmaak_f32,1862,"1857,1860","v1: %1862:v[77] = v_dual_fmaak_f32 %1857:v[77], %1860:v[78], 0x3f650000"
g_fswin64,activation,1052,0.5,v_dual_fmaak_f32,1870,"1868,1865","v1: %1870:v[88] = v_dual_fmaak_f32 %1868:v[88], %1865:v[79], 0x3f650000"
g_fswin64,activation,1054,1.0,v_cvt_pk_fp8_f32,1855,"1845,1853","v2b: (InfNaNPreserve)%1855:v[18][16:32] = v_cvt_pk_fp8_f32 %1845:v[90], %1853:v[91] opsel_hi"
g_fswin64,activation,1055,1.0,v_maxmin_f32,1883,8631,"v1: (InfPreserve)%1883:v[91] = v_maxmin_f32 -4.0, %8631:v[95], 4.0"
g_fswin64,activation,1056,1.0,v_fma_mix_f32,1878,1875,"v1: %1878:v[90] = v_fma_mix_f32 lo(0x3728ab28), |%1875:v[89]|, hi(0x3728ab28)"
g_fswin64,activation,1057,1.0,v_maxmin_f32,1920,8635,"v1: (InfPreserve)%1920:v[73] = v_maxmin_f32 -4.0, %8635:v[99], 4.0"
g_fswin64,activation,1058,1.0,v_maxmin_f32,1912,8634,"v1: (InfPreserve)%1912:v[45] = v_maxmin_f32 -4.0, %8634:v[98], 4.0"
g_fswin64,activation,1059,0.5,v_dual_mul_f32,1871,"8629,1870","v1: %1871:v[93] = v_dual_mul_f32 %8629:v[93], %1870:v[88]"
g_fswin64,activation,1059,0.5,v_dual_mul_f32,1863,"8628,1862","v1: %1863:v[92] = v_dual_mul_f32 %8628:v[92], %1862:v[77]"
g_fswin64,activation,1061,1.0,v_fma_mix_f32,1923,1920,"v1: %1923:v[74] = v_fma_mix_f32 lo(0x3728ab28), |%1920:v[73]|, hi(0x3728ab28)"
g_fswin64,activation,1062,1.0,v_fma_mix_f32,1915,1912,"v1: %1915:v[69] = v_fma_mix_f32 lo(0x3728ab28), |%1912:v[45]|, hi(0x3728ab28)"
g_fswin64,activation,1063,1.0,v_maxmin_f32,1930,8636,"v1: (InfPreserve)%1930:v[75] = v_maxmin_f32 -4.0, %8636:v[100], 4.0"
g_fswin64,activation,1064,1.0,v_cvt_pk_fp8_f32,1873,"1863,1871","v2b: (InfNaNPreserve)%1873:v[19][0:16] = v_cvt_pk_fp8_f32 %1863:v[92], %1871:v[93]"
g_fswin64,activation,1065,1.0,v_maxmin_f32,1894,8632,"v1: (InfPreserve)%1894:v[93] = v_maxmin_f32 -4.0, %8632:v[96], 4.0"
g_fswin64,activation,1066,1.0,v_fma_mix_f32,1886,1883,"v1: %1886:v[92] = v_fma_mix_f32 lo(0x3728ab28), |%1883:v[91]|, hi(0x3728ab28)"
g_fswin64,activation,1067,1.0,v_maxmin_f32,1938,8637,"v1: (InfPreserve)%1938:v[77] = v_maxmin_f32 -4.0, %8637:v[101], 4.0"
g_fswin64,activation,1068,1.0,v_fmaak_f32,1917,"1912,1915","v1: %1917:v[45] = v_fmaak_f32 %1912:v[45], %1915:v[69], 0x3f650000"
g_fswin64,activation,1069,1.0,v_fma_mix_f32,1933,1930,"v1: %1933:v[76] = v_fma_mix_f32 lo(0x3728ab28), |%1930:v[75]|, hi(0x3728ab28)"
g_fswin64,activation,1070,1.0,v_maxmin_f32,1948,8638,"v1: (InfPreserve)%1948:v[79] = v_maxmin_f32 -4.0, %8638:v[102], 4.0"
g_fswin64,activation,1071,0.5,v_dual_fmaak_f32,1888,"1886,1883","v1: %1888:v[92] = v_dual_fmaak_f32 %1886:v[92], %1883:v[91], 0x3f650000"
g_fswin64,activation,1071,0.5,v_dual_fmaak_f32,1880,"1875,1878","v1: %1880:v[89] = v_dual_fmaak_f32 %1875:v[89], %1878:v[90], 0x3f650000"
g_fswin64,activation,1072,1.0,v_fma_mix_f32,1941,1938,"v1: %1941:v[78] = v_fma_mix_f32 lo(0x3728ab28), |%1938:v[77]|, hi(0x3728ab28)"
g_fswin64,activation,1074,1.0,v_fma_mix_f32,1951,1948,"v1: %1951:v[88] = v_fma_mix_f32 lo(0x3728ab28), |%1948:v[79]|, hi(0x3728ab28)"
g_fswin64,activation,1075,0.5,v_dual_mul_f32,1889,"8631,1888","v1: %1889:v[95] = v_dual_mul_f32 %8631:v[95], %1888:v[92]"
g_fswin64,activation,1075,0.5,v_dual_mul_f32,1881,"8630,1880","v1: %1881:v[94] = v_dual_mul_f32 %8630:v[94], %1880:v[89]"
g_fswin64,activation,1076,1.0,v_maxmin_f32,1956,8639,"v1: (InfPreserve)%1956:v[89] = v_maxmin_f32 -4.0, %8639:v[103], 4.0"
g_fswin64,activation,1077,0.5,v_dual_fmaak_f32,1943,"1941,1938","v1: %1943:v[78] = v_dual_fmaak_f32 %1941:v[78], %1938:v[77], 0x3f650000"
g_fswin64,activation,1077,0.5,v_dual_fmaak_f32,1935,"1930,1933","v1: %1935:v[75] = v_dual_fmaak_f32 %1930:v[75], %1933:v[76], 0x3f650000"
g_fswin64,activation,1078,1.0,v_maxmin_f32,1967,8640,"v1: (InfPreserve)%1967:v[91] = v_maxmin_f32 -4.0, %8640:v[104], 4.0"
g_fswin64,activation,1079,1.0,v_cvt_pk_fp8_f32,1891,"1881,1889","v2b: (InfNaNPreserve)%1891:v[19][16:32] = v_cvt_pk_fp8_f32 %1881:v[94], %1889:v[95] opsel_hi"
g_fswin64,activation,1080,1.0,v_maxmin_f32,1902,8633,"v1: (InfPreserve)%1902:v[95] = v_maxmin_f32 -4.0, %8633:v[97], 4.0"
g_fswin64,activation,1081,1.0,v_fma_mix_f32,1897,1894,"v1: %1897:v[94] = v_fma_mix_f32 lo(0x3728ab28), |%1894:v[93]|, hi(0x3728ab28)"
g_fswin64,activation,1082,1.0,v_fma_mix_f32,1959,1956,"v1: %1959:v[90] = v_fma_mix_f32 lo(0x3728ab28), |%1956:v[89]|, hi(0x3728ab28)"
g_fswin64,activation,1083,0.5,v_dual_mul_f32,1944,"8637,1943","v1: %1944:v[101] = v_dual_mul_f32 %8637:v[101], %1943:v[78]"
g_fswin64,activation,1083,0.5,v_dual_mul_f32,1936,"8636,1935","v1: %1936:v[100] = v_dual_mul_f32 %8636:v[100], %1935:v[75]"
g_fswin64,activation,1084,1.0,v_fma_mix_f32,1970,1967,"v1: %1970:v[92] = v_fma_mix_f32 lo(0x3728ab28), |%1967:v[91]|, hi(0x3728ab28)"
g_fswin64,activation,1085,1.0,v_fma_mix_f32,1905,1902,"v1: %1905:v[24] = v_fma_mix_f32 lo(0x3728ab28), |%1902:v[95]|, hi(0x3728ab28)"
g_fswin64,activation,1086,1.0,v_fmaak_f32,1899,"1894,1897","v1: %1899:v[93] = v_fmaak_f32 %1894:v[93], %1897:v[94], 0x3f650000"
g_fswin64,activation,1087,0.5,v_dual_fmaak_f32,1961,"1959,1956","v1: %1961:v[90] = v_dual_fmaak_f32 %1959:v[90], %1956:v[89], 0x3f650000"
g_fswin64,activation,1087,0.5,v_dual_fmaak_f32,1953,"1948,1951","v1: %1953:v[79] = v_dual_fmaak_f32 %1948:v[79], %1951:v[88], 0x3f650000"
g_fswin64,activation,1089,1.0,v_fmaak_f32,1907,"1905,1902","v1: %1907:v[24] = v_fmaak_f32 %1905:v[24], %1902:v[95], 0x3f650000"
g_fswin64,activation,1090,1.0,v_maxmin_f32,1985,8642,"v1: (InfPreserve)%1985:v[95] = v_maxmin_f32 -4.0, %8642:v[106], 4.0"
g_fswin64,activation,1091,1.0,v_mul_f32,1900,"8632,1899","v1: %1900:v[96] = v_mul_f32 %8632:v[96], %1899:v[93]"
g_fswin64,activation,1092,1.0,v_maxmin_f32,1975,8641,"v1: (InfPreserve)%1975:v[93] = v_maxmin_f32 -4.0, %8641:v[105], 4.0"
g_fswin64,activation,1093,0.5,v_dual_mul_f32,1962,"8639,1961","v1: %1962:v[103] = v_dual_mul_f32 %8639:v[103], %1961:v[90]"
g_fswin64,activation,1093,0.5,v_dual_mul_f32,1954,"8638,1953","v1: %1954:v[102] = v_dual_mul_f32 %8638:v[102], %1953:v[79]"
g_fswin64,activation,1094,0.5,v_dual_fmaak_f32,1925,"1923,1920","v1: %1925:v[74] = v_dual_fmaak_f32 %1923:v[74], %1920:v[73], 0x3f650000"
g_fswin64,activation,1094,0.5,v_dual_mul_f32,1908,"8633,1907","v1: %1908:v[97] = v_dual_mul_f32 %8633:v[97], %1907:v[24]"
g_fswin64,activation,1095,1.0,v_cvt_pk_fp8_f32,1946,"1936,1944","v2b: (InfNaNPreserve)%1946:v[73][0:16] = v_cvt_pk_fp8_f32 %1936:v[100], %1944:v[101]"
g_fswin64,activation,1096,1.0,v_maxmin_f32,2011,8645,"v1: (InfPreserve)%2011:v[101] = v_maxmin_f32 -4.0, %8645:v[109], 4.0"
g_fswin64,activation,1097,1.0,v_fma_mix_f32,1978,1975,"v1: %1978:v[94] = v_fma_mix_f32 lo(0x3728ab28), |%1975:v[93]|, hi(0x3728ab28)"
g_fswin64,activation,1098,1.0,v_cvt_pk_fp8_f32,1964,"1954,1962","v2b: (InfNaNPreserve)%1964:v[73][16:32] = v_cvt_pk_fp8_f32 %1954:v[102], %1962:v[103] opsel_hi"
g_fswin64,activation,1099,1.0,v_cvt_pk_fp8_f32,1910,"1900,1908","v2b: (InfNaNPreserve)%1910:v[72][0:16] = v_cvt_pk_fp8_f32 %1900:v[96], %1908:v[97]"
g_fswin64,activation,1100,1.0,v_maxmin_f32,1993,8643,"v1: (InfPreserve)%1993:v[97] = v_maxmin_f32 -4.0, %8643:v[107], 4.0"
g_fswin64,activation,1101,1.0,v_fma_mix_f32,1988,1985,"v1: %1988:v[96] = v_fma_mix_f32 lo(0x3728ab28), |%1985:v[95]|, hi(0x3728ab28)"
g_fswin64,activation,1102,0.5,v_dual_mul_f32,1926,"8635,1925","v1: %1926:v[99] = v_dual_mul_f32 %8635:v[99], %1925:v[74]"
g_fswin64,activation,1102,0.5,v_dual_mul_f32,1918,"8634,1917","v1: %1918:v[98] = v_dual_mul_f32 %8634:v[98], %1917:v[45]"
g_fswin64,activation,1103,1.0,v_maxmin_f32,2021,8646,"v1: (InfPreserve)%2021:v[103] = v_maxmin_f32 -4.0, %8646:v[110], 4.0"
g_fswin64,activation,1104,1.0,v_fma_mix_f32,2014,2011,"v1: %2014:v[102] = v_fma_mix_f32 lo(0x3728ab28), |%2011:v[101]|, hi(0x3728ab28)"
g_fswin64,activation,1105,0.5,v_dual_fmaak_f32,1980,"1978,1975","v1: %1980:v[94] = v_dual_fmaak_f32 %1978:v[94], %1975:v[93], 0x3f650000"
g_fswin64,activation,1105,0.5,v_dual_fmaak_f32,1972,"1967,1970","v1: %1972:v[91] = v_dual_fmaak_f32 %1967:v[91], %1970:v[92], 0x3f650000"
g_fswin64,activation,1107,1.0,v_cvt_pk_fp8_f32,1928,"1918,1926","v2b: (InfNaNPreserve)%1928:v[72][16:32] = v_cvt_pk_fp8_f32 %1918:v[98], %1926:v[99] opsel_hi"
g_fswin64,activation,1108,1.0,v_maxmin_f32,2003,8644,"v1: (InfPreserve)%2003:v[99] = v_maxmin_f32 -4.0, %8644:v[108], 4.0"
g_fswin64,activation,1109,1.0,v_fma_mix_f32,1996,1993,"v1: %1996:v[98] = v_fma_mix_f32 lo(0x3728ab28), |%1993:v[97]|, hi(0x3728ab28)"
g_fswin64,activation,1110,0.5,v_dual_mul_f32,1981,"8641,1980","v1: %1981:v[105] = v_dual_mul_f32 %8641:v[105], %1980:v[94]"
g_fswin64,activation,1110,0.5,v_dual_mul_f32,1973,"8640,1972","v1: %1973:v[104] = v_dual_mul_f32 %8640:v[104], %1972:v[91]"
g_fswin64,activation,1111,1.0,v_fma_mix_f32,2006,2003,"v1: %2006:v[100] = v_fma_mix_f32 lo(0x3728ab28), |%2003:v[99]|, hi(0x3728ab28)"
g_fswin64,activation,1112,0.5,v_dual_fmaak_f32,1998,"1996,1993","v1: %1998:v[98] = v_dual_fmaak_f32 %1996:v[98], %1993:v[97], 0x3f650000"
g_fswin64,activation,1112,0.5,v_dual_fmaak_f32,1990,"1985,1988","v1: %1990:v[95] = v_dual_fmaak_f32 %1985:v[95], %1988:v[96], 0x3f650000"
g_fswin64,activation,1113,1.0,v_cvt_pk_fp8_f32,1983,"1973,1981","v2b: (InfNaNPreserve)%1983:v[74][0:16] = v_cvt_pk_fp8_f32 %1973:v[104], %1981:v[105]"
g_fswin64,activation,1114,1.0,v_maxmin_f32,2029,8647,"v1: (InfPreserve)%2029:v[105] = v_maxmin_f32 -4.0, %8647:v[111], 4.0"
g_fswin64,activation,1115,1.0,v_fma_mix_f32,2024,2021,"v1: %2024:v[104] = v_fma_mix_f32 lo(0x3728ab28), |%2021:v[103]|, hi(0x3728ab28)"
g_fswin64,activation,1116,0.5,v_dual_fmaak_f32,2016,"2014,2011","v1: %2016:v[102] = v_dual_fmaak_f32 %2014:v[102], %2011:v[101], 0x3f650000"
g_fswin64,activation,1116,0.5,v_dual_fmaak_f32,2008,"2003,2006","v1: %2008:v[99] = v_dual_fmaak_f32 %2003:v[99], %2006:v[100], 0x3f650000"
g_fswin64,activation,1117,0.5,v_dual_mul_f32,1999,"8643,1998","v1: %1999:v[107] = v_dual_mul_f32 %8643:v[107], %1998:v[98]"
g_fswin64,activation,1117,0.5,v_dual_mul_f32,1991,"8642,1990","v1: %1991:v[106] = v_dual_mul_f32 %8642:v[106], %1990:v[95]"
g_fswin64,activation,1119,0.5,v_dual_mul_f32,2017,"8645,2016","v1: %2017:v[109] = v_dual_mul_f32 %8645:v[109], %2016:v[102]"
g_fswin64,activation,1119,0.5,v_dual_mul_f32,2009,"8644,2008","v1: %2009:v[108] = v_dual_mul_f32 %8644:v[108], %2008:v[99]"
g_fswin64,activation,1120,1.0,v_cvt_pk_fp8_f32,2001,"1991,1999","v2b: (InfNaNPreserve)%2001:v[74][16:32] = v_cvt_pk_fp8_f32 %1991:v[106], %1999:v[107] opsel_hi"
g_fswin64,activation,1121,1.0,v_maxmin_f32,2040,8660,"v1: (InfPreserve)%2040:v[107] = v_maxmin_f32 -4.0, %8660:v[112], 4.0"
g_fswin64,activation,1122,1.0,v_fma_mix_f32,2032,2029,"v1: %2032:v[106] = v_fma_mix_f32 lo(0x3728ab28), |%2029:v[105]|, hi(0x3728ab28)"
g_fswin64,activation,1123,1.0,v_cvt_pk_fp8_f32,2019,"2009,2017","v2b: (InfNaNPreserve)%2019:v[75][0:16] = v_cvt_pk_fp8_f32 %2009:v[108], %2017:v[109]"
g_fswin64,activation,1124,1.0,v_maxmin_f32,2048,8661,"v1: (InfPreserve)%2048:v[109] = v_maxmin_f32 -4.0, %8661:v[113], 4.0"
g_fswin64,activation,1125,1.0,v_maxmin_f32,2076,8664,"v1: (InfPreserve)%2076:v[45] = v_maxmin_f32 -4.0, %8664:v[116], 4.0"
g_fswin64,activation,1126,1.0,v_fma_mix_f32,2043,2040,"v1: %2043:v[108] = v_fma_mix_f32 lo(0x3728ab28), |%2040:v[107]|, hi(0x3728ab28)"
g_fswin64,activation,1127,0.5,v_dual_fmaak_f32,2026,"2021,2024","v1: %2026:v[103] = v_dual_fmaak_f32 %2021:v[103], %2024:v[104], 0x3f650000"
g_fswin64,activation,1127,0.5,v_dual_fmaak_f32,2034,"2032,2029","v1: %2034:v[106] = v_dual_fmaak_f32 %2032:v[106], %2029:v[105], 0x3f650000"
g_fswin64,activation,1131,1.0,v_fma_mix_f32,2079,2076,"v1: %2079:v[69] = v_fma_mix_f32 lo(0x3728ab28), |%2076:v[45]|, hi(0x3728ab28)"
g_fswin64,activation,1132,0.5,v_dual_mul_f32,2035,"8647,2034","v1: %2035:v[111] = v_dual_mul_f32 %8647:v[111], %2034:v[106]"
g_fswin64,activation,1132,0.5,v_dual_mul_f32,2027,"8646,2026","v1: %2027:v[110] = v_dual_mul_f32 %8646:v[110], %2026:v[103]"
g_fswin64,activation,1133,1.0,v_maxmin_f32,2084,8665,"v1: (InfPreserve)%2084:v[70] = v_maxmin_f32 -4.0, %8665:v[117], 4.0"
g_fswin64,activation,1135,1.0,v_fmaak_f32,2081,"2076,2079","v1: %2081:v[45] = v_fmaak_f32 %2076:v[45], %2079:v[69], 0x3f650000"
g_fswin64,activation,1136,1.0,v_cvt_pk_fp8_f32,2037,"2027,2035","v2b: (InfNaNPreserve)%2037:v[75][16:32] = v_cvt_pk_fp8_f32 %2027:v[110], %2035:v[111] opsel_hi"
g_fswin64,activation,1137,1.0,v_maxmin_f32,2058,8662,"v1: (InfPreserve)%2058:v[111] = v_maxmin_f32 -4.0, %8662:v[114], 4.0"
g_fswin64,activation,1138,1.0,v_fma_mix_f32,2051,2048,"v1: %2051:v[110] = v_fma_mix_f32 lo(0x3728ab28), |%2048:v[109]|, hi(0x3728ab28)"
g_fswin64,activation,1139,1.0,v_maxmin_f32,2094,8666,"v1: (InfPreserve)%2094:v[78] = v_maxmin_f32 -4.0, %8666:v[118], 4.0"
g_fswin64,activation,1140,1.0,v_fma_mix_f32,2087,2084,"v1: %2087:v[71] = v_fma_mix_f32 lo(0x3728ab28), |%2084:v[70]|, hi(0x3728ab28)"
g_fswin64,activation,1141,1.0,v_maxmin_f32,2102,8667,"v1: (InfPreserve)%2102:v[88] = v_maxmin_f32 -4.0, %8667:v[119], 4.0"
g_fswin64,activation,1143,0.5,v_dual_fmaak_f32,2053,"2051,2048","v1: %2053:v[110] = v_dual_fmaak_f32 %2051:v[110], %2048:v[109], 0x3f650000"
g_fswin64,activation,1143,0.5,v_dual_fmaak_f32,2045,"2040,2043","v1: %2045:v[107] = v_dual_fmaak_f32 %2040:v[107], %2043:v[108], 0x3f650000"
g_fswin64,activation,1144,1.0,v_fma_mix_f32,2097,2094,"v1: %2097:v[79] = v_fma_mix_f32 lo(0x3728ab28), |%2094:v[78]|, hi(0x3728ab28)"
g_fswin64,activation,1145,1.0,v_fma_mix_f32,2105,2102,"v1: %2105:v[89] = v_fma_mix_f32 lo(0x3728ab28), |%2102:v[88]|, hi(0x3728ab28)"
g_fswin64,activation,1150,0.5,v_dual_mul_f32,2054,"8661,2053","v1: %2054:v[113] = v_dual_mul_f32 %8661:v[113], %2053:v[110]"
g_fswin64,activation,1150,0.5,v_dual_mul_f32,2046,"8660,2045","v1: %2046:v[112] = v_dual_mul_f32 %8660:v[112], %2045:v[107]"
g_fswin64,activation,1151,0.5,v_dual_fmaak_f32,2107,"2105,2102","v1: %2107:v[89] = v_dual_fmaak_f32 %2105:v[89], %2102:v[88], 0x3f650000"
g_fswin64,activation,1151,0.5,v_dual_fmaak_f32,2099,"2094,2097","v1: %2099:v[78] = v_dual_fmaak_f32 %2094:v[78], %2097:v[79], 0x3f650000"
g_fswin64,activation,1153,1.0,v_maxmin_f32,2113,8668,"v1: (InfPreserve)%2113:v[90] = v_maxmin_f32 -4.0, %8668:v[120], 4.0"
g_fswin64,activation,1154,1.0,v_maxmin_f32,2121,8669,"v1: (InfPreserve)%2121:v[92] = v_maxmin_f32 -4.0, %8669:v[121], 4.0"
g_fswin64,activation,1155,1.0,v_cvt_pk_fp8_f32,2056,"2046,2054","v2b: (InfNaNPreserve)%2056:v[76][0:16] = v_cvt_pk_fp8_f32 %2046:v[112], %2054:v[113]"
g_fswin64,activation,1156,1.0,v_maxmin_f32,2066,8663,"v1: (InfPreserve)%2066:v[113] = v_maxmin_f32 -4.0, %8663:v[115], 4.0"
g_fswin64,activation,1157,1.0,v_fma_mix_f32,2061,2058,"v1: %2061:v[112] = v_fma_mix_f32 lo(0x3728ab28), |%2058:v[111]|, hi(0x3728ab28)"
g_fswin64,activation,1158,0.5,v_dual_mul_f32,2108,"8667,2107","v1: %2108:v[119] = v_dual_mul_f32 %8667:v[119], %2107:v[89]"
g_fswin64,activation,1158,0.5,v_dual_mul_f32,2100,"8666,2099","v1: %2100:v[118] = v_dual_mul_f32 %8666:v[118], %2099:v[78]"
g_fswin64,activation,1159,1.0,v_maxmin_f32,2131,8670,"v1: (InfPreserve)%2131:v[94] = v_maxmin_f32 -4.0, %8670:v[122], 4.0"
g_fswin64,activation,1160,1.0,v_maxmin_f32,2139,8671,"v1: (InfPreserve)%2139:v[96] = v_maxmin_f32 -4.0, %8671:v[123], 4.0"
g_fswin64,activation,1161,1.0,v_fma_mix_f32,2116,2113,"v1: %2116:v[91] = v_fma_mix_f32 lo(0x3728ab28), |%2113:v[90]|, hi(0x3728ab28)"
g_fswin64,activation,1162,1.0,v_fma_mix_f32,2124,2121,"v1: %2124:v[93] = v_fma_mix_f32 lo(0x3728ab28), |%2121:v[92]|, hi(0x3728ab28)"
g_fswin64,activation,1163,1.0,v_maxmin_f32,2149,8672,"v1: (InfPreserve)%2149:v[98] = v_maxmin_f32 -4.0, %8672:v[124], 4.0"
g_fswin64,activation,1164,1.0,v_fma_mix_f32,2069,2066,"v1: %2069:v[24] = v_fma_mix_f32 lo(0x3728ab28), |%2066:v[113]|, hi(0x3728ab28)"
g_fswin64,activation,1165,1.0,v_maxmin_f32,2157,8673,"v1: (InfPreserve)%2157:v[100] = v_maxmin_f32 -4.0, %8673:v[125], 4.0"
g_fswin64,activation,1166,1.0,v_fma_mix_f32,2134,2131,"v1: %2134:v[95] = v_fma_mix_f32 lo(0x3728ab28), |%2131:v[94]|, hi(0x3728ab28)"
g_fswin64,activation,1167,1.0,v_fma_mix_f32,2142,2139,"v1: %2142:v[97] = v_fma_mix_f32 lo(0x3728ab28), |%2139:v[96]|, hi(0x3728ab28)"
g_fswin64,activation,1168,0.5,v_dual_fmaak_f32,2126,"2124,2121","v1: %2126:v[93] = v_dual_fmaak_f32 %2124:v[93], %2121:v[92], 0x3f650000"
g_fswin64,activation,1168,0.5,v_dual_fmaak_f32,2118,"2113,2116","v1: %2118:v[90] = v_dual_fmaak_f32 %2113:v[90], %2116:v[91], 0x3f650000"
g_fswin64,activation,1169,1.0,v_maxmin_f32,2167,8674,"v1: (InfPreserve)%2167:v[102] = v_maxmin_f32 -4.0, %8674:v[126], 4.0"
g_fswin64,activation,1170,1.0,v_fma_mix_f32,2152,2149,"v1: %2152:v[99] = v_fma_mix_f32 lo(0x3728ab28), |%2149:v[98]|, hi(0x3728ab28)"
g_fswin64,activation,1171,0.5,v_dual_fmaak_f32,2071,"2069,2066","v1: %2071:v[24] = v_dual_fmaak_f32 %2069:v[24], %2066:v[113], 0x3f650000"
g_fswin64,activation,1171,0.5,v_dual_fmaak_f32,2063,"2058,2061","v1: %2063:v[111] = v_dual_fmaak_f32 %2058:v[111], %2061:v[112], 0x3f650000"
g_fswin64,activation,1172,1.0,v_fma_mix_f32,2160,2157,"v1: %2160:v[101] = v_fma_mix_f32 lo(0x3728ab28), |%2157:v[100]|, hi(0x3728ab28)"
g_fswin64,activation,1173,1.0,v_maxmin_f32,2175,8675,"v1: (InfPreserve)%2175:v[104] = v_maxmin_f32 -4.0, %8675:v[127], 4.0"
g_fswin64,activation,1174,0.5,v_dual_fmaak_f32,2144,"2142,2139","v1: %2144:v[97] = v_dual_fmaak_f32 %2142:v[97], %2139:v[96], 0x3f650000"
g_fswin64,activation,1174,0.5,v_dual_fmaak_f32,2136,"2131,2134","v1: %2136:v[94] = v_dual_fmaak_f32 %2131:v[94], %2134:v[95], 0x3f650000"
g_fswin64,activation,1175,0.5,v_dual_mul_f32,2127,"8669,2126","v1: %2127:v[121] = v_dual_mul_f32 %8669:v[121], %2126:v[93]"
g_fswin64,activation,1175,0.5,v_dual_mul_f32,2119,"8668,2118","v1: %2119:v[120] = v_dual_mul_f32 %8668:v[120], %2118:v[90]"
g_fswin64,activation,1176,1.0,v_fma_mix_f32,2170,2167,"v1: %2170:v[103] = v_fma_mix_f32 lo(0x3728ab28), |%2167:v[102]|, hi(0x3728ab28)"
g_fswin64,activation,1177,1.0,v_maxmin_f32,2186,8676,"v1: (InfPreserve)%2186:v[106] = v_maxmin_f32 -4.0, %8676:v[128], 4.0"
g_fswin64,activation,1178,1.0,v_mul_f32,2072,"8663,2071","v1: %2072:v[115] = v_mul_f32 %8663:v[115], %2071:v[24]"
g_fswin64,activation,1179,0.5,v_dual_fmaak_f32,2089,"2087,2084","v1: %2089:v[71] = v_dual_fmaak_f32 %2087:v[71], %2084:v[70], 0x3f650000"
g_fswin64,activation,1179,0.5,v_dual_mul_f32,2064,"8662,2063","v1: %2064:v[114] = v_dual_mul_f32 %8662:v[114], %2063:v[111]"
g_fswin64,activation,1180,0.5,v_dual_fmaak_f32,2162,"2160,2157","v1: %2162:v[101] = v_dual_fmaak_f32 %2160:v[101], %2157:v[100], 0x3f650000"
g_fswin64,activation,1180,0.5,v_dual_fmaak_f32,2154,"2149,2152","v1: %2154:v[98] = v_dual_fmaak_f32 %2149:v[98], %2152:v[99], 0x3f650000"
g_fswin64,activation,1181,1.0,v_maxmin_f32,2194,8677,"v1: (InfPreserve)%2194:v[108] = v_maxmin_f32 -4.0, %8677:v[129], 4.0"
g_fswin64,activation,1182,1.0,v_fma_mix_f32,2178,2175,"v1: %2178:v[105] = v_fma_mix_f32 lo(0x3728ab28), |%2175:v[104]|, hi(0x3728ab28)"
g_fswin64,activation,1183,0.5,v_dual_mul_f32,2145,"8671,2144","v1: %2145:v[123] = v_dual_mul_f32 %8671:v[123], %2144:v[97]"
g_fswin64,activation,1183,0.5,v_dual_mul_f32,2137,"8670,2136","v1: %2137:v[122] = v_dual_mul_f32 %8670:v[122], %2136:v[94]"
g_fswin64,activation,1184,1.0,v_cvt_pk_fp8_f32,2129,"2119,2127","v2b: (InfNaNPreserve)%2129:v[20][0:16] = v_cvt_pk_fp8_f32 %2119:v[120], %2127:v[121]"
g_fswin64,activation,1185,1.0,v_fma_mix_f32,2189,2186,"v1: %2189:v[107] = v_fma_mix_f32 lo(0x3728ab28), |%2186:v[106]|, hi(0x3728ab28)"
g_fswin64,activation,1186,1.0,v_maxmin_f32,2204,8678,"v1: (InfPreserve)%2204:v[110] = v_maxmin_f32 -4.0, %8678:v[130], 4.0"
g_fswin64,activation,1187,1.0,v_maxmin_f32,2212,8679,"v1: (InfPreserve)%2212:v[112] = v_maxmin_f32 -4.0, %8679:v[131], 4.0"
g_fswin64,activation,1188,0.5,v_dual_mul_f32,2090,"8665,2089","v1: %2090:v[117] = v_dual_mul_f32 %8665:v[117], %2089:v[71]"
g_fswin64,activation,1188,0.5,v_dual_mul_f32,2082,"8664,2081","v1: %2082:v[116] = v_dual_mul_f32 %8664:v[116], %2081:v[45]"
g_fswin64,activation,1189,1.0,v_cvt_pk_fp8_f32,2074,"2064,2072","v2b: (InfNaNPreserve)%2074:v[76][16:32] = v_cvt_pk_fp8_f32 %2064:v[114], %2072:v[115] opsel_hi"
g_fswin64,activation,1190,0.5,v_dual_mul_f32,2163,"8673,2162","v1: %2163:v[125] = v_dual_mul_f32 %8673:v[125], %2162:v[101]"
g_fswin64,activation,1190,0.5,v_dual_mul_f32,2155,"8672,2154","v1: %2155:v[124] = v_dual_mul_f32 %8672:v[124], %2154:v[98]"
g_fswin64,activation,1191,1.0,v_fma_mix_f32,2197,2194,"v1: %2197:v[109] = v_fma_mix_f32 lo(0x3728ab28), |%2194:v[108]|, hi(0x3728ab28)"
g_fswin64,activation,1192,0.5,v_dual_fmaak_f32,2180,"2178,2175","v1: %2180:v[105] = v_dual_fmaak_f32 %2178:v[105], %2175:v[104], 0x3f650000"
g_fswin64,activation,1192,0.5,v_dual_fmaak_f32,2172,"2167,2170","v1: %2172:v[102] = v_dual_fmaak_f32 %2167:v[102], %2170:v[103], 0x3f650000"
g_fswin64,activation,1193,1.0,v_cvt_pk_fp8_f32,2147,"2137,2145","v2b: (InfNaNPreserve)%2147:v[20][16:32] = v_cvt_pk_fp8_f32 %2137:v[122], %2145:v[123] opsel_hi"
g_fswin64,activation,1194,1.0,v_maxmin_f32,2222,8680,"v1: (InfPreserve)%2222:v[114] = v_maxmin_f32 -4.0, %8680:v[132], 4.0"
g_fswin64,activation,1195,1.0,v_fma_mix_f32,2207,2204,"v1: %2207:v[111] = v_fma_mix_f32 lo(0x3728ab28), |%2204:v[110]|, hi(0x3728ab28)"
g_fswin64,activation,1196,1.0,v_fma_mix_f32,2215,2212,"v1: %2215:v[113] = v_fma_mix_f32 lo(0x3728ab28), |%2212:v[112]|, hi(0x3728ab28)"
g_fswin64,activation,1197,1.0,v_cvt_pk_fp8_f32,2092,"2082,2090","v2b: (InfNaNPreserve)%2092:v[77][0:16] = v_cvt_pk_fp8_f32 %2082:v[116], %2090:v[117]"
g_fswin64,activation,1198,1.0,v_cvt_pk_fp8_f32,2110,"2100,2108","v2b: (InfNaNPreserve)%2110:v[77][16:32] = v_cvt_pk_fp8_f32 %2100:v[118], %2108:v[119] opsel_hi"
g_fswin64,activation,1199,1.0,v_maxmin_f32,2230,8681,"v1: (InfPreserve)%2230:v[116] = v_maxmin_f32 -4.0, %8681:v[133], 4.0"
g_fswin64,activation,1200,1.0,v_cvt_pk_fp8_f32,2165,"2155,2163","v2b: (InfNaNPreserve)%2165:v[21][0:16] = v_cvt_pk_fp8_f32 %2155:v[124], %2163:v[125]"
g_fswin64,activation,1201,1.0,v_maxmin_f32,2240,8682,"v1: (InfPreserve)%2240:v[118] = v_maxmin_f32 -4.0, %8682:v[134], 4.0"
g_fswin64,activation,1202,0.5,v_dual_fmaak_f32,2199,"2197,2194","v1: %2199:v[109] = v_dual_fmaak_f32 %2197:v[109], %2194:v[108], 0x3f650000"
g_fswin64,activation,1202,0.5,v_dual_fmaak_f32,2191,"2186,2189","v1: %2191:v[106] = v_dual_fmaak_f32 %2186:v[106], %2189:v[107], 0x3f650000"
g_fswin64,activation,1203,0.5,v_dual_mul_f32,2181,"8675,2180","v1: %2181:v[127] = v_dual_mul_f32 %8675:v[127], %2180:v[105]"
g_fswin64,activation,1203,0.5,v_dual_mul_f32,2173,"8674,2172","v1: %2173:v[126] = v_dual_mul_f32 %8674:v[126], %2172:v[102]"
g_fswin64,activation,1204,1.0,v_maxmin_f32,2248,8683,"v1: (InfPreserve)%2248:v[120] = v_maxmin_f32 -4.0, %8683:v[135], 4.0"
g_fswin64,activation,1205,1.0,v_fma_mix_f32,2225,2222,"v1: %2225:v[115] = v_fma_mix_f32 lo(0x3728ab28), |%2222:v[114]|, hi(0x3728ab28)"
g_fswin64,activation,1206,0.5,v_dual_fmaak_f32,2217,"2215,2212","v1: %2217:v[113] = v_dual_fmaak_f32 %2215:v[113], %2212:v[112], 0x3f650000"
g_fswin64,activation,1206,0.5,v_dual_fmaak_f32,2209,"2204,2207","v1: %2209:v[110] = v_dual_fmaak_f32 %2204:v[110], %2207:v[111], 0x3f650000"
g_fswin64,activation,1207,1.0,v_maxmin_f32,2259,8684,"v1: (InfPreserve)%2259:v[122] = v_maxmin_f32 -4.0, %8684:v[136], 4.0"
g_fswin64,activation,1208,1.0,v_fma_mix_f32,2233,2230,"v1: %2233:v[117] = v_fma_mix_f32 lo(0x3728ab28), |%2230:v[116]|, hi(0x3728ab28)"
g_fswin64,activation,1209,1.0,v_maxmin_f32,2267,8685,"v1: (InfPreserve)%2267:v[124] = v_maxmin_f32 -4.0, %8685:v[137], 4.0"
g_fswin64,activation,1210,1.0,v_fma_mix_f32,2243,2240,"v1: %2243:v[119] = v_fma_mix_f32 lo(0x3728ab28), |%2240:v[118]|, hi(0x3728ab28)"
g_fswin64,activation,1211,0.5,v_dual_mul_f32,2200,"8677,2199","v1: %2200:v[129] = v_dual_mul_f32 %8677:v[129], %2199:v[109]"
g_fswin64,activation,1211,0.5,v_dual_mul_f32,2192,"8676,2191","v1: %2192:v[128] = v_dual_mul_f32 %8676:v[128], %2191:v[106]"
g_fswin64,activation,1212,1.0,v_cvt_pk_fp8_f32,2183,"2173,2181","v2b: (InfNaNPreserve)%2183:v[21][16:32] = v_cvt_pk_fp8_f32 %2173:v[126], %2181:v[127] opsel_hi"
g_fswin64,activation,1213,1.0,v_fma_mix_f32,2251,2248,"v1: %2251:v[121] = v_fma_mix_f32 lo(0x3728ab28), |%2248:v[120]|, hi(0x3728ab28)"
g_fswin64,activation,1214,1.0,v_maxmin_f32,2277,8686,"v1: (InfPreserve)%2277:v[126] = v_maxmin_f32 -4.0, %8686:v[138], 4.0"
g_fswin64,activation,1215,0.5,v_dual_mul_f32,2218,"8679,2217","v1: %2218:v[131] = v_dual_mul_f32 %8679:v[131], %2217:v[113]"
g_fswin64,activation,1215,0.5,v_dual_mul_f32,2210,"8678,2209","v1: %2210:v[130] = v_dual_mul_f32 %8678:v[130], %2209:v[110]"
g_fswin64,activation,1216,1.0,v_fma_mix_f32,2262,2259,"v1: %2262:v[123] = v_fma_mix_f32 lo(0x3728ab28), |%2259:v[122]|, hi(0x3728ab28)"
g_fswin64,activation,1217,0.5,v_dual_fmaak_f32,2235,"2233,2230","v1: %2235:v[117] = v_dual_fmaak_f32 %2233:v[117], %2230:v[116], 0x3f650000"
g_fswin64,activation,1217,0.5,v_dual_fmaak_f32,2227,"2222,2225","v1: %2227:v[114] = v_dual_fmaak_f32 %2222:v[114], %2225:v[115], 0x3f650000"
g_fswin64,activation,1218,1.0,v_fma_mix_f32,2270,2267,"v1: %2270:v[125] = v_fma_mix_f32 lo(0x3728ab28), |%2267:v[124]|, hi(0x3728ab28)"
g_fswin64,activation,1219,1.0,v_cvt_pk_fp8_f32,2202,"2192,2200","v2b: (InfNaNPreserve)%2202:v[22][0:16] = v_cvt_pk_fp8_f32 %2192:v[128], %2200:v[129]"
g_fswin64,activation,1220,1.0,v_maxmin_f32,2285,8687,"v1: (InfPreserve)%2285:v[128] = v_maxmin_f32 -4.0, %8687:v[139], 4.0"
g_fswin64,activation,1221,0.5,v_dual_fmaak_f32,2253,"2251,2248","v1: %2253:v[121] = v_dual_fmaak_f32 %2251:v[121], %2248:v[120], 0x3f650000"
g_fswin64,activation,1221,0.5,v_dual_fmaak_f32,2245,"2240,2243","v1: %2245:v[118] = v_dual_fmaak_f32 %2240:v[118], %2243:v[119], 0x3f650000"
g_fswin64,activation,1222,1.0,v_fma_mix_f32,2280,2277,"v1: %2280:v[127] = v_fma_mix_f32 lo(0x3728ab28), |%2277:v[126]|, hi(0x3728ab28)"
g_fswin64,activation,1223,1.0,v_cvt_pk_fp8_f32,2220,"2210,2218","v2b: (InfNaNPreserve)%2220:v[22][16:32] = v_cvt_pk_fp8_f32 %2210:v[130], %2218:v[131] opsel_hi"
g_fswin64,activation,1224,1.0,v_maxmin_f32,2295,8688,"v1: (InfPreserve)%2295:v[130] = v_maxmin_f32 -4.0, %8688:v[140], 4.0"
g_fswin64,activation,1225,0.5,v_dual_mul_f32,2236,"8681,2235","v1: %2236:v[133] = v_dual_mul_f32 %8681:v[133], %2235:v[117]"
g_fswin64,activation,1225,0.5,v_dual_mul_f32,2228,"8680,2227","v1: %2228:v[132] = v_dual_mul_f32 %8680:v[132], %2227:v[114]"
g_fswin64,activation,1226,0.5,v_dual_fmaak_f32,2272,"2270,2267","v1: %2272:v[125] = v_dual_fmaak_f32 %2270:v[125], %2267:v[124], 0x3f650000"
g_fswin64,activation,1226,0.5,v_dual_fmaak_f32,2264,"2259,2262","v1: %2264:v[122] = v_dual_fmaak_f32 %2259:v[122], %2262:v[123], 0x3f650000"
g_fswin64,activation,1227,1.0,v_fma_mix_f32,2288,2285,"v1: %2288:v[129] = v_fma_mix_f32 lo(0x3728ab28), |%2285:v[128]|, hi(0x3728ab28)"
g_fswin64,activation,1228,0.5,v_dual_mul_f32,2254,"8683,2253","v1: %2254:v[135] = v_dual_mul_f32 %8683:v[135], %2253:v[121]"
g_fswin64,activation,1228,0.5,v_dual_mul_f32,2246,"8682,2245","v1: %2246:v[134] = v_dual_mul_f32 %8682:v[134], %2245:v[118]"
g_fswin64,activation,1229,1.0,v_fma_mix_f32,2298,2295,"v1: %2298:v[131] = v_fma_mix_f32 lo(0x3728ab28), |%2295:v[130]|, hi(0x3728ab28)"
g_fswin64,activation,1230,1.0,v_cvt_pk_fp8_f32,2238,"2228,2236","v2b: (InfNaNPreserve)%2238:v[23][0:16] = v_cvt_pk_fp8_f32 %2228:v[132], %2236:v[133]"
g_fswin64,activation,1231,1.0,v_maxmin_f32,2303,8689,"v1: (InfPreserve)%2303:v[132] = v_maxmin_f32 -4.0, %8689:v[141], 4.0"
g_fswin64,activation,1232,0.5,v_dual_mul_f32,2273,"8685,2272","v1: %2273:v[137] = v_dual_mul_f32 %8685:v[137], %2272:v[125]"
g_fswin64,activation,1232,0.5,v_dual_mul_f32,2265,"8684,2264","v1: %2265:v[136] = v_dual_mul_f32 %8684:v[136], %2264:v[122]"
g_fswin64,activation,1233,0.5,v_dual_fmaak_f32,2290,"2288,2285","v1: %2290:v[129] = v_dual_fmaak_f32 %2288:v[129], %2285:v[128], 0x3f650000"
g_fswin64,activation,1233,0.5,v_dual_fmaak_f32,2282,"2277,2280","v1: %2282:v[126] = v_dual_fmaak_f32 %2277:v[126], %2280:v[127], 0x3f650000"
g_fswin64,activation,1234,1.0,v_cvt_pk_fp8_f32,2256,"2246,2254","v2b: (InfNaNPreserve)%2256:v[23][16:32] = v_cvt_pk_fp8_f32 %2246:v[134], %2254:v[135] opsel_hi"
g_fswin64,activation,1235,1.0,v_maxmin_f32,2313,8690,"v1: (InfPreserve)%2313:v[134] = v_maxmin_f32 -4.0, %8690:v[142], 4.0"
g_fswin64,activation,1236,1.0,v_fma_mix_f32,2306,2303,"v1: %2306:v[133] = v_fma_mix_f32 lo(0x3728ab28), |%2303:v[132]|, hi(0x3728ab28)"
g_fswin64,activation,1237,1.0,v_cvt_pk_fp8_f32,2275,"2265,2273","v2b: (InfNaNPreserve)%2275:v[46][0:16] = v_cvt_pk_fp8_f32 %2265:v[136], %2273:v[137]"
g_fswin64,activation,1238,1.0,v_maxmin_f32,2321,8691,"v1: (InfPreserve)%2321:v[136] = v_maxmin_f32 -4.0, %8691:v[143], 4.0"
g_fswin64,activation,1239,0.5,v_dual_mul_f32,2291,"8687,2290","v1: %2291:v[139] = v_dual_mul_f32 %8687:v[139], %2290:v[129]"
g_fswin64,activation,1239,0.5,v_dual_mul_f32,2283,"8686,2282","v1: %2283:v[138] = v_dual_mul_f32 %8686:v[138], %2282:v[126]"
g_fswin64,activation,1240,1.0,v_fma_mix_f32,2316,2313,"v1: %2316:v[135] = v_fma_mix_f32 lo(0x3728ab28), |%2313:v[134]|, hi(0x3728ab28)"
g_fswin64,activation,1241,0.5,v_dual_fmaak_f32,2308,"2306,2303","v1: %2308:v[133] = v_dual_fmaak_f32 %2306:v[133], %2303:v[132], 0x3f650000"
g_fswin64,activation,1241,0.5,v_dual_fmaak_f32,2300,"2295,2298","v1: %2300:v[130] = v_dual_fmaak_f32 %2295:v[130], %2298:v[131], 0x3f650000"
g_fswin64,activation,1243,1.0,v_fma_mix_f32,2324,2321,"v1: %2324:v[137] = v_fma_mix_f32 lo(0x3728ab28), |%2321:v[136]|, hi(0x3728ab28)"
g_fswin64,activation,1244,1.0,v_cvt_pk_fp8_f32,2293,"2283,2291","v2b: (InfNaNPreserve)%2293:v[46][16:32] = v_cvt_pk_fp8_f32 %2283:v[138], %2291:v[139] opsel_hi"
g_fswin64,activation,1245,1.0,v_maxmin_f32,2332,8708,"v1: (InfPreserve)%2332:v[138] = v_maxmin_f32 -4.0, %8708:v[144], 4.0"
g_fswin64,activation,1246,0.5,v_dual_mul_f32,2309,"8689,2308","v1: %2309:v[141] = v_dual_mul_f32 %8689:v[141], %2308:v[133]"
g_fswin64,activation,1246,0.5,v_dual_mul_f32,2301,"8688,2300","v1: %2301:v[140] = v_dual_mul_f32 %8688:v[140], %2300:v[130]"
g_fswin64,activation,1247,0.5,v_dual_fmaak_f32,2326,"2324,2321","v1: %2326:v[137] = v_dual_fmaak_f32 %2324:v[137], %2321:v[136], 0x3f650000"
g_fswin64,activation,1247,0.5,v_dual_fmaak_f32,2318,"2313,2316","v1: %2318:v[134] = v_dual_fmaak_f32 %2313:v[134], %2316:v[135], 0x3f650000"
g_fswin64,activation,1249,1.0,v_fma_mix_f32,2335,2332,"v1: %2335:v[139] = v_fma_mix_f32 lo(0x3728ab28), |%2332:v[138]|, hi(0x3728ab28)"
g_fswin64,activation,1250,1.0,v_cvt_pk_fp8_f32,2311,"2301,2309","v2b: (InfNaNPreserve)%2311:v[47][0:16] = v_cvt_pk_fp8_f32 %2301:v[140], %2309:v[141]"
g_fswin64,activation,1251,1.0,v_maxmin_f32,2340,8709,"v1: (InfPreserve)%2340:v[140] = v_maxmin_f32 -4.0, %8709:v[145], 4.0"
g_fswin64,activation,1252,0.5,v_dual_mul_f32,2327,"8691,2326","v1: %2327:v[143] = v_dual_mul_f32 %8691:v[143], %2326:v[137]"
g_fswin64,activation,1252,0.5,v_dual_mul_f32,2319,"8690,2318","v1: %2319:v[142] = v_dual_mul_f32 %8690:v[142], %2318:v[134]"
g_fswin64,activation,1253,1.0,v_maxmin_f32,2376,8713,"v1: (InfPreserve)%2376:v[24] = v_maxmin_f32 -4.0, %8713:v[149], 4.0"
g_fswin64,activation,1254,1.0,v_fma_mix_f32,2343,2340,"v1: %2343:v[141] = v_fma_mix_f32 lo(0x3728ab28), |%2340:v[140]|, hi(0x3728ab28)"
g_fswin64,activation,1255,1.0,v_cvt_pk_fp8_f32,2329,"2319,2327","v2b: (InfNaNPreserve)%2329:v[47][16:32] = v_cvt_pk_fp8_f32 %2319:v[142], %2327:v[143] opsel_hi"
g_fswin64,activation,1256,1.0,v_maxmin_f32,2350,8710,"v1: (InfPreserve)%2350:v[142] = v_maxmin_f32 -4.0, %8710:v[146], 4.0"
g_fswin64,activation,1257,1.0,v_maxmin_f32,2394,8715,"v1: (InfPreserve)%2394:v[69] = v_maxmin_f32 -4.0, %8715:v[151], 4.0"
g_fswin64,activation,1258,1.0,v_fma_mix_f32,2379,2376,"v1: %2379:v[45] = v_fma_mix_f32 lo(0x3728ab28), |%2376:v[24]|, hi(0x3728ab28)"
g_fswin64,activation,1259,1.0,v_maxmin_f32,2386,8714,"v1: (InfPreserve)%2386:v[66] = v_maxmin_f32 -4.0, %8714:v[150], 4.0"
g_fswin64,activation,1260,0.5,v_dual_fmaak_f32,2345,"2343,2340","v1: %2345:v[141] = v_dual_fmaak_f32 %2343:v[141], %2340:v[140], 0x3f650000"
g_fswin64,activation,1260,0.5,v_dual_fmaak_f32,2337,"2332,2335","v1: %2337:v[138] = v_dual_fmaak_f32 %2332:v[138], %2335:v[139], 0x3f650000"
g_fswin64,activation,1261,1.0,v_fma_mix_f32,2353,2350,"v1: %2353:v[143] = v_fma_mix_f32 lo(0x3728ab28), |%2350:v[142]|, hi(0x3728ab28)"
g_fswin64,activation,1262,1.0,v_maxmin_f32,2405,8716,"v1: (InfPreserve)%2405:v[71] = v_maxmin_f32 -4.0, %8716:v[152], 4.0"
g_fswin64,activation,1263,1.0,v_fma_mix_f32,2397,2394,"v1: %2397:v[70] = v_fma_mix_f32 lo(0x3728ab28), |%2394:v[69]|, hi(0x3728ab28)"
g_fswin64,activation,1264,1.0,v_fma_mix_f32,2389,2386,"v1: %2389:v[67] = v_fma_mix_f32 lo(0x3728ab28), |%2386:v[66]|, hi(0x3728ab28)"
g_fswin64,activation,1265,1.0,v_maxmin_f32,2413,8717,"v1: (InfPreserve)%2413:v[79] = v_maxmin_f32 -4.0, %8717:v[153], 4.0"
g_fswin64,activation,1266,0.5,v_dual_mul_f32,2346,"8709,2345","v1: %2346:v[145] = v_dual_mul_f32 %8709:v[145], %2345:v[141]"
g_fswin64,activation,1266,0.5,v_dual_mul_f32,2338,"8708,2337","v1: %2338:v[144] = v_dual_mul_f32 %8708:v[144], %2337:v[138]"
g_fswin64,activation,1267,1.0,v_fma_mix_f32,2408,2405,"v1: %2408:v[78] = v_fma_mix_f32 lo(0x3728ab28), |%2405:v[71]|, hi(0x3728ab28)"
g_fswin64,activation,1268,0.5,v_dual_fmaak_f32,2399,"2397,2394","v1: %2399:v[70] = v_dual_fmaak_f32 %2397:v[70], %2394:v[69], 0x3f650000"
g_fswin64,activation,1268,0.5,v_dual_fmaak_f32,2381,"2379,2376","v1: %2381:v[45] = v_dual_fmaak_f32 %2379:v[45], %2376:v[24], 0x3f650000"
g_fswin64,activation,1269,1.0,v_maxmin_f32,2423,8718,"v1: (InfPreserve)%2423:v[89] = v_maxmin_f32 -4.0, %8718:v[154], 4.0"
g_fswin64,activation,1270,1.0,v_fma_mix_f32,2416,2413,"v1: %2416:v[88] = v_fma_mix_f32 lo(0x3728ab28), |%2413:v[79]|, hi(0x3728ab28)"
g_fswin64,activation,1271,1.0,v_cvt_pk_fp8_f32,2348,"2338,2346","v2b: (InfNaNPreserve)%2348:v[62][0:16] = v_cvt_pk_fp8_f32 %2338:v[144], %2346:v[145]"
g_fswin64,activation,1272,1.0,v_maxmin_f32,2358,8711,"v1: (InfPreserve)%2358:v[144] = v_maxmin_f32 -4.0, %8711:v[147], 4.0"
g_fswin64,activation,1273,1.0,v_maxmin_f32,2431,8719,"v1: (InfPreserve)%2431:v[91] = v_maxmin_f32 -4.0, %8719:v[155], 4.0"
g_fswin64,activation,1274,0.5,v_dual_fmaak_f32,2391,"2386,2389","v1: %2391:v[66] = v_dual_fmaak_f32 %2386:v[66], %2389:v[67], 0x3f650000"
g_fswin64,activation,1274,0.5,v_dual_mul_f32,2400,"8715,2399","v1: %2400:v[151] = v_dual_mul_f32 %8715:v[151], %2399:v[70]"
g_fswin64,activation,1275,1.0,v_fma_mix_f32,2426,2423,"v1: %2426:v[90] = v_fma_mix_f32 lo(0x3728ab28), |%2423:v[89]|, hi(0x3728ab28)"
g_fswin64,activation,1276,1.0,v_maxmin_f32,2441,8720,"v1: (InfPreserve)%2441:v[93] = v_maxmin_f32 -4.0, %8720:v[156], 4.0"
g_fswin64,activation,1277,0.5,v_dual_fmaak_f32,2410,"2405,2408","v1: %2410:v[71] = v_dual_fmaak_f32 %2405:v[71], %2408:v[78], 0x3f650000"
g_fswin64,activation,1277,0.5,v_dual_fmaak_f32,2418,"2416,2413","v1: %2418:v[88] = v_dual_fmaak_f32 %2416:v[88], %2413:v[79], 0x3f650000"
g_fswin64,activation,1278,1.0,v_fma_mix_f32,2361,2358,"v1: %2361:v[145] = v_fma_mix_f32 lo(0x3728ab28), |%2358:v[144]|, hi(0x3728ab28)"
g_fswin64,activation,1279,1.0,v_maxmin_f32,2449,8721,"v1: (InfPreserve)%2449:v[95] = v_maxmin_f32 -4.0, %8721:v[157], 4.0"
g_fswin64,activation,1280,1.0,v_fma_mix_f32,2434,2431,"v1: %2434:v[92] = v_fma_mix_f32 lo(0x3728ab28), |%2431:v[91]|, hi(0x3728ab28)"
g_fswin64,activation,1281,1.0,v_fma_mix_f32,2444,2441,"v1: %2444:v[94] = v_fma_mix_f32 lo(0x3728ab28), |%2441:v[93]|, hi(0x3728ab28)"
g_fswin64,activation,1282,0.5,v_dual_mul_f32,2419,"8717,2418","v1: %2419:v[153] = v_dual_mul_f32 %8717:v[153], %2418:v[88]"
g_fswin64,activation,1282,0.5,v_dual_mul_f32,2392,"8714,2391","v1: %2392:v[150] = v_dual_mul_f32 %8714:v[150], %2391:v[66]"
g_fswin64,activation,1283,0.5,v_dual_fmaak_f32,2363,"2361,2358","v1: %2363:v[145] = v_dual_fmaak_f32 %2361:v[145], %2358:v[144], 0x3f650000"
g_fswin64,activation,1283,0.5,v_dual_fmaak_f32,2355,"2350,2353","v1: %2355:v[142] = v_dual_fmaak_f32 %2350:v[142], %2353:v[143], 0x3f650000"
g_fswin64,activation,1284,1.0,v_maxmin_f32,2459,8722,"v1: (InfPreserve)%2459:v[97] = v_maxmin_f32 -4.0, %8722:v[158], 4.0"
g_fswin64,activation,1285,1.0,v_fma_mix_f32,2452,2449,"v1: %2452:v[96] = v_fma_mix_f32 lo(0x3728ab28), |%2449:v[95]|, hi(0x3728ab28)"
g_fswin64,activation,1286,0.5,v_dual_fmaak_f32,2428,"2423,2426","v1: %2428:v[89] = v_dual_fmaak_f32 %2423:v[89], %2426:v[90], 0x3f650000"
g_fswin64,activation,1286,0.5,v_dual_fmaak_f32,2436,"2434,2431","v1: %2436:v[92] = v_dual_fmaak_f32 %2434:v[92], %2431:v[91], 0x3f650000"
g_fswin64,activation,1287,1.0,v_maxmin_f32,2467,8723,"v1: (InfPreserve)%2467:v[99] = v_maxmin_f32 -4.0, %8723:v[159], 4.0"
g_fswin64,activation,1288,0.5,v_dual_mul_f32,2364,"8711,2363","v1: %2364:v[147] = v_dual_mul_f32 %8711:v[147], %2363:v[145]"
g_fswin64,activation,1288,0.5,v_dual_mul_f32,2356,"8710,2355","v1: %2356:v[146] = v_dual_mul_f32 %8710:v[146], %2355:v[142]"
g_fswin64,activation,1289,1.0,v_fma_mix_f32,2462,2459,"v1: %2462:v[98] = v_fma_mix_f32 lo(0x3728ab28), |%2459:v[97]|, hi(0x3728ab28)"
g_fswin64,activation,1290,1.0,v_maxmin_f32,2478,8724,"v1: (InfPreserve)%2478:v[101] = v_maxmin_f32 -4.0, %8724:v[160], 4.0"
g_fswin64,activation,1291,0.5,v_dual_fmaak_f32,2446,"2441,2444","v1: %2446:v[93] = v_dual_fmaak_f32 %2441:v[93], %2444:v[94], 0x3f650000"
g_fswin64,activation,1291,0.5,v_dual_fmaak_f32,2454,"2452,2449","v1: %2454:v[96] = v_dual_fmaak_f32 %2452:v[96], %2449:v[95], 0x3f650000"
g_fswin64,activation,1292,0.5,v_dual_mul_f32,2437,"8719,2436","v1: %2437:v[155] = v_dual_mul_f32 %8719:v[155], %2436:v[92]"
g_fswin64,activation,1292,0.5,v_dual_mul_f32,2411,"8716,2410","v1: %2411:v[152] = v_dual_mul_f32 %8716:v[152], %2410:v[71]"
g_fswin64,activation,1293,1.0,v_fma_mix_f32,2470,2467,"v1: %2470:v[100] = v_fma_mix_f32 lo(0x3728ab28), |%2467:v[99]|, hi(0x3728ab28)"
g_fswin64,activation,1294,1.0,v_maxmin_f32,2486,8725,"v1: (InfPreserve)%2486:v[103] = v_maxmin_f32 -4.0, %8725:v[161], 4.0"
g_fswin64,activation,1295,1.0,v_cvt_pk_fp8_f32,2366,"2356,2364","v2b: (InfNaNPreserve)%2366:v[62][16:32] = v_cvt_pk_fp8_f32 %2356:v[146], %2364:v[147] opsel_hi"
g_fswin64,activation,1296,1.0,v_maxmin_f32,2368,8712,"v1: (InfPreserve)%2368:v[146] = v_maxmin_f32 -4.0, %8712:v[148], 4.0"
g_fswin64,activation,1297,1.0,v_fma_mix_f32,2481,2478,"v1: %2481:v[102] = v_fma_mix_f32 lo(0x3728ab28), |%2478:v[101]|, hi(0x3728ab28)"
g_fswin64,activation,1298,0.5,v_dual_mul_f32,2455,"8721,2454","v1: %2455:v[157] = v_dual_mul_f32 %8721:v[157], %2454:v[96]"
g_fswin64,activation,1298,0.5,v_dual_mul_f32,2429,"8718,2428","v1: %2429:v[154] = v_dual_mul_f32 %8718:v[154], %2428:v[89]"
g_fswin64,activation,1299,1.0,v_maxmin_f32,2496,8726,"v1: (InfPreserve)%2496:v[105] = v_maxmin_f32 -4.0, %8726:v[162], 4.0"
g_fswin64,activation,1300,1.0,v_cvt_pk_fp8_f32,2421,"2411,2419","v2b: (InfNaNPreserve)%2421:v[66][0:16] = v_cvt_pk_fp8_f32 %2411:v[152], %2419:v[153]"
g_fswin64,activation,1301,0.5,v_dual_fmaak_f32,2464,"2459,2462","v1: %2464:v[97] = v_dual_fmaak_f32 %2459:v[97], %2462:v[98], 0x3f650000"
g_fswin64,activation,1301,0.5,v_dual_fmaak_f32,2472,"2470,2467","v1: %2472:v[100] = v_dual_fmaak_f32 %2470:v[100], %2467:v[99], 0x3f650000"
g_fswin64,activation,1302,1.0,v_maxmin_f32,2504,8727,"v1: (InfPreserve)%2504:v[107] = v_maxmin_f32 -4.0, %8727:v[163], 4.0"
g_fswin64,activation,1303,1.0,v_fma_mix_f32,2489,2486,"v1: %2489:v[104] = v_fma_mix_f32 lo(0x3728ab28), |%2486:v[103]|, hi(0x3728ab28)"
g_fswin64,activation,1304,1.0,v_fma_mix_f32,2371,2368,"v1: %2371:v[147] = v_fma_mix_f32 lo(0x3728ab28), |%2368:v[146]|, hi(0x3728ab28)"
g_fswin64,activation,1305,1.0,v_cvt_pk_fp8_f32,2439,"2429,2437","v2b: (InfNaNPreserve)%2439:v[66][16:32] = v_cvt_pk_fp8_f32 %2429:v[154], %2437:v[155] opsel_hi"
g_fswin64,activation,1306,1.0,v_maxmin_f32,2514,8728,"v1: (InfPreserve)%2514:v[109] = v_maxmin_f32 -4.0, %8728:v[164], 4.0"
g_fswin64,activation,1307,1.0,v_fma_mix_f32,2499,2496,"v1: %2499:v[106] = v_fma_mix_f32 lo(0x3728ab28), |%2496:v[105]|, hi(0x3728ab28)"
g_fswin64,activation,1308,1.0,v_maxmin_f32,2522,8729,"v1: (InfPreserve)%2522:v[111] = v_maxmin_f32 -4.0, %8729:v[165], 4.0"
g_fswin64,activation,1309,0.5,v_dual_mul_f32,2473,"8723,2472","v1: %2473:v[159] = v_dual_mul_f32 %8723:v[159], %2472:v[100]"
g_fswin64,activation,1309,0.5,v_dual_mul_f32,2447,"8720,2446","v1: %2447:v[156] = v_dual_mul_f32 %8720:v[156], %2446:v[93]"
g_fswin64,activation,1310,1.0,v_fma_mix_f32,2507,2504,"v1: %2507:v[108] = v_fma_mix_f32 lo(0x3728ab28), |%2504:v[107]|, hi(0x3728ab28)"
g_fswin64,activation,1311,0.5,v_dual_fmaak_f32,2483,"2478,2481","v1: %2483:v[101] = v_dual_fmaak_f32 %2478:v[101], %2481:v[102], 0x3f650000"
g_fswin64,activation,1311,0.5,v_dual_fmaak_f32,2491,"2489,2486","v1: %2491:v[104] = v_dual_fmaak_f32 %2489:v[104], %2486:v[103], 0x3f650000"
g_fswin64,activation,1312,1.0,v_fmaak_f32,2373,"2368,2371","v1: %2373:v[146] = v_fmaak_f32 %2368:v[146], %2371:v[147], 0x3f650000"
g_fswin64,activation,1313,1.0,v_maxmin_f32,2532,8730,"v1: (InfPreserve)%2532:v[113] = v_maxmin_f32 -4.0, %8730:v[166], 4.0"
g_fswin64,activation,1314,1.0,v_fma_mix_f32,2517,2514,"v1: %2517:v[110] = v_fma_mix_f32 lo(0x3728ab28), |%2514:v[109]|, hi(0x3728ab28)"
g_fswin64,activation,1315,1.0,v_fma_mix_f32,2525,2522,"v1: %2525:v[112] = v_fma_mix_f32 lo(0x3728ab28), |%2522:v[111]|, hi(0x3728ab28)"
g_fswin64,activation,1316,1.0,v_cvt_pk_fp8_f32,2457,"2447,2455","v2b: (InfNaNPreserve)%2457:v[67][0:16] = v_cvt_pk_fp8_f32 %2447:v[156], %2455:v[157]"
g_fswin64,activation,1318,0.5,v_dual_fmaak_f32,2501,"2496,2499","v1: %2501:v[105] = v_dual_fmaak_f32 %2496:v[105], %2499:v[106], 0x3f650000"
g_fswin64,activation,1318,0.5,v_dual_fmaak_f32,2509,"2507,2504","v1: %2509:v[108] = v_dual_fmaak_f32 %2507:v[108], %2504:v[107], 0x3f650000"
g_fswin64,activation,1319,0.5,v_dual_mul_f32,2492,"8725,2491","v1: %2492:v[161] = v_dual_mul_f32 %8725:v[161], %2491:v[104]"
g_fswin64,activation,1319,0.5,v_dual_mul_f32,2465,"8722,2464","v1: %2465:v[158] = v_dual_mul_f32 %8722:v[158], %2464:v[97]"
g_fswin64,activation,1320,1.0,v_maxmin_f32,2540,8731,"v1: (InfPreserve)%2540:v[115] = v_maxmin_f32 -4.0, %8731:v[167], 4.0"
g_fswin64,activation,1321,0.5,v_dual_mul_f32,2382,"8713,2381","v1: %2382:v[149] = v_dual_mul_f32 %8713:v[149], %2381:v[45]"
g_fswin64,activation,1321,0.5,v_dual_mul_f32,2374,"8712,2373","v1: %2374:v[148] = v_dual_mul_f32 %8712:v[148], %2373:v[146]"
g_fswin64,activation,1322,1.0,v_fma_mix_f32,2535,2532,"v1: %2535:v[114] = v_fma_mix_f32 lo(0x3728ab28), |%2532:v[113]|, hi(0x3728ab28)"
g_fswin64,activation,1323,1.0,v_maxmin_f32,2551,8732,"v1: (InfPreserve)%2551:v[117] = v_maxmin_f32 -4.0, %8732:v[168], 4.0"
g_fswin64,activation,1324,0.5,v_dual_fmaak_f32,2519,"2514,2517","v1: %2519:v[109] = v_dual_fmaak_f32 %2514:v[109], %2517:v[110], 0x3f650000"
g_fswin64,activation,1324,0.5,v_dual_fmaak_f32,2527,"2525,2522","v1: %2527:v[112] = v_dual_fmaak_f32 %2525:v[112], %2522:v[111], 0x3f650000"
g_fswin64,activation,1325,0.5,v_dual_mul_f32,2510,"8727,2509","v1: %2510:v[163] = v_dual_mul_f32 %8727:v[163], %2509:v[108]"
g_fswin64,activation,1325,0.5,v_dual_mul_f32,2484,"8724,2483","v1: %2484:v[160] = v_dual_mul_f32 %8724:v[160], %2483:v[101]"
g_fswin64,activation,1327,1.0,v_cvt_pk_fp8_f32,2475,"2465,2473","v2b: (InfNaNPreserve)%2475:v[67][16:32] = v_cvt_pk_fp8_f32 %2465:v[158], %2473:v[159] opsel_hi"
g_fswin64,activation,1328,1.0,v_maxmin_f32,2559,8733,"v1: (InfPreserve)%2559:v[119] = v_maxmin_f32 -4.0, %8733:v[169], 4.0"
g_fswin64,activation,1329,1.0,v_fma_mix_f32,2543,2540,"v1: %2543:v[116] = v_fma_mix_f32 lo(0x3728ab28), |%2540:v[115]|, hi(0x3728ab28)"
g_fswin64,activation,1330,1.0,v_cvt_pk_fp8_f32,2384,"2374,2382","v2b: (InfNaNPreserve)%2384:v[63][0:16] = v_cvt_pk_fp8_f32 %2374:v[148], %2382:v[149]"
g_fswin64,activation,1331,1.0,v_cvt_pk_fp8_f32,2402,"2392,2400","v2b: (InfNaNPreserve)%2402:v[63][16:32] = v_cvt_pk_fp8_f32 %2392:v[150], %2400:v[151] opsel_hi"
g_fswin64,activation,1332,1.0,v_maxmin_f32,2569,8734,"v1: (InfPreserve)%2569:v[121] = v_maxmin_f32 -4.0, %8734:v[170], 4.0"
g_fswin64,activation,1333,1.0,v_fma_mix_f32,2554,2551,"v1: %2554:v[118] = v_fma_mix_f32 lo(0x3728ab28), |%2551:v[117]|, hi(0x3728ab28)"
g_fswin64,activation,1334,0.5,v_dual_mul_f32,2528,"8729,2527","v1: %2528:v[165] = v_dual_mul_f32 %8729:v[165], %2527:v[112]"
g_fswin64,activation,1334,0.5,v_dual_mul_f32,2502,"8726,2501","v1: %2502:v[162] = v_dual_mul_f32 %8726:v[162], %2501:v[105]"
g_fswin64,activation,1335,0.5,v_dual_fmaak_f32,2537,"2532,2535","v1: %2537:v[113] = v_dual_fmaak_f32 %2532:v[113], %2535:v[114], 0x3f650000"
g_fswin64,activation,1335,0.5,v_dual_mul_f32,2520,"8728,2519","v1: %2520:v[164] = v_dual_mul_f32 %8728:v[164], %2519:v[109]"
g_fswin64,activation,1337,1.0,v_cvt_pk_fp8_f32,2494,"2484,2492","v2b: (InfNaNPreserve)%2494:v[70][0:16] = v_cvt_pk_fp8_f32 %2484:v[160], %2492:v[161]"
g_fswin64,activation,1338,1.0,v_maxmin_f32,2577,8735,"v1: (InfPreserve)%2577:v[123] = v_maxmin_f32 -4.0, %8735:v[171], 4.0"
g_fswin64,activation,1339,1.0,v_fma_mix_f32,2562,2559,"v1: %2562:v[120] = v_fma_mix_f32 lo(0x3728ab28), |%2559:v[119]|, hi(0x3728ab28)"
g_fswin64,activation,1340,1.0,v_fma_mix_f32,2572,2569,"v1: %2572:v[122] = v_fma_mix_f32 lo(0x3728ab28), |%2569:v[121]|, hi(0x3728ab28)"
g_fswin64,activation,1341,1.0,v_maxmin_f32,2587,8736,"v1: (InfPreserve)%2587:v[125] = v_maxmin_f32 -4.0, %8736:v[172], 4.0"
g_fswin64,activation,1342,0.5,v_dual_fmaak_f32,2545,"2543,2540","v1: %2545:v[116] = v_dual_fmaak_f32 %2543:v[116], %2540:v[115], 0x3f650000"
g_fswin64,activation,1342,0.5,v_dual_fmaak_f32,2556,"2551,2554","v1: %2556:v[117] = v_dual_fmaak_f32 %2551:v[117], %2554:v[118], 0x3f650000"
g_fswin64,activation,1343,1.0,v_maxmin_f32,2595,8737,"v1: (InfPreserve)%2595:v[127] = v_maxmin_f32 -4.0, %8737:v[173], 4.0"
g_fswin64,activation,1344,1.0,v_cvt_pk_fp8_f32,2512,"2502,2510","v2b: (InfNaNPreserve)%2512:v[70][16:32] = v_cvt_pk_fp8_f32 %2502:v[162], %2510:v[163] opsel_hi"
g_fswin64,activation,1345,1.0,v_mul_f32,2538,"8730,2537","v1: %2538:v[166] = v_mul_f32 %8730:v[166], %2537:v[113]"
g_fswin64,activation,1347,1.0,v_cvt_pk_fp8_f32,2530,"2520,2528","v2b: (InfNaNPreserve)%2530:v[71][0:16] = v_cvt_pk_fp8_f32 %2520:v[164], %2528:v[165]"
g_fswin64,activation,1348,1.0,v_fma_mix_f32,2580,2577,"v1: %2580:v[124] = v_fma_mix_f32 lo(0x3728ab28), |%2577:v[123]|, hi(0x3728ab28)"
g_fswin64,activation,1349,0.5,v_dual_fmaak_f32,2574,"2569,2572","v1: %2574:v[121] = v_dual_fmaak_f32 %2569:v[121], %2572:v[122], 0x3f650000"
g_fswin64,activation,1349,0.5,v_dual_fmaak_f32,2564,"2562,2559","v1: %2564:v[120] = v_dual_fmaak_f32 %2562:v[120], %2559:v[119], 0x3f650000"
g_fswin64,activation,1350,1.0,v_maxmin_f32,2605,8738,"v1: (InfPreserve)%2605:v[129] = v_maxmin_f32 -4.0, %8738:v[174], 4.0"
g_fswin64,activation,1351,1.0,v_fma_mix_f32,2590,2587,"v1: %2590:v[126] = v_fma_mix_f32 lo(0x3728ab28), |%2587:v[125]|, hi(0x3728ab28)"
g_fswin64,activation,1352,0.5,v_dual_mul_f32,2557,"8732,2556","v1: %2557:v[168] = v_dual_mul_f32 %8732:v[168], %2556:v[117]"
g_fswin64,activation,1352,0.5,v_dual_mul_f32,2546,"8731,2545","v1: %2546:v[167] = v_dual_mul_f32 %8731:v[167], %2545:v[116]"
g_fswin64,activation,1353,1.0,v_maxmin_f32,2613,8739,"v1: (InfPreserve)%2613:v[131] = v_maxmin_f32 -4.0, %8739:v[175], 4.0"
g_fswin64,activation,1354,1.0,v_fma_mix_f32,2598,2595,"v1: %2598:v[128] = v_fma_mix_f32 lo(0x3728ab28), |%2595:v[127]|, hi(0x3728ab28)"
g_fswin64,activation,1356,1.0,v_fmaak_f32,2582,"2580,2577","v1: %2582:v[124] = v_fmaak_f32 %2580:v[124], %2577:v[123], 0x3f650000"
g_fswin64,activation,1357,1.0,v_maxmin_f32,2624,8752,"v1: (InfPreserve)%2624:v[133] = v_maxmin_f32 -4.0, %8752:v[176], 4.0"
g_fswin64,activation,1358,0.5,v_dual_mul_f32,2575,"8734,2574","v1: %2575:v[170] = v_dual_mul_f32 %8734:v[170], %2574:v[121]"
g_fswin64,activation,1358,0.5,v_dual_mul_f32,2565,"8733,2564","v1: %2565:v[169] = v_dual_mul_f32 %8733:v[169], %2564:v[120]"
g_fswin64,activation,1359,1.0,v_fma_mix_f32,2608,2605,"v1: %2608:v[130] = v_fma_mix_f32 lo(0x3728ab28), |%2605:v[129]|, hi(0x3728ab28)"
g_fswin64,activation,1360,1.0,v_maxmin_f32,2632,8753,"v1: (InfPreserve)%2632:v[135] = v_maxmin_f32 -4.0, %8753:v[177], 4.0"
g_fswin64,activation,1361,1.0,v_cvt_pk_fp8_f32,2548,"2538,2546","v2b: (InfNaNPreserve)%2548:v[71][16:32] = v_cvt_pk_fp8_f32 %2538:v[166], %2546:v[167] opsel_hi"
g_fswin64,activation,1362,1.0,v_fma_mix_f32,2616,2613,"v1: %2616:v[132] = v_fma_mix_f32 lo(0x3728ab28), |%2613:v[131]|, hi(0x3728ab28)"
g_fswin64,activation,1363,0.5,v_dual_fmaak_f32,2600,"2598,2595","v1: %2600:v[128] = v_dual_fmaak_f32 %2598:v[128], %2595:v[127], 0x3f650000"
g_fswin64,activation,1363,0.5,v_dual_fmaak_f32,2592,"2587,2590","v1: %2592:v[125] = v_dual_fmaak_f32 %2587:v[125], %2590:v[126], 0x3f650000"
g_fswin64,activation,1364,1.0,v_mul_f32,2583,"8735,2582","v1: %2583:v[171] = v_mul_f32 %8735:v[171], %2582:v[124]"
g_fswin64,activation,1366,1.0,v_maxmin_f32,2642,8754,"v1: (InfPreserve)%2642:v[137] = v_maxmin_f32 -4.0, %8754:v[178], 4.0"
g_fswin64,activation,1367,1.0,v_fma_mix_f32,2627,2624,"v1: %2627:v[134] = v_fma_mix_f32 lo(0x3728ab28), |%2624:v[133]|, hi(0x3728ab28)"
g_fswin64,activation,1368,1.0,v_cvt_pk_fp8_f32,2567,"2557,2565","v2b: (InfNaNPreserve)%2567:v[78][0:16] = v_cvt_pk_fp8_f32 %2557:v[168], %2565:v[169]"
g_fswin64,activation,1369,1.0,v_fma_mix_f32,2635,2632,"v1: %2635:v[136] = v_fma_mix_f32 lo(0x3728ab28), |%2632:v[135]|, hi(0x3728ab28)"
g_fswin64,activation,1370,1.0,v_maxmin_f32,2650,8755,"v1: (InfPreserve)%2650:v[139] = v_maxmin_f32 -4.0, %8755:v[179], 4.0"
g_fswin64,activation,1371,0.5,v_dual_fmaak_f32,2618,"2616,2613","v1: %2618:v[132] = v_dual_fmaak_f32 %2616:v[132], %2613:v[131], 0x3f650000"
g_fswin64,activation,1371,0.5,v_dual_fmaak_f32,2610,"2605,2608","v1: %2610:v[129] = v_dual_fmaak_f32 %2605:v[129], %2608:v[130], 0x3f650000"
g_fswin64,activation,1372,1.0,v_maxmin_f32,2660,8756,"v1: (InfPreserve)%2660:v[141] = v_maxmin_f32 -4.0, %8756:v[180], 4.0"
g_fswin64,activation,1373,0.5,v_dual_mul_f32,2601,"8737,2600","v1: %2601:v[173] = v_dual_mul_f32 %8737:v[173], %2600:v[128]"
g_fswin64,activation,1373,0.5,v_dual_mul_f32,2593,"8736,2592","v1: %2593:v[172] = v_dual_mul_f32 %8736:v[172], %2592:v[125]"
g_fswin64,activation,1374,1.0,v_cvt_pk_fp8_f32,2585,"2575,2583","v2b: (InfNaNPreserve)%2585:v[78][16:32] = v_cvt_pk_fp8_f32 %2575:v[170], %2583:v[171] opsel_hi"
g_fswin64,activation,1376,1.0,v_fma_mix_f32,2645,2642,"v1: %2645:v[138] = v_fma_mix_f32 lo(0x3728ab28), |%2642:v[137]|, hi(0x3728ab28)"
g_fswin64,activation,1377,0.5,v_dual_fmaak_f32,2637,"2635,2632","v1: %2637:v[136] = v_dual_fmaak_f32 %2635:v[136], %2632:v[135], 0x3f650000"
g_fswin64,activation,1377,0.5,v_dual_fmaak_f32,2629,"2624,2627","v1: %2629:v[133] = v_dual_fmaak_f32 %2624:v[133], %2627:v[134], 0x3f650000"
g_fswin64,activation,1378,1.0,v_maxmin_f32,2668,8757,"v1: (InfPreserve)%2668:v[143] = v_maxmin_f32 -4.0, %8757:v[181], 4.0"
g_fswin64,activation,1379,1.0,v_fma_mix_f32,2653,2650,"v1: %2653:v[140] = v_fma_mix_f32 lo(0x3728ab28), |%2650:v[139]|, hi(0x3728ab28)"
g_fswin64,activation,1380,0.5,v_dual_mul_f32,2619,"8739,2618","v1: %2619:v[175] = v_dual_mul_f32 %8739:v[175], %2618:v[132]"
g_fswin64,activation,1380,0.5,v_dual_mul_f32,2611,"8738,2610","v1: %2611:v[174] = v_dual_mul_f32 %8738:v[174], %2610:v[129]"
g_fswin64,activation,1381,1.0,v_maxmin_f32,2678,8758,"v1: (InfPreserve)%2678:v[145] = v_maxmin_f32 -4.0, %8758:v[182], 4.0"
g_fswin64,activation,1382,1.0,v_fma_mix_f32,2663,2660,"v1: %2663:v[142] = v_fma_mix_f32 lo(0x3728ab28), |%2660:v[141]|, hi(0x3728ab28)"
g_fswin64,activation,1383,1.0,v_cvt_pk_fp8_f32,2603,"2593,2601","v2b: (InfNaNPreserve)%2603:v[79][0:16] = v_cvt_pk_fp8_f32 %2593:v[172], %2601:v[173]"
g_fswin64,activation,1384,1.0,v_fmaak_f32,2647,"2642,2645","v1: %2647:v[137] = v_fmaak_f32 %2642:v[137], %2645:v[138], 0x3f650000"
g_fswin64,activation,1386,1.0,v_maxmin_f32,2686,8759,"v1: (InfPreserve)%2686:v[147] = v_maxmin_f32 -4.0, %8759:v[183], 4.0"
g_fswin64,activation,1387,0.5,v_dual_mul_f32,2638,"8753,2637","v1: %2638:v[177] = v_dual_mul_f32 %8753:v[177], %2637:v[136]"
g_fswin64,activation,1387,0.5,v_dual_mul_f32,2630,"8752,2629","v1: %2630:v[176] = v_dual_mul_f32 %8752:v[176], %2629:v[133]"
g_fswin64,activation,1388,1.0,v_fma_mix_f32,2671,2668,"v1: %2671:v[144] = v_fma_mix_f32 lo(0x3728ab28), |%2668:v[143]|, hi(0x3728ab28)"
g_fswin64,activation,1389,1.0,v_cvt_pk_fp8_f32,2621,"2611,2619","v2b: (InfNaNPreserve)%2621:v[79][16:32] = v_cvt_pk_fp8_f32 %2611:v[174], %2619:v[175] opsel_hi"
g_fswin64,activation,1390,1.0,v_fma_mix_f32,2681,2678,"v1: %2681:v[146] = v_fma_mix_f32 lo(0x3728ab28), |%2678:v[145]|, hi(0x3728ab28)"
g_fswin64,activation,1391,1.0,v_maxmin_f32,2697,8760,"v1: (InfPreserve)%2697:v[149] = v_maxmin_f32 -4.0, %8760:v[184], 4.0"
g_fswin64,activation,1392,0.5,v_dual_fmaak_f32,2665,"2660,2663","v1: %2665:v[141] = v_dual_fmaak_f32 %2660:v[141], %2663:v[142], 0x3f650000"
g_fswin64,activation,1392,0.5,v_dual_fmaak_f32,2655,"2653,2650","v1: %2655:v[140] = v_dual_fmaak_f32 %2653:v[140], %2650:v[139], 0x3f650000"
g_fswin64,activation,1393,1.0,v_maxmin_f32,2705,8761,"v1: (InfPreserve)%2705:v[151] = v_maxmin_f32 -4.0, %8761:v[185], 4.0"
g_fswin64,activation,1394,1.0,v_mul_f32,2648,"8754,2647","v1: %2648:v[178] = v_mul_f32 %8754:v[178], %2647:v[137]"
g_fswin64,activation,1395,1.0,v_fma_mix_f32,2689,2686,"v1: %2689:v[148] = v_fma_mix_f32 lo(0x3728ab28), |%2686:v[147]|, hi(0x3728ab28)"
g_fswin64,activation,1396,1.0,v_maxmin_f32,2715,8762,"v1: (InfPreserve)%2715:v[153] = v_maxmin_f32 -4.0, %8762:v[186], 4.0"
g_fswin64,activation,1397,1.0,v_cvt_pk_fp8_f32,2640,"2630,2638","v2b: (InfNaNPreserve)%2640:v[108][0:16] = v_cvt_pk_fp8_f32 %2630:v[176], %2638:v[177]"
g_fswin64,activation,1398,1.0,v_maxmin_f32,2723,8763,"v1: (InfPreserve)%2723:v[155] = v_maxmin_f32 -4.0, %8763:v[187], 4.0"
g_fswin64,activation,1399,0.5,v_dual_fmaak_f32,2683,"2678,2681","v1: %2683:v[145] = v_dual_fmaak_f32 %2678:v[145], %2681:v[146], 0x3f650000"
g_fswin64,activation,1399,0.5,v_dual_fmaak_f32,2673,"2671,2668","v1: %2673:v[144] = v_dual_fmaak_f32 %2671:v[144], %2668:v[143], 0x3f650000"
g_fswin64,activation,1400,1.0,v_fma_mix_f32,2700,2697,"v1: %2700:v[150] = v_fma_mix_f32 lo(0x3728ab28), |%2697:v[149]|, hi(0x3728ab28)"
g_fswin64,activation,1401,0.5,v_dual_mul_f32,2666,"8756,2665","v1: %2666:v[180] = v_dual_mul_f32 %8756:v[180], %2665:v[141]"
g_fswin64,activation,1401,0.5,v_dual_mul_f32,2656,"8755,2655","v1: %2656:v[179] = v_dual_mul_f32 %8755:v[179], %2655:v[140]"
g_fswin64,activation,1402,1.0,v_fma_mix_f32,2708,2705,"v1: %2708:v[152] = v_fma_mix_f32 lo(0x3728ab28), |%2705:v[151]|, hi(0x3728ab28)"
g_fswin64,activation,1403,1.0,v_maxmin_f32,2733,8764,"v1: (InfPreserve)%2733:v[157] = v_maxmin_f32 -4.0, %8764:v[188], 4.0"
g_fswin64,activation,1404,1.0,v_fmaak_f32,2691,"2689,2686","v1: %2691:v[148] = v_fmaak_f32 %2689:v[148], %2686:v[147], 0x3f650000"
g_fswin64,activation,1405,1.0,v_maxmin_f32,2741,8765,"v1: (InfPreserve)%2741:v[159] = v_maxmin_f32 -4.0, %8765:v[189], 4.0"
g_fswin64,activation,1406,1.0,v_fma_mix_f32,2718,2715,"v1: %2718:v[154] = v_fma_mix_f32 lo(0x3728ab28), |%2715:v[153]|, hi(0x3728ab28)"
g_fswin64,activation,1407,1.0,v_fma_mix_f32,2726,2723,"v1: %2726:v[156] = v_fma_mix_f32 lo(0x3728ab28), |%2723:v[155]|, hi(0x3728ab28)"
g_fswin64,activation,1408,0.5,v_dual_mul_f32,2684,"8758,2683","v1: %2684:v[182] = v_dual_mul_f32 %8758:v[182], %2683:v[145]"
g_fswin64,activation,1408,0.5,v_dual_mul_f32,2674,"8757,2673","v1: %2674:v[181] = v_dual_mul_f32 %8757:v[181], %2673:v[144]"
g_fswin64,activation,1409,1.0,v_cvt_pk_fp8_f32,2658,"2648,2656","v2b: (InfNaNPreserve)%2658:v[108][16:32] = v_cvt_pk_fp8_f32 %2648:v[178], %2656:v[179] opsel_hi"
g_fswin64,activation,1410,1.0,v_maxmin_f32,2751,8766,"v1: (InfPreserve)%2751:v[161] = v_maxmin_f32 -4.0, %8766:v[190], 4.0"
g_fswin64,activation,1411,0.5,v_dual_fmaak_f32,2710,"2708,2705","v1: %2710:v[152] = v_dual_fmaak_f32 %2708:v[152], %2705:v[151], 0x3f650000"
g_fswin64,activation,1411,0.5,v_dual_fmaak_f32,2702,"2697,2700","v1: %2702:v[149] = v_dual_fmaak_f32 %2697:v[149], %2700:v[150], 0x3f650000"
g_fswin64,activation,1412,1.0,v_fma_mix_f32,2736,2733,"v1: %2736:v[158] = v_fma_mix_f32 lo(0x3728ab28), |%2733:v[157]|, hi(0x3728ab28)"
g_fswin64,activation,1413,1.0,v_maxmin_f32,2759,8767,"v1: (InfPreserve)%2759:v[163] = v_maxmin_f32 -4.0, %8767:v[191], 4.0"
g_fswin64,activation,1414,1.0,v_mul_f32,2692,"8759,2691","v1: %2692:v[183] = v_mul_f32 %8759:v[183], %2691:v[148]"
g_fswin64,activation,1415,1.0,v_fma_mix_f32,2744,2741,"v1: %2744:v[160] = v_fma_mix_f32 lo(0x3728ab28), |%2741:v[159]|, hi(0x3728ab28)"
g_fswin64,activation,1416,0.5,v_dual_fmaak_f32,2720,"2715,2718","v1: %2720:v[153] = v_dual_fmaak_f32 %2715:v[153], %2718:v[154], 0x3f650000"
g_fswin64,activation,1416,0.5,v_dual_fmaak_f32,2728,"2726,2723","v1: %2728:v[156] = v_dual_fmaak_f32 %2726:v[156], %2723:v[155], 0x3f650000"
g_fswin64,activation,1417,1.0,v_cvt_pk_fp8_f32,2676,"2666,2674","v2b: (InfNaNPreserve)%2676:v[109][0:16] = v_cvt_pk_fp8_f32 %2666:v[180], %2674:v[181]"
g_fswin64,activation,1418,1.0,v_maxmin_f32,2770,8768,"v1: (InfPreserve)%2770:v[165] = v_maxmin_f32 -4.0, %8768:v[80], 4.0"
g_fswin64,activation,1419,1.0,v_fma_mix_f32,2754,2751,"v1: %2754:v[162] = v_fma_mix_f32 lo(0x3728ab28), |%2751:v[161]|, hi(0x3728ab28)"
g_fswin64,activation,1420,1.0,v_maxmin_f32,2778,8769,"v1: (InfPreserve)%2778:v[167] = v_maxmin_f32 -4.0, %8769:v[81], 4.0"
g_fswin64,activation,1421,1.0,v_mul_f32,2711,"8761,2710","v1: %2711:v[185] = v_mul_f32 %8761:v[185], %2710:v[152]"
g_fswin64,activation,1422,1.0,v_fma_mix_f32,2762,2759,"v1: %2762:v[164] = v_fma_mix_f32 lo(0x3728ab28), |%2759:v[163]|, hi(0x3728ab28)"
g_fswin64,activation,1423,1.0,v_cvt_pk_fp8_f32,2694,"2684,2692","v2b: (InfNaNPreserve)%2694:v[109][16:32] = v_cvt_pk_fp8_f32 %2684:v[182], %2692:v[183] opsel_hi"
g_fswin64,activation,1424,0.5,v_dual_fmaak_f32,2738,"2733,2736","v1: %2738:v[157] = v_dual_fmaak_f32 %2733:v[157], %2736:v[158], 0x3f650000"
g_fswin64,activation,1424,0.5,v_dual_fmaak_f32,2746,"2744,2741","v1: %2746:v[160] = v_dual_fmaak_f32 %2744:v[160], %2741:v[159], 0x3f650000"
g_fswin64,activation,1425,1.0,v_maxmin_f32,2788,8770,"v1: (InfPreserve)%2788:v[169] = v_maxmin_f32 -4.0, %8770:v[82], 4.0"
g_fswin64,activation,1426,0.5,v_dual_mul_f32,2729,"8763,2728","v1: %2729:v[187] = v_dual_mul_f32 %8763:v[187], %2728:v[156]"
g_fswin64,activation,1426,0.5,v_dual_mul_f32,2703,"8760,2702","v1: %2703:v[184] = v_dual_mul_f32 %8760:v[184], %2702:v[149]"
g_fswin64,activation,1427,1.0,v_maxmin_f32,2796,8771,"v1: (InfPreserve)%2796:v[171] = v_maxmin_f32 -4.0, %8771:v[83], 4.0"
g_fswin64,activation,1428,1.0,v_fma_mix_f32,2773,2770,"v1: %2773:v[166] = v_fma_mix_f32 lo(0x3728ab28), |%2770:v[165]|, hi(0x3728ab28)"
g_fswin64,activation,1429,1.0,v_fma_mix_f32,2781,2778,"v1: %2781:v[168] = v_fma_mix_f32 lo(0x3728ab28), |%2778:v[167]|, hi(0x3728ab28)"
g_fswin64,activation,1430,1.0,v_maxmin_f32,2806,8772,"v1: (InfPreserve)%2806:v[173] = v_maxmin_f32 -4.0, %8772:v[84], 4.0"
g_fswin64,activation,1431,0.5,v_dual_fmaak_f32,2756,"2751,2754","v1: %2756:v[161] = v_dual_fmaak_f32 %2751:v[161], %2754:v[162], 0x3f650000"
g_fswin64,activation,1431,0.5,v_dual_fmaak_f32,2764,"2762,2759","v1: %2764:v[164] = v_dual_fmaak_f32 %2762:v[164], %2759:v[163], 0x3f650000"
g_fswin64,activation,1432,0.5,v_dual_mul_f32,2747,"8765,2746","v1: %2747:v[189] = v_dual_mul_f32 %8765:v[189], %2746:v[160]"
g_fswin64,activation,1432,0.5,v_dual_mul_f32,2721,"8762,2720","v1: %2721:v[186] = v_dual_mul_f32 %8762:v[186], %2720:v[153]"
g_fswin64,activation,1433,1.0,v_maxmin_f32,2814,8773,"v1: (InfPreserve)%2814:v[175] = v_maxmin_f32 -4.0, %8773:v[85], 4.0"
g_fswin64,activation,1434,1.0,v_fma_mix_f32,2791,2788,"v1: %2791:v[170] = v_fma_mix_f32 lo(0x3728ab28), |%2788:v[169]|, hi(0x3728ab28)"
g_fswin64,activation,1435,1.0,v_cvt_pk_fp8_f32,2713,"2703,2711","v2b: (InfNaNPreserve)%2713:v[68][0:16] = v_cvt_pk_fp8_f32 %2703:v[184], %2711:v[185]"
g_fswin64,activation,1436,1.0,v_fma_mix_f32,2799,2796,"v1: %2799:v[172] = v_fma_mix_f32 lo(0x3728ab28), |%2796:v[171]|, hi(0x3728ab28)"
g_fswin64,activation,1437,0.5,v_dual_fmaak_f32,2775,"2770,2773","v1: %2775:v[165] = v_dual_fmaak_f32 %2770:v[165], %2773:v[166], 0x3f650000"
g_fswin64,activation,1437,0.5,v_dual_fmaak_f32,2783,"2781,2778","v1: %2783:v[168] = v_dual_fmaak_f32 %2781:v[168], %2778:v[167], 0x3f650000"
g_fswin64,activation,1438,1.0,v_maxmin_f32,2824,8774,"v1: (InfPreserve)%2824:v[177] = v_maxmin_f32 -4.0, %8774:v[86], 4.0"
g_fswin64,activation,1439,1.0,v_fma_mix_f32,2809,2806,"v1: %2809:v[174] = v_fma_mix_f32 lo(0x3728ab28), |%2806:v[173]|, hi(0x3728ab28)"
g_fswin64,activation,1440,0.5,v_dual_mul_f32,2765,"8767,2764","v1: %2765:v[191] = v_dual_mul_f32 %8767:v[191], %2764:v[164]"
g_fswin64,activation,1440,0.5,v_dual_mul_f32,2739,"8764,2738","v1: %2739:v[188] = v_dual_mul_f32 %8764:v[188], %2738:v[157]"
g_fswin64,activation,1441,1.0,v_cvt_pk_fp8_f32,2731,"2721,2729","v2b: (InfNaNPreserve)%2731:v[68][16:32] = v_cvt_pk_fp8_f32 %2721:v[186], %2729:v[187] opsel_hi"
g_fswin64,activation,1442,1.0,v_fma_mix_f32,2817,2814,"v1: %2817:v[176] = v_fma_mix_f32 lo(0x3728ab28), |%2814:v[175]|, hi(0x3728ab28)"
g_fswin64,activation,1450,0.5,v_dual_fmaak_f32,2793,"2788,2791","v1: %2793:v[169] = v_dual_fmaak_f32 %2788:v[169], %2791:v[170], 0x3f650000"
g_fswin64,activation,1450,0.5,v_dual_fmaak_f32,2801,"2799,2796","v1: %2801:v[172] = v_dual_fmaak_f32 %2799:v[172], %2796:v[171], 0x3f650000"
g_fswin64,activation,1451,0.5,v_dual_mul_f32,2784,"8769,2783","v1: %2784:v[81] = v_dual_mul_f32 %8769:v[81], %2783:v[168]"
g_fswin64,activation,1451,0.5,v_dual_mul_f32,2757,"8766,2756","v1: %2757:v[190] = v_dual_mul_f32 %8766:v[190], %2756:v[161]"
g_fswin64,activation,1453,1.0,v_fma_mix_f32,2827,2824,"v1: %2827:v[178] = v_fma_mix_f32 lo(0x3728ab28), |%2824:v[177]|, hi(0x3728ab28)"
g_fswin64,activation,1454,1.0,v_cvt_pk_fp8_f32,2749,"2739,2747","v2b: (InfNaNPreserve)%2749:v[69][0:16] = v_cvt_pk_fp8_f32 %2739:v[188], %2747:v[189]"
g_fswin64,activation,1456,0.5,v_dual_fmaak_f32,2811,"2806,2809","v1: %2811:v[173] = v_dual_fmaak_f32 %2806:v[173], %2809:v[174], 0x3f650000"
g_fswin64,activation,1456,0.5,v_dual_fmaak_f32,2819,"2817,2814","v1: %2819:v[176] = v_dual_fmaak_f32 %2817:v[176], %2814:v[175], 0x3f650000"
g_fswin64,activation,1457,0.5,v_dual_mul_f32,2802,"8771,2801","v1: %2802:v[83] = v_dual_mul_f32 %8771:v[83], %2801:v[172]"
g_fswin64,activation,1457,0.5,v_dual_mul_f32,2776,"8768,2775","v1: %2776:v[80] = v_dual_mul_f32 %8768:v[80], %2775:v[165]"
g_fswin64,activation,1458,1.0,v_cvt_pk_fp8_f32,2767,"2757,2765","v2b: (InfNaNPreserve)%2767:v[69][16:32] = v_cvt_pk_fp8_f32 %2757:v[190], %2765:v[191] opsel_hi"
g_fswin64,activation,1461,0.5,v_dual_mul_f32,2820,"8773,2819","v1: %2820:v[85] = v_dual_mul_f32 %8773:v[85], %2819:v[176]"
g_fswin64,activation,1461,0.5,v_dual_mul_f32,2794,"8770,2793","v1: %2794:v[82] = v_dual_mul_f32 %8770:v[82], %2793:v[169]"
g_fswin64,activation,1462,0.5,v_dual_fmaak_f32,2829,"2824,2827","v1: %2829:v[177] = v_dual_fmaak_f32 %2824:v[177], %2827:v[178], 0x3f650000"
g_fswin64,activation,1462,0.5,v_dual_mul_f32,2812,"8772,2811","v1: %2812:v[84] = v_dual_mul_f32 %8772:v[84], %2811:v[173]"
g_fswin64,activation,1463,1.0,v_cvt_pk_fp8_f32,2786,"2776,2784","v2b: (InfNaNPreserve)%2786:v[80][0:16] = v_cvt_pk_fp8_f32 %2776:v[80], %2784:v[81]"
g_fswin64,activation,1465,1.0,v_cvt_pk_fp8_f32,2804,"2794,2802","v2b: (InfNaNPreserve)%2804:v[80][16:32] = v_cvt_pk_fp8_f32 %2794:v[82], %2802:v[83] opsel_hi"
g_fswin64,activation,1466,1.0,v_cvt_pk_fp8_f32,2822,"2812,2820","v2b: (InfNaNPreserve)%2822:v[81][0:16] = v_cvt_pk_fp8_f32 %2812:v[84], %2820:v[85]"
g_fswin64,activation,1506,1.0,v_maxmin_f32,2832,8775,"v1: (InfPreserve)%2832:v[180] = v_maxmin_f32 -4.0, %8775:v[87], 4.0"
g_fswin64,activation,1513,1.0,v_fma_mix_f32,2835,2832,"v1: %2835:v[181] = v_fma_mix_f32 lo(0x3728ab28), |%2832:v[180]|, hi(0x3728ab28)"
g_fswin64,activation,1517,1.0,v_fmaak_f32,2837,"2835,2832","v1: %2837:v[181] = v_fmaak_f32 %2835:v[181], %2832:v[180], 0x3f650000"
g_fswin64,activation,1518,0.5,v_dual_mul_f32,2838,"2837,8775","v1: %2838:v[87] = v_dual_mul_f32 %2837:v[181], %8775:v[87]"
g_fswin64,activation,1518,0.5,v_dual_mul_f32,2830,"8774,2829","v1: %2830:v[86] = v_dual_mul_f32 %8774:v[86], %2829:v[177]"
g_fswin64,activation,1520,1.0,v_cvt_pk_fp8_f32,2840,"2830,2838","v2b: (InfNaNPreserve)%2840:v[81][16:32] = v_cvt_pk_fp8_f32 %2830:v[86], %2838:v[87] opsel_hi"
g_fswin64,activation,1524,1.0,v_maxmin_f32,2843,8776,"v1: (InfPreserve)%2843:v[182] = v_maxmin_f32 -4.0, %8776:v[37], 4.0"
g_fswin64,activation,1525,1.0,v_maxmin_f32,2851,8777,"v1: (InfPreserve)%2851:v[184] = v_maxmin_f32 -4.0, %8777:v[38], 4.0"
g_fswin64,activation,1526,1.0,v_maxmin_f32,2861,8778,"v1: (InfPreserve)%2861:v[186] = v_maxmin_f32 -4.0, %8778:v[39], 4.0"
g_fswin64,activation,1527,1.0,v_maxmin_f32,2869,8779,"v1: (InfPreserve)%2869:v[188] = v_maxmin_f32 -4.0, %8779:v[40], 4.0"
g_fswin64,activation,1528,1.0,v_maxmin_f32,2879,8780,"v1: (InfPreserve)%2879:v[190] = v_maxmin_f32 -4.0, %8780:v[41], 4.0"
g_fswin64,activation,1529,1.0,v_fma_mix_f32,2846,2843,"v1: %2846:v[183] = v_fma_mix_f32 lo(0x3728ab28), |%2843:v[182]|, hi(0x3728ab28)"
g_fswin64,activation,1530,1.0,v_fma_mix_f32,2854,2851,"v1: %2854:v[185] = v_fma_mix_f32 lo(0x3728ab28), |%2851:v[184]|, hi(0x3728ab28)"
g_fswin64,activation,1531,1.0,v_fma_mix_f32,2864,2861,"v1: %2864:v[187] = v_fma_mix_f32 lo(0x3728ab28), |%2861:v[186]|, hi(0x3728ab28)"
g_fswin64,activation,1532,1.0,v_fma_mix_f32,2872,2869,"v1: %2872:v[189] = v_fma_mix_f32 lo(0x3728ab28), |%2869:v[188]|, hi(0x3728ab28)"
g_fswin64,activation,1533,1.0,v_fma_mix_f32,2882,2879,"v1: %2882:v[191] = v_fma_mix_f32 lo(0x3728ab28), |%2879:v[190]|, hi(0x3728ab28)"
g_fswin64,activation,1535,0.5,v_dual_fmaak_f32,2856,"2854,2851","v1: %2856:v[185] = v_dual_fmaak_f32 %2854:v[185], %2851:v[184], 0x3f650000"
g_fswin64,activation,1535,0.5,v_dual_fmaak_f32,2848,"2843,2846","v1: %2848:v[182] = v_dual_fmaak_f32 %2843:v[182], %2846:v[183], 0x3f650000"
g_fswin64,activation,1536,0.5,v_dual_fmaak_f32,2866,"2861,2864","v1: %2866:v[186] = v_dual_fmaak_f32 %2861:v[186], %2864:v[187], 0x3f650000"
g_fswin64,activation,1536,0.5,v_dual_fmaak_f32,2874,"2872,2869","v1: %2874:v[189] = v_dual_fmaak_f32 %2872:v[189], %2869:v[188], 0x3f650000"
g_fswin64,activation,1538,1.0,v_mul_f32,2857,"8777,2856","v1: %2857:v[38] = v_mul_f32 %8777:v[38], %2856:v[185]"
g_fswin64,activation,1539,0.5,v_dual_fmaak_f32,2884,"2879,2882","v1: %2884:v[190] = v_dual_fmaak_f32 %2879:v[190], %2882:v[191], 0x3f650000"
g_fswin64,activation,1539,0.5,v_dual_mul_f32,2849,"8776,2848","v1: %2849:v[37] = v_dual_mul_f32 %8776:v[37], %2848:v[182]"
g_fswin64,activation,1540,1.0,v_maxmin_f32,2887,8781,"v1: (InfPreserve)%2887:v[191] = v_maxmin_f32 -4.0, %8781:v[42], 4.0"
g_fswin64,activation,1541,1.0,v_mul_f32,2875,"8779,2874","v1: %2875:v[40] = v_mul_f32 %8779:v[40], %2874:v[189]"
g_fswin64,activation,1542,1.0,v_cvt_pk_fp8_f32,2859,"2849,2857","v2b: (InfNaNPreserve)%2859:v[82][0:16] = v_cvt_pk_fp8_f32 %2849:v[37], %2857:v[38]"
g_fswin64,activation,1543,1.0,v_maxmin_f32,2897,8782,"v1: (InfPreserve)%2897:v[37] = v_maxmin_f32 -4.0, %8782:v[43], 4.0"
g_fswin64,activation,1544,1.0,v_fma_mix_f32,2890,2887,"v1: %2890:v[24] = v_fma_mix_f32 lo(0x3728ab28), |%2887:v[191]|, hi(0x3728ab28)"
g_fswin64,activation,1546,1.0,v_fma_mix_f32,2900,2897,"v1: %2900:v[38] = v_fma_mix_f32 lo(0x3728ab28), |%2897:v[37]|, hi(0x3728ab28)"
g_fswin64,activation,1547,0.5,v_dual_fmaak_f32,2892,"2890,2887","v1: %2892:v[24] = v_dual_fmaak_f32 %2890:v[24], %2887:v[191], 0x3f650000"
g_fswin64,activation,1547,0.5,v_dual_mul_f32,2867,"8778,2866","v1: %2867:v[39] = v_dual_mul_f32 %8778:v[39], %2866:v[186]"
g_fswin64,activation,1548,1.0,v_cvt_pk_fp8_f32,2877,"2867,2875","v2b: (InfNaNPreserve)%2877:v[82][16:32] = v_cvt_pk_fp8_f32 %2867:v[39], %2875:v[40] opsel_hi"
g_fswin64,activation,1549,1.0,v_maxmin_f32,2905,8783,"v1: (InfPreserve)%2905:v[39] = v_maxmin_f32 -4.0, %8783:v[44], 4.0"
g_fswin64,activation,1550,0.5,v_dual_mul_f32,2893,"8781,2892","v1: %2893:v[42] = v_dual_mul_f32 %8781:v[42], %2892:v[24]"
g_fswin64,activation,1550,0.5,v_dual_mul_f32,2885,"8780,2884","v1: %2885:v[41] = v_dual_mul_f32 %8780:v[41], %2884:v[190]"
g_fswin64,activation,1552,1.0,v_fma_mix_f32,2908,2905,"v1: %2908:v[40] = v_fma_mix_f32 lo(0x3728ab28), |%2905:v[39]|, hi(0x3728ab28)"
g_fswin64,activation,1553,1.0,v_cvt_pk_fp8_f32,2895,"2885,2893","v2b: (InfNaNPreserve)%2895:v[83][0:16] = v_cvt_pk_fp8_f32 %2885:v[41], %2893:v[42]"
g_fswin64,activation,1554,0.5,v_dual_fmaak_f32,2910,"2908,2905","v1: %2910:v[40] = v_dual_fmaak_f32 %2908:v[40], %2905:v[39], 0x3f650000"
g_fswin64,activation,1554,0.5,v_dual_fmaak_f32,2902,"2897,2900","v1: %2902:v[37] = v_dual_fmaak_f32 %2897:v[37], %2900:v[38], 0x3f650000"
g_fswin64,activation,1556,0.5,v_dual_mul_f32,2911,"8783,2910","v1: %2911:v[44] = v_dual_mul_f32 %8783:v[44], %2910:v[40]"
g_fswin64,activation,1556,0.5,v_dual_mul_f32,2903,"8782,2902","v1: %2903:v[43] = v_dual_mul_f32 %8782:v[43], %2902:v[37]"
g_fswin64,activation,1557,1.0,v_cvt_pk_fp8_f32,2913,"2903,2911","v2b: (InfNaNPreserve)%2913:v[83][16:32] = v_cvt_pk_fp8_f32 %2903:v[43], %2911:v[44] opsel_hi"
g_fswin64,softmax,2547,1.0,v_pk_add_f16,4542,"4537,4540","v1: %4542:v[120] = v_pk_add_f16 %4537:v[104], %4540:v[108]"
g_fswin64,softmax,2550,1.0,v_pk_add_f16,4527,"4522,4525","v1: %4527:v[119] = v_pk_add_f16 %4522:v[91], %4525:v[107]"
g_fswin64,softmax,2555,1.0,v_pk_add_f16,4557,"4552,4555","v1: %4557:v[121] = v_pk_add_f16 %4552:v[105], %4555:v[109]"
g_fswin64,softmax,2557,1.0,v_pk_add_f16,4546,"4542,4544","v1: %4546:v[120] = v_pk_add_f16 %4542:v[120], %4544:v[112]"
g_fswin64,softmax,2559,1.0,v_pk_add_f16,4531,"4527,4529","v1: %4531:v[119] = v_pk_add_f16 %4527:v[119], %4529:v[111]"
g_fswin64,softmax,2560,1.0,v_pk_add_f16,4572,"4567,4570","v1: %4572:v[122] = v_pk_add_f16 %4567:v[106], %4570:v[110]"
g_fswin64,softmax,2561,1.0,v_pk_add_f16,4561,"4557,4559","v1: %4561:v[121] = v_pk_add_f16 %4557:v[121], %4559:v[113]"
g_fswin64,softmax,2562,1.0,v_pk_add_f16,4550,"4546,4548","v1: %4550:v[120] = v_pk_add_f16 %4546:v[120], %4548:v[116]"
g_fswin64,softmax,2564,1.0,v_pk_add_f16,4535,"4531,4533","v1: %4535:v[119] = v_pk_add_f16 %4531:v[119], %4533:v[115]"
g_fswin64,softmax,2565,1.0,v_pk_add_f16,4576,"4572,4574","v1: %4576:v[122] = v_pk_add_f16 %4572:v[122], %4574:v[114]"
g_fswin64,softmax,2566,1.0,v_pk_add_f16,4565,"4561,4563","v1: %4565:v[121] = v_pk_add_f16 %4561:v[121], %4563:v[117]"
g_fswin64,softmax,2567,1.0,v_pk_add_f16,4581,"4535,4550","v1: %4581:v[119] = v_pk_add_f16 %4535:v[119], %4550:v[120]"
g_fswin64,softmax,2568,1.0,v_pk_add_f16,4580,"4576,4578","v1: %4580:v[122] = v_pk_add_f16 %4576:v[122], %4578:v[118]"
g_fswin64,softmax,2570,1.0,v_pk_add_f16,4582,"4581,4565","v1: %4582:v[119] = v_pk_add_f16 %4581:v[119], %4565:v[121]"
g_fswin64,softmax,2571,1.0,v_pk_add_f16,4583,"4582,4580","v1: %4583:v[119] = v_pk_add_f16 %4582:v[119], %4580:v[122]"
g_fswin64,softmax,2573,1.0,v_permlanex16_b32,12715,"4583,11641,11642","v1: %12715:v[123] = v_permlanex16_b32 %4583:v[119], %11641:s[92], %11642:s[93] bound_ctrl:1 fi"
g_fswin64,softmax,2574,1.0,v_pk_add_f16,4587,"4583,12715","v1: %4587:v[119] = v_pk_add_f16 %4583:v[119], %12715:v[123]"
g_fswin64,softmax,2576,1.0,v_add_f16,4588,"4587,4587","v2b: %4588:v[124][0:16] = v_add_f16 %4587:v[119], hi(%4587:v[119])"
g_fswin64,softmax,2577,1.0,v_max_f16,4591,"340,4588","v2b: (InfPreserve)%4591:v[124][0:16] = v_max_f16 %340:s[79], %4588:v[124][0:16]"
g_fswin64,softmax,2579,1.0,v_cvt_f32_f16,4592,4591,v1: %4592:v[125] = v_cvt_f32_f16 %4591:v[124][0:16]
g_fswin64,softmax,2580,1.0,v_rcp_f32,4593,4592,v1: %4593:v[125] = v_rcp_f32 %4592:v[125]
g_fswin64,softmax,2582,1.0,v_fma_mix_f32,4600,"4537,4593","v1: %4600:v[127] = v_fma_mix_f32 lo(%4537:v[104]), %4593:v[125], neg(0)"
g_fswin64,softmax,2583,1.0,v_fma_mix_f32,4602,"4537,4593","v1: %4602:v[104] = v_fma_mix_f32 hi(%4537:v[104]), %4593:v[125], neg(0)"
g_fswin64,softmax,2584,1.0,v_fma_mix_f32,4625,"4540,4593","v1: %4625:v[131] = v_fma_mix_f32 lo(%4540:v[108]), %4593:v[125], neg(0)"
g_fswin64,softmax,2585,1.0,v_fma_mix_f32,4612,"4567,4593","v1: %4612:v[129] = v_fma_mix_f32 lo(%4567:v[106]), %4593:v[125], neg(0)"
g_fswin64,softmax,2586,1.0,v_fma_mix_f32,4619,"4525,4593","v1: %4619:v[130] = v_fma_mix_f32 lo(%4525:v[107]), %4593:v[125], neg(0)"
g_fswin64,softmax,2587,1.0,v_fma_mix_f32,4621,"4525,4593","v1: %4621:v[107] = v_fma_mix_f32 hi(%4525:v[107]), %4593:v[125], neg(0)"
g_fswin64,softmax,2588,1.0,v_fma_mix_f32,4594,"4522,4593","v1: %4594:v[126] = v_fma_mix_f32 lo(%4522:v[91]), %4593:v[125], neg(0)"
g_fswin64,softmax,2589,1.0,v_fma_mix_f32,4596,"4522,4593","v1: %4596:v[91] = v_fma_mix_f32 hi(%4522:v[91]), %4593:v[125], neg(0)"
g_fswin64,softmax,2590,1.0,v_fma_mix_f32,4606,"4552,4593","v1: %4606:v[128] = v_fma_mix_f32 lo(%4552:v[105]), %4593:v[125], neg(0)"
g_fswin64,softmax,2591,1.0,v_fma_mix_f32,4608,"4552,4593","v1: %4608:v[105] = v_fma_mix_f32 hi(%4552:v[105]), %4593:v[125], neg(0)"
g_fswin64,softmax,2592,1.0,v_fma_mix_f32,4614,"4567,4593","v1: %4614:v[106] = v_fma_mix_f32 hi(%4567:v[106]), %4593:v[125], neg(0)"
g_fswin64,softmax,2593,1.0,v_fma_mix_f32,4627,"4540,4593","v1: %4627:v[108] = v_fma_mix_f32 hi(%4540:v[108]), %4593:v[125], neg(0)"
g_fswin64,softmax,2594,1.0,v_fma_mix_f32,4631,"4555,4593","v1: %4631:v[132] = v_fma_mix_f32 lo(%4555:v[109]), %4593:v[125], neg(0)"
g_fswin64,softmax,2595,1.0,v_fma_mix_f32,4633,"4555,4593","v1: %4633:v[109] = v_fma_mix_f32 hi(%4555:v[109]), %4593:v[125], neg(0)"
g_fswin64,softmax,2596,1.0,v_fma_mix_f32,4637,"4570,4593","v1: %4637:v[133] = v_fma_mix_f32 lo(%4570:v[110]), %4593:v[125], neg(0)"
g_fswin64,softmax,2597,1.0,v_fma_mix_f32,4639,"4570,4593","v1: %4639:v[110] = v_fma_mix_f32 hi(%4570:v[110]), %4593:v[125], neg(0)"
g_fswin64,softmax,2598,1.0,v_fma_mix_f32,4644,"4529,4593","v1: %4644:v[134] = v_fma_mix_f32 lo(%4529:v[111]), %4593:v[125], neg(0)"
g_fswin64,softmax,2599,1.0,v_fma_mix_f32,4646,"4529,4593","v1: %4646:v[111] = v_fma_mix_f32 hi(%4529:v[111]), %4593:v[125], neg(0)"
g_fswin64,softmax,2600,1.0,v_cvt_pk_fp8_f32,4623,"4619,4621","v2b: %4623:v[10][0:16] = v_cvt_pk_fp8_f32 %4619:v[130], %4621:v[107]"
g_fswin64,softmax,2601,1.0,v_fma_mix_f32,4650,"4544,4593","v1: %4650:v[135] = v_fma_mix_f32 lo(%4544:v[112]), %4593:v[125], neg(0)"
g_fswin64,softmax,2602,1.0,v_fma_mix_f32,4652,"4544,4593","v1: %4652:v[112] = v_fma_mix_f32 hi(%4544:v[112]), %4593:v[125], neg(0)"
g_fswin64,softmax,2603,1.0,v_cvt_pk_fp8_f32,4598,"4594,4596","v2b: %4598:v[8][0:16] = v_cvt_pk_fp8_f32 %4594:v[126], %4596:v[91]"
g_fswin64,softmax,2604,1.0,v_cvt_pk_fp8_f32,4604,"4600,4602","v2b: %4604:v[8][16:32] = v_cvt_pk_fp8_f32 %4600:v[127], %4602:v[104] opsel_hi"
g_fswin64,softmax,2605,1.0,v_fma_mix_f32,4656,"4559,4593","v1: %4656:v[136] = v_fma_mix_f32 lo(%4559:v[113]), %4593:v[125], neg(0)"
g_fswin64,softmax,2606,1.0,v_cvt_pk_fp8_f32,4610,"4606,4608","v2b: %4610:v[9][0:16] = v_cvt_pk_fp8_f32 %4606:v[128], %4608:v[105]"
g_fswin64,softmax,2607,1.0,v_fma_mix_f32,4658,"4559,4593","v1: %4658:v[113] = v_fma_mix_f32 hi(%4559:v[113]), %4593:v[125], neg(0)"
g_fswin64,softmax,2608,1.0,v_cvt_pk_fp8_f32,4616,"4612,4614","v2b: %4616:v[9][16:32] = v_cvt_pk_fp8_f32 %4612:v[129], %4614:v[106] opsel_hi"
g_fswin64,softmax,2609,1.0,v_cvt_pk_fp8_f32,4629,"4625,4627","v2b: %4629:v[10][16:32] = v_cvt_pk_fp8_f32 %4625:v[131], %4627:v[108] opsel_hi"
g_fswin64,softmax,2610,1.0,v_fma_mix_f32,4662,"4574,4593","v1: %4662:v[137] = v_fma_mix_f32 lo(%4574:v[114]), %4593:v[125], neg(0)"
g_fswin64,softmax,2611,1.0,v_cvt_pk_fp8_f32,4635,"4631,4633","v2b: %4635:v[11][0:16] = v_cvt_pk_fp8_f32 %4631:v[132], %4633:v[109]"
g_fswin64,softmax,2612,1.0,v_fma_mix_f32,4664,"4574,4593","v1: %4664:v[114] = v_fma_mix_f32 hi(%4574:v[114]), %4593:v[125], neg(0)"
g_fswin64,softmax,2613,1.0,v_fma_mix_f32,4669,"4533,4593","v1: %4669:v[138] = v_fma_mix_f32 lo(%4533:v[115]), %4593:v[125], neg(0)"
g_fswin64,softmax,2614,1.0,v_cvt_pk_fp8_f32,4641,"4637,4639","v2b: %4641:v[11][16:32] = v_cvt_pk_fp8_f32 %4637:v[133], %4639:v[110] opsel_hi"
g_fswin64,softmax,2615,1.0,v_fma_mix_f32,4671,"4533,4593","v1: %4671:v[115] = v_fma_mix_f32 hi(%4533:v[115]), %4593:v[125], neg(0)"
g_fswin64,softmax,2616,1.0,v_cvt_pk_fp8_f32,4648,"4644,4646","v2b: %4648:v[62][0:16] = v_cvt_pk_fp8_f32 %4644:v[134], %4646:v[111]"
g_fswin64,softmax,2617,1.0,v_fma_mix_f32,4675,"4548,4593","v1: %4675:v[139] = v_fma_mix_f32 lo(%4548:v[116]), %4593:v[125], neg(0)"
g_fswin64,softmax,2618,1.0,v_fma_mix_f32,4677,"4548,4593","v1: %4677:v[116] = v_fma_mix_f32 hi(%4548:v[116]), %4593:v[125], neg(0)"
g_fswin64,softmax,2619,1.0,v_cvt_pk_fp8_f32,4654,"4650,4652","v2b: %4654:v[62][16:32] = v_cvt_pk_fp8_f32 %4650:v[135], %4652:v[112] opsel_hi"
g_fswin64,softmax,2620,1.0,v_fma_mix_f32,4681,"4563,4593","v1: %4681:v[140] = v_fma_mix_f32 lo(%4563:v[117]), %4593:v[125], neg(0)"
g_fswin64,softmax,2621,1.0,v_fma_mix_f32,4683,"4563,4593","v1: %4683:v[117] = v_fma_mix_f32 hi(%4563:v[117]), %4593:v[125], neg(0)"
g_fswin64,softmax,2622,1.0,v_fma_mix_f32,4687,"4578,4593","v1: %4687:v[141] = v_fma_mix_f32 lo(%4578:v[118]), %4593:v[125], neg(0)"
g_fswin64,softmax,2623,1.0,v_fma_mix_f32,4689,"4578,4593","v1: %4689:v[118] = v_fma_mix_f32 hi(%4578:v[118]), %4593:v[125], neg(0)"
g_fswin64,softmax,2624,1.0,v_cvt_pk_fp8_f32,4660,"4656,4658","v2b: %4660:v[63][0:16] = v_cvt_pk_fp8_f32 %4656:v[136], %4658:v[113]"
g_fswin64,softmax,2625,1.0,v_cvt_pk_fp8_f32,4666,"4662,4664","v2b: %4666:v[63][16:32] = v_cvt_pk_fp8_f32 %4662:v[137], %4664:v[114] opsel_hi"
g_fswin64,softmax,2626,1.0,v_cvt_pk_fp8_f32,4673,"4669,4671","v2b: %4673:v[90][0:16] = v_cvt_pk_fp8_f32 %4669:v[138], %4671:v[115]"
g_fswin64,softmax,2627,1.0,v_cvt_pk_fp8_f32,4679,"4675,4677","v2b: %4679:v[90][16:32] = v_cvt_pk_fp8_f32 %4675:v[139], %4677:v[116] opsel_hi"
g_fswin64,softmax,2634,1.0,v_cvt_pk_fp8_f32,4685,"4681,4683","v2b: %4685:v[91][0:16] = v_cvt_pk_fp8_f32 %4681:v[140], %4683:v[117]"
g_fswin64,softmax,2635,1.0,v_cvt_pk_fp8_f32,4691,"4687,4689","v2b: %4691:v[91][16:32] = v_cvt_pk_fp8_f32 %4687:v[141], %4689:v[118] opsel_hi"
g_fswin64,softmax,2725,1.0,v_pk_add_f16,4890,"4885,4888","v1: %4890:v[158] = v_pk_add_f16 %4885:v[142], %4888:v[146]"
g_fswin64,softmax,2732,1.0,v_pk_add_f16,4905,"4900,4903","v1: %4905:v[159] = v_pk_add_f16 %4900:v[143], %4903:v[147]"
g_fswin64,softmax,2736,1.0,v_pk_add_f16,4894,"4890,4892","v1: %4894:v[158] = v_pk_add_f16 %4890:v[158], %4892:v[150]"
g_fswin64,softmax,2739,1.0,v_pk_add_f16,4920,"4915,4918","v1: %4920:v[160] = v_pk_add_f16 %4915:v[144], %4918:v[148]"
g_fswin64,softmax,2742,1.0,v_pk_add_f16,4909,"4905,4907","v1: %4909:v[159] = v_pk_add_f16 %4905:v[159], %4907:v[151]"
g_fswin64,softmax,2744,1.0,v_pk_add_f16,4935,"4930,4933","v1: %4935:v[161] = v_pk_add_f16 %4930:v[145], %4933:v[149]"
g_fswin64,softmax,2745,1.0,v_pk_add_f16,4898,"4894,4896","v1: %4898:v[158] = v_pk_add_f16 %4894:v[158], %4896:v[154]"
g_fswin64,softmax,2746,1.0,v_pk_add_f16,4924,"4920,4922","v1: %4924:v[160] = v_pk_add_f16 %4920:v[160], %4922:v[152]"
g_fswin64,softmax,2747,1.0,v_pk_add_f16,4913,"4909,4911","v1: %4913:v[159] = v_pk_add_f16 %4909:v[159], %4911:v[155]"
g_fswin64,softmax,2749,1.0,v_pk_add_f16,4939,"4935,4937","v1: %4939:v[161] = v_pk_add_f16 %4935:v[161], %4937:v[153]"
g_fswin64,softmax,2750,1.0,v_pk_add_f16,4928,"4924,4926","v1: %4928:v[160] = v_pk_add_f16 %4924:v[160], %4926:v[156]"
g_fswin64,softmax,2751,1.0,v_pk_add_f16,4944,"4898,4913","v1: %4944:v[158] = v_pk_add_f16 %4898:v[158], %4913:v[159]"
g_fswin64,softmax,2753,1.0,v_pk_add_f16,4943,"4939,4941","v1: %4943:v[161] = v_pk_add_f16 %4939:v[161], %4941:v[157]"
g_fswin64,softmax,2754,1.0,v_pk_add_f16,4945,"4944,4928","v1: %4945:v[158] = v_pk_add_f16 %4944:v[158], %4928:v[160]"
g_fswin64,softmax,2756,1.0,v_pk_add_f16,4946,"4945,4943","v1: %4946:v[158] = v_pk_add_f16 %4945:v[158], %4943:v[161]"
g_fswin64,softmax,2757,1.0,v_permlanex16_b32,12980,"4946,11641,11642","v1: %12980:v[162] = v_permlanex16_b32 %4946:v[158], %11641:s[92], %11642:s[93] bound_ctrl:1 fi"
g_fswin64,softmax,2759,1.0,v_pk_add_f16,4950,"4946,12980","v1: %4950:v[158] = v_pk_add_f16 %4946:v[158], %12980:v[162]"
g_fswin64,softmax,2760,1.0,v_add_f16,4951,"4950,4950","v2b: %4951:v[163][0:16] = v_add_f16 %4950:v[158], hi(%4950:v[158])"
g_fswin64,softmax,2762,1.0,v_max_f16,4953,"340,4951","v2b: (InfPreserve)%4953:v[163][0:16] = v_max_f16 %340:s[79], %4951:v[163][0:16]"
g_fswin64,softmax,2763,1.0,v_cvt_f32_f16,4954,4953,v1: %4954:v[164] = v_cvt_f32_f16 %4953:v[163][0:16]
g_fswin64,softmax,2765,1.0,v_rcp_f32,4955,4954,v1: %4955:v[164] = v_rcp_f32 %4954:v[164]
g_fswin64,softmax,2766,1.0,v_fma_mix_f32,4981,"4888,4955","v1: %4981:v[169] = v_fma_mix_f32 lo(%4888:v[146]), %4955:v[164], neg(0)"
g_fswin64,softmax,2767,1.0,v_fma_mix_f32,4983,"4888,4955","v1: %4983:v[146] = v_fma_mix_f32 hi(%4888:v[146]), %4955:v[164], neg(0)"
g_fswin64,softmax,2768,1.0,v_fma_mix_f32,4962,"4900,4955","v1: %4962:v[166] = v_fma_mix_f32 lo(%4900:v[143]), %4955:v[164], neg(0)"
g_fswin64,softmax,2769,1.0,v_fma_mix_f32,4964,"4900,4955","v1: %4964:v[143] = v_fma_mix_f32 hi(%4900:v[143]), %4955:v[164], neg(0)"
g_fswin64,softmax,2770,1.0,v_fma_mix_f32,4956,"4885,4955","v1: %4956:v[165] = v_fma_mix_f32 lo(%4885:v[142]), %4955:v[164], neg(0)"
g_fswin64,softmax,2771,1.0,v_fma_mix_f32,4958,"4885,4955","v1: %4958:v[142] = v_fma_mix_f32 hi(%4885:v[142]), %4955:v[164], neg(0)"
g_fswin64,softmax,2772,1.0,v_fma_mix_f32,4987,"4903,4955","v1: %4987:v[170] = v_fma_mix_f32 lo(%4903:v[147]), %4955:v[164], neg(0)"
g_fswin64,softmax,2773,1.0,v_fma_mix_f32,4974,"4930,4955","v1: %4974:v[168] = v_fma_mix_f32 lo(%4930:v[145]), %4955:v[164], neg(0)"
g_fswin64,softmax,2774,1.0,v_fma_mix_f32,4968,"4915,4955","v1: %4968:v[167] = v_fma_mix_f32 lo(%4915:v[144]), %4955:v[164], neg(0)"
g_fswin64,softmax,2775,1.0,v_fma_mix_f32,4970,"4915,4955","v1: %4970:v[144] = v_fma_mix_f32 hi(%4915:v[144]), %4955:v[164], neg(0)"
g_fswin64,softmax,2776,1.0,v_fma_mix_f32,4976,"4930,4955","v1: %4976:v[145] = v_fma_mix_f32 hi(%4930:v[145]), %4955:v[164], neg(0)"
g_fswin64,softmax,2777,1.0,v_fma_mix_f32,4989,"4903,4955","v1: %4989:v[147] = v_fma_mix_f32 hi(%4903:v[147]), %4955:v[164], neg(0)"
g_fswin64,softmax,2778,1.0,v_fma_mix_f32,4993,"4918,4955","v1: %4993:v[171] = v_fma_mix_f32 lo(%4918:v[148]), %4955:v[164], neg(0)"
g_fswin64,softmax,2779,1.0,v_fma_mix_f32,4995,"4918,4955","v1: %4995:v[148] = v_fma_mix_f32 hi(%4918:v[148]), %4955:v[164], neg(0)"
g_fswin64,softmax,2780,1.0,v_fma_mix_f32,4999,"4933,4955","v1: %4999:v[172] = v_fma_mix_f32 lo(%4933:v[149]), %4955:v[164], neg(0)"
g_fswin64,softmax,2781,1.0,v_fma_mix_f32,5001,"4933,4955","v1: %5001:v[149] = v_fma_mix_f32 hi(%4933:v[149]), %4955:v[164], neg(0)"
g_fswin64,softmax,2782,1.0,v_cvt_pk_fp8_f32,4985,"4981,4983","v2b: %4985:v[86][0:16] = v_cvt_pk_fp8_f32 %4981:v[169], %4983:v[146]"
g_fswin64,softmax,2783,1.0,v_fma_mix_f32,5006,"4892,4955","v1: %5006:v[173] = v_fma_mix_f32 lo(%4892:v[150]), %4955:v[164], neg(0)"
g_fswin64,softmax,2784,1.0,v_fma_mix_f32,5008,"4892,4955","v1: %5008:v[150] = v_fma_mix_f32 hi(%4892:v[150]), %4955:v[164], neg(0)"
g_fswin64,softmax,2785,1.0,v_cvt_pk_fp8_f32,4960,"4956,4958","v2b: %4960:v[84][0:16] = v_cvt_pk_fp8_f32 %4956:v[165], %4958:v[142]"
g_fswin64,softmax,2786,1.0,v_cvt_pk_fp8_f32,4966,"4962,4964","v2b: %4966:v[84][16:32] = v_cvt_pk_fp8_f32 %4962:v[166], %4964:v[143] opsel_hi"
g_fswin64,softmax,2787,1.0,v_fma_mix_f32,5012,"4907,4955","v1: %5012:v[174] = v_fma_mix_f32 lo(%4907:v[151]), %4955:v[164], neg(0)"
g_fswin64,softmax,2788,1.0,v_fma_mix_f32,5014,"4907,4955","v1: %5014:v[151] = v_fma_mix_f32 hi(%4907:v[151]), %4955:v[164], neg(0)"
g_fswin64,softmax,2789,1.0,v_fma_mix_f32,5018,"4922,4955","v1: %5018:v[175] = v_fma_mix_f32 lo(%4922:v[152]), %4955:v[164], neg(0)"
g_fswin64,softmax,2790,1.0,v_cvt_pk_fp8_f32,4972,"4968,4970","v2b: %4972:v[85][0:16] = v_cvt_pk_fp8_f32 %4968:v[167], %4970:v[144]"
g_fswin64,softmax,2791,1.0,v_cvt_pk_fp8_f32,4978,"4974,4976","v2b: %4978:v[85][16:32] = v_cvt_pk_fp8_f32 %4974:v[168], %4976:v[145] opsel_hi"
g_fswin64,softmax,2792,1.0,v_fma_mix_f32,5020,"4922,4955","v1: %5020:v[152] = v_fma_mix_f32 hi(%4922:v[152]), %4955:v[164], neg(0)"
g_fswin64,softmax,2793,1.0,v_cvt_pk_fp8_f32,4991,"4987,4989","v2b: %4991:v[86][16:32] = v_cvt_pk_fp8_f32 %4987:v[170], %4989:v[147] opsel_hi"
g_fswin64,softmax,2794,1.0,v_fma_mix_f32,5024,"4937,4955","v1: %5024:v[176] = v_fma_mix_f32 lo(%4937:v[153]), %4955:v[164], neg(0)"
g_fswin64,softmax,2795,1.0,v_cvt_pk_fp8_f32,4997,"4993,4995","v2b: %4997:v[87][0:16] = v_cvt_pk_fp8_f32 %4993:v[171], %4995:v[148]"
g_fswin64,softmax,2796,1.0,v_fma_mix_f32,5026,"4937,4955","v1: %5026:v[153] = v_fma_mix_f32 hi(%4937:v[153]), %4955:v[164], neg(0)"
g_fswin64,softmax,2797,1.0,v_cvt_pk_fp8_f32,5003,"4999,5001","v2b: %5003:v[87][16:32] = v_cvt_pk_fp8_f32 %4999:v[172], %5001:v[149] opsel_hi"
g_fswin64,softmax,2798,1.0,v_fma_mix_f32,5031,"4896,4955","v1: %5031:v[177] = v_fma_mix_f32 lo(%4896:v[154]), %4955:v[164], neg(0)"
g_fswin64,softmax,2799,1.0,v_fma_mix_f32,5033,"4896,4955","v1: %5033:v[154] = v_fma_mix_f32 hi(%4896:v[154]), %4955:v[164], neg(0)"
g_fswin64,softmax,2800,1.0,v_fma_mix_f32,5037,"4911,4955","v1: %5037:v[178] = v_fma_mix_f32 lo(%4911:v[155]), %4955:v[164], neg(0)"
g_fswin64,softmax,2801,1.0,v_cvt_pk_fp8_f32,5010,"5006,5008","v2b: %5010:v[92][0:16] = v_cvt_pk_fp8_f32 %5006:v[173], %5008:v[150]"
g_fswin64,softmax,2802,1.0,v_fma_mix_f32,5039,"4911,4955","v1: %5039:v[155] = v_fma_mix_f32 hi(%4911:v[155]), %4955:v[164], neg(0)"
g_fswin64,softmax,2803,1.0,v_fma_mix_f32,5043,"4926,4955","v1: %5043:v[179] = v_fma_mix_f32 lo(%4926:v[156]), %4955:v[164], neg(0)"
g_fswin64,softmax,2804,1.0,v_fma_mix_f32,5045,"4926,4955","v1: %5045:v[156] = v_fma_mix_f32 hi(%4926:v[156]), %4955:v[164], neg(0)"
g_fswin64,softmax,2805,1.0,v_cvt_pk_fp8_f32,5016,"5012,5014","v2b: %5016:v[92][16:32] = v_cvt_pk_fp8_f32 %5012:v[174], %5014:v[151] opsel_hi"
g_fswin64,softmax,2806,1.0,v_fma_mix_f32,5049,"4941,4955","v1: %5049:v[180] = v_fma_mix_f32 lo(%4941:v[157]), %4955:v[164], neg(0)"
g_fswin64,softmax,2807,1.0,v_fma_mix_f32,5051,"4941,4955","v1: %5051:v[157] = v_fma_mix_f32 hi(%4941:v[157]), %4955:v[164], neg(0)"
g_fswin64,softmax,2811,1.0,v_cvt_pk_fp8_f32,5022,"5018,5020","v2b: %5022:v[93][0:16] = v_cvt_pk_fp8_f32 %5018:v[175], %5020:v[152]"
g_fswin64,softmax,2815,1.0,v_cvt_pk_fp8_f32,5028,"5024,5026","v2b: %5028:v[93][16:32] = v_cvt_pk_fp8_f32 %5024:v[176], %5026:v[153] opsel_hi"
g_fswin64,softmax,2817,1.0,v_cvt_pk_fp8_f32,5035,"5031,5033","v2b: %5035:v[94][0:16] = v_cvt_pk_fp8_f32 %5031:v[177], %5033:v[154]"
g_fswin64,softmax,2818,1.0,v_cvt_pk_fp8_f32,5041,"5037,5039","v2b: %5041:v[94][16:32] = v_cvt_pk_fp8_f32 %5037:v[178], %5039:v[155] opsel_hi"
g_fswin64,softmax,2819,1.0,v_cvt_pk_fp8_f32,5047,"5043,5045","v2b: %5047:v[95][0:16] = v_cvt_pk_fp8_f32 %5043:v[179], %5045:v[156]"
g_fswin64,softmax,2820,1.0,v_cvt_pk_fp8_f32,5053,"5049,5051","v2b: %5053:v[95][16:32] = v_cvt_pk_fp8_f32 %5049:v[180], %5051:v[157] opsel_hi"
g_fswin64,softmax,2915,1.0,v_pk_add_f16,5253,"5248,5251","v1: %5253:v[76] = v_pk_add_f16 %5248:v[181], %5251:v[185]"
g_fswin64,softmax,2919,1.0,v_pk_add_f16,5268,"5263,5266","v1: %5268:v[77] = v_pk_add_f16 %5263:v[182], %5266:v[186]"
g_fswin64,softmax,2925,1.0,v_pk_add_f16,5283,"5278,5281","v1: %5283:v[78] = v_pk_add_f16 %5278:v[183], %5281:v[187]"
g_fswin64,softmax,2926,1.0,v_pk_add_f16,5257,"5253,5255","v1: %5257:v[76] = v_pk_add_f16 %5253:v[76], %5255:v[189]"
g_fswin64,softmax,2929,1.0,v_pk_add_f16,5272,"5268,5270","v1: %5272:v[77] = v_pk_add_f16 %5268:v[77], %5270:v[190]"
g_fswin64,softmax,2931,1.0,v_pk_add_f16,5298,"5293,5296","v1: %5298:v[79] = v_pk_add_f16 %5293:v[184], %5296:v[188]"
g_fswin64,softmax,2932,1.0,v_pk_add_f16,5287,"5283,5285","v1: %5287:v[78] = v_pk_add_f16 %5283:v[78], %5285:v[191]"
g_fswin64,softmax,2933,1.0,v_pk_add_f16,5261,"5257,5259","v1: %5261:v[76] = v_pk_add_f16 %5257:v[76], %5259:v[24]"
g_fswin64,softmax,2934,1.0,v_pk_add_f16,5276,"5272,5274","v1: %5276:v[77] = v_pk_add_f16 %5272:v[77], %5274:v[26]"
g_fswin64,softmax,2936,1.0,v_pk_add_f16,5302,"5298,5300","v1: %5302:v[79] = v_pk_add_f16 %5298:v[79], %5300:v[1]"
g_fswin64,softmax,2937,1.0,v_pk_add_f16,5291,"5287,5289","v1: %5291:v[78] = v_pk_add_f16 %5287:v[78], %5289:v[37]"
g_fswin64,softmax,2938,1.0,v_pk_add_f16,5307,"5261,5276","v1: %5307:v[76] = v_pk_add_f16 %5261:v[76], %5276:v[77]"
g_fswin64,softmax,2940,1.0,v_pk_add_f16,5306,"5302,5304","v1: %5306:v[79] = v_pk_add_f16 %5302:v[79], %5304:v[46]"
g_fswin64,softmax,2941,1.0,v_pk_add_f16,5308,"5307,5291","v1: %5308:v[76] = v_pk_add_f16 %5307:v[76], %5291:v[78]"
g_fswin64,softmax,2943,1.0,v_pk_add_f16,5309,"5308,5306","v1: %5309:v[76] = v_pk_add_f16 %5308:v[76], %5306:v[79]"
g_fswin64,softmax,2944,1.0,v_permlanex16_b32,13245,"5309,11641,11642","v1: %13245:v[80] = v_permlanex16_b32 %5309:v[76], %11641:s[92], %11642:s[93] bound_ctrl:1 fi"
g_fswin64,softmax,2946,1.0,v_pk_add_f16,5313,"5309,13245","v1: %5313:v[76] = v_pk_add_f16 %5309:v[76], %13245:v[80]"
g_fswin64,softmax,2947,1.0,v_add_f16,5314,"5313,5313","v2b: %5314:v[81][0:16] = v_add_f16 %5313:v[76], hi(%5313:v[76])"
g_fswin64,softmax,2949,1.0,v_max_f16,5316,"340,5314","v2b: (InfPreserve)%5316:v[81][0:16] = v_max_f16 %340:s[79], %5314:v[81][0:16]"
g_fswin64,softmax,2950,1.0,v_cvt_f32_f16,5317,5316,v1: %5317:v[82] = v_cvt_f32_f16 %5316:v[81][0:16]
g_fswin64,softmax,2952,1.0,v_rcp_f32,5318,5317,v1: %5318:v[82] = v_rcp_f32 %5317:v[82]
g_fswin64,softmax,2953,1.0,v_fma_mix_f32,5337,"5293,5318","v1: %5337:v[106] = v_fma_mix_f32 lo(%5293:v[184]), %5318:v[82], neg(0)"
g_fswin64,softmax,2954,1.0,v_fma_mix_f32,5344,"5251,5318","v1: %5344:v[107] = v_fma_mix_f32 lo(%5251:v[185]), %5318:v[82], neg(0)"
g_fswin64,softmax,2955,1.0,v_fma_mix_f32,5319,"5248,5318","v1: %5319:v[83] = v_fma_mix_f32 lo(%5248:v[181]), %5318:v[82], neg(0)"
g_fswin64,softmax,2956,1.0,v_fma_mix_f32,5321,"5248,5318","v1: %5321:v[181] = v_fma_mix_f32 hi(%5248:v[181]), %5318:v[82], neg(0)"
g_fswin64,softmax,2957,1.0,v_fma_mix_f32,5339,"5293,5318","v1: %5339:v[184] = v_fma_mix_f32 hi(%5293:v[184]), %5318:v[82], neg(0)"
g_fswin64,softmax,2958,1.0,v_fma_mix_f32,5331,"5278,5318","v1: %5331:v[105] = v_fma_mix_f32 lo(%5278:v[183]), %5318:v[82], neg(0)"
g_fswin64,softmax,2959,1.0,v_fma_mix_f32,5333,"5278,5318","v1: %5333:v[183] = v_fma_mix_f32 hi(%5278:v[183]), %5318:v[82], neg(0)"
g_fswin64,softmax,2960,1.0,v_fma_mix_f32,5325,"5263,5318","v1: %5325:v[104] = v_fma_mix_f32 lo(%5263:v[182]), %5318:v[82], neg(0)"
g_fswin64,softmax,2961,1.0,v_fma_mix_f32,5327,"5263,5318","v1: %5327:v[182] = v_fma_mix_f32 hi(%5263:v[182]), %5318:v[82], neg(0)"
g_fswin64,softmax,2962,1.0,v_fma_mix_f32,5350,"5266,5318","v1: %5350:v[108] = v_fma_mix_f32 lo(%5266:v[186]), %5318:v[82], neg(0)"
g_fswin64,softmax,2963,1.0,v_fma_mix_f32,5346,"5251,5318","v1: %5346:v[185] = v_fma_mix_f32 hi(%5251:v[185]), %5318:v[82], neg(0)"
g_fswin64,softmax,2964,1.0,v_fma_mix_f32,5352,"5266,5318","v1: %5352:v[186] = v_fma_mix_f32 hi(%5266:v[186]), %5318:v[82], neg(0)"
g_fswin64,softmax,2965,1.0,v_fma_mix_f32,5356,"5281,5318","v1: %5356:v[109] = v_fma_mix_f32 lo(%5281:v[187]), %5318:v[82], neg(0)"
g_fswin64,softmax,2966,1.0,v_fma_mix_f32,5358,"5281,5318","v1: %5358:v[187] = v_fma_mix_f32 hi(%5281:v[187]), %5318:v[82], neg(0)"
g_fswin64,softmax,2967,1.0,v_fma_mix_f32,5362,"5296,5318","v1: %5362:v[110] = v_fma_mix_f32 lo(%5296:v[188]), %5318:v[82], neg(0)"
g_fswin64,softmax,2968,1.0,v_fma_mix_f32,5364,"5296,5318","v1: %5364:v[188] = v_fma_mix_f32 hi(%5296:v[188]), %5318:v[82], neg(0)"
g_fswin64,softmax,2969,1.0,v_fma_mix_f32,5369,"5255,5318","v1: %5369:v[111] = v_fma_mix_f32 lo(%5255:v[189]), %5318:v[82], neg(0)"
g_fswin64,softmax,2970,1.0,v_cvt_pk_fp8_f32,5323,"5319,5321","v2b: %5323:v[76][0:16] = v_cvt_pk_fp8_f32 %5319:v[83], %5321:v[181]"
g_fswin64,softmax,2971,1.0,v_fma_mix_f32,5371,"5255,5318","v1: %5371:v[189] = v_fma_mix_f32 hi(%5255:v[189]), %5318:v[82], neg(0)"
g_fswin64,softmax,2972,1.0,v_fma_mix_f32,5375,"5270,5318","v1: %5375:v[112] = v_fma_mix_f32 lo(%5270:v[190]), %5318:v[82], neg(0)"
g_fswin64,softmax,2973,1.0,v_cvt_pk_fp8_f32,5335,"5331,5333","v2b: %5335:v[77][0:16] = v_cvt_pk_fp8_f32 %5331:v[105], %5333:v[183]"
g_fswin64,softmax,2974,1.0,v_cvt_pk_fp8_f32,5341,"5337,5339","v2b: %5341:v[77][16:32] = v_cvt_pk_fp8_f32 %5337:v[106], %5339:v[184] opsel_hi"
g_fswin64,softmax,2975,1.0,v_fma_mix_f32,5377,"5270,5318","v1: %5377:v[190] = v_fma_mix_f32 hi(%5270:v[190]), %5318:v[82], neg(0)"
g_fswin64,softmax,2976,1.0,v_cvt_pk_fp8_f32,5329,"5325,5327","v2b: %5329:v[76][16:32] = v_cvt_pk_fp8_f32 %5325:v[104], %5327:v[182] opsel_hi"
g_fswin64,softmax,2977,1.0,v_fma_mix_f32,5381,"5285,5318","v1: %5381:v[113] = v_fma_mix_f32 lo(%5285:v[191]), %5318:v[82], neg(0)"
g_fswin64,softmax,2978,1.0,v_cvt_pk_fp8_f32,5348,"5344,5346","v2b: %5348:v[78][0:16] = v_cvt_pk_fp8_f32 %5344:v[107], %5346:v[185]"
g_fswin64,softmax,2979,1.0,v_fma_mix_f32,5383,"5285,5318","v1: %5383:v[191] = v_fma_mix_f32 hi(%5285:v[191]), %5318:v[82], neg(0)"
g_fswin64,softmax,2980,1.0,v_cvt_pk_fp8_f32,5354,"5350,5352","v2b: %5354:v[78][16:32] = v_cvt_pk_fp8_f32 %5350:v[108], %5352:v[186] opsel_hi"
g_fswin64,softmax,2981,1.0,v_fma_mix_f32,5387,"5300,5318","v1: %5387:v[114] = v_fma_mix_f32 lo(%5300:v[1]), %5318:v[82], neg(0)"
g_fswin64,softmax,2982,1.0,v_cvt_pk_fp8_f32,5360,"5356,5358","v2b: %5360:v[79][0:16] = v_cvt_pk_fp8_f32 %5356:v[109], %5358:v[187]"
g_fswin64,softmax,2983,1.0,v_fma_mix_f32,5389,"5300,5318","v1: %5389:v[1] = v_fma_mix_f32 hi(%5300:v[1]), %5318:v[82], neg(0)"
g_fswin64,softmax,2984,1.0,v_fma_mix_f32,5394,"5259,5318","v1: %5394:v[115] = v_fma_mix_f32 lo(%5259:v[24]), %5318:v[82], neg(0)"
g_fswin64,softmax,2985,1.0,v_cvt_pk_fp8_f32,5366,"5362,5364","v2b: %5366:v[79][16:32] = v_cvt_pk_fp8_f32 %5362:v[110], %5364:v[188] opsel_hi"
g_fswin64,softmax,2986,1.0,v_fma_mix_f32,5396,"5259,5318","v1: %5396:v[24] = v_fma_mix_f32 hi(%5259:v[24]), %5318:v[82], neg(0)"
g_fswin64,softmax,2987,1.0,v_fma_mix_f32,5400,"5274,5318","v1: %5400:v[116] = v_fma_mix_f32 lo(%5274:v[26]), %5318:v[82], neg(0)"
g_fswin64,softmax,2988,1.0,v_cvt_pk_fp8_f32,5373,"5369,5371","v2b: %5373:v[80][0:16] = v_cvt_pk_fp8_f32 %5369:v[111], %5371:v[189]"
g_fswin64,softmax,2989,1.0,v_fma_mix_f32,5402,"5274,5318","v1: %5402:v[26] = v_fma_mix_f32 hi(%5274:v[26]), %5318:v[82], neg(0)"
g_fswin64,softmax,2990,1.0,v_fma_mix_f32,5406,"5289,5318","v1: %5406:v[117] = v_fma_mix_f32 lo(%5289:v[37]), %5318:v[82], neg(0)"
g_fswin64,softmax,2991,1.0,v_fma_mix_f32,5408,"5289,5318","v1: %5408:v[37] = v_fma_mix_f32 hi(%5289:v[37]), %5318:v[82], neg(0)"
g_fswin64,softmax,2992,1.0,v_cvt_pk_fp8_f32,5379,"5375,5377","v2b: %5379:v[80][16:32] = v_cvt_pk_fp8_f32 %5375:v[112], %5377:v[190] opsel_hi"
g_fswin64,softmax,2993,1.0,v_fma_mix_f32,5412,"5304,5318","v1: %5412:v[118] = v_fma_mix_f32 lo(%5304:v[46]), %5318:v[82], neg(0)"
g_fswin64,softmax,2994,1.0,v_fma_mix_f32,5414,"5304,5318","v1: %5414:v[46] = v_fma_mix_f32 hi(%5304:v[46]), %5318:v[82], neg(0)"
g_fswin64,softmax,2995,1.0,v_cvt_pk_fp8_f32,5385,"5381,5383","v2b: %5385:v[81][0:16] = v_cvt_pk_fp8_f32 %5381:v[113], %5383:v[191]"
g_fswin64,softmax,2998,1.0,v_cvt_pk_fp8_f32,5391,"5387,5389","v2b: %5391:v[81][16:32] = v_cvt_pk_fp8_f32 %5387:v[114], %5389:v[1] opsel_hi"
g_fswin64,softmax,3000,1.0,v_cvt_pk_fp8_f32,5398,"5394,5396","v2b: %5398:v[104][0:16] = v_cvt_pk_fp8_f32 %5394:v[115], %5396:v[24]"
g_fswin64,softmax,3001,1.0,v_cvt_pk_fp8_f32,5404,"5400,5402","v2b: %5404:v[104][16:32] = v_cvt_pk_fp8_f32 %5400:v[116], %5402:v[26] opsel_hi"
g_fswin64,softmax,3002,1.0,v_cvt_pk_fp8_f32,5410,"5406,5408","v2b: %5410:v[105][0:16] = v_cvt_pk_fp8_f32 %5406:v[117], %5408:v[37]"
g_fswin64,softmax,3003,1.0,v_cvt_pk_fp8_f32,5416,"5412,5414","v2b: %5416:v[105][16:32] = v_cvt_pk_fp8_f32 %5412:v[118], %5414:v[46] opsel_hi"
g_fswin64,softmax,3087,1.0,v_pk_add_f16,5616,"5611,5614","v1: %5616:v[160] = v_pk_add_f16 %5611:v[136], %5614:v[140]"
g_fswin64,softmax,3092,1.0,v_pk_add_f16,5631,"5626,5629","v1: %5631:v[161] = v_pk_add_f16 %5626:v[137], %5629:v[141]"
g_fswin64,softmax,3098,1.0,v_pk_add_f16,5620,"5616,5618","v1: %5620:v[160] = v_pk_add_f16 %5616:v[160], %5618:v[152]"
g_fswin64,softmax,3100,1.0,v_pk_add_f16,5646,"5641,5644","v1: %5646:v[162] = v_pk_add_f16 %5641:v[138], %5644:v[142]"
g_fswin64,softmax,3102,1.0,v_pk_add_f16,5635,"5631,5633","v1: %5635:v[161] = v_pk_add_f16 %5631:v[161], %5633:v[153]"
g_fswin64,softmax,3105,1.0,v_pk_add_f16,5661,"5656,5659","v1: %5661:v[163] = v_pk_add_f16 %5656:v[139], %5659:v[143]"
g_fswin64,softmax,3107,1.0,v_pk_add_f16,5650,"5646,5648","v1: %5650:v[162] = v_pk_add_f16 %5646:v[162], %5648:v[154]"
g_fswin64,softmax,3108,1.0,v_pk_add_f16,5639,"5635,5637","v1: %5639:v[161] = v_pk_add_f16 %5635:v[161], %5637:v[157]"
g_fswin64,softmax,3109,1.0,v_pk_add_f16,5624,"5620,5622","v1: %5624:v[160] = v_pk_add_f16 %5620:v[160], %5622:v[156]"
g_fswin64,softmax,3110,1.0,v_pk_add_f16,5665,"5661,5663","v1: %5665:v[163] = v_pk_add_f16 %5661:v[163], %5663:v[155]"
g_fswin64,softmax,3112,1.0,v_pk_add_f16,5654,"5650,5652","v1: %5654:v[162] = v_pk_add_f16 %5650:v[162], %5652:v[158]"
g_fswin64,softmax,3113,1.0,v_pk_add_f16,5670,"5624,5639","v1: %5670:v[160] = v_pk_add_f16 %5624:v[160], %5639:v[161]"
g_fswin64,softmax,3114,1.0,v_pk_add_f16,5669,"5665,5667","v1: %5669:v[163] = v_pk_add_f16 %5665:v[163], %5667:v[159]"
g_fswin64,softmax,3116,1.0,v_pk_add_f16,5671,"5670,5654","v1: %5671:v[160] = v_pk_add_f16 %5670:v[160], %5654:v[162]"
g_fswin64,softmax,3117,1.0,v_pk_add_f16,5672,"5671,5669","v1: %5672:v[160] = v_pk_add_f16 %5671:v[160], %5669:v[163]"
g_fswin64,softmax,3119,1.0,v_permlanex16_b32,13510,"5672,11641,11642","v1: %13510:v[164] = v_permlanex16_b32 %5672:v[160], %11641:s[92], %11642:s[93] bound_ctrl:1 fi"
g_fswin64,softmax,3120,1.0,v_pk_add_f16,5676,"5672,13510","v1: %5676:v[160] = v_pk_add_f16 %5672:v[160], %13510:v[164]"
g_fswin64,softmax,3122,1.0,v_add_f16,5677,"5676,5676","v2b: %5677:v[165][0:16] = v_add_f16 %5676:v[160], hi(%5676:v[160])"
g_fswin64,softmax,3123,1.0,v_max_f16,5679,"340,5677","v2b: (InfPreserve)%5679:v[165][0:16] = v_max_f16 %340:s[79], %5677:v[165][0:16]"
g_fswin64,softmax,3125,1.0,v_cvt_f32_f16,5680,5679,v1: %5680:v[166] = v_cvt_f32_f16 %5679:v[165][0:16]
g_fswin64,softmax,3126,1.0,v_rcp_f32,5681,5680,v1: %5681:v[166] = v_rcp_f32 %5680:v[166]
g_fswin64,softmax,3128,1.0,v_fma_mix_f32,5700,"5656,5681","v1: %5700:v[170] = v_fma_mix_f32 lo(%5656:v[139]), %5681:v[166], neg(0)"
g_fswin64,softmax,3129,1.0,v_fma_mix_f32,5707,"5614,5681","v1: %5707:v[171] = v_fma_mix_f32 lo(%5614:v[140]), %5681:v[166], neg(0)"
g_fswin64,softmax,3130,1.0,v_fma_mix_f32,5709,"5614,5681","v1: %5709:v[140] = v_fma_mix_f32 hi(%5614:v[140]), %5681:v[166], neg(0)"
g_fswin64,softmax,3131,1.0,v_fma_mix_f32,5688,"5626,5681","v1: %5688:v[168] = v_fma_mix_f32 lo(%5626:v[137]), %5681:v[166], neg(0)"
g_fswin64,softmax,3132,1.0,v_fma_mix_f32,5690,"5626,5681","v1: %5690:v[137] = v_fma_mix_f32 hi(%5626:v[137]), %5681:v[166], neg(0)"
g_fswin64,softmax,3133,1.0,v_fma_mix_f32,5713,"5629,5681","v1: %5713:v[172] = v_fma_mix_f32 lo(%5629:v[141]), %5681:v[166], neg(0)"
g_fswin64,softmax,3134,1.0,v_fma_mix_f32,5702,"5656,5681","v1: %5702:v[139] = v_fma_mix_f32 hi(%5656:v[139]), %5681:v[166], neg(0)"
g_fswin64,softmax,3136,1.0,v_fma_mix_f32,5694,"5641,5681","v1: %5694:v[169] = v_fma_mix_f32 lo(%5641:v[138]), %5681:v[166], neg(0)"
g_fswin64,softmax,3137,1.0,v_fma_mix_f32,5696,"5641,5681","v1: %5696:v[138] = v_fma_mix_f32 hi(%5641:v[138]), %5681:v[166], neg(0)"
g_fswin64,softmax,3138,1.0,v_fma_mix_f32,5682,"5611,5681","v1: %5682:v[167] = v_fma_mix_f32 lo(%5611:v[136]), %5681:v[166], neg(0)"
g_fswin64,softmax,3139,1.0,v_fma_mix_f32,5684,"5611,5681","v1: %5684:v[136] = v_fma_mix_f32 hi(%5611:v[136]), %5681:v[166], neg(0)"
g_fswin64,softmax,3140,1.0,v_fma_mix_f32,5715,"5629,5681","v1: %5715:v[141] = v_fma_mix_f32 hi(%5629:v[141]), %5681:v[166], neg(0)"
g_fswin64,softmax,3141,1.0,v_fma_mix_f32,5719,"5644,5681","v1: %5719:v[173] = v_fma_mix_f32 lo(%5644:v[142]), %5681:v[166], neg(0)"
g_fswin64,softmax,3142,1.0,v_fma_mix_f32,5721,"5644,5681","v1: %5721:v[142] = v_fma_mix_f32 hi(%5644:v[142]), %5681:v[166], neg(0)"
g_fswin64,softmax,3143,1.0,v_fma_mix_f32,5725,"5659,5681","v1: %5725:v[174] = v_fma_mix_f32 lo(%5659:v[143]), %5681:v[166], neg(0)"
g_fswin64,softmax,3145,1.0,v_fma_mix_f32,5727,"5659,5681","v1: %5727:v[143] = v_fma_mix_f32 hi(%5659:v[143]), %5681:v[166], neg(0)"
g_fswin64,softmax,3146,1.0,v_cvt_pk_fp8_f32,5711,"5707,5709","v2b: %5711:v[4][0:16] = v_cvt_pk_fp8_f32 %5707:v[171], %5709:v[140]"
g_fswin64,softmax,3147,1.0,v_fma_mix_f32,5732,"5618,5681","v1: %5732:v[175] = v_fma_mix_f32 lo(%5618:v[152]), %5681:v[166], neg(0)"
g_fswin64,softmax,3148,1.0,v_fma_mix_f32,5734,"5618,5681","v1: %5734:v[152] = v_fma_mix_f32 hi(%5618:v[152]), %5681:v[166], neg(0)"
g_fswin64,softmax,3149,1.0,v_fma_mix_f32,5738,"5633,5681","v1: %5738:v[176] = v_fma_mix_f32 lo(%5633:v[153]), %5681:v[166], neg(0)"
g_fswin64,softmax,3150,1.0,v_fma_mix_f32,5740,"5633,5681","v1: %5740:v[153] = v_fma_mix_f32 hi(%5633:v[153]), %5681:v[166], neg(0)"
g_fswin64,softmax,3151,1.0,v_cvt_pk_fp8_f32,5698,"5694,5696","v2b: %5698:v[1][0:16] = v_cvt_pk_fp8_f32 %5694:v[169], %5696:v[138]"
g_fswin64,softmax,3152,1.0,v_cvt_pk_fp8_f32,5704,"5700,5702","v2b: %5704:v[1][16:32] = v_cvt_pk_fp8_f32 %5700:v[170], %5702:v[139] opsel_hi"
g_fswin64,softmax,3154,1.0,v_cvt_pk_fp8_f32,5686,"5682,5684","v2b: %5686:v[0][0:16] = v_cvt_pk_fp8_f32 %5682:v[167], %5684:v[136]"
g_fswin64,softmax,3155,1.0,v_cvt_pk_fp8_f32,5692,"5688,5690","v2b: %5692:v[0][16:32] = v_cvt_pk_fp8_f32 %5688:v[168], %5690:v[137] opsel_hi"
g_fswin64,softmax,3156,1.0,v_cvt_pk_fp8_f32,5717,"5713,5715","v2b: %5717:v[4][16:32] = v_cvt_pk_fp8_f32 %5713:v[172], %5715:v[141] opsel_hi"
g_fswin64,softmax,3157,1.0,v_fma_mix_f32,5744,"5648,5681","v1: %5744:v[177] = v_fma_mix_f32 lo(%5648:v[154]), %5681:v[166], neg(0)"
g_fswin64,softmax,3158,1.0,v_cvt_pk_fp8_f32,5723,"5719,5721","v2b: %5723:v[5][0:16] = v_cvt_pk_fp8_f32 %5719:v[173], %5721:v[142]"
g_fswin64,softmax,3159,1.0,v_fma_mix_f32,5746,"5648,5681","v1: %5746:v[154] = v_fma_mix_f32 hi(%5648:v[154]), %5681:v[166], neg(0)"
g_fswin64,softmax,3160,1.0,v_fma_mix_f32,5750,"5663,5681","v1: %5750:v[178] = v_fma_mix_f32 lo(%5663:v[155]), %5681:v[166], neg(0)"
g_fswin64,softmax,3161,1.0,v_cvt_pk_fp8_f32,5729,"5725,5727","v2b: %5729:v[5][16:32] = v_cvt_pk_fp8_f32 %5725:v[174], %5727:v[143] opsel_hi"
g_fswin64,softmax,3162,1.0,v_fma_mix_f32,5752,"5663,5681","v1: %5752:v[155] = v_fma_mix_f32 hi(%5663:v[155]), %5681:v[166], neg(0)"
g_fswin64,softmax,3163,1.0,v_cvt_pk_fp8_f32,5736,"5732,5734","v2b: %5736:v[28][0:16] = v_cvt_pk_fp8_f32 %5732:v[175], %5734:v[152]"
g_fswin64,softmax,3164,1.0,v_fma_mix_f32,5757,"5622,5681","v1: %5757:v[179] = v_fma_mix_f32 lo(%5622:v[156]), %5681:v[166], neg(0)"
g_fswin64,softmax,3165,1.0,v_fma_mix_f32,5759,"5622,5681","v1: %5759:v[156] = v_fma_mix_f32 hi(%5622:v[156]), %5681:v[166], neg(0)"
g_fswin64,softmax,3168,1.0,v_cvt_pk_fp8_f32,5742,"5738,5740","v2b: %5742:v[28][16:32] = v_cvt_pk_fp8_f32 %5738:v[176], %5740:v[153] opsel_hi"
g_fswin64,softmax,3169,1.0,v_fma_mix_f32,5763,"5637,5681","v1: %5763:v[180] = v_fma_mix_f32 lo(%5637:v[157]), %5681:v[166], neg(0)"
g_fswin64,softmax,3170,1.0,v_fma_mix_f32,5765,"5637,5681","v1: %5765:v[157] = v_fma_mix_f32 hi(%5637:v[157]), %5681:v[166], neg(0)"
g_fswin64,softmax,3171,1.0,v_fma_mix_f32,5769,"5652,5681","v1: %5769:v[181] = v_fma_mix_f32 lo(%5652:v[158]), %5681:v[166], neg(0)"
g_fswin64,softmax,3172,1.0,v_fma_mix_f32,5771,"5652,5681","v1: %5771:v[158] = v_fma_mix_f32 hi(%5652:v[158]), %5681:v[166], neg(0)"
g_fswin64,softmax,3173,1.0,v_fma_mix_f32,5775,"5667,5681","v1: %5775:v[182] = v_fma_mix_f32 lo(%5667:v[159]), %5681:v[166], neg(0)"
g_fswin64,softmax,3174,1.0,v_fma_mix_f32,5777,"5667,5681","v1: %5777:v[159] = v_fma_mix_f32 hi(%5667:v[159]), %5681:v[166], neg(0)"
g_fswin64,softmax,3175,1.0,v_cvt_pk_fp8_f32,5748,"5744,5746","v2b: %5748:v[29][0:16] = v_cvt_pk_fp8_f32 %5744:v[177], %5746:v[154]"
g_fswin64,softmax,3178,1.0,v_cvt_pk_fp8_f32,5754,"5750,5752","v2b: %5754:v[29][16:32] = v_cvt_pk_fp8_f32 %5750:v[178], %5752:v[155] opsel_hi"
g_fswin64,softmax,3181,1.0,v_cvt_pk_fp8_f32,5761,"5757,5759","v2b: %5761:v[26][0:16] = v_cvt_pk_fp8_f32 %5757:v[179], %5759:v[156]"
g_fswin64,softmax,3183,1.0,v_cvt_pk_fp8_f32,5767,"5763,5765","v2b: %5767:v[26][16:32] = v_cvt_pk_fp8_f32 %5763:v[180], %5765:v[157] opsel_hi"
g_fswin64,softmax,3184,1.0,v_cvt_pk_fp8_f32,5773,"5769,5771","v2b: %5773:v[27][0:16] = v_cvt_pk_fp8_f32 %5769:v[181], %5771:v[158]"
g_fswin64,softmax,3185,1.0,v_cvt_pk_fp8_f32,5779,"5775,5777","v2b: %5779:v[27][16:32] = v_cvt_pk_fp8_f32 %5775:v[182], %5777:v[159] opsel_hi"
