arch,module,kernel,same_code,baseline_instructions,candidate_instructions,delta_instructions,baseline_bytes,candidate_bytes,baseline.vgpr_count,candidate.vgpr_count,baseline.sgpr_count,candidate.sgpr_count,baseline.group_segment_fixed_size,candidate.group_segment_fixed_size,baseline.private_segment_fixed_size,candidate.private_segment_fixed_size,baseline.wavefront_size,candidate.wavefront_size,baseline.kernarg_segment_size,candidate.kernarg_segment_size
gfx1201,boundary-fast.hsaco,c32_fast_av,False,387,388,1,2376,2336,46,46,15,15,0,0,0,0,32,32,28,28
gfx1201,boundary-fast.hsaco,c32_fast_normalize,False,496,508,12,2796,2772,31,30,18,18,0,0,0,0,32,32,28,28
gfx1201,boundary-fast.hsaco,c32_fast_probabilities,False,528,541,13,3032,3004,47,47,10,10,0,0,0,0,32,32,20,20
gfx1201,boundary-fast.hsaco,c32_fast_project,False,537,538,1,3340,3324,72,72,13,13,0,0,0,0,32,32,40,40
gfx1201,boundary-fast.hsaco,c32_fast_qkv,False,284,292,8,2092,2056,81,81,12,12,0,0,0,0,32,32,28,28
gfx1201,boundary-fast.hsaco,c32_fast_scores,False,790,783,-7,4800,4712,66,66,13,13,0,0,0,0,32,32,28,28
gfx1201,boundary-fast.hsaco,c32_finish_crop_half,False,267,273,6,1356,1352,13,13,16,16,0,0,0,0,32,32,48,48
gfx1201,boundary-fast.hsaco,c32_finish_fast,False,203,206,3,1080,1064,13,13,12,12,0,0,0,0,32,32,32,32
gfx1201,boundary-fast.hsaco,c32_finish_fast_half,False,212,215,3,1112,1096,13,13,12,12,0,0,0,0,32,32,32,32
gfx1201,boundary-fast.hsaco,c32_finish_fast_half_main8,False,211,215,4,1124,1112,14,14,12,12,0,0,0,0,32,32,32,32
gfx1201,boundary-fast.hsaco,hip_post_head_fast,False,191,193,2,1096,1088,70,70,12,12,0,0,0,0,32,32,56,56
gfx1201,boundary-fast.hsaco,hip_post_head_fast_half,False,252,253,1,1300,1288,53,53,12,12,0,0,0,0,32,32,56,56
gfx1201,boundary-fast.hsaco,hip_post_merge_fast,False,86,87,1,456,448,7,7,12,12,0,0,0,0,32,32,40,40
gfx1201,boundary-fast.hsaco,hip_post_merge_fast_skip8,False,85,86,1,440,436,7,7,14,14,0,0,0,0,32,32,40,40
gfx1201,boundary_reference.hsaco,hip_c32_pack,False,92,94,2,468,468,7,7,14,14,0,0,0,0,32,32,40,40
gfx1201,boundary_reference.hsaco,hip_crop,False,122,124,2,596,596,8,8,13,13,0,0,0,0,32,32,44,44
gfx1201,boundary_reference.hsaco,hip_input_reflect,False,179,184,5,920,928,9,9,14,14,0,0,0,0,32,32,40,40
gfx1201,boundary_reference.hsaco,hip_post_head_exact,False,913,916,3,5056,5052,27,27,17,17,0,0,0,0,32,32,56,56
gfx1201,boundary_reference.hsaco,hip_post_merge,False,86,87,1,456,448,7,7,12,12,0,0,0,0,32,32,40,40
gfx1201,c32-wave1.hsaco,c32_fast_ffn_attention_fused,False,2286,2397,111,16100,16840,169,173,15,27,15360,15360,0,0,32,32,44,44
gfx1201,c32-wave1.hsaco,c32_fast_ffn_attention_fused_half,False,2742,2876,134,18816,19560,169,173,15,27,15360,15360,0,0,32,32,44,44
gfx1201,c32-wave1.hsaco,c32_fast_ffn_attention_fused_half_chain,False,3352,3476,124,21464,22044,151,154,32,30,15360,15360,0,0,32,32,72,72
gfx1201,c32-wave1.hsaco,c32_fast_ffn_attention_fused_half_chain_finish,False,3528,3617,89,22040,22576,153,156,38,38,15360,15360,0,0,32,32,80,80
gfx1201,c32-wave1.hsaco,c32_fast_ffn_attention_fused_half_chain_finish_dcrop,False,3633,3725,92,22524,23084,153,156,39,39,15360,15360,0,0,32,32,80,80
gfx1201,c32-wave1.hsaco,c32_fast_ffn_attention_fused_half_finish_main8,False,2912,3023,111,19576,20252,172,176,29,30,15360,15360,0,0,32,32,60,60
gfx1201,c32-wave1.hsaco,c32_fast_ffn_attention_fused_half_mapped,False,2929,3061,132,19648,20384,169,173,18,27,15360,15360,0,0,32,32,60,60
gfx1201,c32-wave1.hsaco,c32_fast_ffn_attention_fused_half_prefix_finish_main8,False,3202,3392,190,20752,21920,152,159,29,30,15360,15360,0,0,32,32,76,76
gfx1201,c32-wave1.hsaco,c32_post_merge_fused_half,False,2462,2516,54,16904,17380,153,157,14,26,15360,15360,0,0,32,32,68,68
gfx1201,c32-wave1.hsaco,c32_post_merge_head_half,False,2691,2740,49,17800,18240,158,162,86,86,15360,15360,0,0,32,32,88,88
gfx1201,c32-wave1.hsaco,c32_wave1_chain,False,1050,1071,21,7148,7236,134,133,26,26,4096,4096,0,0,32,32,72,72
gfx1201,c32-wave1.hsaco,c32_wave1_finish,False,2527,2489,-38,14984,14788,131,131,30,30,4096,4096,0,0,32,32,80,80
gfx1201,c32-wave1.hsaco,c32_wave1_finish_dcrop,False,2019,1984,-35,12176,12040,131,131,30,30,4096,4096,0,0,32,32,80,80
gfx1201,c32-wave1.hsaco,c32_wave1_mapped,False,1106,1107,1,7536,7560,133,131,25,26,4096,4096,0,0,32,32,60,60
gfx1201,c32-wave1.hsaco,c32_wave1_post,False,1614,1623,9,10304,10344,132,133,37,38,4096,4096,0,0,32,32,88,88
gfx1201,c32-wave1.hsaco,c32_wave1_prefix,False,1968,1952,-16,12252,12168,129,129,32,32,4096,4096,0,0,32,32,76,76
gfx1201,c32-wave1.hsaco,c32_wave1_up,False,1819,1850,31,11716,11796,154,152,26,27,4096,4096,0,0,32,32,68,68
gfx1201,c32_fast.hsaco,c32_ffn_contract_fast,False,2103,2137,34,11552,11656,39,39,25,25,3072,3072,0,0,32,32,40,40
gfx1201,c32_fast.hsaco,c32_ffn_contract_fast_map3,False,2627,2674,47,14484,14628,33,33,20,20,3072,3072,0,0,32,32,40,40
gfx1201,c32_fast.hsaco,c32_ffn_expand_fast,False,759,827,68,4332,4624,20,20,13,14,4096,4096,0,0,32,32,28,28
gfx1201,c32_fast_attention.hsaco,c32_fast_av,False,387,388,1,2376,2336,46,46,15,15,0,0,0,0,32,32,28,28
gfx1201,c32_fast_attention.hsaco,c32_fast_normalize,False,496,508,12,2796,2772,31,30,18,18,0,0,0,0,32,32,28,28
gfx1201,c32_fast_attention.hsaco,c32_fast_probabilities,False,528,541,13,3032,3004,47,47,10,10,0,0,0,0,32,32,20,20
gfx1201,c32_fast_attention.hsaco,c32_fast_project,False,537,538,1,3340,3324,72,72,13,13,0,0,0,0,32,32,40,40
gfx1201,c32_fast_attention.hsaco,c32_fast_qkv,False,284,292,8,2092,2056,81,81,12,12,0,0,0,0,32,32,28,28
gfx1201,c32_fast_attention.hsaco,c32_fast_scores,False,790,783,-7,4800,4712,66,66,13,13,0,0,0,0,32,32,28,28
gfx1201,c32_fused_attention.hsaco,c32_fast_attention_fused,False,5569,5610,41,34976,35092,122,121,17,17,15360,15360,0,0,32,32,32,32
gfx1201,c32_fused_ffn_attention-packed.hsaco,c32_fast_ffn_attention_fused,False,2286,2397,111,16100,16840,169,173,15,27,15360,15360,0,0,32,32,44,44
gfx1201,c32_fused_ffn_attention-packed.hsaco,c32_fast_ffn_attention_fused_half,False,2742,2876,134,18816,19560,169,173,15,27,15360,15360,0,0,32,32,44,44
gfx1201,c32_fused_ffn_attention-packed.hsaco,c32_fast_ffn_attention_fused_half_chain,False,3352,3476,124,21464,22044,151,154,32,30,15360,15360,0,0,32,32,72,72
gfx1201,c32_fused_ffn_attention-packed.hsaco,c32_fast_ffn_attention_fused_half_chain_finish,False,3528,3617,89,22040,22576,153,156,38,38,15360,15360,0,0,32,32,80,80
gfx1201,c32_fused_ffn_attention-packed.hsaco,c32_fast_ffn_attention_fused_half_chain_finish_dcrop,False,3633,3725,92,22524,23084,153,156,39,39,15360,15360,0,0,32,32,80,80
gfx1201,c32_fused_ffn_attention-packed.hsaco,c32_fast_ffn_attention_fused_half_finish_main8,False,2912,3023,111,19576,20252,172,176,29,30,15360,15360,0,0,32,32,60,60
gfx1201,c32_fused_ffn_attention-packed.hsaco,c32_fast_ffn_attention_fused_half_mapped,False,2929,3061,132,19648,20384,169,173,18,27,15360,15360,0,0,32,32,60,60
gfx1201,c32_fused_ffn_attention-packed.hsaco,c32_fast_ffn_attention_fused_half_prefix_finish_main8,False,3202,3392,190,20752,21920,152,159,29,30,15360,15360,0,0,32,32,76,76
gfx1201,c32_fused_ffn_attention-packed.hsaco,c32_post_merge_fused_half,False,2462,2516,54,16904,17380,153,157,14,26,15360,15360,0,0,32,32,68,68
gfx1201,c32_fused_ffn_attention-packed.hsaco,c32_post_merge_head_half,False,2691,2740,49,17800,18240,158,162,86,86,15360,15360,0,0,32,32,88,88
gfx1201,c32_fused_ffn_attention.hsaco,c32_fast_ffn_attention_fused,False,3102,3253,151,22936,23664,161,163,15,29,15360,15360,0,0,32,32,44,44
gfx1201,c32_fused_ffn_attention.hsaco,c32_fast_ffn_attention_fused_half,False,3579,3743,164,25744,26456,161,163,15,29,15360,15360,0,0,32,32,44,44
gfx1201,c32_fused_ffn_attention.hsaco,c32_fast_ffn_attention_fused_half_chain,False,4214,4314,100,28424,28904,160,163,32,34,15360,15360,0,0,32,32,72,72
gfx1201,c32_fused_ffn_attention.hsaco,c32_fast_ffn_attention_fused_half_chain_finish,False,4384,4480,96,29052,29492,162,165,38,38,15360,15360,0,0,32,32,80,80
gfx1201,c32_fused_ffn_attention.hsaco,c32_fast_ffn_attention_fused_half_chain_finish_dcrop,False,4489,4585,96,29536,29996,162,165,39,39,15360,15360,0,0,32,32,80,80
gfx1201,c32_fused_ffn_attention.hsaco,c32_fast_ffn_attention_fused_half_finish_main8,False,3749,3928,179,26536,27260,163,165,29,30,15360,15360,0,0,32,32,60,60
gfx1201,c32_fused_ffn_attention.hsaco,c32_fast_ffn_attention_fused_half_mapped,False,3738,3903,165,26540,27256,162,163,18,30,15360,15360,0,0,32,32,60,60
gfx1201,c32_fused_ffn_attention.hsaco,c32_fast_ffn_attention_fused_half_prefix_finish_main8,False,4078,4223,145,27776,28692,160,190,29,30,15360,15360,0,0,32,32,76,76
gfx1201,c32_fused_ffn_attention.hsaco,c32_post_merge_fused_half,False,3147,3234,87,22740,23240,163,167,14,26,15360,15360,0,0,32,32,68,68
gfx1201,c32_fused_ffn_attention.hsaco,c32_post_merge_head_half,False,3351,3454,103,23508,24120,165,169,86,86,15360,15360,0,0,32,32,88,88
gfx1201,c32_prefix_reference.hsaco,c32_attn_av,False,431,453,22,2668,2644,74,74,11,11,0,0,0,0,32,32,28,28
gfx1201,c32_prefix_reference.hsaco,c32_attn_normalize,False,439,420,-19,2256,2120,31,31,26,26,0,0,0,0,32,32,28,28
gfx1201,c32_prefix_reference.hsaco,c32_attn_probabilities,False,331,334,3,1896,1884,37,37,10,10,0,0,0,0,32,32,20,20
gfx1201,c32_prefix_reference.hsaco,c32_attn_project,False,219,221,2,1276,1268,71,71,12,12,0,0,0,0,32,32,40,40
gfx1201,c32_prefix_reference.hsaco,c32_attn_qkv,False,281,285,4,1512,1508,17,17,12,12,0,0,0,0,32,32,28,28
gfx1201,c32_prefix_reference.hsaco,c32_attn_scores,False,261,263,2,1428,1424,68,68,10,10,0,0,0,0,32,32,28,28
gfx1201,c32_prefix_reference.hsaco,c32_ffn_contract,False,203,204,1,1192,1176,71,71,12,12,0,0,0,0,32,32,40,40
gfx1201,c32_prefix_reference.hsaco,c32_ffn_expand,False,248,259,11,1380,1416,16,16,12,12,0,0,0,0,32,32,28,28
gfx1201,c32_prefix_reference.hsaco,c32_finish,False,255,261,6,1380,1380,16,16,14,14,0,0,0,0,32,32,32,32
gfx1201,c32_prefix_reference.hsaco,dlss5_prefix_reference,False,622,623,1,3272,3256,41,41,18,18,0,0,0,0,32,32,64,64
gfx1201,c32_tiled.hsaco,c32_attn_project_tiled,False,1077,1096,19,5956,5956,22,22,17,17,3072,3072,0,0,32,32,40,40
gfx1201,c32_tiled.hsaco,c32_attn_qkv_tiled,False,799,811,12,4364,4368,20,20,15,15,3072,3072,0,0,32,32,28,28
gfx1201,c32_tiled.hsaco,c32_ffn_contract_tiled,False,1281,1317,36,7220,7332,46,46,25,25,3072,3072,0,0,32,32,40,40
gfx1201,c32_tiled.hsaco,c32_ffn_expand_tiled,False,837,901,64,4648,4944,20,20,13,14,4096,4096,0,0,32,32,28,28
gfx1201,c32_wmma.hsaco,c32_attn_av_wmma,False,1165,1191,26,7336,7256,94,94,14,14,0,0,0,0,32,32,28,28
gfx1201,c32_wmma.hsaco,c32_attn_project_wmma,False,1024,1033,9,6036,6052,71,71,13,13,0,0,0,0,32,32,40,40
gfx1201,c32_wmma.hsaco,c32_attn_qkv_wmma,False,835,848,13,4956,4988,68,68,14,14,0,0,0,0,32,32,28,28
gfx1201,c32_wmma.hsaco,c32_attn_scores_wmma,False,1319,1334,15,7552,7556,69,69,13,13,0,0,0,0,32,32,28,28
gfx1201,c32_wmma.hsaco,c32_ffn_contract_wmma,False,2712,2748,36,16852,16964,51,51,23,23,0,0,0,0,32,32,40,40
gfx1201,c32_wmma.hsaco,c32_ffn_expand_wmma,False,2087,2176,89,12064,12476,33,33,18,18,0,0,0,0,32,32,28,28
gfx1201,c512-m32-deep.hsaco,decoder_project2x,False,587,609,22,3168,3160,40,39,25,25,0,0,0,0,32,32,56,56
gfx1201,c512-m32-deep.hsaco,decoder_project2x_h16w,False,5940,6004,64,32664,32472,64,64,34,34,0,0,0,0,32,32,56,56
gfx1201,c512-m32-deep.hsaco,decoder_project2x_h16w_byteout,False,5978,6038,60,32788,32712,64,64,34,34,0,0,0,0,32,32,56,56
gfx1201,c512-m32-deep.hsaco,reuse_decide,False,396,413,17,2020,2072,14,14,17,17,0,0,0,0,32,32,60,60
gfx1201,c512-m32-deep.hsaco,reuse_finish,False,646,653,7,3864,3664,11,11,27,27,0,0,0,0,32,32,84,84
gfx1201,c512-m32-deep.hsaco,reuse_image_commit,False,161,168,7,968,932,5,5,8,8,0,0,0,0,32,32,28,28
gfx1201,c512-m32-deep.hsaco,reuse_image_stats,False,250,252,2,1360,1364,14,14,22,22,0,0,0,0,32,32,48,48
gfx1201,c512-m32-deep.hsaco,reuse_token_stats,False,218,218,0,1180,1164,14,14,17,17,0,0,0,0,32,32,48,48
gfx1201,c512-m32-deep.hsaco,split_contract,False,198,198,0,1156,1156,33,34,12,13,0,0,0,0,32,32,28,28
gfx1201,c512-m32-deep.hsaco,split_contract_fp8,False,202,211,9,1176,1224,31,32,12,13,0,0,0,0,32,32,28,28
gfx1201,c512-m32-deep.hsaco,split_expand,False,238,287,49,1452,1736,33,34,12,15,0,0,0,0,32,32,28,28
gfx1201,c512-m32-deep.hsaco,split_expand_fp8,False,254,297,43,1556,1824,33,34,12,15,0,0,0,0,32,32,28,28
gfx1201,c512-m32-deep.hsaco,split_ffn_fused,False,1078,1269,191,6560,7704,60,63,15,16,4160,4160,0,0,32,32,28,28
gfx1201,c512-m32-deep.hsaco,split_ffn_fused_fp8,False,855,1063,208,5580,6916,102,118,11,19,4160,4160,0,0,32,32,28,28
gfx1201,c512-m32-deep.hsaco,split_ffn_fused_fp8_mix,False,980,1176,196,6280,7552,103,105,13,38,6464,6464,0,0,32,32,28,28
gfx1201,c512-m32-deep.hsaco,split_ffn_fused_fp8_t8,False,919,1142,223,6140,7460,111,111,14,22,4160,4160,0,0,32,32,36,36
gfx1201,c512-m32-deep.hsaco,split_mix,False,200,189,-11,1160,1092,35,31,11,12,0,0,0,0,32,32,28,28
gfx1201,c512-m32-deep.hsaco,split_mix_blocked,False,514,515,1,3084,3072,80,80,11,11,0,0,0,0,32,32,28,28
gfx1201,c512-m32-deep.hsaco,split_mix_blocked_h16w,False,497,497,0,3032,3004,91,91,11,11,0,0,0,0,32,32,28,28
gfx1201,c512-m32-deep.hsaco,split_mix_blocked_h16w_m32,False,1047,1048,1,6548,6420,96,96,13,13,0,0,0,0,32,32,28,28
gfx1201,c512-m32-deep.hsaco,split_projection,False,245,246,1,1500,1488,32,32,12,12,0,0,0,0,32,32,36,36
gfx1201,c512-m32-deep.hsaco,split_projection_blocked,False,667,668,1,4048,4008,68,68,12,12,0,0,0,0,32,32,36,36
gfx1201,c512-m32-deep.hsaco,split_projection_blocked_t8,False,878,953,75,5528,5776,74,74,16,16,0,0,0,0,32,32,44,44
gfx1201,c512-m32-deep.hsaco,split_projection_frag,False,859,920,61,5348,5608,83,84,17,17,0,0,0,0,32,32,44,44
gfx1201,c512-m32-deep.hsaco,vit_attention_av_fast,False,486,485,-1,3092,2956,48,48,17,17,0,0,0,0,32,32,48,48
gfx1201,c512-m32-deep.hsaco,vit_attention_fused_256,False,1197,1199,2,7588,7552,91,91,16,16,1536,1536,0,0,32,32,32,32
gfx1201,c512-m32-deep.hsaco,vit_attention_fused_256_bytein,False,938,937,-1,5568,5564,75,75,17,17,1536,1536,0,0,32,32,32,32
gfx1201,c512-m32-deep.hsaco,vit_attention_fused_256_bytein_bout,False,958,957,-1,5732,5732,75,75,17,17,1536,1536,0,0,32,32,32,32
gfx1201,c512-m32-deep.hsaco,vit_attention_fused_400,False,1197,1199,2,7588,7552,91,91,16,16,1536,1536,0,0,32,32,32,32
gfx1201,c512-m32-deep.hsaco,vit_attention_fused_400_bytein,False,938,937,-1,5568,5564,75,75,17,17,1536,1536,0,0,32,32,32,32
gfx1201,c512-m32-deep.hsaco,vit_attention_fused_400_bytein_bout,False,958,957,-1,5732,5732,75,75,17,17,1536,1536,0,0,32,32,32,32
gfx1201,c512-m32-deep.hsaco,vit_attention_fused_640,False,1197,1199,2,7588,7552,91,91,16,16,1536,1536,0,0,32,32,32,32
gfx1201,c512-m32-deep.hsaco,vit_attention_fused_640_bytein,False,938,937,-1,5568,5564,75,75,17,17,1536,1536,0,0,32,32,32,32
gfx1201,c512-m32-deep.hsaco,vit_attention_fused_640_bytein_bout,False,958,957,-1,5732,5732,75,75,17,17,1536,1536,0,0,32,32,32,32
gfx1201,c512-m32-deep.hsaco,vit_attention_inverse_fast,False,265,267,2,1584,1556,34,34,10,10,0,0,0,0,32,32,32,32
gfx1201,c512-m32-deep.hsaco,vit_attention_scores_fast,False,771,780,9,4552,4564,66,66,13,14,0,0,0,0,32,32,32,32
gfx1201,c512-m32-deep.hsaco,vit_contract_blocked_fp8,False,1830,1870,40,12132,11712,235,235,26,26,0,0,0,0,32,32,56,56
gfx1201,c512-m32-deep.hsaco,vit_contract_blocked_fp8_bstream,False,1872,1924,52,12488,12100,234,234,26,26,0,0,0,0,32,32,56,56
gfx1201,c512-m32-deep.hsaco,vit_contract_blocked_fp8_frag,False,1077,1091,14,7160,7104,205,205,12,12,0,0,0,0,32,32,56,56
gfx1201,c512-m32-deep.hsaco,vit_contract_blocked_fp8_hstream,False,1862,1915,53,12272,11836,235,235,26,26,0,0,0,0,32,32,56,56
gfx1201,c512-m32-deep.hsaco,vit_contract_blocked_fp8_tiled,False,743,744,1,4632,4596,104,104,21,21,0,0,0,0,32,32,56,56
gfx1201,c512-m32-deep.hsaco,vit_contract_blocked_fp8_tiled_bstream,False,822,834,12,5052,5056,103,103,21,21,0,0,0,0,32,32,56,56
gfx1201,c512-m32-deep.hsaco,vit_contract_blocked_fp8_tiled_hstream,False,789,802,13,4760,4768,103,103,21,21,0,0,0,0,32,32,56,56
gfx1201,c512-m32-deep.hsaco,vit_contract_combine,False,96,89,-7,556,492,14,14,11,11,0,0,0,0,32,32,48,48
gfx1201,c512-m32-deep.hsaco,vit_contract_parts_blocked_fp8,False,312,324,12,2032,1964,53,53,14,14,0,0,0,0,32,32,40,40
gfx1201,c512-m32-deep.hsaco,vit_contract_parts_blocked_fp8_tiled,False,406,421,15,2720,2664,71,70,16,22,0,0,0,0,32,32,40,40
gfx1201,c512-m32-deep.hsaco,vit_contract_parts_fp8,False,157,154,-3,864,836,23,23,14,13,0,0,0,0,32,32,40,40
gfx1201,c512-m32-deep.hsaco,vit_expand,False,356,422,66,2200,2484,32,32,14,16,0,0,0,0,32,32,48,48
gfx1201,c512-m32-deep.hsaco,vit_expand_blocked_fp8,False,810,1019,209,5244,6352,69,69,14,16,0,0,0,0,32,32,48,48
gfx1201,c512-m32-deep.hsaco,vit_expand_blocked_fp8_bytein,False,723,926,203,4592,5688,55,55,14,16,0,0,0,0,32,32,48,48
gfx1201,c512-m32-deep.hsaco,vit_expand_blocked_fp8_frag_bytein,False,1329,1773,444,8804,11312,77,77,23,23,0,0,0,0,32,32,48,48
gfx1201,c512-m32-deep.hsaco,vit_expand_blocked_fp8_frag_bytein_m2,False,1335,1739,404,8696,10996,86,86,22,22,0,0,0,0,32,32,48,48
gfx1201,c512-m32-deep.hsaco,vit_expand_blocked_fp8_frag_bytein_m4,False,2595,3387,792,17012,21500,154,154,27,27,0,0,0,0,32,32,48,48
gfx1201,c512-m32-deep.hsaco,vit_expand_blocked_fp8_frag_tiledin,False,711,923,212,4572,5764,46,46,23,23,0,0,0,0,32,32,48,48
gfx1201,c512-m32-deep.hsaco,vit_expand_blocked_fp8_tiled,False,883,1091,208,5804,6972,95,95,20,20,0,0,0,0,32,32,48,48
gfx1201,c512-m32-deep.hsaco,vit_expand_blocked_fp8_tiled_bytein,False,782,1004,222,5132,6316,73,73,18,18,0,0,0,0,32,32,48,48
gfx1201,c512-m32-deep.hsaco,vit_expand_blocked_fp8_tiled_bytein_m4,False,2668,3457,789,17556,22052,153,153,25,25,0,0,0,0,32,32,48,48
gfx1201,c512-m32-deep.hsaco,vit_expand_fp8,False,351,396,45,2156,2400,32,32,14,16,0,0,0,0,32,32,48,48
gfx1201,c512-m32-deep.hsaco,vit_ffn_fused,False,1493,1737,244,9660,10764,151,151,14,15,16640,16640,0,0,32,32,56,56
gfx1201,c512-m32-deep.hsaco,vit_pack_input,False,57,57,0,340,332,7,7,7,7,0,0,0,0,32,32,32,32
gfx1201,c512-m32-deep.hsaco,vit_pack_input_tiled,False,57,57,0,352,348,10,10,7,7,0,0,0,0,32,32,32,32
gfx1201,c512-m32-deep.hsaco,vit_project,False,1285,1323,38,8192,8048,77,77,20,20,0,0,0,0,32,32,56,56
gfx1201,c512-m32-deep.hsaco,vit_project_bytein_bout,False,586,593,7,4088,4112,98,98,14,14,0,0,0,0,32,32,56,56
gfx1201,c512-m32-deep.hsaco,vit_project_bytein_bout_hskip,False,593,600,7,4128,4148,99,99,14,14,0,0,0,0,32,32,56,56
gfx1201,c512-m32-deep.hsaco,vit_project_fp8,False,1310,1344,34,8336,7972,90,90,20,20,0,0,0,0,32,32,56,56
gfx1201,c512-m32-deep.hsaco,vit_project_frag,False,1850,1882,32,11692,11508,79,79,34,34,0,0,0,0,32,32,56,56
gfx1201,c512-m32-deep.hsaco,vit_qkv_normalize,False,478,478,0,2724,2656,31,31,18,18,0,0,0,0,32,32,40,40
gfx1201,c512-m32-deep.hsaco,vit_qkv_project,False,215,230,15,1204,1236,32,39,14,15,0,0,0,0,32,32,40,40
gfx1201,c512-m32-deep.hsaco,vit_qkv_project_blocked,False,266,276,10,1604,1560,48,48,13,13,0,0,0,0,32,32,40,40
gfx1201,c512-m32-deep.hsaco,vit_qkv_project_normalize_fused,False,848,842,-6,4768,4624,51,51,22,22,2112,2112,0,0,32,32,40,40
gfx1201,c512-m32-deep.hsaco,vit_qkv_project_normalize_fused_f16compact,False,853,847,-6,4868,4704,60,60,22,22,2112,2112,0,0,32,32,40,40
gfx1201,c512-m32-deep.hsaco,vit_qkv_project_normalize_fused_f16compact_fp8,False,777,783,6,4516,4500,60,60,22,22,2112,2112,0,0,32,32,40,40
gfx1201,c512-m32-deep.hsaco,vit_qkv_project_normalize_fused_f16compact_fp8_bytein,False,776,784,8,4488,4496,58,58,22,22,2112,2112,0,0,32,32,40,40
gfx1201,c512-m32-deep.hsaco,vit_qkv_project_normalize_fused_f16compact_fp8_frag,False,766,771,5,4440,4428,59,59,22,22,2112,2112,0,0,32,32,40,40
gfx1201,c512-m32-deep.hsaco,vit_qkv_project_normalize_fused_f16compact_fp8_h16in,False,1164,1172,8,7860,7876,96,95,22,22,2112,2112,0,0,32,32,40,40
gfx1201,c512-m32-deep.hsaco,vit_qkv_project_normalize_fused_f16compact_fp8_h16in_n4,False,1392,1395,3,8424,8420,192,186,22,22,4160,4160,0,0,32,32,40,40
gfx1201,c512-m32-deep.hsaco,vit_qkv_project_normalize_fused_f16weight,False,854,847,-7,4876,4708,60,60,22,22,2112,2112,0,0,32,32,40,40
gfx1201,c512-m32-mh.hsaco,c512_qkv_attention_compact,False,1812,1820,8,11680,11632,141,142,30,25,6144,6144,0,0,32,32,48,48
gfx1201,c512-m32-mh.hsaco,c512_qkv_attention_fused,False,1760,1738,-22,11596,11492,122,119,32,30,6144,6144,0,0,32,32,32,32
gfx1201,c512-m32-mh.hsaco,mh_attention_av_fast,False,444,451,7,2472,2432,52,52,22,22,0,0,0,0,32,32,36,36
gfx1201,c512-m32-mh.hsaco,mh_attention_crop,False,2625,2702,77,13160,13296,33,33,36,46,4608,4608,0,0,32,32,64,64
gfx1201,c512-m32-mh.hsaco,mh_attention_project_fast_matrix,False,2102,2153,51,10684,10740,34,32,28,30,4608,4608,0,0,32,32,44,44
gfx1201,c512-m32-mh.hsaco,mh_attention_project_fast_matrix_fp8,False,2068,2120,52,10448,10508,34,33,28,30,4608,4608,0,0,32,32,44,44
gfx1201,c512-m32-mh.hsaco,mh_attention_project_fast_scalar,False,1412,1449,37,6984,7088,32,32,21,27,4608,4608,0,0,32,32,44,44
gfx1201,c512-m32-mh.hsaco,mh_attention_project_fast_scalar_fp8,False,1378,1414,36,6748,6852,33,33,21,27,4608,4608,0,0,32,32,44,44
gfx1201,c512-m32-mh.hsaco,mh_attention_project_frag_c512,False,1283,1284,1,6812,6776,80,80,28,28,0,0,0,0,32,32,60,60
gfx1201,c512-m32-mh.hsaco,mh_ffn_contract_fast,False,399,399,0,2192,2180,27,27,17,17,4608,4608,0,0,32,32,32,32
gfx1201,c512-m32-mh.hsaco,mh_ffn_contract_fast_fp8,False,383,383,0,2084,2084,28,28,17,17,4608,4608,0,0,32,32,32,32
gfx1201,c512-m32-mh.hsaco,mh_ffn_contract_fast_fp8_out,False,349,347,-2,1900,1896,28,28,17,17,4608,4608,0,0,32,32,32,32
gfx1201,c512-m32-mh.hsaco,mh_ffn_contract_fast_pre,False,296,303,7,1564,1580,27,27,17,17,4608,4608,0,0,32,32,32,32
gfx1201,c512-m32-mh.hsaco,mh_ffn_contract_fast_rne,False,399,399,0,2192,2180,27,27,17,17,4608,4608,0,0,32,32,32,32
gfx1201,c512-m32-mh.hsaco,mh_ffn_contract_fast_rtz,False,399,399,0,2192,2180,27,27,17,17,4608,4608,0,0,32,32,32,32
gfx1201,c512-m32-mh.hsaco,mh_ffn_expand_fast,False,461,463,2,2632,2636,29,29,16,16,4608,4608,0,0,32,32,32,32
gfx1201,c512-m32-mh.hsaco,mh_ffn_expand_fast_fp8,False,425,429,4,2456,2468,29,29,16,16,4608,4608,0,0,32,32,32,32
gfx1201,c512-m32-mh.hsaco,mh_ffn_fused_c128,False,840,842,2,6012,6020,101,101,12,12,8256,8256,0,0,32,32,28,28
gfx1201,c512-m32-mh.hsaco,mh_ffn_fused_c128_frag_project_g128_qkv,False,1475,1510,35,9768,9840,99,99,16,16,10816,10816,0,0,32,32,64,64
gfx1201,c512-m32-mh.hsaco,mh_ffn_fused_c128_frag_project_mapped_g128_qkv,False,1650,1674,24,10660,10764,98,98,25,25,10816,10816,0,0,32,32,64,64
gfx1201,c512-m32-mh.hsaco,mh_ffn_fused_c128_project,False,1026,1028,2,7160,7136,101,101,14,14,8256,8256,0,0,32,32,28,28
gfx1201,c512-m32-mh.hsaco,mh_ffn_fused_c128_project_g128,False,940,944,4,6436,6420,102,102,15,15,8256,8256,0,0,32,32,28,28
gfx1201,c512-m32-mh.hsaco,mh_ffn_fused_c128_project_g128_qkv,False,1424,1429,5,9352,9360,99,99,16,16,10816,10816,0,0,32,32,64,64
gfx1201,c512-m32-mh.hsaco,mh_ffn_fused_c128_project_g128_qkv_bn,False,1248,1241,-7,8704,8956,126,120,16,46,19520,19520,0,0,32,32,64,64
gfx1201,c512-m32-mh.hsaco,mh_ffn_fused_c128_project_g128_qkv_bytein_fb,False,1362,1365,3,9016,9024,96,96,15,15,10816,10816,0,0,32,32,64,64
gfx1201,c512-m32-mh.hsaco,mh_ffn_fused_c128_project_g128_qkv_fb,False,1402,1407,5,9244,9260,99,99,16,16,10816,10816,0,0,32,32,64,64
gfx1201,c512-m32-mh.hsaco,mh_ffn_fused_c128_project_mapped,False,1538,1541,3,9724,9660,102,102,28,28,8256,8256,0,0,32,32,48,48
gfx1201,c512-m32-mh.hsaco,mh_ffn_fused_c128_project_mapped_g128,False,1441,1446,5,8992,8936,102,102,28,28,8256,8256,0,0,32,32,48,48
gfx1201,c512-m32-mh.hsaco,mh_ffn_fused_c128_project_mapped_g128_qkv,False,1573,1585,12,10224,10268,99,99,25,25,10816,10816,0,0,32,32,64,64
gfx1201,c512-m32-mh.hsaco,mh_ffn_fused_c128_project_mapped_g128_qkv_bn,False,1445,1424,-21,9720,9880,126,124,25,52,19520,19520,0,0,32,32,64,64
gfx1201,c512-m32-mh.hsaco,mh_ffn_fused_c128_project_mapped_g128_qkv_bytein_fb,False,1534,1553,19,10320,10372,100,100,21,21,10816,10816,0,0,32,32,64,64
gfx1201,c512-m32-mh.hsaco,mh_ffn_fused_c128_project_mapped_g128_qkv_fb,False,1606,1616,10,10432,10480,99,99,26,26,10816,10816,0,0,32,32,64,64
gfx1201,c512-m32-mh.hsaco,mh_ffn_fused_c128_tiled,False,922,873,-49,6212,5780,75,75,12,12,8256,8256,0,0,32,32,28,28
gfx1201,c512-m32-mh.hsaco,mh_ffn_fused_c128_tiled_project_g128_qkv,False,1617,1649,32,10752,10904,82,82,32,16,10816,10816,0,0,32,32,64,64
gfx1201,c512-m32-mh.hsaco,mh_ffn_fused_c128_tiled_project_mapped_g128_qkv,False,1776,1798,22,11620,11752,83,83,38,24,10816,10816,0,0,32,32,64,64
gfx1201,c512-m32-mh.hsaco,mh_ffn_fused_c256,False,1003,889,-114,6676,5796,73,73,11,11,16448,16448,0,0,32,32,28,28
gfx1201,c512-m32-mh.hsaco,mh_ffn_fused_c256_frag_project_g128_qkv,False,1778,1734,-44,12036,11684,97,97,15,15,21568,21568,0,0,32,32,64,64
gfx1201,c512-m32-mh.hsaco,mh_ffn_fused_c256_frag_project_g128_qkv_bytein_fb,False,1717,1684,-33,11760,11460,97,97,15,15,21568,21568,0,0,32,32,64,64
gfx1201,c512-m32-mh.hsaco,mh_ffn_fused_c256_frag_project_g128_qkv_fb,False,1750,1719,-31,11900,11600,97,97,15,15,21568,21568,0,0,32,32,64,64
gfx1201,c512-m32-mh.hsaco,mh_ffn_fused_c256_frag_project_mapped_g128_qkv,False,1915,1880,-35,12812,12508,97,97,23,23,21568,21568,0,0,32,32,64,64
gfx1201,c512-m32-mh.hsaco,mh_ffn_fused_c256_frag_project_mapped_g128_qkv_bytein_fb,False,1918,1876,-42,13128,12860,99,99,21,21,21568,21568,0,0,32,32,64,64
gfx1201,c512-m32-mh.hsaco,mh_ffn_fused_c256_frag_project_mapped_g128_qkv_fb,False,1952,1912,-40,13044,12740,97,97,24,24,21568,21568,0,0,32,32,64,64
gfx1201,c512-m32-mh.hsaco,mh_ffn_fused_c256_tiled,False,911,864,-47,6088,5728,74,74,11,11,16448,16448,0,0,32,32,28,28
gfx1201,c512-m32-mh.hsaco,mh_ffn_fused_c256_tiled_project,False,1102,1058,-44,7380,7024,74,74,13,11,16448,16448,0,0,32,32,28,28
gfx1201,c512-m32-mh.hsaco,mh_ffn_fused_c256_tiled_project_g128,False,1193,1189,-4,8120,8052,77,77,26,12,16448,16448,0,0,32,32,28,28
gfx1201,c512-m32-mh.hsaco,mh_ffn_fused_c256_tiled_project_g128_qkv,False,1802,1820,18,12020,12260,81,81,30,16,21568,21568,0,0,32,32,64,64
gfx1201,c512-m32-mh.hsaco,mh_ffn_fused_c256_tiled_project_g128_qkv_bytein_fb,False,1743,1758,15,11716,11952,80,80,30,16,21568,21568,0,0,32,32,64,64
gfx1201,c512-m32-mh.hsaco,mh_ffn_fused_c256_tiled_project_g128_qkv_fb,False,1786,1800,14,11928,12156,81,81,30,16,21568,21568,0,0,32,32,64,64
gfx1201,c512-m32-mh.hsaco,mh_ffn_fused_c256_tiled_project_mapped,False,1585,1543,-42,9844,9436,74,74,26,26,16448,16448,0,0,32,32,48,48
gfx1201,c512-m32-mh.hsaco,mh_ffn_fused_c256_tiled_project_mapped_g128,False,1679,1676,-3,10576,10456,77,77,32,26,16448,16448,0,0,32,32,48,48
gfx1201,c512-m32-mh.hsaco,mh_ffn_fused_c256_tiled_project_mapped_g128_qkv,False,1950,1979,29,12792,13072,81,81,37,23,21568,21568,0,0,32,32,64,64
gfx1201,c512-m32-mh.hsaco,mh_ffn_fused_c256_tiled_project_mapped_g128_qkv_bytein_fb,False,1915,1938,23,12920,13204,81,81,30,21,21568,21568,0,0,32,32,64,64
gfx1201,c512-m32-mh.hsaco,mh_ffn_fused_c256_tiled_project_mapped_g128_qkv_fb,False,1988,2018,30,13024,13328,81,81,38,24,21568,21568,0,0,32,32,64,64
gfx1201,c512-m32-mh.hsaco,mh_ffn_fused_c64,False,721,723,2,5084,5092,100,100,15,15,4160,4160,0,0,32,32,28,28
gfx1201,c512-m32-mh.hsaco,mh_ffn_fused_c64_frag_project_g128_qkv,False,1352,1366,14,8772,8788,96,96,16,16,5440,5440,0,0,32,32,64,64
gfx1201,c512-m32-mh.hsaco,mh_ffn_fused_c64_frag_project_mapped_g128_qkv,False,1469,1486,17,9436,9496,97,97,25,25,5440,5440,0,0,32,32,64,64
gfx1201,c512-m32-mh.hsaco,mh_ffn_fused_c64_project,False,904,907,3,6268,6216,100,100,18,18,4160,4160,0,0,32,32,28,28
gfx1201,c512-m32-mh.hsaco,mh_ffn_fused_c64_project_g128,False,884,887,3,6072,6024,100,100,19,19,4160,4160,0,0,32,32,28,28
gfx1201,c512-m32-mh.hsaco,mh_ffn_fused_c64_project_g128_qkv,False,1283,1282,-1,8364,8356,98,98,16,16,5440,5440,0,0,32,32,64,64
gfx1201,c512-m32-mh.hsaco,mh_ffn_fused_c64_project_g128_qkv_bn,False,1153,1141,-12,7784,7696,98,97,16,16,9792,9792,0,0,32,32,64,64
gfx1201,c512-m32-mh.hsaco,mh_ffn_fused_c64_project_g128_qkv_bytein_fb,False,1237,1239,2,8064,8076,96,96,15,15,5440,5440,0,0,32,32,64,64
gfx1201,c512-m32-mh.hsaco,mh_ffn_fused_c64_project_g128_qkv_fb,False,1261,1260,-1,8232,8232,98,98,16,16,5440,5440,0,0,32,32,64,64
gfx1201,c512-m32-mh.hsaco,mh_ffn_fused_c64_project_mapped,False,1380,1387,7,8608,8560,101,101,28,28,4160,4160,0,0,32,32,48,48
gfx1201,c512-m32-mh.hsaco,mh_ffn_fused_c64_project_mapped_g128,False,1354,1362,8,8404,8360,100,100,28,28,4160,4160,0,0,32,32,48,48
gfx1201,c512-m32-mh.hsaco,mh_ffn_fused_c64_project_mapped_g128_qkv,False,1393,1394,1,8964,8972,96,96,25,25,5440,5440,0,0,32,32,64,64
gfx1201,c512-m32-mh.hsaco,mh_ffn_fused_c64_project_mapped_g128_qkv_bn,False,1262,1253,-9,8420,8364,98,97,25,25,9792,9792,0,0,32,32,64,64
gfx1201,c512-m32-mh.hsaco,mh_ffn_fused_c64_project_mapped_g128_qkv_bytein_fb,False,1304,1316,12,8712,8760,97,97,20,20,5440,5440,0,0,32,32,64,64
gfx1201,c512-m32-mh.hsaco,mh_ffn_fused_c64_project_mapped_g128_qkv_fb,False,1373,1374,1,8856,8872,96,96,25,25,5440,5440,0,0,32,32,64,64
gfx1201,c512-m32-mh.hsaco,mh_ffn_fused_c64_tiled,False,939,850,-89,6252,5696,75,75,12,12,4160,4160,0,0,32,32,28,28
gfx1201,c512-m32-mh.hsaco,mh_ffn_fused_c64_tiled_project_g128_qkv,False,1565,1585,20,10280,10404,81,81,32,16,5440,5440,0,0,32,32,64,64
gfx1201,c512-m32-mh.hsaco,mh_ffn_fused_c64_tiled_project_mapped_g128_qkv,False,1660,1684,24,10780,10920,82,82,38,24,5440,5440,0,0,32,32,64,64
gfx1201,c512-m32-mh.hsaco,mh_ffn_project_fast,False,585,609,24,3212,3292,32,32,18,26,4608,4608,0,0,32,32,40,40
gfx1201,c512-m32-mh.hsaco,mh_ffn_project_fast_fp8,False,552,575,23,2980,3060,33,33,18,26,4608,4608,0,0,32,32,40,40
gfx1201,c512-m32-mh.hsaco,mh_pool_project_fused_c128,False,3445,3690,245,17628,18372,152,152,22,23,0,0,144,144,32,32,44,44
gfx1201,c512-m32-mh.hsaco,mh_pool_project_fused_c256,False,3884,4121,237,20332,21072,192,192,22,23,0,0,272,272,32,32,44,44
gfx1201,c512-m32-mh.hsaco,mh_pool_project_fused_c64,False,6334,5028,-1306,32732,25008,128,121,80,23,0,0,0,0,32,32,44,44
gfx1201,c512-m32-mh.hsaco,mh_pool_project_group_c128,False,2289,2439,150,11568,12056,98,98,29,29,4352,4352,0,0,32,32,44,44
gfx1201,c512-m32-mh.hsaco,mh_pool_project_group_c256,False,2283,2439,156,11540,12032,98,98,29,29,8448,8448,0,0,32,32,44,44
gfx1201,c512-m32-mh.hsaco,mh_pool_project_group_c64,False,2331,2484,153,11768,12288,100,102,29,29,2304,2304,0,0,32,32,44,44
gfx1201,c512-m32-mh.hsaco,mh_pool_project_production,False,1314,1345,31,6656,6632,48,47,21,26,0,0,0,0,32,32,44,44
gfx1201,c512-m32-mh.hsaco,mh_pool_project_production_h16w,False,1387,1391,4,7040,6872,62,62,20,20,0,0,0,0,32,32,44,44
gfx1201,c512-m32-mh.hsaco,mh_probabilities_fast,False,572,579,7,3284,3264,50,50,12,12,0,0,0,0,32,32,24,24
gfx1201,c512-m32-mh.hsaco,mh_qkv_fast,False,340,348,8,1796,1824,26,26,16,16,4608,4608,0,0,32,32,32,32
gfx1201,c512-m32-mh.hsaco,mh_qkv_normalize_fast,False,1115,1115,0,6532,6144,110,110,11,11,0,0,0,0,32,32,32,32
gfx1201,c512-m32-mh.hsaco,mh_qkv_normalize_fast_wave,False,395,403,8,2080,2084,9,9,11,11,0,0,0,0,32,32,32,32
gfx1201,c512-m32-mh.hsaco,mh_qkv_normalize_fast_wave_fp8,False,396,402,6,2072,2080,7,7,11,11,0,0,0,0,32,32,32,32
gfx1201,c512-m32-mh.hsaco,mh_qkv_normalize_frag_c512,False,1249,1283,34,7672,7736,90,90,18,18,4420,4420,0,0,32,32,28,28
gfx1201,c512-m32-mh.hsaco,mh_qkv_normalize_frag_c512_m32,False,866,1338,472,5472,8292,155,131,18,19,5456,5456,0,0,32,32,28,28
gfx1201,c512-m32-mh.hsaco,mh_qkv_normalize_fused,False,2335,2370,35,13492,13688,45,45,18,18,21760,21760,0,0,32,32,32,32
gfx1201,c512-m32-mh.hsaco,mh_qkv_normalize_wave_c512,False,1146,1149,3,6876,6872,72,72,14,14,17680,17680,0,0,32,32,28,28
gfx1201,c512-m32-mh.hsaco,mh_scores_exp_fast,False,1108,1127,19,6156,6044,67,67,16,16,0,0,0,0,32,32,36,36
gfx1201,c64-wave2.hsaco,c128_wave2,False,4703,5247,544,29388,32700,159,170,28,26,16384,16384,0,0,32,32,60,60
gfx1201,c64-wave2.hsaco,c128_wave2_bi,False,4552,5106,554,28148,31456,159,173,25,23,16384,16384,0,0,32,32,60,60
gfx1201,c64-wave2.hsaco,c128_wave2_bi_bo,False,3853,4456,603,24940,28332,159,173,25,23,16384,16384,0,0,32,32,60,60
gfx1201,c64-wave2.hsaco,c128_wave2_bo,False,4004,4600,596,26180,29592,159,170,28,26,16384,16384,0,0,32,32,60,60
gfx1201,c64-wave2.hsaco,c128_wave2_up,False,4560,5192,632,28920,32520,162,172,26,26,16384,16384,0,0,32,32,80,80
gfx1201,c64-wave2.hsaco,c256_attn_wave,False,1647,2050,403,10156,12168,150,174,26,26,32768,32768,0,0,32,32,88,88
gfx1201,c64-wave2.hsaco,c256_attn_wave_bo,False,1372,1401,29,8924,9052,139,167,26,26,32768,32768,0,0,32,32,88,88
gfx1201,c64-wave2.hsaco,c256_wave2,False,5125,5195,70,33320,33848,159,161,34,31,32768,32768,0,0,32,32,60,60
gfx1201,c64-wave2.hsaco,c256_wave2_bi,False,4959,5025,66,32044,32552,154,152,33,30,32768,32768,0,0,32,32,60,60
gfx1201,c64-wave2.hsaco,c256_wave2_bi_bo,False,4267,4386,119,28864,29476,154,152,33,30,32768,32768,0,0,32,32,60,60
gfx1201,c64-wave2.hsaco,c256_wave2_bo,False,4433,4556,123,30140,30772,159,161,34,31,32768,32768,0,0,32,32,60,60
gfx1201,c64-wave2.hsaco,c64_wave2,False,4004,4324,320,24504,26520,156,156,31,25,8192,8192,0,0,32,32,60,60
gfx1201,c64-wave2.hsaco,c64_wave2_bi,False,3837,4161,324,23232,25236,140,148,30,24,8192,8192,0,0,32,32,60,60
gfx1201,c64-wave2.hsaco,c64_wave2_bi_bo,False,3139,3512,373,20012,22128,140,145,30,24,8192,8192,0,0,32,32,60,60
gfx1201,c64-wave2.hsaco,c64_wave2_bo,False,3305,3676,371,21288,23404,156,156,31,25,8192,8192,0,0,32,32,60,60
gfx1201,c64-wave2.hsaco,c64_wave2_up,False,4061,4477,416,25140,27520,137,143,27,27,8192,8192,0,0,32,32,80,80
gfx1201,c64-wave2.hsaco,mh_attention_av_fast,False,444,451,7,2472,2432,52,52,22,22,0,0,0,0,32,32,36,36
gfx1201,c64-wave2.hsaco,mh_attention_crop,False,2625,2702,77,13160,13296,33,33,36,46,4608,4608,0,0,32,32,64,64
gfx1201,c64-wave2.hsaco,mh_attention_project_fast_matrix,False,2102,2153,51,10684,10740,34,32,28,30,4608,4608,0,0,32,32,44,44
gfx1201,c64-wave2.hsaco,mh_attention_project_fast_matrix_fp8,False,2068,2120,52,10448,10508,34,33,28,30,4608,4608,0,0,32,32,44,44
gfx1201,c64-wave2.hsaco,mh_attention_project_fast_scalar,False,1412,1449,37,6984,7088,32,32,21,27,4608,4608,0,0,32,32,44,44
gfx1201,c64-wave2.hsaco,mh_attention_project_fast_scalar_fp8,False,1378,1414,36,6748,6852,33,33,21,27,4608,4608,0,0,32,32,44,44
gfx1201,c64-wave2.hsaco,mh_attention_project_frag_c512,False,1283,1284,1,6812,6776,80,80,28,28,0,0,0,0,32,32,60,60
gfx1201,c64-wave2.hsaco,mh_ffn_contract_fast,False,399,399,0,2192,2180,27,27,17,17,4608,4608,0,0,32,32,32,32
gfx1201,c64-wave2.hsaco,mh_ffn_contract_fast_fp8,False,383,383,0,2084,2084,28,28,17,17,4608,4608,0,0,32,32,32,32
gfx1201,c64-wave2.hsaco,mh_ffn_contract_fast_fp8_out,False,349,347,-2,1900,1896,28,28,17,17,4608,4608,0,0,32,32,32,32
gfx1201,c64-wave2.hsaco,mh_ffn_contract_fast_pre,False,296,303,7,1564,1580,27,27,17,17,4608,4608,0,0,32,32,32,32
gfx1201,c64-wave2.hsaco,mh_ffn_contract_fast_rne,False,399,399,0,2192,2180,27,27,17,17,4608,4608,0,0,32,32,32,32
gfx1201,c64-wave2.hsaco,mh_ffn_contract_fast_rtz,False,399,399,0,2192,2180,27,27,17,17,4608,4608,0,0,32,32,32,32
gfx1201,c64-wave2.hsaco,mh_ffn_expand_fast,False,461,463,2,2632,2636,29,29,16,16,4608,4608,0,0,32,32,32,32
gfx1201,c64-wave2.hsaco,mh_ffn_expand_fast_fp8,False,425,429,4,2456,2468,29,29,16,16,4608,4608,0,0,32,32,32,32
gfx1201,c64-wave2.hsaco,mh_ffn_fused_c128,False,840,842,2,6012,6020,101,101,12,12,8256,8256,0,0,32,32,28,28
gfx1201,c64-wave2.hsaco,mh_ffn_fused_c128_frag_project_g128_qkv,False,1475,1510,35,9768,9840,99,99,16,16,10816,10816,0,0,32,32,64,64
gfx1201,c64-wave2.hsaco,mh_ffn_fused_c128_frag_project_mapped_g128_qkv,False,1650,1674,24,10660,10764,98,98,25,25,10816,10816,0,0,32,32,64,64
gfx1201,c64-wave2.hsaco,mh_ffn_fused_c128_project,False,1026,1028,2,7160,7136,101,101,14,14,8256,8256,0,0,32,32,28,28
gfx1201,c64-wave2.hsaco,mh_ffn_fused_c128_project_g128,False,940,944,4,6436,6420,102,102,15,15,8256,8256,0,0,32,32,28,28
gfx1201,c64-wave2.hsaco,mh_ffn_fused_c128_project_g128_qkv,False,1424,1429,5,9352,9360,99,99,16,16,10816,10816,0,0,32,32,64,64
gfx1201,c64-wave2.hsaco,mh_ffn_fused_c128_project_g128_qkv_bn,False,1248,1241,-7,8704,8956,126,120,16,46,19520,19520,0,0,32,32,64,64
gfx1201,c64-wave2.hsaco,mh_ffn_fused_c128_project_g128_qkv_bytein_fb,False,1362,1365,3,9016,9024,96,96,15,15,10816,10816,0,0,32,32,64,64
gfx1201,c64-wave2.hsaco,mh_ffn_fused_c128_project_g128_qkv_fb,False,1402,1407,5,9244,9260,99,99,16,16,10816,10816,0,0,32,32,64,64
gfx1201,c64-wave2.hsaco,mh_ffn_fused_c128_project_mapped,False,1538,1541,3,9724,9660,102,102,28,28,8256,8256,0,0,32,32,48,48
gfx1201,c64-wave2.hsaco,mh_ffn_fused_c128_project_mapped_g128,False,1441,1446,5,8992,8936,102,102,28,28,8256,8256,0,0,32,32,48,48
gfx1201,c64-wave2.hsaco,mh_ffn_fused_c128_project_mapped_g128_qkv,False,1573,1585,12,10224,10268,99,99,25,25,10816,10816,0,0,32,32,64,64
gfx1201,c64-wave2.hsaco,mh_ffn_fused_c128_project_mapped_g128_qkv_bn,False,1445,1424,-21,9720,9880,126,124,25,52,19520,19520,0,0,32,32,64,64
gfx1201,c64-wave2.hsaco,mh_ffn_fused_c128_project_mapped_g128_qkv_bytein_fb,False,1534,1553,19,10320,10372,100,100,21,21,10816,10816,0,0,32,32,64,64
gfx1201,c64-wave2.hsaco,mh_ffn_fused_c128_project_mapped_g128_qkv_fb,False,1606,1616,10,10432,10480,99,99,26,26,10816,10816,0,0,32,32,64,64
gfx1201,c64-wave2.hsaco,mh_ffn_fused_c128_tiled,False,922,873,-49,6212,5780,75,75,12,12,8256,8256,0,0,32,32,28,28
gfx1201,c64-wave2.hsaco,mh_ffn_fused_c128_tiled_project_g128_qkv,False,1617,1649,32,10752,10904,82,82,32,16,10816,10816,0,0,32,32,64,64
gfx1201,c64-wave2.hsaco,mh_ffn_fused_c128_tiled_project_mapped_g128_qkv,False,1776,1798,22,11620,11752,83,83,38,24,10816,10816,0,0,32,32,64,64
gfx1201,c64-wave2.hsaco,mh_ffn_fused_c256,False,1003,889,-114,6676,5796,73,73,11,11,16448,16448,0,0,32,32,28,28
gfx1201,c64-wave2.hsaco,mh_ffn_fused_c256_frag_project_g128_qkv,False,1778,1734,-44,12036,11684,97,97,15,15,21568,21568,0,0,32,32,64,64
gfx1201,c64-wave2.hsaco,mh_ffn_fused_c256_frag_project_g128_qkv_bytein_fb,False,1717,1684,-33,11760,11460,97,97,15,15,21568,21568,0,0,32,32,64,64
gfx1201,c64-wave2.hsaco,mh_ffn_fused_c256_frag_project_g128_qkv_fb,False,1750,1719,-31,11900,11600,97,97,15,15,21568,21568,0,0,32,32,64,64
gfx1201,c64-wave2.hsaco,mh_ffn_fused_c256_frag_project_mapped_g128_qkv,False,1915,1880,-35,12812,12508,97,97,23,23,21568,21568,0,0,32,32,64,64
gfx1201,c64-wave2.hsaco,mh_ffn_fused_c256_frag_project_mapped_g128_qkv_bytein_fb,False,1918,1876,-42,13128,12860,99,99,21,21,21568,21568,0,0,32,32,64,64
gfx1201,c64-wave2.hsaco,mh_ffn_fused_c256_frag_project_mapped_g128_qkv_fb,False,1952,1912,-40,13044,12740,97,97,24,24,21568,21568,0,0,32,32,64,64
gfx1201,c64-wave2.hsaco,mh_ffn_fused_c256_tiled,False,911,864,-47,6088,5728,74,74,11,11,16448,16448,0,0,32,32,28,28
gfx1201,c64-wave2.hsaco,mh_ffn_fused_c256_tiled_project,False,1102,1058,-44,7380,7024,74,74,13,11,16448,16448,0,0,32,32,28,28
gfx1201,c64-wave2.hsaco,mh_ffn_fused_c256_tiled_project_g128,False,1193,1189,-4,8120,8052,77,77,26,12,16448,16448,0,0,32,32,28,28
gfx1201,c64-wave2.hsaco,mh_ffn_fused_c256_tiled_project_g128_qkv,False,1802,1820,18,12020,12260,81,81,30,16,21568,21568,0,0,32,32,64,64
gfx1201,c64-wave2.hsaco,mh_ffn_fused_c256_tiled_project_g128_qkv_bytein_fb,False,1743,1758,15,11716,11952,80,80,30,16,21568,21568,0,0,32,32,64,64
gfx1201,c64-wave2.hsaco,mh_ffn_fused_c256_tiled_project_g128_qkv_fb,False,1786,1800,14,11928,12156,81,81,30,16,21568,21568,0,0,32,32,64,64
gfx1201,c64-wave2.hsaco,mh_ffn_fused_c256_tiled_project_mapped,False,1585,1543,-42,9844,9436,74,74,26,26,16448,16448,0,0,32,32,48,48
gfx1201,c64-wave2.hsaco,mh_ffn_fused_c256_tiled_project_mapped_g128,False,1679,1676,-3,10576,10456,77,77,32,26,16448,16448,0,0,32,32,48,48
gfx1201,c64-wave2.hsaco,mh_ffn_fused_c256_tiled_project_mapped_g128_qkv,False,1950,1979,29,12792,13072,81,81,37,23,21568,21568,0,0,32,32,64,64
gfx1201,c64-wave2.hsaco,mh_ffn_fused_c256_tiled_project_mapped_g128_qkv_bytein_fb,False,1915,1938,23,12920,13204,81,81,30,21,21568,21568,0,0,32,32,64,64
gfx1201,c64-wave2.hsaco,mh_ffn_fused_c256_tiled_project_mapped_g128_qkv_fb,False,1988,2018,30,13024,13328,81,81,38,24,21568,21568,0,0,32,32,64,64
gfx1201,c64-wave2.hsaco,mh_ffn_fused_c64,False,721,723,2,5084,5092,100,100,15,15,4160,4160,0,0,32,32,28,28
gfx1201,c64-wave2.hsaco,mh_ffn_fused_c64_frag_project_g128_qkv,False,1352,1366,14,8772,8788,96,96,16,16,5440,5440,0,0,32,32,64,64
gfx1201,c64-wave2.hsaco,mh_ffn_fused_c64_frag_project_mapped_g128_qkv,False,1469,1486,17,9436,9496,97,97,25,25,5440,5440,0,0,32,32,64,64
gfx1201,c64-wave2.hsaco,mh_ffn_fused_c64_project,False,904,907,3,6268,6216,100,100,18,18,4160,4160,0,0,32,32,28,28
gfx1201,c64-wave2.hsaco,mh_ffn_fused_c64_project_g128,False,884,887,3,6072,6024,100,100,19,19,4160,4160,0,0,32,32,28,28
gfx1201,c64-wave2.hsaco,mh_ffn_fused_c64_project_g128_qkv,False,1283,1282,-1,8364,8356,98,98,16,16,5440,5440,0,0,32,32,64,64
gfx1201,c64-wave2.hsaco,mh_ffn_fused_c64_project_g128_qkv_bn,False,1153,1141,-12,7784,7696,98,97,16,16,9792,9792,0,0,32,32,64,64
gfx1201,c64-wave2.hsaco,mh_ffn_fused_c64_project_g128_qkv_bytein_fb,False,1237,1239,2,8064,8076,96,96,15,15,5440,5440,0,0,32,32,64,64
gfx1201,c64-wave2.hsaco,mh_ffn_fused_c64_project_g128_qkv_fb,False,1261,1260,-1,8232,8232,98,98,16,16,5440,5440,0,0,32,32,64,64
gfx1201,c64-wave2.hsaco,mh_ffn_fused_c64_project_mapped,False,1380,1387,7,8608,8560,101,101,28,28,4160,4160,0,0,32,32,48,48
gfx1201,c64-wave2.hsaco,mh_ffn_fused_c64_project_mapped_g128,False,1354,1362,8,8404,8360,100,100,28,28,4160,4160,0,0,32,32,48,48
gfx1201,c64-wave2.hsaco,mh_ffn_fused_c64_project_mapped_g128_qkv,False,1393,1394,1,8964,8972,96,96,25,25,5440,5440,0,0,32,32,64,64
gfx1201,c64-wave2.hsaco,mh_ffn_fused_c64_project_mapped_g128_qkv_bn,False,1262,1253,-9,8420,8364,98,97,25,25,9792,9792,0,0,32,32,64,64
gfx1201,c64-wave2.hsaco,mh_ffn_fused_c64_project_mapped_g128_qkv_bytein_fb,False,1304,1316,12,8712,8760,97,97,20,20,5440,5440,0,0,32,32,64,64
gfx1201,c64-wave2.hsaco,mh_ffn_fused_c64_project_mapped_g128_qkv_fb,False,1373,1374,1,8856,8872,96,96,25,25,5440,5440,0,0,32,32,64,64
gfx1201,c64-wave2.hsaco,mh_ffn_fused_c64_tiled,False,939,850,-89,6252,5696,75,75,12,12,4160,4160,0,0,32,32,28,28
gfx1201,c64-wave2.hsaco,mh_ffn_fused_c64_tiled_project_g128_qkv,False,1565,1585,20,10280,10404,81,81,32,16,5440,5440,0,0,32,32,64,64
gfx1201,c64-wave2.hsaco,mh_ffn_fused_c64_tiled_project_mapped_g128_qkv,False,1660,1684,24,10780,10920,82,82,38,24,5440,5440,0,0,32,32,64,64
gfx1201,c64-wave2.hsaco,mh_ffn_project_fast,False,585,609,24,3212,3292,32,32,18,26,4608,4608,0,0,32,32,40,40
gfx1201,c64-wave2.hsaco,mh_ffn_project_fast_fp8,False,552,575,23,2980,3060,33,33,18,26,4608,4608,0,0,32,32,40,40
gfx1201,c64-wave2.hsaco,mh_pool_project_fused_c128,False,3445,3690,245,17628,18372,152,152,22,23,0,0,144,144,32,32,44,44
gfx1201,c64-wave2.hsaco,mh_pool_project_fused_c256,False,3884,4121,237,20332,21072,192,192,22,23,0,0,272,272,32,32,44,44
gfx1201,c64-wave2.hsaco,mh_pool_project_fused_c64,False,6334,5028,-1306,32732,25008,128,121,80,23,0,0,0,0,32,32,44,44
gfx1201,c64-wave2.hsaco,mh_pool_project_group_c128,False,2289,2439,150,11568,12056,98,98,29,29,4352,4352,0,0,32,32,44,44
gfx1201,c64-wave2.hsaco,mh_pool_project_group_c256,False,2283,2439,156,11540,12032,98,98,29,29,8448,8448,0,0,32,32,44,44
gfx1201,c64-wave2.hsaco,mh_pool_project_group_c64,False,2331,2484,153,11768,12288,100,102,29,29,2304,2304,0,0,32,32,44,44
gfx1201,c64-wave2.hsaco,mh_pool_project_production,False,1314,1345,31,6656,6632,48,47,21,26,0,0,0,0,32,32,44,44
gfx1201,c64-wave2.hsaco,mh_pool_project_production_h16w,False,1387,1391,4,7040,6872,62,62,20,20,0,0,0,0,32,32,44,44
gfx1201,c64-wave2.hsaco,mh_probabilities_fast,False,572,579,7,3284,3264,50,50,12,12,0,0,0,0,32,32,24,24
gfx1201,c64-wave2.hsaco,mh_qkv_fast,False,340,348,8,1796,1824,26,26,16,16,4608,4608,0,0,32,32,32,32
gfx1201,c64-wave2.hsaco,mh_qkv_normalize_fast,False,1115,1115,0,6532,6144,110,110,11,11,0,0,0,0,32,32,32,32
gfx1201,c64-wave2.hsaco,mh_qkv_normalize_fast_wave,False,395,403,8,2080,2084,9,9,11,11,0,0,0,0,32,32,32,32
gfx1201,c64-wave2.hsaco,mh_qkv_normalize_fast_wave_fp8,False,396,402,6,2072,2080,7,7,11,11,0,0,0,0,32,32,32,32
gfx1201,c64-wave2.hsaco,mh_qkv_normalize_frag_c512,False,1249,1283,34,7672,7736,90,90,18,18,4420,4420,0,0,32,32,28,28
gfx1201,c64-wave2.hsaco,mh_qkv_normalize_fused,False,2335,2370,35,13492,13688,45,45,18,18,21760,21760,0,0,32,32,32,32
gfx1201,c64-wave2.hsaco,mh_qkv_normalize_wave_c512,False,1146,1149,3,6876,6872,72,72,14,14,17680,17680,0,0,32,32,28,28
gfx1201,c64-wave2.hsaco,mh_scores_exp_fast,False,1108,1127,19,6156,6044,67,67,16,16,0,0,0,0,32,32,36,36
gfx1201,deep_fast-packed.hsaco,decoder_project2x,False,587,609,22,3168,3160,40,39,25,25,0,0,0,0,32,32,56,56
gfx1201,deep_fast-packed.hsaco,decoder_project2x_h16w,False,5940,6004,64,32664,32472,64,64,34,34,0,0,0,0,32,32,56,56
gfx1201,deep_fast-packed.hsaco,decoder_project2x_h16w_byteout,False,5978,6038,60,32788,32712,64,64,34,34,0,0,0,0,32,32,56,56
gfx1201,deep_fast-packed.hsaco,reuse_decide,False,396,413,17,2020,2072,14,14,17,17,0,0,0,0,32,32,60,60
gfx1201,deep_fast-packed.hsaco,reuse_finish,False,646,653,7,3864,3664,11,11,27,27,0,0,0,0,32,32,84,84
gfx1201,deep_fast-packed.hsaco,reuse_image_commit,False,161,168,7,968,932,5,5,8,8,0,0,0,0,32,32,28,28
gfx1201,deep_fast-packed.hsaco,reuse_image_stats,False,250,252,2,1360,1364,14,14,22,22,0,0,0,0,32,32,48,48
gfx1201,deep_fast-packed.hsaco,reuse_token_stats,False,218,218,0,1180,1164,14,14,17,17,0,0,0,0,32,32,48,48
gfx1201,deep_fast-packed.hsaco,split_contract,False,198,198,0,1156,1156,33,34,12,13,0,0,0,0,32,32,28,28
gfx1201,deep_fast-packed.hsaco,split_contract_fp8,False,202,211,9,1176,1224,31,32,12,13,0,0,0,0,32,32,28,28
gfx1201,deep_fast-packed.hsaco,split_expand,False,238,287,49,1452,1736,33,34,12,15,0,0,0,0,32,32,28,28
gfx1201,deep_fast-packed.hsaco,split_expand_fp8,False,254,297,43,1556,1824,33,34,12,15,0,0,0,0,32,32,28,28
gfx1201,deep_fast-packed.hsaco,split_ffn_fused,False,1078,1269,191,6560,7704,60,63,15,16,4160,4160,0,0,32,32,28,28
gfx1201,deep_fast-packed.hsaco,split_ffn_fused_fp8,False,855,1063,208,5580,6916,102,118,11,19,4160,4160,0,0,32,32,28,28
gfx1201,deep_fast-packed.hsaco,split_ffn_fused_fp8_mix,False,980,1176,196,6280,7552,103,105,13,38,6464,6464,0,0,32,32,28,28
gfx1201,deep_fast-packed.hsaco,split_ffn_fused_fp8_t8,False,919,1142,223,6140,7460,111,111,14,22,4160,4160,0,0,32,32,36,36
gfx1201,deep_fast-packed.hsaco,split_mix,False,200,189,-11,1160,1092,35,31,11,12,0,0,0,0,32,32,28,28
gfx1201,deep_fast-packed.hsaco,split_mix_blocked,False,514,515,1,3084,3072,80,80,11,11,0,0,0,0,32,32,28,28
gfx1201,deep_fast-packed.hsaco,split_mix_blocked_h16w,False,497,497,0,3032,3004,91,91,11,11,0,0,0,0,32,32,28,28
gfx1201,deep_fast-packed.hsaco,split_projection,False,245,246,1,1500,1488,32,32,12,12,0,0,0,0,32,32,36,36
gfx1201,deep_fast-packed.hsaco,split_projection_blocked,False,667,668,1,4048,4008,68,68,12,12,0,0,0,0,32,32,36,36
gfx1201,deep_fast-packed.hsaco,split_projection_blocked_t8,False,878,953,75,5528,5776,74,74,16,16,0,0,0,0,32,32,44,44
gfx1201,deep_fast-packed.hsaco,split_projection_frag,False,859,920,61,5348,5608,83,84,17,17,0,0,0,0,32,32,44,44
gfx1201,deep_fast-packed.hsaco,vit_attention_av_fast,False,486,485,-1,3092,2956,48,48,17,17,0,0,0,0,32,32,48,48
gfx1201,deep_fast-packed.hsaco,vit_attention_fused_256,False,1197,1199,2,7588,7552,91,91,16,16,1536,1536,0,0,32,32,32,32
gfx1201,deep_fast-packed.hsaco,vit_attention_fused_256_bytein,False,938,937,-1,5568,5564,75,75,17,17,1536,1536,0,0,32,32,32,32
gfx1201,deep_fast-packed.hsaco,vit_attention_fused_256_bytein_bout,False,958,957,-1,5732,5732,75,75,17,17,1536,1536,0,0,32,32,32,32
gfx1201,deep_fast-packed.hsaco,vit_attention_fused_400,False,1197,1199,2,7588,7552,91,91,16,16,1536,1536,0,0,32,32,32,32
gfx1201,deep_fast-packed.hsaco,vit_attention_fused_400_bytein,False,938,937,-1,5568,5564,75,75,17,17,1536,1536,0,0,32,32,32,32
gfx1201,deep_fast-packed.hsaco,vit_attention_fused_400_bytein_bout,False,942,944,2,5600,5600,72,72,16,16,0,0,0,0,32,32,32,32
gfx1201,deep_fast-packed.hsaco,vit_attention_fused_640,False,1197,1199,2,7588,7552,91,91,16,16,1536,1536,0,0,32,32,32,32
gfx1201,deep_fast-packed.hsaco,vit_attention_fused_640_bytein,False,938,937,-1,5568,5564,75,75,17,17,1536,1536,0,0,32,32,32,32
gfx1201,deep_fast-packed.hsaco,vit_attention_fused_640_bytein_bout,False,942,944,2,5600,5600,72,72,16,16,0,0,0,0,32,32,32,32
gfx1201,deep_fast-packed.hsaco,vit_attention_inverse_fast,False,265,267,2,1584,1556,34,34,10,10,0,0,0,0,32,32,32,32
gfx1201,deep_fast-packed.hsaco,vit_attention_scores_fast,False,771,780,9,4552,4564,66,66,13,14,0,0,0,0,32,32,32,32
gfx1201,deep_fast-packed.hsaco,vit_contract_blocked_fp8,False,1830,1870,40,12132,11712,235,235,26,26,0,0,0,0,32,32,56,56
gfx1201,deep_fast-packed.hsaco,vit_contract_blocked_fp8_bstream,False,1872,1924,52,12488,12100,234,234,26,26,0,0,0,0,32,32,56,56
gfx1201,deep_fast-packed.hsaco,vit_contract_blocked_fp8_frag,False,1077,1091,14,7160,7104,205,205,12,12,0,0,0,0,32,32,56,56
gfx1201,deep_fast-packed.hsaco,vit_contract_blocked_fp8_hstream,False,1862,1915,53,12272,11836,235,235,26,26,0,0,0,0,32,32,56,56
gfx1201,deep_fast-packed.hsaco,vit_contract_blocked_fp8_tiled,False,743,744,1,4632,4596,104,104,21,21,0,0,0,0,32,32,56,56
gfx1201,deep_fast-packed.hsaco,vit_contract_blocked_fp8_tiled_bstream,False,822,834,12,5052,5056,103,103,21,21,0,0,0,0,32,32,56,56
gfx1201,deep_fast-packed.hsaco,vit_contract_blocked_fp8_tiled_hstream,False,789,802,13,4760,4768,103,103,21,21,0,0,0,0,32,32,56,56
gfx1201,deep_fast-packed.hsaco,vit_contract_combine,False,96,89,-7,556,492,14,14,11,11,0,0,0,0,32,32,48,48
gfx1201,deep_fast-packed.hsaco,vit_contract_parts_blocked_fp8,False,312,324,12,2032,1964,53,53,14,14,0,0,0,0,32,32,40,40
gfx1201,deep_fast-packed.hsaco,vit_contract_parts_blocked_fp8_tiled,False,406,421,15,2720,2664,71,70,16,22,0,0,0,0,32,32,40,40
gfx1201,deep_fast-packed.hsaco,vit_contract_parts_fp8,False,157,154,-3,864,836,23,23,14,13,0,0,0,0,32,32,40,40
gfx1201,deep_fast-packed.hsaco,vit_expand,False,356,422,66,2200,2484,32,32,14,16,0,0,0,0,32,32,48,48
gfx1201,deep_fast-packed.hsaco,vit_expand_blocked_fp8,False,810,1019,209,5244,6352,69,69,14,16,0,0,0,0,32,32,48,48
gfx1201,deep_fast-packed.hsaco,vit_expand_blocked_fp8_bytein,False,723,926,203,4592,5688,55,55,14,16,0,0,0,0,32,32,48,48
gfx1201,deep_fast-packed.hsaco,vit_expand_blocked_fp8_frag_bytein,False,1329,1773,444,8804,11312,77,77,23,23,0,0,0,0,32,32,48,48
gfx1201,deep_fast-packed.hsaco,vit_expand_blocked_fp8_frag_bytein_m2,False,1335,1739,404,8696,10996,86,86,22,22,0,0,0,0,32,32,48,48
gfx1201,deep_fast-packed.hsaco,vit_expand_blocked_fp8_frag_bytein_m4,False,2595,3387,792,17012,21500,154,154,27,27,0,0,0,0,32,32,48,48
gfx1201,deep_fast-packed.hsaco,vit_expand_blocked_fp8_frag_tiledin,False,711,923,212,4572,5764,46,46,23,23,0,0,0,0,32,32,48,48
gfx1201,deep_fast-packed.hsaco,vit_expand_blocked_fp8_tiled,False,883,1091,208,5804,6972,95,95,20,20,0,0,0,0,32,32,48,48
gfx1201,deep_fast-packed.hsaco,vit_expand_blocked_fp8_tiled_bytein,False,782,1004,222,5132,6316,73,73,18,18,0,0,0,0,32,32,48,48
gfx1201,deep_fast-packed.hsaco,vit_expand_blocked_fp8_tiled_bytein_m4,False,2668,3457,789,17556,22052,153,153,25,25,0,0,0,0,32,32,48,48
gfx1201,deep_fast-packed.hsaco,vit_expand_fp8,False,351,396,45,2156,2400,32,32,14,16,0,0,0,0,32,32,48,48
gfx1201,deep_fast-packed.hsaco,vit_ffn_fused,False,1493,1737,244,9660,10764,151,151,14,15,16640,16640,0,0,32,32,56,56
gfx1201,deep_fast-packed.hsaco,vit_pack_input,False,57,57,0,340,332,7,7,7,7,0,0,0,0,32,32,32,32
gfx1201,deep_fast-packed.hsaco,vit_pack_input_tiled,False,57,57,0,352,348,10,10,7,7,0,0,0,0,32,32,32,32
gfx1201,deep_fast-packed.hsaco,vit_project,False,1285,1323,38,8192,8048,77,77,20,20,0,0,0,0,32,32,56,56
gfx1201,deep_fast-packed.hsaco,vit_project_bytein_bout,False,586,593,7,4088,4112,98,98,14,14,0,0,0,0,32,32,56,56
gfx1201,deep_fast-packed.hsaco,vit_project_bytein_bout_hskip,False,593,600,7,4128,4148,99,99,14,14,0,0,0,0,32,32,56,56
gfx1201,deep_fast-packed.hsaco,vit_project_fp8,False,1310,1344,34,8336,7972,90,90,20,20,0,0,0,0,32,32,56,56
gfx1201,deep_fast-packed.hsaco,vit_project_frag,False,1850,1882,32,11692,11508,79,79,34,34,0,0,0,0,32,32,56,56
gfx1201,deep_fast-packed.hsaco,vit_qkv_normalize,False,478,478,0,2724,2656,31,31,18,18,0,0,0,0,32,32,40,40
gfx1201,deep_fast-packed.hsaco,vit_qkv_project,False,215,230,15,1204,1236,32,39,14,15,0,0,0,0,32,32,40,40
gfx1201,deep_fast-packed.hsaco,vit_qkv_project_blocked,False,266,276,10,1604,1560,48,48,13,13,0,0,0,0,32,32,40,40
gfx1201,deep_fast-packed.hsaco,vit_qkv_project_normalize_fused,False,848,842,-6,4768,4624,51,51,22,22,2112,2112,0,0,32,32,40,40
gfx1201,deep_fast-packed.hsaco,vit_qkv_project_normalize_fused_f16compact,False,853,847,-6,4868,4704,60,60,22,22,2112,2112,0,0,32,32,40,40
gfx1201,deep_fast-packed.hsaco,vit_qkv_project_normalize_fused_f16compact_fp8,False,777,783,6,4516,4500,60,60,22,22,2112,2112,0,0,32,32,40,40
gfx1201,deep_fast-packed.hsaco,vit_qkv_project_normalize_fused_f16compact_fp8_bytein,False,776,784,8,4488,4496,58,58,22,22,2112,2112,0,0,32,32,40,40
gfx1201,deep_fast-packed.hsaco,vit_qkv_project_normalize_fused_f16compact_fp8_frag,False,766,771,5,4440,4428,59,59,22,22,2112,2112,0,0,32,32,40,40
gfx1201,deep_fast-packed.hsaco,vit_qkv_project_normalize_fused_f16compact_fp8_h16in,False,1164,1172,8,7860,7876,96,95,22,22,2112,2112,0,0,32,32,40,40
gfx1201,deep_fast-packed.hsaco,vit_qkv_project_normalize_fused_f16compact_fp8_h16in_n4,False,1392,1395,3,8424,8420,192,186,22,22,4160,4160,0,0,32,32,40,40
gfx1201,deep_fast-packed.hsaco,vit_qkv_project_normalize_fused_f16weight,False,854,847,-7,4876,4708,60,60,22,22,2112,2112,0,0,32,32,40,40
gfx1201,deep_fast.hsaco,decoder_project2x,False,587,609,22,3168,3160,40,39,25,25,0,0,0,0,32,32,56,56
gfx1201,deep_fast.hsaco,decoder_project2x_h16w,False,5940,6004,64,32664,32472,64,64,34,34,0,0,0,0,32,32,56,56
gfx1201,deep_fast.hsaco,decoder_project2x_h16w_byteout,False,5978,6038,60,32788,32712,64,64,34,34,0,0,0,0,32,32,56,56
gfx1201,deep_fast.hsaco,reuse_decide,False,396,413,17,2020,2072,14,14,17,17,0,0,0,0,32,32,60,60
gfx1201,deep_fast.hsaco,reuse_finish,False,646,653,7,3864,3664,11,11,27,27,0,0,0,0,32,32,84,84
gfx1201,deep_fast.hsaco,reuse_image_commit,False,161,168,7,968,932,5,5,8,8,0,0,0,0,32,32,28,28
gfx1201,deep_fast.hsaco,reuse_image_stats,False,250,252,2,1360,1364,14,14,22,22,0,0,0,0,32,32,48,48
gfx1201,deep_fast.hsaco,reuse_token_stats,False,218,218,0,1180,1164,14,14,17,17,0,0,0,0,32,32,48,48
gfx1201,deep_fast.hsaco,split_contract,False,198,198,0,1156,1156,33,34,12,13,0,0,0,0,32,32,28,28
gfx1201,deep_fast.hsaco,split_contract_fp8,False,202,211,9,1176,1224,31,32,12,13,0,0,0,0,32,32,28,28
gfx1201,deep_fast.hsaco,split_expand,False,238,287,49,1452,1736,33,34,12,15,0,0,0,0,32,32,28,28
gfx1201,deep_fast.hsaco,split_expand_fp8,False,254,297,43,1556,1824,33,34,12,15,0,0,0,0,32,32,28,28
gfx1201,deep_fast.hsaco,split_ffn_fused,False,1078,1269,191,6560,7704,60,63,15,16,4160,4160,0,0,32,32,28,28
gfx1201,deep_fast.hsaco,split_ffn_fused_fp8,False,855,1063,208,5580,6916,102,118,11,19,4160,4160,0,0,32,32,28,28
gfx1201,deep_fast.hsaco,split_ffn_fused_fp8_mix,False,980,1176,196,6280,7552,103,105,13,38,6464,6464,0,0,32,32,28,28
gfx1201,deep_fast.hsaco,split_ffn_fused_fp8_t8,False,919,1142,223,6140,7460,111,111,14,22,4160,4160,0,0,32,32,36,36
gfx1201,deep_fast.hsaco,split_mix,False,200,189,-11,1160,1092,35,31,11,12,0,0,0,0,32,32,28,28
gfx1201,deep_fast.hsaco,split_mix_blocked,False,514,515,1,3084,3072,80,80,11,11,0,0,0,0,32,32,28,28
gfx1201,deep_fast.hsaco,split_mix_blocked_h16w,False,497,497,0,3032,3004,91,91,11,11,0,0,0,0,32,32,28,28
gfx1201,deep_fast.hsaco,split_projection,False,291,284,-7,1884,1832,48,46,12,11,0,0,0,0,32,32,36,36
gfx1201,deep_fast.hsaco,split_projection_blocked,False,798,799,1,5104,5088,93,93,12,12,0,0,0,0,32,32,36,36
gfx1201,deep_fast.hsaco,split_projection_blocked_t8,False,1011,1095,84,6628,6920,98,99,16,16,0,0,0,0,32,32,44,44
gfx1201,deep_fast.hsaco,split_projection_frag,False,859,920,61,5348,5608,83,84,17,17,0,0,0,0,32,32,44,44
gfx1201,deep_fast.hsaco,vit_attention_av_fast,False,486,485,-1,3092,2956,48,48,17,17,0,0,0,0,32,32,48,48
gfx1201,deep_fast.hsaco,vit_attention_fused_256,False,1197,1199,2,7588,7552,91,91,16,16,1536,1536,0,0,32,32,32,32
gfx1201,deep_fast.hsaco,vit_attention_fused_256_bytein,False,938,937,-1,5568,5564,75,75,17,17,1536,1536,0,0,32,32,32,32
gfx1201,deep_fast.hsaco,vit_attention_fused_256_bytein_bout,False,958,957,-1,5732,5732,75,75,17,17,1536,1536,0,0,32,32,32,32
gfx1201,deep_fast.hsaco,vit_attention_fused_400,False,1197,1199,2,7588,7552,91,91,16,16,1536,1536,0,0,32,32,32,32
gfx1201,deep_fast.hsaco,vit_attention_fused_400_bytein,False,938,937,-1,5568,5564,75,75,17,17,1536,1536,0,0,32,32,32,32
gfx1201,deep_fast.hsaco,vit_attention_fused_400_bytein_bout,False,958,957,-1,5732,5732,75,75,17,17,1536,1536,0,0,32,32,32,32
gfx1201,deep_fast.hsaco,vit_attention_fused_640,False,1197,1199,2,7588,7552,91,91,16,16,1536,1536,0,0,32,32,32,32
gfx1201,deep_fast.hsaco,vit_attention_fused_640_bytein,False,938,937,-1,5568,5564,75,75,17,17,1536,1536,0,0,32,32,32,32
gfx1201,deep_fast.hsaco,vit_attention_fused_640_bytein_bout,False,958,957,-1,5732,5732,75,75,17,17,1536,1536,0,0,32,32,32,32
gfx1201,deep_fast.hsaco,vit_attention_inverse_fast,False,265,267,2,1584,1556,34,34,10,10,0,0,0,0,32,32,32,32
gfx1201,deep_fast.hsaco,vit_attention_scores_fast,False,771,780,9,4552,4564,66,66,13,14,0,0,0,0,32,32,32,32
gfx1201,deep_fast.hsaco,vit_contract_blocked_fp8,False,1830,1870,40,12132,11712,235,235,26,26,0,0,0,0,32,32,56,56
gfx1201,deep_fast.hsaco,vit_contract_blocked_fp8_bstream,False,1872,1924,52,12488,12100,234,234,26,26,0,0,0,0,32,32,56,56
gfx1201,deep_fast.hsaco,vit_contract_blocked_fp8_frag,False,1077,1091,14,7160,7104,205,205,12,12,0,0,0,0,32,32,56,56
gfx1201,deep_fast.hsaco,vit_contract_blocked_fp8_hstream,False,1862,1915,53,12272,11836,235,235,26,26,0,0,0,0,32,32,56,56
gfx1201,deep_fast.hsaco,vit_contract_blocked_fp8_tiled,False,743,744,1,4632,4596,104,104,21,21,0,0,0,0,32,32,56,56
gfx1201,deep_fast.hsaco,vit_contract_blocked_fp8_tiled_bstream,False,822,834,12,5052,5056,103,103,21,21,0,0,0,0,32,32,56,56
gfx1201,deep_fast.hsaco,vit_contract_blocked_fp8_tiled_hstream,False,789,802,13,4760,4768,103,103,21,21,0,0,0,0,32,32,56,56
gfx1201,deep_fast.hsaco,vit_contract_combine,False,96,89,-7,556,492,14,14,11,11,0,0,0,0,32,32,48,48
gfx1201,deep_fast.hsaco,vit_contract_parts_blocked_fp8,False,312,324,12,2032,1964,53,53,14,14,0,0,0,0,32,32,40,40
gfx1201,deep_fast.hsaco,vit_contract_parts_blocked_fp8_tiled,False,406,421,15,2720,2664,71,70,16,22,0,0,0,0,32,32,40,40
gfx1201,deep_fast.hsaco,vit_contract_parts_fp8,False,207,211,4,1240,1220,32,31,15,14,0,0,0,0,32,32,40,40
gfx1201,deep_fast.hsaco,vit_expand,False,432,498,66,2812,3052,48,49,14,16,0,0,0,0,32,32,48,48
gfx1201,deep_fast.hsaco,vit_expand_blocked_fp8,False,810,1019,209,5244,6352,69,69,14,16,0,0,0,0,32,32,48,48
gfx1201,deep_fast.hsaco,vit_expand_blocked_fp8_bytein,False,723,926,203,4592,5688,55,55,14,16,0,0,0,0,32,32,48,48
gfx1201,deep_fast.hsaco,vit_expand_blocked_fp8_frag_bytein,False,1329,1773,444,8804,11312,77,77,23,23,0,0,0,0,32,32,48,48
gfx1201,deep_fast.hsaco,vit_expand_blocked_fp8_frag_bytein_m2,False,1335,1739,404,8696,10996,86,86,22,22,0,0,0,0,32,32,48,48
gfx1201,deep_fast.hsaco,vit_expand_blocked_fp8_frag_bytein_m4,False,2595,3387,792,17012,21500,154,154,27,27,0,0,0,0,32,32,48,48
gfx1201,deep_fast.hsaco,vit_expand_blocked_fp8_frag_tiledin,False,711,923,212,4572,5764,46,46,23,23,0,0,0,0,32,32,48,48
gfx1201,deep_fast.hsaco,vit_expand_blocked_fp8_tiled,False,883,1091,208,5804,6972,95,95,20,20,0,0,0,0,32,32,48,48
gfx1201,deep_fast.hsaco,vit_expand_blocked_fp8_tiled_bytein,False,782,1004,222,5132,6316,73,73,18,18,0,0,0,0,32,32,48,48
gfx1201,deep_fast.hsaco,vit_expand_blocked_fp8_tiled_bytein_m4,False,2668,3457,789,17556,22052,153,153,25,25,0,0,0,0,32,32,48,48
gfx1201,deep_fast.hsaco,vit_expand_fp8,False,427,472,45,2768,2968,48,49,14,16,0,0,0,0,32,32,48,48
gfx1201,deep_fast.hsaco,vit_ffn_fused,False,1493,1737,244,9660,10764,151,151,14,15,16640,16640,0,0,32,32,56,56
gfx1201,deep_fast.hsaco,vit_pack_input,False,57,57,0,340,332,7,7,7,7,0,0,0,0,32,32,32,32
gfx1201,deep_fast.hsaco,vit_pack_input_tiled,False,57,57,0,352,348,10,10,7,7,0,0,0,0,32,32,32,32
gfx1201,deep_fast.hsaco,vit_project,False,1443,1451,8,9372,9020,90,90,32,32,0,0,0,0,32,32,56,56
gfx1201,deep_fast.hsaco,vit_project_bytein_bout,False,644,653,9,4024,4012,55,55,14,14,0,0,0,0,32,32,56,56
gfx1201,deep_fast.hsaco,vit_project_bytein_bout_hskip,False,650,659,9,4056,4040,55,55,14,14,0,0,0,0,32,32,56,56
gfx1201,deep_fast.hsaco,vit_project_fp8,False,1274,1302,28,8140,7952,77,77,19,19,0,0,0,0,32,32,56,56
gfx1201,deep_fast.hsaco,vit_project_frag,False,1850,1882,32,11692,11508,79,79,34,34,0,0,0,0,32,32,56,56
gfx1201,deep_fast.hsaco,vit_qkv_normalize,False,478,478,0,2724,2656,31,31,18,18,0,0,0,0,32,32,40,40
gfx1201,deep_fast.hsaco,vit_qkv_project,False,215,230,15,1204,1236,32,39,14,15,0,0,0,0,32,32,40,40
gfx1201,deep_fast.hsaco,vit_qkv_project_blocked,False,266,276,10,1604,1560,48,48,13,13,0,0,0,0,32,32,40,40
gfx1201,deep_fast.hsaco,vit_qkv_project_normalize_fused,False,848,842,-6,4768,4624,51,51,22,22,2112,2112,0,0,32,32,40,40
gfx1201,deep_fast.hsaco,vit_qkv_project_normalize_fused_f16compact,False,853,847,-6,4868,4704,60,60,22,22,2112,2112,0,0,32,32,40,40
gfx1201,deep_fast.hsaco,vit_qkv_project_normalize_fused_f16compact_fp8,False,777,783,6,4516,4500,60,60,22,22,2112,2112,0,0,32,32,40,40
gfx1201,deep_fast.hsaco,vit_qkv_project_normalize_fused_f16compact_fp8_bytein,False,776,784,8,4488,4496,58,58,22,22,2112,2112,0,0,32,32,40,40
gfx1201,deep_fast.hsaco,vit_qkv_project_normalize_fused_f16compact_fp8_frag,False,766,771,5,4440,4428,59,59,22,22,2112,2112,0,0,32,32,40,40
gfx1201,deep_fast.hsaco,vit_qkv_project_normalize_fused_f16compact_fp8_h16in,False,1164,1172,8,7860,7876,96,95,22,22,2112,2112,0,0,32,32,40,40
gfx1201,deep_fast.hsaco,vit_qkv_project_normalize_fused_f16compact_fp8_h16in_n4,False,1392,1395,3,8424,8420,192,186,22,22,4160,4160,0,0,32,32,40,40
gfx1201,deep_fast.hsaco,vit_qkv_project_normalize_fused_f16weight,False,854,847,-7,4876,4708,60,60,22,22,2112,2112,0,0,32,32,40,40
gfx1201,deep_reference.hsaco,decoder_project2x,False,1315,1345,30,7484,7316,15,15,20,20,0,0,0,0,32,32,56,56
gfx1201,deep_reference.hsaco,split_contract,False,202,203,1,1176,1164,70,70,10,10,0,0,0,0,32,32,28,28
gfx1201,deep_reference.hsaco,split_expand,False,224,233,9,1236,1276,70,70,10,11,0,0,0,0,32,32,28,28
gfx1201,deep_reference.hsaco,split_mix,False,196,197,1,1140,1128,71,71,10,10,0,0,0,0,32,32,28,28
gfx1201,deep_reference.hsaco,split_projection,False,205,207,2,1212,1200,71,71,10,10,0,0,0,0,32,32,36,36
gfx1201,deep_reference.hsaco,vit_attention_av,False,261,264,3,1440,1432,16,16,19,19,0,0,0,0,32,32,36,36
gfx1201,deep_reference.hsaco,vit_attention_av_fast,False,176,178,2,968,964,11,11,17,17,0,0,0,0,32,32,36,36
gfx1201,deep_reference.hsaco,vit_attention_inverse,False,419,429,10,2256,2160,51,51,14,14,0,0,0,0,32,32,20,20
gfx1201,deep_reference.hsaco,vit_attention_inverse_fast,False,57,58,1,304,300,7,7,7,7,0,0,0,0,32,32,20,20
gfx1201,deep_reference.hsaco,vit_attention_scores,False,309,312,3,1684,1684,66,66,9,9,0,0,0,0,32,32,20,20
gfx1201,deep_reference.hsaco,vit_attention_scores_fast,False,303,306,3,1660,1660,66,66,9,9,0,0,0,0,32,32,20,20
gfx1201,deep_reference.hsaco,vit_expand,False,748,773,25,4312,4164,11,11,13,13,0,0,0,0,32,32,36,36
gfx1201,deep_reference.hsaco,vit_gather,False,29,30,1,180,172,6,6,10,10,0,0,0,0,32,32,28,28
gfx1201,deep_reference.hsaco,vit_project,False,750,768,18,4448,4252,17,17,13,13,0,0,0,0,32,32,44,44
gfx1201,deep_reference.hsaco,vit_qkv_normalize,False,2495,2529,34,13944,14032,57,42,23,22,0,0,144,144,32,32,28,28
gfx1201,deep_reference.hsaco,vit_qkv_project,False,223,224,1,1212,1192,76,76,12,12,0,0,0,0,32,32,28,28
gfx1201,deep_wmma.hsaco,decoder_project2x,False,5671,5825,154,30744,30972,56,56,25,25,0,0,0,0,32,32,56,56
gfx1201,deep_wmma.hsaco,split_contract,False,635,647,12,3556,3600,53,54,13,15,0,0,0,0,32,32,28,28
gfx1201,deep_wmma.hsaco,split_expand,False,767,829,62,4232,4556,50,50,14,14,0,0,0,0,32,32,28,28
gfx1201,deep_wmma.hsaco,split_mix,False,624,639,15,3472,3532,50,51,11,12,0,0,0,0,32,32,28,28
gfx1201,deep_wmma.hsaco,split_projection,False,660,675,15,3684,3744,50,51,12,12,0,0,0,0,32,32,36,36
gfx1201,deep_wmma.hsaco,vit_expand,False,1142,1232,90,6360,6776,49,49,16,16,0,0,0,0,32,32,36,36
gfx1201,deep_wmma.hsaco,vit_project,False,2478,2611,133,14048,13992,73,73,18,18,0,0,0,0,32,32,44,44
gfx1201,deep_wmma.hsaco,vit_qkv_project,False,420,421,1,2368,2292,62,60,14,15,0,0,0,0,32,32,28,28
gfx1201,multihead-fast-packed.hsaco,mh_attention_av_fast,False,564,570,6,3072,3028,52,52,22,22,0,0,0,0,32,32,36,36
gfx1201,multihead-fast-packed.hsaco,mh_attention_project_fast_matrix,False,2596,2682,86,13924,14308,95,97,52,52,4096,4096,0,0,32,32,44,44
gfx1201,multihead-fast-packed.hsaco,mh_attention_project_fast_scalar,False,1784,1867,83,8776,9124,32,32,21,27,4096,4096,0,0,32,32,44,44
gfx1201,multihead-fast-packed.hsaco,mh_ffn_contract_fast,False,482,494,12,2548,2588,27,27,17,17,4096,4096,0,0,32,32,32,32
gfx1201,multihead-fast-packed.hsaco,mh_ffn_contract_fast_pre,False,289,294,5,1528,1540,27,27,17,17,4096,4096,0,0,32,32,32,32
gfx1201,multihead-fast-packed.hsaco,mh_ffn_contract_fast_rne,False,482,494,12,2548,2588,27,27,17,17,4096,4096,0,0,32,32,32,32
gfx1201,multihead-fast-packed.hsaco,mh_ffn_contract_fast_rtz,False,482,494,12,2548,2588,27,27,17,17,4096,4096,0,0,32,32,32,32
gfx1201,multihead-fast-packed.hsaco,mh_ffn_expand_fast,False,545,609,64,3036,3436,29,29,16,16,4096,4096,0,0,32,32,32,32
gfx1201,multihead-fast-packed.hsaco,mh_ffn_project_fast,False,663,699,36,3568,3700,32,32,18,26,4096,4096,0,0,32,32,40,40
gfx1201,multihead-fast-packed.hsaco,mh_pool_project_production,False,1410,1441,31,7136,7112,48,47,21,26,0,0,0,0,32,32,44,44
gfx1201,multihead-fast-packed.hsaco,mh_probabilities_fast,False,678,694,16,3716,3732,50,50,12,12,0,0,0,0,32,32,24,24
gfx1201,multihead-fast-packed.hsaco,mh_qkv_fast,False,334,342,8,1760,1788,26,26,16,16,4096,4096,0,0,32,32,32,32
gfx1201,multihead-fast-packed.hsaco,mh_qkv_normalize_fast,False,3520,3565,45,20560,19972,148,148,11,11,0,0,0,0,32,32,32,32
gfx1201,multihead-fast-packed.hsaco,mh_scores_exp_fast,False,1108,1127,19,6156,6044,67,67,16,16,0,0,0,0,32,32,36,36
gfx1201,multihead-fast-padded-wave-packed.hsaco,mh_attention_av_fast,False,444,451,7,2472,2432,52,52,22,22,0,0,0,0,32,32,36,36
gfx1201,multihead-fast-padded-wave-packed.hsaco,mh_attention_crop,False,2625,2702,77,13160,13296,33,33,36,46,4608,4608,0,0,32,32,64,64
gfx1201,multihead-fast-padded-wave-packed.hsaco,mh_attention_project_fast_matrix,False,2102,2153,51,10684,10740,34,32,28,30,4608,4608,0,0,32,32,44,44
gfx1201,multihead-fast-padded-wave-packed.hsaco,mh_attention_project_fast_matrix_fp8,False,2068,2120,52,10448,10508,34,33,28,30,4608,4608,0,0,32,32,44,44
gfx1201,multihead-fast-padded-wave-packed.hsaco,mh_attention_project_fast_scalar,False,1412,1449,37,6984,7088,32,32,21,27,4608,4608,0,0,32,32,44,44
gfx1201,multihead-fast-padded-wave-packed.hsaco,mh_attention_project_fast_scalar_fp8,False,1378,1414,36,6748,6852,33,33,21,27,4608,4608,0,0,32,32,44,44
gfx1201,multihead-fast-padded-wave-packed.hsaco,mh_attention_project_frag_c512,False,1283,1284,1,6812,6776,80,80,28,28,0,0,0,0,32,32,60,60
gfx1201,multihead-fast-padded-wave-packed.hsaco,mh_ffn_contract_fast,False,399,399,0,2192,2180,27,27,17,17,4608,4608,0,0,32,32,32,32
gfx1201,multihead-fast-padded-wave-packed.hsaco,mh_ffn_contract_fast_fp8,False,383,383,0,2084,2084,28,28,17,17,4608,4608,0,0,32,32,32,32
gfx1201,multihead-fast-padded-wave-packed.hsaco,mh_ffn_contract_fast_fp8_out,False,349,347,-2,1900,1896,28,28,17,17,4608,4608,0,0,32,32,32,32
gfx1201,multihead-fast-padded-wave-packed.hsaco,mh_ffn_contract_fast_pre,False,296,303,7,1564,1580,27,27,17,17,4608,4608,0,0,32,32,32,32
gfx1201,multihead-fast-padded-wave-packed.hsaco,mh_ffn_contract_fast_rne,False,399,399,0,2192,2180,27,27,17,17,4608,4608,0,0,32,32,32,32
gfx1201,multihead-fast-padded-wave-packed.hsaco,mh_ffn_contract_fast_rtz,False,399,399,0,2192,2180,27,27,17,17,4608,4608,0,0,32,32,32,32
gfx1201,multihead-fast-padded-wave-packed.hsaco,mh_ffn_expand_fast,False,461,463,2,2632,2636,29,29,16,16,4608,4608,0,0,32,32,32,32
gfx1201,multihead-fast-padded-wave-packed.hsaco,mh_ffn_expand_fast_fp8,False,425,429,4,2456,2468,29,29,16,16,4608,4608,0,0,32,32,32,32
gfx1201,multihead-fast-padded-wave-packed.hsaco,mh_ffn_fused_c128,False,840,842,2,6012,6020,101,101,12,12,8256,8256,0,0,32,32,28,28
gfx1201,multihead-fast-padded-wave-packed.hsaco,mh_ffn_fused_c128_frag_project_g128_qkv,False,1510,1527,17,9976,10044,100,98,16,16,15168,15168,0,0,32,32,64,64
gfx1201,multihead-fast-padded-wave-packed.hsaco,mh_ffn_fused_c128_frag_project_mapped_g128_qkv,False,1669,1697,28,10868,10936,99,99,25,25,15168,15168,0,0,32,32,64,64
gfx1201,multihead-fast-padded-wave-packed.hsaco,mh_ffn_fused_c128_project,False,1026,1028,2,7160,7136,101,101,14,14,8256,8256,0,0,32,32,28,28
gfx1201,multihead-fast-padded-wave-packed.hsaco,mh_ffn_fused_c128_project_g128,False,940,944,4,6436,6420,102,102,15,15,8256,8256,0,0,32,32,28,28
gfx1201,multihead-fast-padded-wave-packed.hsaco,mh_ffn_fused_c128_project_g128_qkv,False,1439,1446,7,9540,9548,99,99,16,16,15168,15168,0,0,32,32,64,64
gfx1201,multihead-fast-padded-wave-packed.hsaco,mh_ffn_fused_c128_project_g128_qkv_bn,False,1283,1293,10,8924,8892,142,142,16,16,23872,23872,0,0,32,32,64,64
gfx1201,multihead-fast-padded-wave-packed.hsaco,mh_ffn_fused_c128_project_g128_qkv_bytein_fb,False,1397,1402,5,9356,9364,97,97,15,15,15168,15168,0,0,32,32,64,64
gfx1201,multihead-fast-padded-wave-packed.hsaco,mh_ffn_fused_c128_project_g128_qkv_bytein_fb_pdl,False,1521,1526,5,9928,9932,97,97,17,17,15168,15168,0,0,32,32,100,100
gfx1201,multihead-fast-padded-wave-packed.hsaco,mh_ffn_fused_c128_project_g128_qkv_fb,False,1430,1438,8,9508,9520,99,99,16,16,15168,15168,0,0,32,32,64,64
gfx1201,multihead-fast-padded-wave-packed.hsaco,mh_ffn_fused_c128_project_g128_qkv_fb_pdl,False,1556,1565,9,10104,10116,99,99,18,18,15168,15168,0,0,32,32,100,100
gfx1201,multihead-fast-padded-wave-packed.hsaco,mh_ffn_fused_c128_project_mapped,False,1538,1541,3,9724,9660,102,102,28,28,8256,8256,0,0,32,32,48,48
gfx1201,multihead-fast-padded-wave-packed.hsaco,mh_ffn_fused_c128_project_mapped_g128,False,1441,1446,5,8992,8936,102,102,28,28,8256,8256,0,0,32,32,48,48
gfx1201,multihead-fast-padded-wave-packed.hsaco,mh_ffn_fused_c128_project_mapped_g128_qkv,False,1592,1594,2,10464,10452,99,99,25,25,15168,15168,0,0,32,32,64,64
gfx1201,multihead-fast-padded-wave-packed.hsaco,mh_ffn_fused_c128_project_mapped_g128_qkv_bn,False,1460,1422,-38,9880,9940,144,147,25,52,23872,23872,0,0,32,32,64,64
gfx1201,multihead-fast-padded-wave-packed.hsaco,mh_ffn_fused_c128_project_mapped_g128_qkv_bytein_fb,False,1570,1583,13,10592,10632,99,99,21,21,15168,15168,0,0,32,32,64,64
gfx1201,multihead-fast-padded-wave-packed.hsaco,mh_ffn_fused_c128_project_mapped_g128_qkv_bytein_fb_pdl,False,1695,1709,14,11172,11212,99,99,23,23,15168,15168,0,0,32,32,100,100
gfx1201,multihead-fast-padded-wave-packed.hsaco,mh_ffn_fused_c128_project_mapped_g128_qkv_fb,False,1638,1647,9,10764,10792,99,99,26,26,15168,15168,0,0,32,32,64,64
gfx1201,multihead-fast-padded-wave-packed.hsaco,mh_ffn_fused_c128_project_mapped_g128_qkv_fb_pdl,False,1763,1774,11,11344,11376,99,99,28,28,15168,15168,0,0,32,32,100,100
gfx1201,multihead-fast-padded-wave-packed.hsaco,mh_ffn_fused_c128_tiled,False,922,873,-49,6212,5780,75,75,12,12,8256,8256,0,0,32,32,28,28
gfx1201,multihead-fast-padded-wave-packed.hsaco,mh_ffn_fused_c128_tiled_project_g128_qkv,False,1631,1664,33,10920,11072,82,82,32,16,15168,15168,0,0,32,32,64,64
gfx1201,multihead-fast-padded-wave-packed.hsaco,mh_ffn_fused_c128_tiled_project_mapped_g128_qkv,False,1816,1840,24,11864,11992,83,83,38,24,15168,15168,0,0,32,32,64,64
gfx1201,multihead-fast-padded-wave-packed.hsaco,mh_ffn_fused_c256,False,1003,889,-114,6676,5796,73,73,11,11,16448,16448,0,0,32,32,28,28
gfx1201,multihead-fast-padded-wave-packed.hsaco,mh_ffn_fused_c256_frag_project_g128_qkv,False,1738,1755,17,11852,11868,96,96,15,15,30016,30016,0,0,32,32,64,64
gfx1201,multihead-fast-padded-wave-packed.hsaco,mh_ffn_fused_c256_frag_project_g128_qkv_bytein_fb,False,1720,1728,8,11752,11756,97,97,15,15,30016,30016,0,0,32,32,64,64
gfx1201,multihead-fast-padded-wave-packed.hsaco,mh_ffn_fused_c256_frag_project_g128_qkv_bytein_fb_pdl,False,1838,1848,10,12324,12332,97,97,17,17,30016,30016,0,0,32,32,100,100
gfx1201,multihead-fast-padded-wave-packed.hsaco,mh_ffn_fused_c256_frag_project_g128_qkv_fb,False,1746,1759,13,11860,11876,98,98,15,15,30016,30016,0,0,32,32,64,64
gfx1201,multihead-fast-padded-wave-packed.hsaco,mh_ffn_fused_c256_frag_project_g128_qkv_fb_pdl,False,1882,1894,12,12492,12496,98,98,17,17,30016,30016,0,0,32,32,100,100
gfx1201,multihead-fast-padded-wave-packed.hsaco,mh_ffn_fused_c256_frag_project_mapped_g128_qkv,False,1886,1912,26,12680,12748,97,97,23,23,30016,30016,0,0,32,32,64,64
gfx1201,multihead-fast-padded-wave-packed.hsaco,mh_ffn_fused_c256_frag_project_mapped_g128_qkv_bytein_fb,False,1894,1916,22,13016,13120,101,101,21,21,30016,30016,0,0,32,32,64,64
gfx1201,multihead-fast-padded-wave-packed.hsaco,mh_ffn_fused_c256_frag_project_mapped_g128_qkv_bytein_fb_pdl,False,2019,2044,25,13596,13708,101,101,23,23,30016,30016,0,0,32,32,100,100
gfx1201,multihead-fast-padded-wave-packed.hsaco,mh_ffn_fused_c256_frag_project_mapped_g128_qkv_fb,False,1952,1964,12,13008,13036,98,98,24,24,30016,30016,0,0,32,32,64,64
gfx1201,multihead-fast-padded-wave-packed.hsaco,mh_ffn_fused_c256_frag_project_mapped_g128_qkv_fb_pdl,False,2077,2090,13,13588,13616,98,98,26,26,30016,30016,0,0,32,32,100,100
gfx1201,multihead-fast-padded-wave-packed.hsaco,mh_ffn_fused_c256_tiled,False,911,864,-47,6088,5728,74,74,11,11,16448,16448,0,0,32,32,28,28
gfx1201,multihead-fast-padded-wave-packed.hsaco,mh_ffn_fused_c256_tiled_project,False,1102,1058,-44,7380,7024,74,74,13,11,16448,16448,0,0,32,32,28,28
gfx1201,multihead-fast-padded-wave-packed.hsaco,mh_ffn_fused_c256_tiled_project_g128,False,1193,1189,-4,8120,8052,77,77,26,12,16448,16448,0,0,32,32,28,28
gfx1201,multihead-fast-padded-wave-packed.hsaco,mh_ffn_fused_c256_tiled_project_g128_qkv,False,1813,1860,47,12192,12532,93,93,30,16,30016,30016,0,0,32,32,64,64
gfx1201,multihead-fast-padded-wave-packed.hsaco,mh_ffn_fused_c256_tiled_project_g128_qkv_bytein_fb,False,1746,1778,32,11920,12192,93,93,30,16,30016,30016,0,0,32,32,64,64
gfx1201,multihead-fast-padded-wave-packed.hsaco,mh_ffn_fused_c256_tiled_project_g128_qkv_fb,False,1813,1846,33,12172,12456,93,93,30,16,30016,30016,0,0,32,32,64,64
gfx1201,multihead-fast-padded-wave-packed.hsaco,mh_ffn_fused_c256_tiled_project_mapped,False,1585,1543,-42,9844,9436,74,74,26,26,16448,16448,0,0,32,32,48,48
gfx1201,multihead-fast-padded-wave-packed.hsaco,mh_ffn_fused_c256_tiled_project_mapped_g128,False,1679,1676,-3,10576,10456,77,77,32,26,16448,16448,0,0,32,32,48,48
gfx1201,multihead-fast-padded-wave-packed.hsaco,mh_ffn_fused_c256_tiled_project_mapped_g128_qkv,False,1970,1987,17,12992,13256,94,95,37,23,30016,30016,0,0,32,32,64,64
gfx1201,multihead-fast-padded-wave-packed.hsaco,mh_ffn_fused_c256_tiled_project_mapped_g128_qkv_bytein_fb,False,1936,1970,34,13184,13476,94,94,31,21,30016,30016,0,0,32,32,64,64
gfx1201,multihead-fast-padded-wave-packed.hsaco,mh_ffn_fused_c256_tiled_project_mapped_g128_qkv_fb,False,2015,2058,43,13320,13628,94,94,38,24,30016,30016,0,0,32,32,64,64
gfx1201,multihead-fast-padded-wave-packed.hsaco,mh_ffn_fused_c64,False,721,723,2,5084,5092,100,100,15,15,4160,4160,0,0,32,32,28,28
gfx1201,multihead-fast-padded-wave-packed.hsaco,mh_ffn_fused_c64_frag_project_g128_qkv,False,1359,1380,21,8952,8968,96,96,16,16,7744,7744,0,0,32,32,64,64
gfx1201,multihead-fast-padded-wave-packed.hsaco,mh_ffn_fused_c64_frag_project_mapped_g128_qkv,False,1476,1498,22,9564,9624,97,97,25,25,7744,7744,0,0,32,32,64,64
gfx1201,multihead-fast-padded-wave-packed.hsaco,mh_ffn_fused_c64_project,False,904,907,3,6268,6216,100,100,18,18,4160,4160,0,0,32,32,28,28
gfx1201,multihead-fast-padded-wave-packed.hsaco,mh_ffn_fused_c64_project_g128,False,884,887,3,6072,6024,100,100,19,19,4160,4160,0,0,32,32,28,28
gfx1201,multihead-fast-padded-wave-packed.hsaco,mh_ffn_fused_c64_project_g128_qkv,False,1304,1309,5,8548,8544,98,98,16,16,7744,7744,0,0,32,32,64,64
gfx1201,multihead-fast-padded-wave-packed.hsaco,mh_ffn_fused_c64_project_g128_qkv_bn,False,1180,1184,4,7932,7928,139,139,16,16,12096,12096,0,0,32,32,64,64
gfx1201,multihead-fast-padded-wave-packed.hsaco,mh_ffn_fused_c64_project_g128_qkv_bytein_fb,False,1266,1270,4,8336,8340,97,97,15,15,7744,7744,0,0,32,32,64,64
gfx1201,multihead-fast-padded-wave-packed.hsaco,mh_ffn_fused_c64_project_g128_qkv_bytein_fb_pdl,False,1397,1404,7,8928,8940,97,97,17,17,7744,7744,0,0,32,32,100,100
gfx1201,multihead-fast-padded-wave-packed.hsaco,mh_ffn_fused_c64_project_g128_qkv_fb,False,1288,1295,7,8500,8512,99,99,16,16,7744,7744,0,0,32,32,64,64
gfx1201,multihead-fast-padded-wave-packed.hsaco,mh_ffn_fused_c64_project_g128_qkv_fb_pdl,False,1416,1425,9,9116,9132,99,99,18,18,7744,7744,0,0,32,32,100,100
gfx1201,multihead-fast-padded-wave-packed.hsaco,mh_ffn_fused_c64_project_mapped,False,1380,1387,7,8608,8560,101,101,28,28,4160,4160,0,0,32,32,48,48
gfx1201,multihead-fast-padded-wave-packed.hsaco,mh_ffn_fused_c64_project_mapped_g128,False,1354,1362,8,8404,8360,100,100,28,28,4160,4160,0,0,32,32,48,48
gfx1201,multihead-fast-padded-wave-packed.hsaco,mh_ffn_fused_c64_project_mapped_g128_qkv,False,1411,1419,8,9160,9176,96,96,25,25,7744,7744,0,0,32,32,64,64
gfx1201,multihead-fast-padded-wave-packed.hsaco,mh_ffn_fused_c64_project_mapped_g128_qkv_bn,False,1284,1292,8,8544,8564,141,141,25,25,12096,12096,0,0,32,32,64,64
gfx1201,multihead-fast-padded-wave-packed.hsaco,mh_ffn_fused_c64_project_mapped_g128_qkv_bytein_fb,False,1326,1341,15,8956,9004,97,97,21,21,7744,7744,0,0,32,32,64,64
gfx1201,multihead-fast-padded-wave-packed.hsaco,mh_ffn_fused_c64_project_mapped_g128_qkv_bytein_fb_pdl,False,1452,1470,18,9540,9596,97,97,22,22,7744,7744,0,0,32,32,100,100
gfx1201,multihead-fast-padded-wave-packed.hsaco,mh_ffn_fused_c64_project_mapped_g128_qkv_fb,False,1402,1411,9,9120,9148,96,96,25,25,7744,7744,0,0,32,32,64,64
gfx1201,multihead-fast-padded-wave-packed.hsaco,mh_ffn_fused_c64_project_mapped_g128_qkv_fb_pdl,False,1526,1538,12,9708,9744,96,96,27,27,7744,7744,0,0,32,32,100,100
gfx1201,multihead-fast-padded-wave-packed.hsaco,mh_ffn_fused_c64_tiled,False,939,850,-89,6252,5696,75,75,12,12,4160,4160,0,0,32,32,28,28
gfx1201,multihead-fast-padded-wave-packed.hsaco,mh_ffn_fused_c64_tiled_project_g128_qkv,False,1589,1613,24,10484,10608,81,81,32,16,7744,7744,0,0,32,32,64,64
gfx1201,multihead-fast-padded-wave-packed.hsaco,mh_ffn_fused_c64_tiled_project_mapped_g128_qkv,False,1688,1710,22,10988,11116,82,82,38,24,7744,7744,0,0,32,32,64,64
gfx1201,multihead-fast-padded-wave-packed.hsaco,mh_ffn_project_fast,False,585,609,24,3212,3292,32,32,18,26,4608,4608,0,0,32,32,40,40
gfx1201,multihead-fast-padded-wave-packed.hsaco,mh_ffn_project_fast_fp8,False,552,575,23,2980,3060,33,33,18,26,4608,4608,0,0,32,32,40,40
gfx1201,multihead-fast-padded-wave-packed.hsaco,mh_pool_project_fused_c128,False,3445,3690,245,17628,18372,152,152,22,23,0,0,144,144,32,32,44,44
gfx1201,multihead-fast-padded-wave-packed.hsaco,mh_pool_project_fused_c256,False,3884,4121,237,20332,21072,192,192,22,23,0,0,272,272,32,32,44,44
gfx1201,multihead-fast-padded-wave-packed.hsaco,mh_pool_project_fused_c64,False,6334,5028,-1306,32732,25008,128,121,80,23,0,0,0,0,32,32,44,44
gfx1201,multihead-fast-padded-wave-packed.hsaco,mh_pool_project_group_c128,False,2289,2439,150,11568,12056,98,98,29,29,4352,4352,0,0,32,32,44,44
gfx1201,multihead-fast-padded-wave-packed.hsaco,mh_pool_project_group_c256,False,2283,2439,156,11540,12032,98,98,29,29,8448,8448,0,0,32,32,44,44
gfx1201,multihead-fast-padded-wave-packed.hsaco,mh_pool_project_group_c512,False,2287,2459,172,11564,12132,98,98,29,29,16640,16640,0,0,32,32,44,44
gfx1201,multihead-fast-padded-wave-packed.hsaco,mh_pool_project_group_c64,False,2331,2484,153,11768,12288,100,102,29,29,2304,2304,0,0,32,32,44,44
gfx1201,multihead-fast-padded-wave-packed.hsaco,mh_pool_project_production,False,1314,1345,31,6656,6632,48,47,21,26,0,0,0,0,32,32,44,44
gfx1201,multihead-fast-padded-wave-packed.hsaco,mh_pool_project_production_h16w,False,1387,1391,4,7040,6872,62,62,20,20,0,0,0,0,32,32,44,44
gfx1201,multihead-fast-padded-wave-packed.hsaco,mh_probabilities_fast,False,572,579,7,3284,3264,50,50,12,12,0,0,0,0,32,32,24,24
gfx1201,multihead-fast-padded-wave-packed.hsaco,mh_qkv_fast,False,340,348,8,1796,1824,26,26,16,16,4608,4608,0,0,32,32,32,32
gfx1201,multihead-fast-padded-wave-packed.hsaco,mh_qkv_normalize_fast,False,1115,1115,0,6532,6144,110,110,11,11,0,0,0,0,32,32,32,32
gfx1201,multihead-fast-padded-wave-packed.hsaco,mh_qkv_normalize_fast_wave,False,395,403,8,2080,2084,9,9,11,11,0,0,0,0,32,32,32,32
gfx1201,multihead-fast-padded-wave-packed.hsaco,mh_qkv_normalize_fast_wave_fp8,False,396,402,6,2072,2080,7,7,11,11,0,0,0,0,32,32,32,32
gfx1201,multihead-fast-padded-wave-packed.hsaco,mh_qkv_normalize_frag_c512,False,1249,1283,34,7672,7736,90,90,18,18,4420,4420,0,0,32,32,28,28
gfx1201,multihead-fast-padded-wave-packed.hsaco,mh_qkv_normalize_fused,False,2335,2370,35,13492,13688,45,45,18,18,21760,21760,0,0,32,32,32,32
gfx1201,multihead-fast-padded-wave-packed.hsaco,mh_qkv_normalize_wave_c512,False,1146,1149,3,6876,6872,72,72,14,14,17680,17680,0,0,32,32,28,28
gfx1201,multihead-fast-padded-wave-packed.hsaco,mh_scores_exp_fast,False,1108,1127,19,6156,6044,67,67,16,16,0,0,0,0,32,32,36,36
gfx1201,multihead-fast-padded-wave.hsaco,mh_attention_av_fast,False,444,451,7,2472,2432,52,52,22,22,0,0,0,0,32,32,36,36
gfx1201,multihead-fast-padded-wave.hsaco,mh_attention_crop,False,2649,2727,78,13352,13484,32,32,34,46,4608,4608,0,0,32,32,64,64
gfx1201,multihead-fast-padded-wave.hsaco,mh_attention_project_fast_matrix,False,2131,2182,51,10856,10912,38,38,27,30,4608,4608,0,0,32,32,44,44
gfx1201,multihead-fast-padded-wave.hsaco,mh_attention_project_fast_matrix_fp8,False,2094,2144,50,10640,10692,34,32,27,30,4608,4608,0,0,32,32,44,44
gfx1201,multihead-fast-padded-wave.hsaco,mh_attention_project_fast_scalar,False,1433,1475,42,7144,7264,38,38,20,26,4608,4608,0,0,32,32,44,44
gfx1201,multihead-fast-padded-wave.hsaco,mh_attention_project_fast_scalar_fp8,False,1399,1442,43,6928,7052,32,32,20,26,4608,4608,0,0,32,32,44,44
gfx1201,multihead-fast-padded-wave.hsaco,mh_attention_project_frag_c512,False,1283,1284,1,6812,6776,80,80,28,28,0,0,0,0,32,32,60,60
gfx1201,multihead-fast-padded-wave.hsaco,mh_ffn_contract_fast,False,401,402,1,2232,2216,30,30,16,16,4608,4608,0,0,32,32,32,32
gfx1201,multihead-fast-padded-wave.hsaco,mh_ffn_contract_fast_fp8,False,387,387,0,2132,2124,27,26,16,16,4608,4608,0,0,32,32,32,32
gfx1201,multihead-fast-padded-wave.hsaco,mh_ffn_contract_fast_fp8_out,False,354,351,-3,1940,1936,27,26,16,16,4608,4608,0,0,32,32,32,32
gfx1201,multihead-fast-padded-wave.hsaco,mh_ffn_contract_fast_pre,False,298,306,8,1604,1616,30,30,16,16,4608,4608,0,0,32,32,32,32
gfx1201,multihead-fast-padded-wave.hsaco,mh_ffn_contract_fast_rne,False,401,402,1,2232,2216,30,30,16,16,4608,4608,0,0,32,32,32,32
gfx1201,multihead-fast-padded-wave.hsaco,mh_ffn_contract_fast_rtz,False,401,402,1,2232,2216,30,30,16,16,4608,4608,0,0,32,32,32,32
gfx1201,multihead-fast-padded-wave.hsaco,mh_ffn_expand_fast,False,495,498,3,2848,2856,32,32,16,16,4608,4608,0,0,32,32,32,32
gfx1201,multihead-fast-padded-wave.hsaco,mh_ffn_expand_fast_fp8,False,456,460,4,2656,2668,32,32,16,16,4608,4608,0,0,32,32,32,32
gfx1201,multihead-fast-padded-wave.hsaco,mh_ffn_fused_c128,False,840,842,2,6012,6020,101,101,12,12,8256,8256,0,0,32,32,28,28
gfx1201,multihead-fast-padded-wave.hsaco,mh_ffn_fused_c128_frag_project_g128_qkv,False,1475,1510,35,9768,9840,99,99,16,16,10816,10816,0,0,32,32,64,64
gfx1201,multihead-fast-padded-wave.hsaco,mh_ffn_fused_c128_frag_project_mapped_g128_qkv,False,1650,1674,24,10660,10764,98,98,25,25,10816,10816,0,0,32,32,64,64
gfx1201,multihead-fast-padded-wave.hsaco,mh_ffn_fused_c128_project,False,1026,1028,2,7160,7136,101,101,14,14,8256,8256,0,0,32,32,28,28
gfx1201,multihead-fast-padded-wave.hsaco,mh_ffn_fused_c128_project_g128,False,940,944,4,6436,6420,102,102,15,15,8256,8256,0,0,32,32,28,28
gfx1201,multihead-fast-padded-wave.hsaco,mh_ffn_fused_c128_project_g128_qkv,False,1424,1429,5,9352,9360,99,99,16,16,10816,10816,0,0,32,32,64,64
gfx1201,multihead-fast-padded-wave.hsaco,mh_ffn_fused_c128_project_g128_qkv_bn,False,1248,1241,-7,8704,8956,126,120,16,46,19520,19520,0,0,32,32,64,64
gfx1201,multihead-fast-padded-wave.hsaco,mh_ffn_fused_c128_project_g128_qkv_bytein_fb,False,1362,1365,3,9016,9024,96,96,15,15,10816,10816,0,0,32,32,64,64
gfx1201,multihead-fast-padded-wave.hsaco,mh_ffn_fused_c128_project_g128_qkv_bytein_fb_pdl,False,1477,1483,6,9612,9628,96,96,17,17,10816,10816,0,0,32,32,100,100
gfx1201,multihead-fast-padded-wave.hsaco,mh_ffn_fused_c128_project_g128_qkv_fb,False,1402,1407,5,9244,9260,99,99,16,16,10816,10816,0,0,32,32,64,64
gfx1201,multihead-fast-padded-wave.hsaco,mh_ffn_fused_c128_project_g128_qkv_fb_pdl,False,1528,1533,5,9828,9840,99,99,18,18,10816,10816,0,0,32,32,100,100
gfx1201,multihead-fast-padded-wave.hsaco,mh_ffn_fused_c128_project_mapped,False,1538,1541,3,9724,9660,102,102,28,28,8256,8256,0,0,32,32,48,48
gfx1201,multihead-fast-padded-wave.hsaco,mh_ffn_fused_c128_project_mapped_g128,False,1441,1446,5,8992,8936,102,102,28,28,8256,8256,0,0,32,32,48,48
gfx1201,multihead-fast-padded-wave.hsaco,mh_ffn_fused_c128_project_mapped_g128_qkv,False,1573,1585,12,10224,10268,99,99,25,25,10816,10816,0,0,32,32,64,64
gfx1201,multihead-fast-padded-wave.hsaco,mh_ffn_fused_c128_project_mapped_g128_qkv_bn,False,1445,1424,-21,9720,9880,126,124,25,52,19520,19520,0,0,32,32,64,64
gfx1201,multihead-fast-padded-wave.hsaco,mh_ffn_fused_c128_project_mapped_g128_qkv_bytein_fb,False,1534,1553,19,10320,10372,100,100,21,21,10816,10816,0,0,32,32,64,64
gfx1201,multihead-fast-padded-wave.hsaco,mh_ffn_fused_c128_project_mapped_g128_qkv_bytein_fb_pdl,False,1658,1678,20,10896,10948,100,100,23,23,10816,10816,0,0,32,32,100,100
gfx1201,multihead-fast-padded-wave.hsaco,mh_ffn_fused_c128_project_mapped_g128_qkv_fb,False,1606,1616,10,10432,10480,99,99,26,26,10816,10816,0,0,32,32,64,64
gfx1201,multihead-fast-padded-wave.hsaco,mh_ffn_fused_c128_project_mapped_g128_qkv_fb_pdl,False,1731,1743,12,11012,11064,99,99,28,28,10816,10816,0,0,32,32,100,100
gfx1201,multihead-fast-padded-wave.hsaco,mh_ffn_fused_c128_tiled,False,922,873,-49,6212,5780,75,75,12,12,8256,8256,0,0,32,32,28,28
gfx1201,multihead-fast-padded-wave.hsaco,mh_ffn_fused_c128_tiled_project_g128_qkv,False,1617,1649,32,10752,10904,82,82,32,16,10816,10816,0,0,32,32,64,64
gfx1201,multihead-fast-padded-wave.hsaco,mh_ffn_fused_c128_tiled_project_mapped_g128_qkv,False,1776,1798,22,11620,11752,83,83,38,24,10816,10816,0,0,32,32,64,64
gfx1201,multihead-fast-padded-wave.hsaco,mh_ffn_fused_c256,False,1003,889,-114,6676,5796,73,73,11,11,16448,16448,0,0,32,32,28,28
gfx1201,multihead-fast-padded-wave.hsaco,mh_ffn_fused_c256_frag_project_g128_qkv,False,1778,1734,-44,12036,11684,97,97,15,15,21568,21568,0,0,32,32,64,64
gfx1201,multihead-fast-padded-wave.hsaco,mh_ffn_fused_c256_frag_project_g128_qkv_bytein_fb,False,1717,1684,-33,11760,11460,97,97,15,15,21568,21568,0,0,32,32,64,64
gfx1201,multihead-fast-padded-wave.hsaco,mh_ffn_fused_c256_frag_project_g128_qkv_bytein_fb_pdl,False,1846,1811,-35,12356,12044,97,97,17,17,21568,21568,0,0,32,32,100,100
gfx1201,multihead-fast-padded-wave.hsaco,mh_ffn_fused_c256_frag_project_g128_qkv_fb,False,1750,1719,-31,11900,11600,97,97,15,15,21568,21568,0,0,32,32,64,64
gfx1201,multihead-fast-padded-wave.hsaco,mh_ffn_fused_c256_frag_project_g128_qkv_fb_pdl,False,1878,1846,-32,12500,12196,97,97,17,17,21568,21568,0,0,32,32,100,100
gfx1201,multihead-fast-padded-wave.hsaco,mh_ffn_fused_c256_frag_project_mapped_g128_qkv,False,1915,1880,-35,12812,12508,97,97,23,23,21568,21568,0,0,32,32,64,64
gfx1201,multihead-fast-padded-wave.hsaco,mh_ffn_fused_c256_frag_project_mapped_g128_qkv_bytein_fb,False,1918,1876,-42,13128,12860,99,99,21,21,21568,21568,0,0,32,32,64,64
gfx1201,multihead-fast-padded-wave.hsaco,mh_ffn_fused_c256_frag_project_mapped_g128_qkv_bytein_fb_pdl,False,2041,2003,-38,13700,13444,99,99,23,23,21568,21568,0,0,32,32,100,100
gfx1201,multihead-fast-padded-wave.hsaco,mh_ffn_fused_c256_frag_project_mapped_g128_qkv_fb,False,1952,1912,-40,13044,12740,97,97,24,24,21568,21568,0,0,32,32,64,64
gfx1201,multihead-fast-padded-wave.hsaco,mh_ffn_fused_c256_frag_project_mapped_g128_qkv_fb_pdl,False,2077,2038,-39,13624,13320,97,97,26,26,21568,21568,0,0,32,32,100,100
gfx1201,multihead-fast-padded-wave.hsaco,mh_ffn_fused_c256_tiled,False,911,864,-47,6088,5728,74,74,11,11,16448,16448,0,0,32,32,28,28
gfx1201,multihead-fast-padded-wave.hsaco,mh_ffn_fused_c256_tiled_project,False,1102,1058,-44,7380,7024,74,74,13,11,16448,16448,0,0,32,32,28,28
gfx1201,multihead-fast-padded-wave.hsaco,mh_ffn_fused_c256_tiled_project_g128,False,1193,1189,-4,8120,8052,77,77,26,12,16448,16448,0,0,32,32,28,28
gfx1201,multihead-fast-padded-wave.hsaco,mh_ffn_fused_c256_tiled_project_g128_qkv,False,1802,1820,18,12020,12260,81,81,30,16,21568,21568,0,0,32,32,64,64
gfx1201,multihead-fast-padded-wave.hsaco,mh_ffn_fused_c256_tiled_project_g128_qkv_bytein_fb,False,1743,1758,15,11716,11952,80,80,30,16,21568,21568,0,0,32,32,64,64
gfx1201,multihead-fast-padded-wave.hsaco,mh_ffn_fused_c256_tiled_project_g128_qkv_fb,False,1786,1800,14,11928,12156,81,81,30,16,21568,21568,0,0,32,32,64,64
gfx1201,multihead-fast-padded-wave.hsaco,mh_ffn_fused_c256_tiled_project_mapped,False,1585,1543,-42,9844,9436,74,74,26,26,16448,16448,0,0,32,32,48,48
gfx1201,multihead-fast-padded-wave.hsaco,mh_ffn_fused_c256_tiled_project_mapped_g128,False,1679,1676,-3,10576,10456,77,77,32,26,16448,16448,0,0,32,32,48,48
gfx1201,multihead-fast-padded-wave.hsaco,mh_ffn_fused_c256_tiled_project_mapped_g128_qkv,False,1950,1979,29,12792,13072,81,81,37,23,21568,21568,0,0,32,32,64,64
gfx1201,multihead-fast-padded-wave.hsaco,mh_ffn_fused_c256_tiled_project_mapped_g128_qkv_bytein_fb,False,1915,1938,23,12920,13204,81,81,30,21,21568,21568,0,0,32,32,64,64
gfx1201,multihead-fast-padded-wave.hsaco,mh_ffn_fused_c256_tiled_project_mapped_g128_qkv_fb,False,1988,2018,30,13024,13328,81,81,38,24,21568,21568,0,0,32,32,64,64
gfx1201,multihead-fast-padded-wave.hsaco,mh_ffn_fused_c64,False,721,723,2,5084,5092,100,100,15,15,4160,4160,0,0,32,32,28,28
gfx1201,multihead-fast-padded-wave.hsaco,mh_ffn_fused_c64_frag_project_g128_qkv,False,1352,1366,14,8772,8788,96,96,16,16,5440,5440,0,0,32,32,64,64
gfx1201,multihead-fast-padded-wave.hsaco,mh_ffn_fused_c64_frag_project_mapped_g128_qkv,False,1469,1486,17,9436,9496,97,97,25,25,5440,5440,0,0,32,32,64,64
gfx1201,multihead-fast-padded-wave.hsaco,mh_ffn_fused_c64_project,False,904,907,3,6268,6216,100,100,18,18,4160,4160,0,0,32,32,28,28
gfx1201,multihead-fast-padded-wave.hsaco,mh_ffn_fused_c64_project_g128,False,884,887,3,6072,6024,100,100,19,19,4160,4160,0,0,32,32,28,28
gfx1201,multihead-fast-padded-wave.hsaco,mh_ffn_fused_c64_project_g128_qkv,False,1283,1282,-1,8364,8356,98,98,16,16,5440,5440,0,0,32,32,64,64
gfx1201,multihead-fast-padded-wave.hsaco,mh_ffn_fused_c64_project_g128_qkv_bn,False,1153,1141,-12,7784,7696,98,97,16,16,9792,9792,0,0,32,32,64,64
gfx1201,multihead-fast-padded-wave.hsaco,mh_ffn_fused_c64_project_g128_qkv_bytein_fb,False,1237,1239,2,8064,8076,96,96,15,15,5440,5440,0,0,32,32,64,64
gfx1201,multihead-fast-padded-wave.hsaco,mh_ffn_fused_c64_project_g128_qkv_bytein_fb_pdl,False,1362,1367,5,8656,8672,96,96,17,17,5440,5440,0,0,32,32,100,100
gfx1201,multihead-fast-padded-wave.hsaco,mh_ffn_fused_c64_project_g128_qkv_fb,False,1261,1260,-1,8232,8232,98,98,16,16,5440,5440,0,0,32,32,64,64
gfx1201,multihead-fast-padded-wave.hsaco,mh_ffn_fused_c64_project_g128_qkv_fb_pdl,False,1380,1382,2,8820,8824,98,98,18,18,5440,5440,0,0,32,32,100,100
gfx1201,multihead-fast-padded-wave.hsaco,mh_ffn_fused_c64_project_mapped,False,1380,1387,7,8608,8560,101,101,28,28,4160,4160,0,0,32,32,48,48
gfx1201,multihead-fast-padded-wave.hsaco,mh_ffn_fused_c64_project_mapped_g128,False,1354,1362,8,8404,8360,100,100,28,28,4160,4160,0,0,32,32,48,48
gfx1201,multihead-fast-padded-wave.hsaco,mh_ffn_fused_c64_project_mapped_g128_qkv,False,1393,1394,1,8964,8972,96,96,25,25,5440,5440,0,0,32,32,64,64
gfx1201,multihead-fast-padded-wave.hsaco,mh_ffn_fused_c64_project_mapped_g128_qkv_bn,False,1262,1253,-9,8420,8364,98,97,25,25,9792,9792,0,0,32,32,64,64
gfx1201,multihead-fast-padded-wave.hsaco,mh_ffn_fused_c64_project_mapped_g128_qkv_bytein_fb,False,1304,1316,12,8712,8760,97,97,20,20,5440,5440,0,0,32,32,64,64
gfx1201,multihead-fast-padded-wave.hsaco,mh_ffn_fused_c64_project_mapped_g128_qkv_bytein_fb_pdl,False,1425,1434,9,9272,9304,97,97,22,22,5440,5440,0,0,32,32,100,100
gfx1201,multihead-fast-padded-wave.hsaco,mh_ffn_fused_c64_project_mapped_g128_qkv_fb,False,1373,1374,1,8856,8872,96,96,25,25,5440,5440,0,0,32,32,64,64
gfx1201,multihead-fast-padded-wave.hsaco,mh_ffn_fused_c64_project_mapped_g128_qkv_fb_pdl,False,1488,1496,8,9416,9460,96,96,27,27,5440,5440,0,0,32,32,100,100
gfx1201,multihead-fast-padded-wave.hsaco,mh_ffn_fused_c64_tiled,False,939,850,-89,6252,5696,75,75,12,12,4160,4160,0,0,32,32,28,28
gfx1201,multihead-fast-padded-wave.hsaco,mh_ffn_fused_c64_tiled_project_g128_qkv,False,1565,1585,20,10280,10404,81,81,32,16,5440,5440,0,0,32,32,64,64
gfx1201,multihead-fast-padded-wave.hsaco,mh_ffn_fused_c64_tiled_project_mapped_g128_qkv,False,1660,1684,24,10780,10920,82,82,38,24,5440,5440,0,0,32,32,64,64
gfx1201,multihead-fast-padded-wave.hsaco,mh_ffn_project_fast,False,605,633,28,3372,3460,38,38,17,26,4608,4608,0,0,32,32,40,40
gfx1201,multihead-fast-padded-wave.hsaco,mh_ffn_project_fast_fp8,False,570,596,26,3144,3232,32,32,17,26,4608,4608,0,0,32,32,40,40
gfx1201,multihead-fast-padded-wave.hsaco,mh_pool_project_fused_c128,False,3445,3690,245,17628,18372,152,152,22,23,0,0,144,144,32,32,44,44
gfx1201,multihead-fast-padded-wave.hsaco,mh_pool_project_fused_c256,False,3884,4121,237,20332,21072,192,192,22,23,0,0,272,272,32,32,44,44
gfx1201,multihead-fast-padded-wave.hsaco,mh_pool_project_fused_c64,False,6334,5028,-1306,32732,25008,128,121,80,23,0,0,0,0,32,32,44,44
gfx1201,multihead-fast-padded-wave.hsaco,mh_pool_project_group_c128,False,2289,2439,150,11568,12056,98,98,29,29,4352,4352,0,0,32,32,44,44
gfx1201,multihead-fast-padded-wave.hsaco,mh_pool_project_group_c256,False,2283,2439,156,11540,12032,98,98,29,29,8448,8448,0,0,32,32,44,44
gfx1201,multihead-fast-padded-wave.hsaco,mh_pool_project_group_c64,False,2331,2484,153,11768,12288,100,102,29,29,2304,2304,0,0,32,32,44,44
gfx1201,multihead-fast-padded-wave.hsaco,mh_pool_project_production,False,1314,1345,31,6656,6632,48,47,21,26,0,0,0,0,32,32,44,44
gfx1201,multihead-fast-padded-wave.hsaco,mh_pool_project_production_h16w,False,1387,1391,4,7040,6872,62,62,20,20,0,0,0,0,32,32,44,44
gfx1201,multihead-fast-padded-wave.hsaco,mh_probabilities_fast,False,572,579,7,3284,3264,50,50,12,12,0,0,0,0,32,32,24,24
gfx1201,multihead-fast-padded-wave.hsaco,mh_qkv_fast,False,369,380,11,2000,2040,32,32,16,16,4608,4608,0,0,32,32,32,32
gfx1201,multihead-fast-padded-wave.hsaco,mh_qkv_normalize_fast,False,1115,1115,0,6532,6144,110,110,11,11,0,0,0,0,32,32,32,32
gfx1201,multihead-fast-padded-wave.hsaco,mh_qkv_normalize_fast_wave,False,395,403,8,2080,2084,9,9,11,11,0,0,0,0,32,32,32,32
gfx1201,multihead-fast-padded-wave.hsaco,mh_qkv_normalize_fast_wave_fp8,False,396,402,6,2072,2080,7,7,11,11,0,0,0,0,32,32,32,32
gfx1201,multihead-fast-padded-wave.hsaco,mh_qkv_normalize_frag_c512,False,1249,1283,34,7672,7736,90,90,18,18,4420,4420,0,0,32,32,28,28
gfx1201,multihead-fast-padded-wave.hsaco,mh_qkv_normalize_fused,False,2497,2541,44,14508,14924,45,45,20,19,21760,21760,0,0,32,32,32,32
gfx1201,multihead-fast-padded-wave.hsaco,mh_qkv_normalize_wave_c512,False,1146,1149,3,6876,6872,72,72,14,14,17680,17680,0,0,32,32,28,28
gfx1201,multihead-fast-padded-wave.hsaco,mh_scores_exp_fast,False,1108,1127,19,6156,6044,67,67,16,16,0,0,0,0,32,32,36,36
gfx1201,multihead-fast.hsaco,mh_attention_av_fast,False,564,570,6,3072,3028,52,52,22,22,0,0,0,0,32,32,36,36
gfx1201,multihead-fast.hsaco,mh_attention_project_fast_matrix,False,2624,2710,86,14104,14488,95,97,51,51,4096,4096,0,0,32,32,44,44
gfx1201,multihead-fast.hsaco,mh_attention_project_fast_scalar,False,1805,1894,89,8936,9304,38,38,20,26,4096,4096,0,0,32,32,44,44
gfx1201,multihead-fast.hsaco,mh_ffn_contract_fast,False,488,501,13,2584,2636,30,30,16,16,4096,4096,0,0,32,32,32,32
gfx1201,multihead-fast.hsaco,mh_ffn_contract_fast_pre,False,295,301,6,1564,1588,30,30,16,16,4096,4096,0,0,32,32,32,32
gfx1201,multihead-fast.hsaco,mh_ffn_contract_fast_rne,False,488,501,13,2584,2636,30,30,16,16,4096,4096,0,0,32,32,32,32
gfx1201,multihead-fast.hsaco,mh_ffn_contract_fast_rtz,False,488,501,13,2584,2636,30,30,16,16,4096,4096,0,0,32,32,32,32
gfx1201,multihead-fast.hsaco,mh_ffn_expand_fast,False,580,642,62,3248,3640,32,32,16,16,4096,4096,0,0,32,32,32,32
gfx1201,multihead-fast.hsaco,mh_ffn_project_fast,False,684,721,37,3728,3860,38,38,17,26,4096,4096,0,0,32,32,40,40
gfx1201,multihead-fast.hsaco,mh_pool_project_production,False,1410,1441,31,7136,7112,48,47,21,26,0,0,0,0,32,32,44,44
gfx1201,multihead-fast.hsaco,mh_probabilities_fast,False,678,694,16,3716,3732,50,50,12,12,0,0,0,0,32,32,24,24
gfx1201,multihead-fast.hsaco,mh_qkv_fast,False,364,375,11,1964,2004,32,32,16,16,4096,4096,0,0,32,32,32,32
gfx1201,multihead-fast.hsaco,mh_qkv_normalize_fast,False,3520,3565,45,20560,19972,148,148,11,11,0,0,0,0,32,32,32,32
gfx1201,multihead-fast.hsaco,mh_scores_exp_fast,False,1108,1127,19,6156,6044,67,67,16,16,0,0,0,0,32,32,36,36
gfx1201,multihead-reference.hsaco,mh_attention_av,False,580,589,9,3092,3084,18,18,17,17,0,0,0,0,32,32,36,36
gfx1201,multihead-reference.hsaco,mh_attention_project,False,778,800,22,4460,4280,12,12,15,15,0,0,0,0,32,32,44,44
gfx1201,multihead-reference.hsaco,mh_ffn_contract,False,338,343,5,1856,1808,70,70,13,13,0,0,0,0,32,32,32,32
gfx1201,multihead-reference.hsaco,mh_ffn_expand,False,771,796,25,4420,4272,12,12,12,12,0,0,0,0,32,32,32,32
gfx1201,multihead-reference.hsaco,mh_ffn_project,False,783,802,19,4484,4292,12,12,12,12,0,0,0,0,32,32,40,40
gfx1201,multihead-reference.hsaco,mh_normalize,False,519,506,-13,2612,2508,32,32,23,23,0,0,0,0,32,32,32,32
gfx1201,multihead-reference.hsaco,mh_pool,False,279,280,1,1380,1364,12,12,12,12,0,0,0,0,32,32,40,40
gfx1201,multihead-reference.hsaco,mh_pool_project,False,855,879,24,4764,4604,12,12,16,17,0,0,0,0,32,32,44,44
gfx1201,multihead-reference.hsaco,mh_probabilities,False,363,368,5,2044,2040,37,37,10,10,0,0,0,0,32,32,24,24
gfx1201,multihead-reference.hsaco,mh_qkv,False,691,712,21,4264,4088,13,13,12,12,0,0,0,0,32,32,32,32
gfx1201,multihead-reference.hsaco,mh_scores_exp,False,694,699,5,4008,3840,75,75,13,13,0,0,0,0,32,32,36,36
gfx1201,multihead-reference.hsaco,mh_shift_crop,False,156,158,2,728,728,6,6,11,11,0,0,0,0,32,32,40,40
gfx1201,multihead-reference.hsaco,mh_shift_pack,False,184,187,3,848,852,6,6,18,18,0,0,0,0,32,32,48,48
gfx1201,multihead-reference.hsaco,mh_split_project,False,769,790,21,4416,4232,12,12,12,12,0,0,0,0,32,32,40,40
gfx1201,multihead-tiled.hsaco,mh_attention_project_tiled,False,1040,1084,44,5584,5712,42,42,20,26,4096,4096,0,0,32,32,44,44
gfx1201,multihead-tiled.hsaco,mh_dense_tiled_probe,False,973,1012,39,5192,5300,41,41,20,26,4096,4096,0,0,32,32,52,52
gfx1201,multihead-tiled.hsaco,mh_ffn_contract_tiled,False,784,805,21,4328,4416,35,35,16,16,4096,4096,0,0,32,32,32,32
gfx1201,multihead-tiled.hsaco,mh_ffn_expand_tiled,False,949,1020,71,5256,5688,36,36,16,16,4096,4096,0,0,32,32,32,32
gfx1201,multihead-tiled.hsaco,mh_ffn_project_tiled,False,997,1046,49,5512,5704,42,42,17,26,4096,4096,0,0,32,32,40,40
gfx1201,multihead-tiled.hsaco,mh_pool_project_tiled,False,1450,1442,-8,7264,7112,36,36,24,25,4096,4096,0,0,32,32,44,44
gfx1201,multihead-tiled.hsaco,mh_qkv_tiled,False,379,389,10,2064,2100,36,36,16,16,4096,4096,0,0,32,32,32,32
gfx1201,multihead-wmma.hsaco,mh_attention_av_wmma,False,3197,3249,52,18096,18128,50,50,24,24,0,0,0,0,32,32,36,36
gfx1201,multihead-wmma.hsaco,mh_attention_project_wmma,False,1356,1429,73,7564,7896,85,85,25,28,0,0,0,0,32,32,44,44
gfx1201,multihead-wmma.hsaco,mh_ffn_contract_wmma,False,1104,1151,47,6376,6532,77,77,15,15,0,0,0,0,32,32,32,32
gfx1201,multihead-wmma.hsaco,mh_ffn_expand_wmma,False,1229,1318,89,7044,7460,77,77,15,15,0,0,0,0,32,32,32,32
gfx1201,multihead-wmma.hsaco,mh_ffn_project_wmma,False,1290,1363,73,7424,7704,85,85,23,30,0,0,0,0,32,32,40,40
gfx1201,multihead-wmma.hsaco,mh_pool_project_wmma,False,1928,1993,65,9956,10000,77,77,25,26,0,0,0,0,32,32,44,44
gfx1201,multihead-wmma.hsaco,mh_qkv_wmma,False,661,701,40,3920,4052,77,77,16,16,0,0,0,0,32,32,32,32
gfx1201,multihead-wmma.hsaco,mh_scores_exp_wmma,False,1594,1614,20,8764,8684,69,69,15,15,0,0,0,0,32,32,36,36
gfx1201,multihead-wmma.hsaco,mh_split_project_wmma,False,1300,1373,73,7460,7748,85,85,23,30,0,0,0,0,32,32,40,40
gfx1201,multihead_fused_attention.hsaco,c128_attention_project,False,2032,2025,-7,12920,12768,94,94,28,28,17664,17664,0,0,32,32,60,60
gfx1201,multihead_fused_attention.hsaco,c128_attention_project_diag,False,1583,1588,5,10508,10480,91,91,28,34,17664,17664,0,0,32,32,60,60
gfx1201,multihead_fused_attention.hsaco,c128_attention_project_fb,False,1874,1895,21,11432,11948,95,94,36,28,17664,17664,0,0,32,32,60,60
gfx1201,multihead_fused_attention.hsaco,c128_attention_project_fb_bout,False,1871,1893,22,11444,11972,95,94,36,28,17664,17664,0,0,32,32,60,60
gfx1201,multihead_fused_attention.hsaco,c128_attention_project_fb_bout_diag,False,1495,1496,1,9832,9784,92,92,28,34,17664,17664,0,0,32,32,60,60
gfx1201,multihead_fused_attention.hsaco,c128_attention_project_fb_bout_diag_pdl,False,1589,1592,3,10276,10236,92,92,28,28,17664,17664,0,0,32,32,92,92
gfx1201,multihead_fused_attention.hsaco,c128_attention_project_fb_diag,False,1489,1495,6,9800,9764,92,92,28,34,17664,17664,0,0,32,32,60,60
gfx1201,multihead_fused_attention.hsaco,c128_attention_project_fb_diag_pdl,False,1584,1590,6,10252,10216,92,92,28,28,17664,17664,0,0,32,32,92,92
gfx1201,multihead_fused_attention.hsaco,c256_attention_project,False,2334,2354,20,14928,14752,107,107,34,34,25856,25856,0,0,32,32,60,60
gfx1201,multihead_fused_attention.hsaco,c256_attention_project_diag,False,1890,1900,10,12520,12352,119,119,34,34,25856,25856,0,0,32,32,60,60
gfx1201,multihead_fused_attention.hsaco,c256_attention_project_fb,False,2220,2227,7,13564,13936,106,107,39,34,25856,25856,0,0,32,32,60,60
gfx1201,multihead_fused_attention.hsaco,c256_attention_project_fb_bout,False,2221,2223,2,13580,13952,106,107,39,34,25856,25856,0,0,32,32,60,60
gfx1201,multihead_fused_attention.hsaco,c256_attention_project_fb_bout_diag,False,1818,1825,7,11908,11736,118,118,34,34,25856,25856,0,0,32,32,60,60
gfx1201,multihead_fused_attention.hsaco,c256_attention_project_fb_bout_diag_pdl,False,1912,1918,6,12360,12184,119,119,34,34,25856,25856,0,0,32,32,92,92
gfx1201,multihead_fused_attention.hsaco,c256_attention_project_fb_diag,False,1818,1826,8,11896,11720,120,120,34,34,25856,25856,0,0,32,32,60,60
gfx1201,multihead_fused_attention.hsaco,c256_attention_project_fb_diag_pdl,False,1916,1924,8,12364,12188,121,121,34,34,25856,25856,0,0,32,32,92,92
gfx1201,multihead_fused_attention.hsaco,c64_attention_project,False,1959,1954,-5,12500,12340,95,95,28,28,8960,8960,0,0,32,32,60,60
gfx1201,multihead_fused_attention.hsaco,c64_attention_project_diag,False,1540,1532,-8,10192,10096,91,91,28,34,8960,8960,0,0,32,32,60,60
gfx1201,multihead_fused_attention.hsaco,c64_attention_project_fb,False,1839,1865,26,11124,11696,96,95,36,28,8960,8960,0,0,32,32,60,60
gfx1201,multihead_fused_attention.hsaco,c64_attention_project_fb_bout,False,1838,1864,26,11140,11716,96,95,36,28,8960,8960,0,0,32,32,60,60
gfx1201,multihead_fused_attention.hsaco,c64_attention_project_fb_bout_diag,False,1445,1436,-9,9512,9408,92,92,28,34,8960,8960,0,0,32,32,60,60
gfx1201,multihead_fused_attention.hsaco,c64_attention_project_fb_bout_diag_pdl,False,1541,1531,-10,9964,9856,92,92,28,28,8960,8960,0,0,32,32,92,92
gfx1201,multihead_fused_attention.hsaco,c64_attention_project_fb_diag,False,1456,1447,-9,9536,9424,92,92,28,34,8960,8960,0,0,32,32,60,60
gfx1201,multihead_fused_attention.hsaco,c64_attention_project_fb_diag_pdl,False,1551,1541,-10,9984,9868,92,92,28,28,8960,8960,0,0,32,32,92,92
gfx1201,multihead_fused_attention.hsaco,c64_attention_project_w16,False,1293,1330,37,8180,8384,90,91,30,30,22528,22528,0,0,32,32,60,60
gfx1201,multihead_fused_attention.hsaco,mh_attention_fused,False,1442,1475,33,9524,9456,103,103,18,18,15360,15360,0,0,32,32,36,36
gfx1201,multihead_fused_attention.hsaco,mh_attention_fused_fp8,False,1438,1471,33,9500,9432,103,103,20,20,15360,15360,0,0,32,32,36,36
gfx1201,multihead_fused_attention.hsaco,mh_attention_fused_fp8_out,False,1433,1462,29,9568,9568,103,103,20,20,15360,15360,0,0,32,32,36,36
gfx1201,prefix_fast.hsaco,dlss5_prefix_fast_features,False,2499,2502,3,12840,12840,22,22,14,14,0,0,0,0,32,32,40,40
gfx1201,prefix_fast.hsaco,dlss5_prefix_fast_fused,False,4634,4675,41,23996,24120,32,32,23,23,1024,1024,0,0,32,32,48,48
gfx1201,prefix_fast.hsaco,dlss5_prefix_fast_fused_raster,False,4633,4674,41,23988,24112,32,32,23,23,1024,1024,0,0,32,32,48,48
gfx1201,prefix_fast.hsaco,dlss5_prefix_fast_project,False,1348,1362,14,7104,7124,28,28,13,13,0,0,0,0,32,32,28,28
gfx1201,vit-stream.hsaco,decoder_project2x,False,587,609,22,3168,3160,40,39,25,25,0,0,0,0,32,32,56,56
gfx1201,vit-stream.hsaco,decoder_project2x_h16w,False,5940,6004,64,32664,32472,64,64,34,34,0,0,0,0,32,32,56,56
gfx1201,vit-stream.hsaco,decoder_project2x_h16w_byteout,False,5978,6038,60,32788,32712,64,64,34,34,0,0,0,0,32,32,56,56
gfx1201,vit-stream.hsaco,reuse_decide,False,396,413,17,2020,2072,14,14,17,17,0,0,0,0,32,32,60,60
gfx1201,vit-stream.hsaco,reuse_finish,False,646,653,7,3864,3664,11,11,27,27,0,0,0,0,32,32,84,84
gfx1201,vit-stream.hsaco,reuse_image_commit,False,161,168,7,968,932,5,5,8,8,0,0,0,0,32,32,28,28
gfx1201,vit-stream.hsaco,reuse_image_stats,False,250,252,2,1360,1364,14,14,22,22,0,0,0,0,32,32,48,48
gfx1201,vit-stream.hsaco,reuse_token_stats,False,218,218,0,1180,1164,14,14,17,17,0,0,0,0,32,32,48,48
gfx1201,vit-stream.hsaco,split_contract,False,198,198,0,1156,1156,33,34,12,13,0,0,0,0,32,32,28,28
gfx1201,vit-stream.hsaco,split_contract_fp8,False,202,211,9,1176,1224,31,32,12,13,0,0,0,0,32,32,28,28
gfx1201,vit-stream.hsaco,split_expand,False,238,287,49,1452,1736,33,34,12,15,0,0,0,0,32,32,28,28
gfx1201,vit-stream.hsaco,split_expand_fp8,False,254,297,43,1556,1824,33,34,12,15,0,0,0,0,32,32,28,28
gfx1201,vit-stream.hsaco,split_ffn_fused,False,1078,1269,191,6560,7704,60,63,15,16,4160,4160,0,0,32,32,28,28
gfx1201,vit-stream.hsaco,split_ffn_fused_fp8,False,855,1063,208,5580,6916,102,118,11,19,4160,4160,0,0,32,32,28,28
gfx1201,vit-stream.hsaco,split_ffn_fused_fp8_mix,False,980,1176,196,6280,7552,103,105,13,38,6464,6464,0,0,32,32,28,28
gfx1201,vit-stream.hsaco,split_ffn_fused_fp8_t8,False,919,1142,223,6140,7460,111,111,14,22,4160,4160,0,0,32,32,36,36
gfx1201,vit-stream.hsaco,split_mix,False,200,189,-11,1160,1092,35,31,11,12,0,0,0,0,32,32,28,28
gfx1201,vit-stream.hsaco,split_mix_blocked,False,514,515,1,3084,3072,80,80,11,11,0,0,0,0,32,32,28,28
gfx1201,vit-stream.hsaco,split_mix_blocked_h16w,False,497,497,0,3032,3004,91,91,11,11,0,0,0,0,32,32,28,28
gfx1201,vit-stream.hsaco,split_projection,False,245,246,1,1500,1488,32,32,12,12,0,0,0,0,32,32,36,36
gfx1201,vit-stream.hsaco,split_projection_blocked,False,667,668,1,4048,4008,68,68,12,12,0,0,0,0,32,32,36,36
gfx1201,vit-stream.hsaco,split_projection_blocked_t8,False,878,953,75,5528,5776,74,74,16,16,0,0,0,0,32,32,44,44
gfx1201,vit-stream.hsaco,split_projection_frag,False,859,920,61,5348,5608,83,84,17,17,0,0,0,0,32,32,44,44
gfx1201,vit-stream.hsaco,vit_attention_av_fast,False,486,485,-1,3092,2956,48,48,17,17,0,0,0,0,32,32,48,48
gfx1201,vit-stream.hsaco,vit_attention_fused_256,False,1197,1199,2,7588,7552,91,91,16,16,1536,1536,0,0,32,32,32,32
gfx1201,vit-stream.hsaco,vit_attention_fused_256_bytein,False,938,937,-1,5568,5564,75,75,17,17,1536,1536,0,0,32,32,32,32
gfx1201,vit-stream.hsaco,vit_attention_fused_256_bytein_bout,False,958,957,-1,5732,5732,75,75,17,17,1536,1536,0,0,32,32,32,32
gfx1201,vit-stream.hsaco,vit_attention_fused_400,False,1197,1199,2,7588,7552,91,91,16,16,1536,1536,0,0,32,32,32,32
gfx1201,vit-stream.hsaco,vit_attention_fused_400_bytein,False,938,937,-1,5568,5564,75,75,17,17,1536,1536,0,0,32,32,32,32
gfx1201,vit-stream.hsaco,vit_attention_fused_400_bytein_bout,False,958,957,-1,5732,5732,75,75,17,17,1536,1536,0,0,32,32,32,32
gfx1201,vit-stream.hsaco,vit_attention_fused_640,False,1197,1199,2,7588,7552,91,91,16,16,1536,1536,0,0,32,32,32,32
gfx1201,vit-stream.hsaco,vit_attention_fused_640_bytein,False,938,937,-1,5568,5564,75,75,17,17,1536,1536,0,0,32,32,32,32
gfx1201,vit-stream.hsaco,vit_attention_fused_640_bytein_bout,False,958,957,-1,5732,5732,75,75,17,17,1536,1536,0,0,32,32,32,32
gfx1201,vit-stream.hsaco,vit_attention_inverse_fast,False,265,267,2,1584,1556,34,34,10,10,0,0,0,0,32,32,32,32
gfx1201,vit-stream.hsaco,vit_attention_scores_fast,False,771,780,9,4552,4564,66,66,13,14,0,0,0,0,32,32,32,32
gfx1201,vit-stream.hsaco,vit_contract_blocked_fp8,False,1830,1870,40,12132,11712,235,235,26,26,0,0,0,0,32,32,56,56
gfx1201,vit-stream.hsaco,vit_contract_blocked_fp8_bstream,False,1872,1924,52,12488,12100,234,234,26,26,0,0,0,0,32,32,56,56
gfx1201,vit-stream.hsaco,vit_contract_blocked_fp8_frag,False,1077,1091,14,7160,7104,205,205,12,12,0,0,0,0,32,32,56,56
gfx1201,vit-stream.hsaco,vit_contract_blocked_fp8_hstream,False,1862,1915,53,12272,11836,235,235,26,26,0,0,0,0,32,32,56,56
gfx1201,vit-stream.hsaco,vit_contract_blocked_fp8_tiled,False,743,744,1,4632,4596,104,104,21,21,0,0,0,0,32,32,56,56
gfx1201,vit-stream.hsaco,vit_contract_blocked_fp8_tiled_bstream,False,822,834,12,5052,5056,103,103,21,21,0,0,0,0,32,32,56,56
gfx1201,vit-stream.hsaco,vit_contract_blocked_fp8_tiled_hstream,False,789,802,13,4760,4768,103,103,21,21,0,0,0,0,32,32,56,56
gfx1201,vit-stream.hsaco,vit_contract_combine,False,96,89,-7,556,492,14,14,11,11,0,0,0,0,32,32,48,48
gfx1201,vit-stream.hsaco,vit_contract_parts_blocked_fp8,False,312,324,12,2032,1964,53,53,14,14,0,0,0,0,32,32,40,40
gfx1201,vit-stream.hsaco,vit_contract_parts_blocked_fp8_tiled,False,406,421,15,2720,2664,71,70,16,22,0,0,0,0,32,32,40,40
gfx1201,vit-stream.hsaco,vit_contract_parts_fp8,False,157,154,-3,864,836,23,23,14,13,0,0,0,0,32,32,40,40
gfx1201,vit-stream.hsaco,vit_expand,False,356,422,66,2200,2484,32,32,14,16,0,0,0,0,32,32,48,48
gfx1201,vit-stream.hsaco,vit_expand_blocked_fp8,False,810,1019,209,5244,6352,69,69,14,16,0,0,0,0,32,32,48,48
gfx1201,vit-stream.hsaco,vit_expand_blocked_fp8_bytein,False,723,926,203,4592,5688,55,55,14,16,0,0,0,0,32,32,48,48
gfx1201,vit-stream.hsaco,vit_expand_blocked_fp8_frag_bytein,False,1329,1773,444,8804,11312,77,77,23,23,0,0,0,0,32,32,48,48
gfx1201,vit-stream.hsaco,vit_expand_blocked_fp8_frag_bytein_m2,False,1335,1739,404,8696,10996,86,86,22,22,0,0,0,0,32,32,48,48
gfx1201,vit-stream.hsaco,vit_expand_blocked_fp8_frag_bytein_m4,False,2595,3387,792,17012,21500,154,154,27,27,0,0,0,0,32,32,48,48
gfx1201,vit-stream.hsaco,vit_expand_blocked_fp8_frag_tiledin,False,711,923,212,4572,5764,46,46,23,23,0,0,0,0,32,32,48,48
gfx1201,vit-stream.hsaco,vit_expand_blocked_fp8_tiled,False,883,1091,208,5804,6972,95,95,20,20,0,0,0,0,32,32,48,48
gfx1201,vit-stream.hsaco,vit_expand_blocked_fp8_tiled_bytein,False,782,1004,222,5132,6316,73,73,18,18,0,0,0,0,32,32,48,48
gfx1201,vit-stream.hsaco,vit_expand_blocked_fp8_tiled_bytein_m4,False,2668,3457,789,17556,22052,153,153,25,25,0,0,0,0,32,32,48,48
gfx1201,vit-stream.hsaco,vit_expand_fp8,False,351,396,45,2156,2400,32,32,14,16,0,0,0,0,32,32,48,48
gfx1201,vit-stream.hsaco,vit_ffn_fused,False,1493,1737,244,9660,10764,151,151,14,15,16640,16640,0,0,32,32,56,56
gfx1201,vit-stream.hsaco,vit_pack_input,False,57,57,0,340,332,7,7,7,7,0,0,0,0,32,32,32,32
gfx1201,vit-stream.hsaco,vit_pack_input_tiled,False,57,57,0,352,348,10,10,7,7,0,0,0,0,32,32,32,32
gfx1201,vit-stream.hsaco,vit_project,False,1285,1323,38,8192,8048,77,77,20,20,0,0,0,0,32,32,56,56
gfx1201,vit-stream.hsaco,vit_project_bytein_bout,False,586,593,7,4088,4112,98,98,14,14,0,0,0,0,32,32,56,56
gfx1201,vit-stream.hsaco,vit_project_bytein_bout_hskip,False,593,600,7,4128,4148,99,99,14,14,0,0,0,0,32,32,56,56
gfx1201,vit-stream.hsaco,vit_project_fp8,False,1310,1344,34,8336,7972,90,90,20,20,0,0,0,0,32,32,56,56
gfx1201,vit-stream.hsaco,vit_project_frag,False,1850,1882,32,11692,11508,79,79,34,34,0,0,0,0,32,32,56,56
gfx1201,vit-stream.hsaco,vit_qkv_normalize,False,478,478,0,2724,2656,31,31,18,18,0,0,0,0,32,32,40,40
gfx1201,vit-stream.hsaco,vit_qkv_project,False,215,230,15,1204,1236,32,39,14,15,0,0,0,0,32,32,40,40
gfx1201,vit-stream.hsaco,vit_qkv_project_blocked,False,266,276,10,1604,1560,48,48,13,13,0,0,0,0,32,32,40,40
gfx1201,vit-stream.hsaco,vit_qkv_project_normalize_fused,False,848,842,-6,4768,4624,51,51,22,22,2112,2112,0,0,32,32,40,40
gfx1201,vit-stream.hsaco,vit_qkv_project_normalize_fused_f16compact,False,853,847,-6,4868,4704,60,60,22,22,2112,2112,0,0,32,32,40,40
gfx1201,vit-stream.hsaco,vit_qkv_project_normalize_fused_f16compact_fp8,False,777,783,6,4516,4500,60,60,22,22,2112,2112,0,0,32,32,40,40
gfx1201,vit-stream.hsaco,vit_qkv_project_normalize_fused_f16compact_fp8_bytein,False,776,784,8,4488,4496,58,58,22,22,2112,2112,0,0,32,32,40,40
gfx1201,vit-stream.hsaco,vit_qkv_project_normalize_fused_f16compact_fp8_frag,False,766,771,5,4440,4428,59,59,22,22,2112,2112,0,0,32,32,40,40
gfx1201,vit-stream.hsaco,vit_qkv_project_normalize_fused_f16compact_fp8_h16in,False,1164,1172,8,7860,7876,96,95,22,22,2112,2112,0,0,32,32,40,40
gfx1201,vit-stream.hsaco,vit_qkv_project_normalize_fused_f16compact_fp8_h16in_n4,False,1392,1395,3,8424,8420,192,186,22,22,4160,4160,0,0,32,32,40,40
gfx1201,vit-stream.hsaco,vit_qkv_project_normalize_fused_f16weight,False,854,847,-7,4876,4708,60,60,22,22,2112,2112,0,0,32,32,40,40
gfx1201,vit-stream.hsaco,vit_stream_contract_frag_hout,False,1099,1132,33,7292,7256,205,205,12,12,0,0,0,0,32,32,56,56
gfx1201,vit-stream.hsaco,vit_stream_project_n64_b,False,745,747,2,4576,4532,120,118,13,18,0,0,0,0,32,32,56,56
gfx1201,vit-stream.hsaco,vit_stream_project_n64_bh,False,758,760,2,4688,4676,120,118,13,18,0,0,0,0,32,32,56,56
gfx1201,vit-stream.hsaco,vit_stream_project_n64_h,False,1648,1651,3,11620,11600,160,160,14,14,0,0,0,0,32,32,56,56
gfx1201,vit-stream.hsaco,vit_stream_qkv_frag_hin,False,775,779,4,4608,4600,96,96,22,22,2112,2112,0,0,32,32,40,40
gfx1201,vit-wide-deep.hsaco,decoder_project2x,False,587,609,22,3168,3160,40,39,25,25,0,0,0,0,32,32,56,56
gfx1201,vit-wide-deep.hsaco,decoder_project2x_h16w,False,5940,6004,64,32664,32472,64,64,34,34,0,0,0,0,32,32,56,56
gfx1201,vit-wide-deep.hsaco,decoder_project2x_h16w_byteout,False,5978,6038,60,32788,32712,64,64,34,34,0,0,0,0,32,32,56,56
gfx1201,vit-wide-deep.hsaco,reuse_decide,False,396,413,17,2020,2072,14,14,17,17,0,0,0,0,32,32,60,60
gfx1201,vit-wide-deep.hsaco,reuse_finish,False,646,653,7,3864,3664,11,11,27,27,0,0,0,0,32,32,84,84
gfx1201,vit-wide-deep.hsaco,reuse_image_commit,False,161,168,7,968,932,5,5,8,8,0,0,0,0,32,32,28,28
gfx1201,vit-wide-deep.hsaco,reuse_image_stats,False,250,252,2,1360,1364,14,14,22,22,0,0,0,0,32,32,48,48
gfx1201,vit-wide-deep.hsaco,reuse_token_stats,False,218,218,0,1180,1164,14,14,17,17,0,0,0,0,32,32,48,48
gfx1201,vit-wide-deep.hsaco,split_contract,False,198,198,0,1156,1156,33,34,12,13,0,0,0,0,32,32,28,28
gfx1201,vit-wide-deep.hsaco,split_contract_fp8,False,202,211,9,1176,1224,31,32,12,13,0,0,0,0,32,32,28,28
gfx1201,vit-wide-deep.hsaco,split_expand,False,238,287,49,1452,1736,33,34,12,15,0,0,0,0,32,32,28,28
gfx1201,vit-wide-deep.hsaco,split_expand_fp8,False,254,297,43,1556,1824,33,34,12,15,0,0,0,0,32,32,28,28
gfx1201,vit-wide-deep.hsaco,split_ffn_fused,False,1078,1269,191,6560,7704,60,63,15,16,4160,4160,0,0,32,32,28,28
gfx1201,vit-wide-deep.hsaco,split_ffn_fused_fp8,False,855,1063,208,5580,6916,102,118,11,19,4160,4160,0,0,32,32,28,28
gfx1201,vit-wide-deep.hsaco,split_ffn_fused_fp8_mix,False,980,1176,196,6280,7552,103,105,13,38,6464,6464,0,0,32,32,28,28
gfx1201,vit-wide-deep.hsaco,split_ffn_fused_fp8_t8,False,919,1142,223,6140,7460,111,111,14,22,4160,4160,0,0,32,32,36,36
gfx1201,vit-wide-deep.hsaco,split_mix,False,200,189,-11,1160,1092,35,31,11,12,0,0,0,0,32,32,28,28
gfx1201,vit-wide-deep.hsaco,split_mix_blocked,False,514,515,1,3084,3072,80,80,11,11,0,0,0,0,32,32,28,28
gfx1201,vit-wide-deep.hsaco,split_mix_blocked_h16w,False,497,497,0,3032,3004,91,91,11,11,0,0,0,0,32,32,28,28
gfx1201,vit-wide-deep.hsaco,split_projection,False,245,246,1,1500,1488,32,32,12,12,0,0,0,0,32,32,36,36
gfx1201,vit-wide-deep.hsaco,split_projection_blocked,False,667,668,1,4048,4008,68,68,12,12,0,0,0,0,32,32,36,36
gfx1201,vit-wide-deep.hsaco,split_projection_blocked_t8,False,878,953,75,5528,5776,74,74,16,16,0,0,0,0,32,32,44,44
gfx1201,vit-wide-deep.hsaco,split_projection_frag,False,859,920,61,5348,5608,83,84,17,17,0,0,0,0,32,32,44,44
gfx1201,vit-wide-deep.hsaco,vit_attention_av_fast,False,486,485,-1,3092,2956,48,48,17,17,0,0,0,0,32,32,48,48
gfx1201,vit-wide-deep.hsaco,vit_attention_fused_256,False,1197,1199,2,7588,7552,91,91,16,16,1536,1536,0,0,32,32,32,32
gfx1201,vit-wide-deep.hsaco,vit_attention_fused_256_bytein,False,938,937,-1,5568,5564,75,75,17,17,1536,1536,0,0,32,32,32,32
gfx1201,vit-wide-deep.hsaco,vit_attention_fused_256_bytein_bout,False,958,957,-1,5732,5732,75,75,17,17,1536,1536,0,0,32,32,32,32
gfx1201,vit-wide-deep.hsaco,vit_attention_fused_400,False,1197,1199,2,7588,7552,91,91,16,16,1536,1536,0,0,32,32,32,32
gfx1201,vit-wide-deep.hsaco,vit_attention_fused_400_bytein,False,938,937,-1,5568,5564,75,75,17,17,1536,1536,0,0,32,32,32,32
gfx1201,vit-wide-deep.hsaco,vit_attention_fused_400_bytein_bout,False,958,957,-1,5732,5732,75,75,17,17,1536,1536,0,0,32,32,32,32
gfx1201,vit-wide-deep.hsaco,vit_attention_fused_640,False,1197,1199,2,7588,7552,91,91,16,16,1536,1536,0,0,32,32,32,32
gfx1201,vit-wide-deep.hsaco,vit_attention_fused_640_bytein,False,938,937,-1,5568,5564,75,75,17,17,1536,1536,0,0,32,32,32,32
gfx1201,vit-wide-deep.hsaco,vit_attention_fused_640_bytein_bout,False,958,957,-1,5732,5732,75,75,17,17,1536,1536,0,0,32,32,32,32
gfx1201,vit-wide-deep.hsaco,vit_attention_inverse_fast,False,265,267,2,1584,1556,34,34,10,10,0,0,0,0,32,32,32,32
gfx1201,vit-wide-deep.hsaco,vit_attention_scores_fast,False,771,780,9,4552,4564,66,66,13,14,0,0,0,0,32,32,32,32
gfx1201,vit-wide-deep.hsaco,vit_contract_blocked_fp8,False,1830,1870,40,12132,11712,235,235,26,26,0,0,0,0,32,32,56,56
gfx1201,vit-wide-deep.hsaco,vit_contract_blocked_fp8_bstream,False,1872,1924,52,12488,12100,234,234,26,26,0,0,0,0,32,32,56,56
gfx1201,vit-wide-deep.hsaco,vit_contract_blocked_fp8_frag,False,1077,1091,14,7160,7104,205,205,12,12,0,0,0,0,32,32,56,56
gfx1201,vit-wide-deep.hsaco,vit_contract_blocked_fp8_hstream,False,1862,1915,53,12272,11836,235,235,26,26,0,0,0,0,32,32,56,56
gfx1201,vit-wide-deep.hsaco,vit_contract_blocked_fp8_tiled,False,743,744,1,4632,4596,104,104,21,21,0,0,0,0,32,32,56,56
gfx1201,vit-wide-deep.hsaco,vit_contract_blocked_fp8_tiled_bstream,False,822,834,12,5052,5056,103,103,21,21,0,0,0,0,32,32,56,56
gfx1201,vit-wide-deep.hsaco,vit_contract_blocked_fp8_tiled_hstream,False,789,802,13,4760,4768,103,103,21,21,0,0,0,0,32,32,56,56
gfx1201,vit-wide-deep.hsaco,vit_contract_combine,False,96,89,-7,556,492,14,14,11,11,0,0,0,0,32,32,48,48
gfx1201,vit-wide-deep.hsaco,vit_contract_parts_blocked_fp8,False,312,324,12,2032,1964,53,53,14,14,0,0,0,0,32,32,40,40
gfx1201,vit-wide-deep.hsaco,vit_contract_parts_blocked_fp8_tiled,False,406,421,15,2720,2664,71,70,16,22,0,0,0,0,32,32,40,40
gfx1201,vit-wide-deep.hsaco,vit_contract_parts_fp8,False,157,154,-3,864,836,23,23,14,13,0,0,0,0,32,32,40,40
gfx1201,vit-wide-deep.hsaco,vit_expand,False,356,422,66,2200,2484,32,32,14,16,0,0,0,0,32,32,48,48
gfx1201,vit-wide-deep.hsaco,vit_expand_blocked_fp8,False,810,1019,209,5244,6352,69,69,14,16,0,0,0,0,32,32,48,48
gfx1201,vit-wide-deep.hsaco,vit_expand_blocked_fp8_bytein,False,723,926,203,4592,5688,55,55,14,16,0,0,0,0,32,32,48,48
gfx1201,vit-wide-deep.hsaco,vit_expand_blocked_fp8_frag_bytein,False,1329,1773,444,8804,11312,77,77,23,23,0,0,0,0,32,32,48,48
gfx1201,vit-wide-deep.hsaco,vit_expand_blocked_fp8_frag_bytein_m2,False,1335,1739,404,8696,10996,86,86,22,22,0,0,0,0,32,32,48,48
gfx1201,vit-wide-deep.hsaco,vit_expand_blocked_fp8_frag_bytein_m4,False,2595,3387,792,17012,21500,154,154,27,27,0,0,0,0,32,32,48,48
gfx1201,vit-wide-deep.hsaco,vit_expand_blocked_fp8_frag_tiledin,False,711,923,212,4572,5764,46,46,23,23,0,0,0,0,32,32,48,48
gfx1201,vit-wide-deep.hsaco,vit_expand_blocked_fp8_tiled,False,883,1091,208,5804,6972,95,95,20,20,0,0,0,0,32,32,48,48
gfx1201,vit-wide-deep.hsaco,vit_expand_blocked_fp8_tiled_bytein,False,782,1004,222,5132,6316,73,73,18,18,0,0,0,0,32,32,48,48
gfx1201,vit-wide-deep.hsaco,vit_expand_blocked_fp8_tiled_bytein_m4,False,2668,3457,789,17556,22052,153,153,25,25,0,0,0,0,32,32,48,48
gfx1201,vit-wide-deep.hsaco,vit_expand_fp8,False,351,396,45,2156,2400,32,32,14,16,0,0,0,0,32,32,48,48
gfx1201,vit-wide-deep.hsaco,vit_ffn_fused,False,1493,1737,244,9660,10764,151,151,14,15,16640,16640,0,0,32,32,56,56
gfx1201,vit-wide-deep.hsaco,vit_pack_input,False,57,57,0,340,332,7,7,7,7,0,0,0,0,32,32,32,32
gfx1201,vit-wide-deep.hsaco,vit_pack_input_tiled,False,57,57,0,352,348,10,10,7,7,0,0,0,0,32,32,32,32
gfx1201,vit-wide-deep.hsaco,vit_project,False,1285,1323,38,8192,8048,77,77,20,20,0,0,0,0,32,32,56,56
gfx1201,vit-wide-deep.hsaco,vit_project_bytein_bout,False,586,593,7,4088,4112,98,98,14,14,0,0,0,0,32,32,56,56
gfx1201,vit-wide-deep.hsaco,vit_project_bytein_bout_hskip,False,593,600,7,4128,4148,99,99,14,14,0,0,0,0,32,32,56,56
gfx1201,vit-wide-deep.hsaco,vit_project_fp8,False,1310,1344,34,8336,7972,90,90,20,20,0,0,0,0,32,32,56,56
gfx1201,vit-wide-deep.hsaco,vit_project_frag,False,1850,1882,32,11692,11508,79,79,34,34,0,0,0,0,32,32,56,56
gfx1201,vit-wide-deep.hsaco,vit_project_frag_n64,False,1637,1641,4,11476,11464,160,160,14,14,0,0,0,0,32,32,56,56
gfx1201,vit-wide-deep.hsaco,vit_qkv_normalize,False,478,478,0,2724,2656,31,31,18,18,0,0,0,0,32,32,40,40
gfx1201,vit-wide-deep.hsaco,vit_qkv_project,False,215,230,15,1204,1236,32,39,14,15,0,0,0,0,32,32,40,40
gfx1201,vit-wide-deep.hsaco,vit_qkv_project_blocked,False,266,276,10,1604,1560,48,48,13,13,0,0,0,0,32,32,40,40
gfx1201,vit-wide-deep.hsaco,vit_qkv_project_normalize_fused,False,848,842,-6,4768,4624,51,51,22,22,2112,2112,0,0,32,32,40,40
gfx1201,vit-wide-deep.hsaco,vit_qkv_project_normalize_fused_f16compact,False,853,847,-6,4868,4704,60,60,22,22,2112,2112,0,0,32,32,40,40
gfx1201,vit-wide-deep.hsaco,vit_qkv_project_normalize_fused_f16compact_fp8,False,777,783,6,4516,4500,60,60,22,22,2112,2112,0,0,32,32,40,40
gfx1201,vit-wide-deep.hsaco,vit_qkv_project_normalize_fused_f16compact_fp8_bytein,False,776,784,8,4488,4496,58,58,22,22,2112,2112,0,0,32,32,40,40
gfx1201,vit-wide-deep.hsaco,vit_qkv_project_normalize_fused_f16compact_fp8_frag,False,766,771,5,4440,4428,59,59,22,22,2112,2112,0,0,32,32,40,40
gfx1201,vit-wide-deep.hsaco,vit_qkv_project_normalize_fused_f16compact_fp8_h16in,False,1164,1172,8,7860,7876,96,95,22,22,2112,2112,0,0,32,32,40,40
gfx1201,vit-wide-deep.hsaco,vit_qkv_project_normalize_fused_f16compact_fp8_h16in_n4,False,1392,1395,3,8424,8420,192,186,22,22,4160,4160,0,0,32,32,40,40
gfx1201,vit-wide-deep.hsaco,vit_qkv_project_normalize_fused_f16weight,False,854,847,-7,4876,4708,60,60,22,22,2112,2112,0,0,32,32,40,40
gfx1201,wave-pointwise.hsaco,c32_attn_av,False,431,453,22,2668,2644,74,74,11,11,0,0,0,0,32,32,28,28
gfx1201,wave-pointwise.hsaco,c32_attn_normalize,False,439,420,-19,2256,2120,31,31,26,26,0,0,0,0,32,32,28,28
gfx1201,wave-pointwise.hsaco,c32_attn_normalize_wave,False,714,723,9,3692,3676,16,16,18,18,0,0,0,0,32,32,28,28
gfx1201,wave-pointwise.hsaco,c32_attn_probabilities,False,331,334,3,1896,1884,37,37,10,10,0,0,0,0,32,32,20,20
gfx1201,wave-pointwise.hsaco,c32_attn_probabilities_wave,False,234,234,0,1304,1292,15,15,9,9,0,0,0,0,32,32,20,20
gfx1201,wave-pointwise.hsaco,c32_attn_project,False,219,221,2,1276,1268,71,71,12,12,0,0,0,0,32,32,40,40
gfx1201,wave-pointwise.hsaco,c32_attn_qkv,False,281,285,4,1512,1508,17,17,12,12,0,0,0,0,32,32,28,28
gfx1201,wave-pointwise.hsaco,c32_attn_scores,False,261,263,2,1428,1424,68,68,10,10,0,0,0,0,32,32,28,28
gfx1201,wave-pointwise.hsaco,c32_ffn_contract,False,203,204,1,1192,1176,71,71,12,12,0,0,0,0,32,32,40,40
gfx1201,wave-pointwise.hsaco,c32_ffn_expand,False,248,259,11,1380,1416,16,16,12,12,0,0,0,0,32,32,28,28
gfx1201,wave-pointwise.hsaco,c32_finish,False,255,261,6,1380,1380,16,16,14,14,0,0,0,0,32,32,32,32
gfx1201,wave-pointwise.hsaco,mh_normalize_wave,False,769,779,10,3956,3960,16,16,19,19,0,0,0,0,32,32,32,32
gfx1201,wave-pointwise.hsaco,mh_probabilities_wave,False,236,236,0,1312,1300,15,15,9,9,0,0,0,0,32,32,24,24
gfx1200,boundary-fast.hsaco,c32_fast_av,False,387,388,1,2376,2336,46,46,15,15,0,0,0,0,32,32,28,28
gfx1200,boundary-fast.hsaco,c32_fast_normalize,False,496,508,12,2796,2772,31,30,18,18,0,0,0,0,32,32,28,28
gfx1200,boundary-fast.hsaco,c32_fast_probabilities,False,528,541,13,3032,3004,47,47,10,10,0,0,0,0,32,32,20,20
gfx1200,boundary-fast.hsaco,c32_fast_project,False,537,538,1,3340,3324,72,72,13,13,0,0,0,0,32,32,40,40
gfx1200,boundary-fast.hsaco,c32_fast_qkv,False,284,292,8,2092,2056,81,81,12,12,0,0,0,0,32,32,28,28
gfx1200,boundary-fast.hsaco,c32_fast_scores,False,790,783,-7,4800,4712,66,66,13,13,0,0,0,0,32,32,28,28
gfx1200,boundary-fast.hsaco,c32_finish_crop_half,False,267,273,6,1356,1352,13,13,16,16,0,0,0,0,32,32,48,48
gfx1200,boundary-fast.hsaco,c32_finish_fast,False,203,206,3,1080,1064,13,13,12,12,0,0,0,0,32,32,32,32
gfx1200,boundary-fast.hsaco,c32_finish_fast_half,False,212,215,3,1112,1096,13,13,12,12,0,0,0,0,32,32,32,32
gfx1200,boundary-fast.hsaco,c32_finish_fast_half_main8,False,211,215,4,1124,1112,14,14,12,12,0,0,0,0,32,32,32,32
gfx1200,boundary-fast.hsaco,hip_post_head_fast,False,191,193,2,1096,1088,70,70,12,12,0,0,0,0,32,32,56,56
gfx1200,boundary-fast.hsaco,hip_post_head_fast_half,False,252,253,1,1300,1288,53,53,12,12,0,0,0,0,32,32,56,56
gfx1200,boundary-fast.hsaco,hip_post_merge_fast,False,86,87,1,456,448,7,7,12,12,0,0,0,0,32,32,40,40
gfx1200,boundary-fast.hsaco,hip_post_merge_fast_skip8,False,85,86,1,440,436,7,7,14,14,0,0,0,0,32,32,40,40
gfx1200,boundary_reference.hsaco,hip_c32_pack,False,92,94,2,468,468,7,7,14,14,0,0,0,0,32,32,40,40
gfx1200,boundary_reference.hsaco,hip_crop,False,122,124,2,596,596,8,8,13,13,0,0,0,0,32,32,44,44
gfx1200,boundary_reference.hsaco,hip_input_reflect,False,179,184,5,920,928,9,9,14,14,0,0,0,0,32,32,40,40
gfx1200,boundary_reference.hsaco,hip_post_head_exact,False,913,916,3,5056,5052,27,27,17,17,0,0,0,0,32,32,56,56
gfx1200,boundary_reference.hsaco,hip_post_merge,False,86,87,1,456,448,7,7,12,12,0,0,0,0,32,32,40,40
gfx1200,c32-wave1.hsaco,c32_fast_ffn_attention_fused,False,2286,2397,111,16100,16840,169,173,15,27,15360,15360,0,0,32,32,44,44
gfx1200,c32-wave1.hsaco,c32_fast_ffn_attention_fused_half,False,2742,2876,134,18816,19560,169,173,15,27,15360,15360,0,0,32,32,44,44
gfx1200,c32-wave1.hsaco,c32_fast_ffn_attention_fused_half_chain,False,3352,3476,124,21464,22044,151,154,32,30,15360,15360,0,0,32,32,72,72
gfx1200,c32-wave1.hsaco,c32_fast_ffn_attention_fused_half_chain_finish,False,3528,3617,89,22040,22576,153,156,38,38,15360,15360,0,0,32,32,80,80
gfx1200,c32-wave1.hsaco,c32_fast_ffn_attention_fused_half_chain_finish_dcrop,False,3633,3725,92,22524,23084,153,156,39,39,15360,15360,0,0,32,32,80,80
gfx1200,c32-wave1.hsaco,c32_fast_ffn_attention_fused_half_finish_main8,False,2912,3023,111,19576,20252,172,176,29,30,15360,15360,0,0,32,32,60,60
gfx1200,c32-wave1.hsaco,c32_fast_ffn_attention_fused_half_mapped,False,2929,3061,132,19648,20384,169,173,18,27,15360,15360,0,0,32,32,60,60
gfx1200,c32-wave1.hsaco,c32_fast_ffn_attention_fused_half_prefix_finish_main8,False,3202,3392,190,20752,21920,152,159,29,30,15360,15360,0,0,32,32,76,76
gfx1200,c32-wave1.hsaco,c32_post_merge_fused_half,False,2462,2516,54,16904,17380,153,157,14,26,15360,15360,0,0,32,32,68,68
gfx1200,c32-wave1.hsaco,c32_post_merge_head_half,False,2691,2740,49,17800,18240,158,162,86,86,15360,15360,0,0,32,32,88,88
gfx1200,c32-wave1.hsaco,c32_wave1_chain,False,1050,1071,21,7148,7236,134,133,26,26,4096,4096,0,0,32,32,72,72
gfx1200,c32-wave1.hsaco,c32_wave1_finish,False,2527,2489,-38,14984,14788,131,131,30,30,4096,4096,0,0,32,32,80,80
gfx1200,c32-wave1.hsaco,c32_wave1_finish_dcrop,False,2019,1984,-35,12176,12040,131,131,30,30,4096,4096,0,0,32,32,80,80
gfx1200,c32-wave1.hsaco,c32_wave1_mapped,False,1106,1107,1,7536,7560,133,131,25,26,4096,4096,0,0,32,32,60,60
gfx1200,c32-wave1.hsaco,c32_wave1_post,False,1614,1623,9,10304,10344,132,133,37,38,4096,4096,0,0,32,32,88,88
gfx1200,c32-wave1.hsaco,c32_wave1_prefix,False,1968,1952,-16,12252,12168,129,129,32,32,4096,4096,0,0,32,32,76,76
gfx1200,c32-wave1.hsaco,c32_wave1_up,False,1819,1850,31,11716,11796,154,152,26,27,4096,4096,0,0,32,32,68,68
gfx1200,c32_fast.hsaco,c32_ffn_contract_fast,False,2103,2137,34,11552,11656,39,39,25,25,3072,3072,0,0,32,32,40,40
gfx1200,c32_fast.hsaco,c32_ffn_contract_fast_map3,False,2627,2674,47,14484,14628,33,33,20,20,3072,3072,0,0,32,32,40,40
gfx1200,c32_fast.hsaco,c32_ffn_expand_fast,False,759,827,68,4332,4624,20,20,13,14,4096,4096,0,0,32,32,28,28
gfx1200,c32_fast_attention.hsaco,c32_fast_av,False,387,388,1,2376,2336,46,46,15,15,0,0,0,0,32,32,28,28
gfx1200,c32_fast_attention.hsaco,c32_fast_normalize,False,496,508,12,2796,2772,31,30,18,18,0,0,0,0,32,32,28,28
gfx1200,c32_fast_attention.hsaco,c32_fast_probabilities,False,528,541,13,3032,3004,47,47,10,10,0,0,0,0,32,32,20,20
gfx1200,c32_fast_attention.hsaco,c32_fast_project,False,537,538,1,3340,3324,72,72,13,13,0,0,0,0,32,32,40,40
gfx1200,c32_fast_attention.hsaco,c32_fast_qkv,False,284,292,8,2092,2056,81,81,12,12,0,0,0,0,32,32,28,28
gfx1200,c32_fast_attention.hsaco,c32_fast_scores,False,790,783,-7,4800,4712,66,66,13,13,0,0,0,0,32,32,28,28
gfx1200,c32_fused_attention.hsaco,c32_fast_attention_fused,False,5569,5610,41,34976,35092,122,121,17,17,15360,15360,0,0,32,32,32,32
gfx1200,c32_fused_ffn_attention-packed.hsaco,c32_fast_ffn_attention_fused,False,2286,2397,111,16100,16840,169,173,15,27,15360,15360,0,0,32,32,44,44
gfx1200,c32_fused_ffn_attention-packed.hsaco,c32_fast_ffn_attention_fused_half,False,2742,2876,134,18816,19560,169,173,15,27,15360,15360,0,0,32,32,44,44
gfx1200,c32_fused_ffn_attention-packed.hsaco,c32_fast_ffn_attention_fused_half_chain,False,3352,3476,124,21464,22044,151,154,32,30,15360,15360,0,0,32,32,72,72
gfx1200,c32_fused_ffn_attention-packed.hsaco,c32_fast_ffn_attention_fused_half_chain_finish,False,3528,3617,89,22040,22576,153,156,38,38,15360,15360,0,0,32,32,80,80
gfx1200,c32_fused_ffn_attention-packed.hsaco,c32_fast_ffn_attention_fused_half_chain_finish_dcrop,False,3633,3725,92,22524,23084,153,156,39,39,15360,15360,0,0,32,32,80,80
gfx1200,c32_fused_ffn_attention-packed.hsaco,c32_fast_ffn_attention_fused_half_finish_main8,False,2912,3023,111,19576,20252,172,176,29,30,15360,15360,0,0,32,32,60,60
gfx1200,c32_fused_ffn_attention-packed.hsaco,c32_fast_ffn_attention_fused_half_mapped,False,2929,3061,132,19648,20384,169,173,18,27,15360,15360,0,0,32,32,60,60
gfx1200,c32_fused_ffn_attention-packed.hsaco,c32_fast_ffn_attention_fused_half_prefix_finish_main8,False,3202,3392,190,20752,21920,152,159,29,30,15360,15360,0,0,32,32,76,76
gfx1200,c32_fused_ffn_attention-packed.hsaco,c32_post_merge_fused_half,False,2462,2516,54,16904,17380,153,157,14,26,15360,15360,0,0,32,32,68,68
gfx1200,c32_fused_ffn_attention-packed.hsaco,c32_post_merge_head_half,False,2691,2740,49,17800,18240,158,162,86,86,15360,15360,0,0,32,32,88,88
gfx1200,c32_fused_ffn_attention.hsaco,c32_fast_ffn_attention_fused,False,3102,3253,151,22936,23664,161,163,15,29,15360,15360,0,0,32,32,44,44
gfx1200,c32_fused_ffn_attention.hsaco,c32_fast_ffn_attention_fused_half,False,3579,3743,164,25744,26456,161,163,15,29,15360,15360,0,0,32,32,44,44
gfx1200,c32_fused_ffn_attention.hsaco,c32_fast_ffn_attention_fused_half_chain,False,4214,4314,100,28424,28904,160,163,32,34,15360,15360,0,0,32,32,72,72
gfx1200,c32_fused_ffn_attention.hsaco,c32_fast_ffn_attention_fused_half_chain_finish,False,4384,4480,96,29052,29492,162,165,38,38,15360,15360,0,0,32,32,80,80
gfx1200,c32_fused_ffn_attention.hsaco,c32_fast_ffn_attention_fused_half_chain_finish_dcrop,False,4489,4585,96,29536,29996,162,165,39,39,15360,15360,0,0,32,32,80,80
gfx1200,c32_fused_ffn_attention.hsaco,c32_fast_ffn_attention_fused_half_finish_main8,False,3749,3928,179,26536,27260,163,165,29,30,15360,15360,0,0,32,32,60,60
gfx1200,c32_fused_ffn_attention.hsaco,c32_fast_ffn_attention_fused_half_mapped,False,3738,3903,165,26540,27256,162,163,18,30,15360,15360,0,0,32,32,60,60
gfx1200,c32_fused_ffn_attention.hsaco,c32_fast_ffn_attention_fused_half_prefix_finish_main8,False,4078,4223,145,27776,28692,160,190,29,30,15360,15360,0,0,32,32,76,76
gfx1200,c32_fused_ffn_attention.hsaco,c32_post_merge_fused_half,False,3147,3234,87,22740,23240,163,167,14,26,15360,15360,0,0,32,32,68,68
gfx1200,c32_fused_ffn_attention.hsaco,c32_post_merge_head_half,False,3351,3454,103,23508,24120,165,169,86,86,15360,15360,0,0,32,32,88,88
gfx1200,c32_prefix_reference.hsaco,c32_attn_av,False,431,453,22,2668,2644,74,74,11,11,0,0,0,0,32,32,28,28
gfx1200,c32_prefix_reference.hsaco,c32_attn_normalize,False,439,420,-19,2256,2120,31,31,26,26,0,0,0,0,32,32,28,28
gfx1200,c32_prefix_reference.hsaco,c32_attn_probabilities,False,331,334,3,1896,1884,37,37,10,10,0,0,0,0,32,32,20,20
gfx1200,c32_prefix_reference.hsaco,c32_attn_project,False,219,221,2,1276,1268,71,71,12,12,0,0,0,0,32,32,40,40
gfx1200,c32_prefix_reference.hsaco,c32_attn_qkv,False,281,285,4,1512,1508,17,17,12,12,0,0,0,0,32,32,28,28
gfx1200,c32_prefix_reference.hsaco,c32_attn_scores,False,261,263,2,1428,1424,68,68,10,10,0,0,0,0,32,32,28,28
gfx1200,c32_prefix_reference.hsaco,c32_ffn_contract,False,203,204,1,1192,1176,71,71,12,12,0,0,0,0,32,32,40,40
gfx1200,c32_prefix_reference.hsaco,c32_ffn_expand,False,248,259,11,1380,1416,16,16,12,12,0,0,0,0,32,32,28,28
gfx1200,c32_prefix_reference.hsaco,c32_finish,False,255,261,6,1380,1380,16,16,14,14,0,0,0,0,32,32,32,32
gfx1200,c32_prefix_reference.hsaco,dlss5_prefix_reference,False,622,623,1,3272,3256,41,41,18,18,0,0,0,0,32,32,64,64
gfx1200,c32_tiled.hsaco,c32_attn_project_tiled,False,1077,1096,19,5956,5956,22,22,17,17,3072,3072,0,0,32,32,40,40
gfx1200,c32_tiled.hsaco,c32_attn_qkv_tiled,False,799,811,12,4364,4368,20,20,15,15,3072,3072,0,0,32,32,28,28
gfx1200,c32_tiled.hsaco,c32_ffn_contract_tiled,False,1281,1317,36,7220,7332,46,46,25,25,3072,3072,0,0,32,32,40,40
gfx1200,c32_tiled.hsaco,c32_ffn_expand_tiled,False,837,901,64,4648,4944,20,20,13,14,4096,4096,0,0,32,32,28,28
gfx1200,c32_wmma.hsaco,c32_attn_av_wmma,False,1165,1191,26,7336,7256,94,94,14,14,0,0,0,0,32,32,28,28
gfx1200,c32_wmma.hsaco,c32_attn_project_wmma,False,1024,1033,9,6036,6052,71,71,13,13,0,0,0,0,32,32,40,40
gfx1200,c32_wmma.hsaco,c32_attn_qkv_wmma,False,835,848,13,4956,4988,68,68,14,14,0,0,0,0,32,32,28,28
gfx1200,c32_wmma.hsaco,c32_attn_scores_wmma,False,1319,1334,15,7552,7556,69,69,13,13,0,0,0,0,32,32,28,28
gfx1200,c32_wmma.hsaco,c32_ffn_contract_wmma,False,2712,2748,36,16852,16964,51,51,23,23,0,0,0,0,32,32,40,40
gfx1200,c32_wmma.hsaco,c32_ffn_expand_wmma,False,2087,2176,89,12064,12476,33,33,18,18,0,0,0,0,32,32,28,28
gfx1200,c512-m32-deep.hsaco,decoder_project2x,False,587,609,22,3168,3160,40,39,25,25,0,0,0,0,32,32,56,56
gfx1200,c512-m32-deep.hsaco,decoder_project2x_h16w,False,5940,6004,64,32664,32472,64,64,34,34,0,0,0,0,32,32,56,56
gfx1200,c512-m32-deep.hsaco,decoder_project2x_h16w_byteout,False,5978,6038,60,32788,32712,64,64,34,34,0,0,0,0,32,32,56,56
gfx1200,c512-m32-deep.hsaco,reuse_decide,False,396,413,17,2020,2072,14,14,17,17,0,0,0,0,32,32,60,60
gfx1200,c512-m32-deep.hsaco,reuse_finish,False,646,653,7,3864,3664,11,11,27,27,0,0,0,0,32,32,84,84
gfx1200,c512-m32-deep.hsaco,reuse_image_commit,False,161,168,7,968,932,5,5,8,8,0,0,0,0,32,32,28,28
gfx1200,c512-m32-deep.hsaco,reuse_image_stats,False,250,252,2,1360,1364,14,14,22,22,0,0,0,0,32,32,48,48
gfx1200,c512-m32-deep.hsaco,reuse_token_stats,False,218,218,0,1180,1164,14,14,17,17,0,0,0,0,32,32,48,48
gfx1200,c512-m32-deep.hsaco,split_contract,False,198,198,0,1156,1156,33,34,12,13,0,0,0,0,32,32,28,28
gfx1200,c512-m32-deep.hsaco,split_contract_fp8,False,202,211,9,1176,1224,31,32,12,13,0,0,0,0,32,32,28,28
gfx1200,c512-m32-deep.hsaco,split_expand,False,238,287,49,1452,1736,33,34,12,15,0,0,0,0,32,32,28,28
gfx1200,c512-m32-deep.hsaco,split_expand_fp8,False,254,297,43,1556,1824,33,34,12,15,0,0,0,0,32,32,28,28
gfx1200,c512-m32-deep.hsaco,split_ffn_fused,False,1078,1269,191,6560,7704,60,63,15,16,4160,4160,0,0,32,32,28,28
gfx1200,c512-m32-deep.hsaco,split_ffn_fused_fp8,False,855,1063,208,5580,6916,102,118,11,19,4160,4160,0,0,32,32,28,28
gfx1200,c512-m32-deep.hsaco,split_ffn_fused_fp8_mix,False,980,1176,196,6280,7552,103,105,13,38,6464,6464,0,0,32,32,28,28
gfx1200,c512-m32-deep.hsaco,split_ffn_fused_fp8_t8,False,919,1142,223,6140,7460,111,111,14,22,4160,4160,0,0,32,32,36,36
gfx1200,c512-m32-deep.hsaco,split_mix,False,200,189,-11,1160,1092,35,31,11,12,0,0,0,0,32,32,28,28
gfx1200,c512-m32-deep.hsaco,split_mix_blocked,False,514,515,1,3084,3072,80,80,11,11,0,0,0,0,32,32,28,28
gfx1200,c512-m32-deep.hsaco,split_mix_blocked_h16w,False,497,497,0,3032,3004,91,91,11,11,0,0,0,0,32,32,28,28
gfx1200,c512-m32-deep.hsaco,split_mix_blocked_h16w_m32,False,1047,1048,1,6548,6420,96,96,13,13,0,0,0,0,32,32,28,28
gfx1200,c512-m32-deep.hsaco,split_projection,False,245,246,1,1500,1488,32,32,12,12,0,0,0,0,32,32,36,36
gfx1200,c512-m32-deep.hsaco,split_projection_blocked,False,667,668,1,4048,4008,68,68,12,12,0,0,0,0,32,32,36,36
gfx1200,c512-m32-deep.hsaco,split_projection_blocked_t8,False,878,953,75,5528,5776,74,74,16,16,0,0,0,0,32,32,44,44
gfx1200,c512-m32-deep.hsaco,split_projection_frag,False,859,920,61,5348,5608,83,84,17,17,0,0,0,0,32,32,44,44
gfx1200,c512-m32-deep.hsaco,vit_attention_av_fast,False,486,485,-1,3092,2956,48,48,17,17,0,0,0,0,32,32,48,48
gfx1200,c512-m32-deep.hsaco,vit_attention_fused_256,False,1197,1199,2,7588,7552,91,91,16,16,1536,1536,0,0,32,32,32,32
gfx1200,c512-m32-deep.hsaco,vit_attention_fused_256_bytein,False,938,937,-1,5568,5564,75,75,17,17,1536,1536,0,0,32,32,32,32
gfx1200,c512-m32-deep.hsaco,vit_attention_fused_256_bytein_bout,False,958,957,-1,5732,5732,75,75,17,17,1536,1536,0,0,32,32,32,32
gfx1200,c512-m32-deep.hsaco,vit_attention_fused_400,False,1197,1199,2,7588,7552,91,91,16,16,1536,1536,0,0,32,32,32,32
gfx1200,c512-m32-deep.hsaco,vit_attention_fused_400_bytein,False,938,937,-1,5568,5564,75,75,17,17,1536,1536,0,0,32,32,32,32
gfx1200,c512-m32-deep.hsaco,vit_attention_fused_400_bytein_bout,False,958,957,-1,5732,5732,75,75,17,17,1536,1536,0,0,32,32,32,32
gfx1200,c512-m32-deep.hsaco,vit_attention_fused_640,False,1197,1199,2,7588,7552,91,91,16,16,1536,1536,0,0,32,32,32,32
gfx1200,c512-m32-deep.hsaco,vit_attention_fused_640_bytein,False,938,937,-1,5568,5564,75,75,17,17,1536,1536,0,0,32,32,32,32
gfx1200,c512-m32-deep.hsaco,vit_attention_fused_640_bytein_bout,False,958,957,-1,5732,5732,75,75,17,17,1536,1536,0,0,32,32,32,32
gfx1200,c512-m32-deep.hsaco,vit_attention_inverse_fast,False,265,267,2,1584,1556,34,34,10,10,0,0,0,0,32,32,32,32
gfx1200,c512-m32-deep.hsaco,vit_attention_scores_fast,False,771,780,9,4552,4564,66,66,13,14,0,0,0,0,32,32,32,32
gfx1200,c512-m32-deep.hsaco,vit_contract_blocked_fp8,False,1830,1870,40,12132,11712,235,235,26,26,0,0,0,0,32,32,56,56
gfx1200,c512-m32-deep.hsaco,vit_contract_blocked_fp8_bstream,False,1872,1924,52,12488,12100,234,234,26,26,0,0,0,0,32,32,56,56
gfx1200,c512-m32-deep.hsaco,vit_contract_blocked_fp8_frag,False,1077,1091,14,7160,7104,205,205,12,12,0,0,0,0,32,32,56,56
gfx1200,c512-m32-deep.hsaco,vit_contract_blocked_fp8_hstream,False,1862,1915,53,12272,11836,235,235,26,26,0,0,0,0,32,32,56,56
gfx1200,c512-m32-deep.hsaco,vit_contract_blocked_fp8_tiled,False,743,744,1,4632,4596,104,104,21,21,0,0,0,0,32,32,56,56
gfx1200,c512-m32-deep.hsaco,vit_contract_blocked_fp8_tiled_bstream,False,822,834,12,5052,5056,103,103,21,21,0,0,0,0,32,32,56,56
gfx1200,c512-m32-deep.hsaco,vit_contract_blocked_fp8_tiled_hstream,False,789,802,13,4760,4768,103,103,21,21,0,0,0,0,32,32,56,56
gfx1200,c512-m32-deep.hsaco,vit_contract_combine,False,96,89,-7,556,492,14,14,11,11,0,0,0,0,32,32,48,48
gfx1200,c512-m32-deep.hsaco,vit_contract_parts_blocked_fp8,False,312,324,12,2032,1964,53,53,14,14,0,0,0,0,32,32,40,40
gfx1200,c512-m32-deep.hsaco,vit_contract_parts_blocked_fp8_tiled,False,406,421,15,2720,2664,71,70,16,22,0,0,0,0,32,32,40,40
gfx1200,c512-m32-deep.hsaco,vit_contract_parts_fp8,False,157,154,-3,864,836,23,23,14,13,0,0,0,0,32,32,40,40
gfx1200,c512-m32-deep.hsaco,vit_expand,False,356,422,66,2200,2484,32,32,14,16,0,0,0,0,32,32,48,48
gfx1200,c512-m32-deep.hsaco,vit_expand_blocked_fp8,False,810,1019,209,5244,6352,69,69,14,16,0,0,0,0,32,32,48,48
gfx1200,c512-m32-deep.hsaco,vit_expand_blocked_fp8_bytein,False,723,926,203,4592,5688,55,55,14,16,0,0,0,0,32,32,48,48
gfx1200,c512-m32-deep.hsaco,vit_expand_blocked_fp8_frag_bytein,False,1329,1773,444,8804,11312,77,77,23,23,0,0,0,0,32,32,48,48
gfx1200,c512-m32-deep.hsaco,vit_expand_blocked_fp8_frag_bytein_m2,False,1335,1739,404,8696,10996,86,86,22,22,0,0,0,0,32,32,48,48
gfx1200,c512-m32-deep.hsaco,vit_expand_blocked_fp8_frag_bytein_m4,False,2595,3387,792,17012,21500,154,154,27,27,0,0,0,0,32,32,48,48
gfx1200,c512-m32-deep.hsaco,vit_expand_blocked_fp8_frag_tiledin,False,711,923,212,4572,5764,46,46,23,23,0,0,0,0,32,32,48,48
gfx1200,c512-m32-deep.hsaco,vit_expand_blocked_fp8_tiled,False,883,1091,208,5804,6972,95,95,20,20,0,0,0,0,32,32,48,48
gfx1200,c512-m32-deep.hsaco,vit_expand_blocked_fp8_tiled_bytein,False,782,1004,222,5132,6316,73,73,18,18,0,0,0,0,32,32,48,48
gfx1200,c512-m32-deep.hsaco,vit_expand_blocked_fp8_tiled_bytein_m4,False,2668,3457,789,17556,22052,153,153,25,25,0,0,0,0,32,32,48,48
gfx1200,c512-m32-deep.hsaco,vit_expand_fp8,False,351,396,45,2156,2400,32,32,14,16,0,0,0,0,32,32,48,48
gfx1200,c512-m32-deep.hsaco,vit_ffn_fused,False,1493,1737,244,9660,10764,151,151,14,15,16640,16640,0,0,32,32,56,56
gfx1200,c512-m32-deep.hsaco,vit_pack_input,False,57,57,0,340,332,7,7,7,7,0,0,0,0,32,32,32,32
gfx1200,c512-m32-deep.hsaco,vit_pack_input_tiled,False,57,57,0,352,348,10,10,7,7,0,0,0,0,32,32,32,32
gfx1200,c512-m32-deep.hsaco,vit_project,False,1285,1323,38,8192,8048,77,77,20,20,0,0,0,0,32,32,56,56
gfx1200,c512-m32-deep.hsaco,vit_project_bytein_bout,False,586,593,7,4088,4112,98,98,14,14,0,0,0,0,32,32,56,56
gfx1200,c512-m32-deep.hsaco,vit_project_bytein_bout_hskip,False,593,600,7,4128,4148,99,99,14,14,0,0,0,0,32,32,56,56
gfx1200,c512-m32-deep.hsaco,vit_project_fp8,False,1310,1344,34,8336,7972,90,90,20,20,0,0,0,0,32,32,56,56
gfx1200,c512-m32-deep.hsaco,vit_project_frag,False,1850,1882,32,11692,11508,79,79,34,34,0,0,0,0,32,32,56,56
gfx1200,c512-m32-deep.hsaco,vit_qkv_normalize,False,478,478,0,2724,2656,31,31,18,18,0,0,0,0,32,32,40,40
gfx1200,c512-m32-deep.hsaco,vit_qkv_project,False,215,230,15,1204,1236,32,39,14,15,0,0,0,0,32,32,40,40
gfx1200,c512-m32-deep.hsaco,vit_qkv_project_blocked,False,266,276,10,1604,1560,48,48,13,13,0,0,0,0,32,32,40,40
gfx1200,c512-m32-deep.hsaco,vit_qkv_project_normalize_fused,False,848,842,-6,4768,4624,51,51,22,22,2112,2112,0,0,32,32,40,40
gfx1200,c512-m32-deep.hsaco,vit_qkv_project_normalize_fused_f16compact,False,853,847,-6,4868,4704,60,60,22,22,2112,2112,0,0,32,32,40,40
gfx1200,c512-m32-deep.hsaco,vit_qkv_project_normalize_fused_f16compact_fp8,False,777,783,6,4516,4500,60,60,22,22,2112,2112,0,0,32,32,40,40
gfx1200,c512-m32-deep.hsaco,vit_qkv_project_normalize_fused_f16compact_fp8_bytein,False,776,784,8,4488,4496,58,58,22,22,2112,2112,0,0,32,32,40,40
gfx1200,c512-m32-deep.hsaco,vit_qkv_project_normalize_fused_f16compact_fp8_frag,False,766,771,5,4440,4428,59,59,22,22,2112,2112,0,0,32,32,40,40
gfx1200,c512-m32-deep.hsaco,vit_qkv_project_normalize_fused_f16compact_fp8_h16in,False,1164,1172,8,7860,7876,96,95,22,22,2112,2112,0,0,32,32,40,40
gfx1200,c512-m32-deep.hsaco,vit_qkv_project_normalize_fused_f16compact_fp8_h16in_n4,False,1392,1395,3,8424,8420,192,186,22,22,4160,4160,0,0,32,32,40,40
gfx1200,c512-m32-deep.hsaco,vit_qkv_project_normalize_fused_f16weight,False,854,847,-7,4876,4708,60,60,22,22,2112,2112,0,0,32,32,40,40
gfx1200,c512-m32-mh.hsaco,c512_qkv_attention_compact,False,1812,1820,8,11680,11632,141,142,30,25,6144,6144,0,0,32,32,48,48
gfx1200,c512-m32-mh.hsaco,c512_qkv_attention_fused,False,1760,1738,-22,11596,11492,122,119,32,30,6144,6144,0,0,32,32,32,32
gfx1200,c512-m32-mh.hsaco,mh_attention_av_fast,False,444,451,7,2472,2432,52,52,22,22,0,0,0,0,32,32,36,36
gfx1200,c512-m32-mh.hsaco,mh_attention_crop,False,2625,2702,77,13160,13296,33,33,36,46,4608,4608,0,0,32,32,64,64
gfx1200,c512-m32-mh.hsaco,mh_attention_project_fast_matrix,False,2102,2153,51,10684,10740,34,32,28,30,4608,4608,0,0,32,32,44,44
gfx1200,c512-m32-mh.hsaco,mh_attention_project_fast_matrix_fp8,False,2068,2120,52,10448,10508,34,33,28,30,4608,4608,0,0,32,32,44,44
gfx1200,c512-m32-mh.hsaco,mh_attention_project_fast_scalar,False,1412,1449,37,6984,7088,32,32,21,27,4608,4608,0,0,32,32,44,44
gfx1200,c512-m32-mh.hsaco,mh_attention_project_fast_scalar_fp8,False,1378,1414,36,6748,6852,33,33,21,27,4608,4608,0,0,32,32,44,44
gfx1200,c512-m32-mh.hsaco,mh_attention_project_frag_c512,False,1283,1284,1,6812,6776,80,80,28,28,0,0,0,0,32,32,60,60
gfx1200,c512-m32-mh.hsaco,mh_ffn_contract_fast,False,399,399,0,2192,2180,27,27,17,17,4608,4608,0,0,32,32,32,32
gfx1200,c512-m32-mh.hsaco,mh_ffn_contract_fast_fp8,False,383,383,0,2084,2084,28,28,17,17,4608,4608,0,0,32,32,32,32
gfx1200,c512-m32-mh.hsaco,mh_ffn_contract_fast_fp8_out,False,349,347,-2,1900,1896,28,28,17,17,4608,4608,0,0,32,32,32,32
gfx1200,c512-m32-mh.hsaco,mh_ffn_contract_fast_pre,False,296,303,7,1564,1580,27,27,17,17,4608,4608,0,0,32,32,32,32
gfx1200,c512-m32-mh.hsaco,mh_ffn_contract_fast_rne,False,399,399,0,2192,2180,27,27,17,17,4608,4608,0,0,32,32,32,32
gfx1200,c512-m32-mh.hsaco,mh_ffn_contract_fast_rtz,False,399,399,0,2192,2180,27,27,17,17,4608,4608,0,0,32,32,32,32
gfx1200,c512-m32-mh.hsaco,mh_ffn_expand_fast,False,461,463,2,2632,2636,29,29,16,16,4608,4608,0,0,32,32,32,32
gfx1200,c512-m32-mh.hsaco,mh_ffn_expand_fast_fp8,False,425,429,4,2456,2468,29,29,16,16,4608,4608,0,0,32,32,32,32
gfx1200,c512-m32-mh.hsaco,mh_ffn_fused_c128,False,840,842,2,6012,6020,101,101,12,12,8256,8256,0,0,32,32,28,28
gfx1200,c512-m32-mh.hsaco,mh_ffn_fused_c128_frag_project_g128_qkv,False,1475,1510,35,9768,9840,99,99,16,16,10816,10816,0,0,32,32,64,64
gfx1200,c512-m32-mh.hsaco,mh_ffn_fused_c128_frag_project_mapped_g128_qkv,False,1650,1674,24,10660,10764,98,98,25,25,10816,10816,0,0,32,32,64,64
gfx1200,c512-m32-mh.hsaco,mh_ffn_fused_c128_project,False,1026,1028,2,7160,7136,101,101,14,14,8256,8256,0,0,32,32,28,28
gfx1200,c512-m32-mh.hsaco,mh_ffn_fused_c128_project_g128,False,940,944,4,6436,6420,102,102,15,15,8256,8256,0,0,32,32,28,28
gfx1200,c512-m32-mh.hsaco,mh_ffn_fused_c128_project_g128_qkv,False,1424,1429,5,9352,9360,99,99,16,16,10816,10816,0,0,32,32,64,64
gfx1200,c512-m32-mh.hsaco,mh_ffn_fused_c128_project_g128_qkv_bn,False,1248,1241,-7,8704,8956,126,120,16,46,19520,19520,0,0,32,32,64,64
gfx1200,c512-m32-mh.hsaco,mh_ffn_fused_c128_project_g128_qkv_bytein_fb,False,1362,1365,3,9016,9024,96,96,15,15,10816,10816,0,0,32,32,64,64
gfx1200,c512-m32-mh.hsaco,mh_ffn_fused_c128_project_g128_qkv_fb,False,1402,1407,5,9244,9260,99,99,16,16,10816,10816,0,0,32,32,64,64
gfx1200,c512-m32-mh.hsaco,mh_ffn_fused_c128_project_mapped,False,1538,1541,3,9724,9660,102,102,28,28,8256,8256,0,0,32,32,48,48
gfx1200,c512-m32-mh.hsaco,mh_ffn_fused_c128_project_mapped_g128,False,1441,1446,5,8992,8936,102,102,28,28,8256,8256,0,0,32,32,48,48
gfx1200,c512-m32-mh.hsaco,mh_ffn_fused_c128_project_mapped_g128_qkv,False,1573,1585,12,10224,10268,99,99,25,25,10816,10816,0,0,32,32,64,64
gfx1200,c512-m32-mh.hsaco,mh_ffn_fused_c128_project_mapped_g128_qkv_bn,False,1445,1424,-21,9720,9880,126,124,25,52,19520,19520,0,0,32,32,64,64
gfx1200,c512-m32-mh.hsaco,mh_ffn_fused_c128_project_mapped_g128_qkv_bytein_fb,False,1534,1553,19,10320,10372,100,100,21,21,10816,10816,0,0,32,32,64,64
gfx1200,c512-m32-mh.hsaco,mh_ffn_fused_c128_project_mapped_g128_qkv_fb,False,1606,1616,10,10432,10480,99,99,26,26,10816,10816,0,0,32,32,64,64
gfx1200,c512-m32-mh.hsaco,mh_ffn_fused_c128_tiled,False,922,873,-49,6212,5780,75,75,12,12,8256,8256,0,0,32,32,28,28
gfx1200,c512-m32-mh.hsaco,mh_ffn_fused_c128_tiled_project_g128_qkv,False,1617,1649,32,10752,10904,82,82,32,16,10816,10816,0,0,32,32,64,64
gfx1200,c512-m32-mh.hsaco,mh_ffn_fused_c128_tiled_project_mapped_g128_qkv,False,1776,1798,22,11620,11752,83,83,38,24,10816,10816,0,0,32,32,64,64
gfx1200,c512-m32-mh.hsaco,mh_ffn_fused_c256,False,1003,889,-114,6676,5796,73,73,11,11,16448,16448,0,0,32,32,28,28
gfx1200,c512-m32-mh.hsaco,mh_ffn_fused_c256_frag_project_g128_qkv,False,1778,1734,-44,12036,11684,97,97,15,15,21568,21568,0,0,32,32,64,64
gfx1200,c512-m32-mh.hsaco,mh_ffn_fused_c256_frag_project_g128_qkv_bytein_fb,False,1717,1684,-33,11760,11460,97,97,15,15,21568,21568,0,0,32,32,64,64
gfx1200,c512-m32-mh.hsaco,mh_ffn_fused_c256_frag_project_g128_qkv_fb,False,1750,1719,-31,11900,11600,97,97,15,15,21568,21568,0,0,32,32,64,64
gfx1200,c512-m32-mh.hsaco,mh_ffn_fused_c256_frag_project_mapped_g128_qkv,False,1915,1880,-35,12812,12508,97,97,23,23,21568,21568,0,0,32,32,64,64
gfx1200,c512-m32-mh.hsaco,mh_ffn_fused_c256_frag_project_mapped_g128_qkv_bytein_fb,False,1918,1876,-42,13128,12860,99,99,21,21,21568,21568,0,0,32,32,64,64
gfx1200,c512-m32-mh.hsaco,mh_ffn_fused_c256_frag_project_mapped_g128_qkv_fb,False,1952,1912,-40,13044,12740,97,97,24,24,21568,21568,0,0,32,32,64,64
gfx1200,c512-m32-mh.hsaco,mh_ffn_fused_c256_tiled,False,911,864,-47,6088,5728,74,74,11,11,16448,16448,0,0,32,32,28,28
gfx1200,c512-m32-mh.hsaco,mh_ffn_fused_c256_tiled_project,False,1102,1058,-44,7380,7024,74,74,13,11,16448,16448,0,0,32,32,28,28
gfx1200,c512-m32-mh.hsaco,mh_ffn_fused_c256_tiled_project_g128,False,1193,1189,-4,8120,8052,77,77,26,12,16448,16448,0,0,32,32,28,28
gfx1200,c512-m32-mh.hsaco,mh_ffn_fused_c256_tiled_project_g128_qkv,False,1802,1820,18,12020,12260,81,81,30,16,21568,21568,0,0,32,32,64,64
gfx1200,c512-m32-mh.hsaco,mh_ffn_fused_c256_tiled_project_g128_qkv_bytein_fb,False,1743,1758,15,11716,11952,80,80,30,16,21568,21568,0,0,32,32,64,64
gfx1200,c512-m32-mh.hsaco,mh_ffn_fused_c256_tiled_project_g128_qkv_fb,False,1786,1800,14,11928,12156,81,81,30,16,21568,21568,0,0,32,32,64,64
gfx1200,c512-m32-mh.hsaco,mh_ffn_fused_c256_tiled_project_mapped,False,1585,1543,-42,9844,9436,74,74,26,26,16448,16448,0,0,32,32,48,48
gfx1200,c512-m32-mh.hsaco,mh_ffn_fused_c256_tiled_project_mapped_g128,False,1679,1676,-3,10576,10456,77,77,32,26,16448,16448,0,0,32,32,48,48
gfx1200,c512-m32-mh.hsaco,mh_ffn_fused_c256_tiled_project_mapped_g128_qkv,False,1950,1979,29,12792,13072,81,81,37,23,21568,21568,0,0,32,32,64,64
gfx1200,c512-m32-mh.hsaco,mh_ffn_fused_c256_tiled_project_mapped_g128_qkv_bytein_fb,False,1915,1938,23,12920,13204,81,81,30,21,21568,21568,0,0,32,32,64,64
gfx1200,c512-m32-mh.hsaco,mh_ffn_fused_c256_tiled_project_mapped_g128_qkv_fb,False,1988,2018,30,13024,13328,81,81,38,24,21568,21568,0,0,32,32,64,64
gfx1200,c512-m32-mh.hsaco,mh_ffn_fused_c64,False,721,723,2,5084,5092,100,100,15,15,4160,4160,0,0,32,32,28,28
gfx1200,c512-m32-mh.hsaco,mh_ffn_fused_c64_frag_project_g128_qkv,False,1352,1366,14,8772,8788,96,96,16,16,5440,5440,0,0,32,32,64,64
gfx1200,c512-m32-mh.hsaco,mh_ffn_fused_c64_frag_project_mapped_g128_qkv,False,1469,1486,17,9436,9496,97,97,25,25,5440,5440,0,0,32,32,64,64
gfx1200,c512-m32-mh.hsaco,mh_ffn_fused_c64_project,False,904,907,3,6268,6216,100,100,18,18,4160,4160,0,0,32,32,28,28
gfx1200,c512-m32-mh.hsaco,mh_ffn_fused_c64_project_g128,False,884,887,3,6072,6024,100,100,19,19,4160,4160,0,0,32,32,28,28
gfx1200,c512-m32-mh.hsaco,mh_ffn_fused_c64_project_g128_qkv,False,1283,1282,-1,8364,8356,98,98,16,16,5440,5440,0,0,32,32,64,64
gfx1200,c512-m32-mh.hsaco,mh_ffn_fused_c64_project_g128_qkv_bn,False,1153,1141,-12,7784,7696,98,97,16,16,9792,9792,0,0,32,32,64,64
gfx1200,c512-m32-mh.hsaco,mh_ffn_fused_c64_project_g128_qkv_bytein_fb,False,1237,1239,2,8064,8076,96,96,15,15,5440,5440,0,0,32,32,64,64
gfx1200,c512-m32-mh.hsaco,mh_ffn_fused_c64_project_g128_qkv_fb,False,1261,1260,-1,8232,8232,98,98,16,16,5440,5440,0,0,32,32,64,64
gfx1200,c512-m32-mh.hsaco,mh_ffn_fused_c64_project_mapped,False,1380,1387,7,8608,8560,101,101,28,28,4160,4160,0,0,32,32,48,48
gfx1200,c512-m32-mh.hsaco,mh_ffn_fused_c64_project_mapped_g128,False,1354,1362,8,8404,8360,100,100,28,28,4160,4160,0,0,32,32,48,48
gfx1200,c512-m32-mh.hsaco,mh_ffn_fused_c64_project_mapped_g128_qkv,False,1393,1394,1,8964,8972,96,96,25,25,5440,5440,0,0,32,32,64,64
gfx1200,c512-m32-mh.hsaco,mh_ffn_fused_c64_project_mapped_g128_qkv_bn,False,1262,1253,-9,8420,8364,98,97,25,25,9792,9792,0,0,32,32,64,64
gfx1200,c512-m32-mh.hsaco,mh_ffn_fused_c64_project_mapped_g128_qkv_bytein_fb,False,1304,1316,12,8712,8760,97,97,20,20,5440,5440,0,0,32,32,64,64
gfx1200,c512-m32-mh.hsaco,mh_ffn_fused_c64_project_mapped_g128_qkv_fb,False,1373,1374,1,8856,8872,96,96,25,25,5440,5440,0,0,32,32,64,64
gfx1200,c512-m32-mh.hsaco,mh_ffn_fused_c64_tiled,False,939,850,-89,6252,5696,75,75,12,12,4160,4160,0,0,32,32,28,28
gfx1200,c512-m32-mh.hsaco,mh_ffn_fused_c64_tiled_project_g128_qkv,False,1565,1585,20,10280,10404,81,81,32,16,5440,5440,0,0,32,32,64,64
gfx1200,c512-m32-mh.hsaco,mh_ffn_fused_c64_tiled_project_mapped_g128_qkv,False,1660,1684,24,10780,10920,82,82,38,24,5440,5440,0,0,32,32,64,64
gfx1200,c512-m32-mh.hsaco,mh_ffn_project_fast,False,585,609,24,3212,3292,32,32,18,26,4608,4608,0,0,32,32,40,40
gfx1200,c512-m32-mh.hsaco,mh_ffn_project_fast_fp8,False,552,575,23,2980,3060,33,33,18,26,4608,4608,0,0,32,32,40,40
gfx1200,c512-m32-mh.hsaco,mh_pool_project_fused_c128,False,3445,3690,245,17628,18372,152,152,22,23,0,0,144,144,32,32,44,44
gfx1200,c512-m32-mh.hsaco,mh_pool_project_fused_c256,False,3884,4121,237,20332,21072,192,192,22,23,0,0,272,272,32,32,44,44
gfx1200,c512-m32-mh.hsaco,mh_pool_project_fused_c64,False,6334,5028,-1306,32732,25008,128,121,80,23,0,0,0,0,32,32,44,44
gfx1200,c512-m32-mh.hsaco,mh_pool_project_group_c128,False,2289,2439,150,11568,12056,98,98,29,29,4352,4352,0,0,32,32,44,44
gfx1200,c512-m32-mh.hsaco,mh_pool_project_group_c256,False,2283,2439,156,11540,12032,98,98,29,29,8448,8448,0,0,32,32,44,44
gfx1200,c512-m32-mh.hsaco,mh_pool_project_group_c64,False,2331,2484,153,11768,12288,100,102,29,29,2304,2304,0,0,32,32,44,44
gfx1200,c512-m32-mh.hsaco,mh_pool_project_production,False,1314,1345,31,6656,6632,48,47,21,26,0,0,0,0,32,32,44,44
gfx1200,c512-m32-mh.hsaco,mh_pool_project_production_h16w,False,1387,1391,4,7040,6872,62,62,20,20,0,0,0,0,32,32,44,44
gfx1200,c512-m32-mh.hsaco,mh_probabilities_fast,False,572,579,7,3284,3264,50,50,12,12,0,0,0,0,32,32,24,24
gfx1200,c512-m32-mh.hsaco,mh_qkv_fast,False,340,348,8,1796,1824,26,26,16,16,4608,4608,0,0,32,32,32,32
gfx1200,c512-m32-mh.hsaco,mh_qkv_normalize_fast,False,1115,1115,0,6532,6144,110,110,11,11,0,0,0,0,32,32,32,32
gfx1200,c512-m32-mh.hsaco,mh_qkv_normalize_fast_wave,False,395,403,8,2080,2084,9,9,11,11,0,0,0,0,32,32,32,32
gfx1200,c512-m32-mh.hsaco,mh_qkv_normalize_fast_wave_fp8,False,396,402,6,2072,2080,7,7,11,11,0,0,0,0,32,32,32,32
gfx1200,c512-m32-mh.hsaco,mh_qkv_normalize_frag_c512,False,1249,1283,34,7672,7736,90,90,18,18,4420,4420,0,0,32,32,28,28
gfx1200,c512-m32-mh.hsaco,mh_qkv_normalize_frag_c512_m32,False,866,1338,472,5472,8292,155,131,18,19,5456,5456,0,0,32,32,28,28
gfx1200,c512-m32-mh.hsaco,mh_qkv_normalize_fused,False,2335,2370,35,13492,13688,45,45,18,18,21760,21760,0,0,32,32,32,32
gfx1200,c512-m32-mh.hsaco,mh_qkv_normalize_wave_c512,False,1146,1149,3,6876,6872,72,72,14,14,17680,17680,0,0,32,32,28,28
gfx1200,c512-m32-mh.hsaco,mh_scores_exp_fast,False,1108,1127,19,6156,6044,67,67,16,16,0,0,0,0,32,32,36,36
gfx1200,c64-wave2.hsaco,c128_wave2,False,4703,5247,544,29388,32700,159,170,28,26,16384,16384,0,0,32,32,60,60
gfx1200,c64-wave2.hsaco,c128_wave2_bi,False,4552,5106,554,28148,31456,159,173,25,23,16384,16384,0,0,32,32,60,60
gfx1200,c64-wave2.hsaco,c128_wave2_bi_bo,False,3853,4456,603,24940,28332,159,173,25,23,16384,16384,0,0,32,32,60,60
gfx1200,c64-wave2.hsaco,c128_wave2_bo,False,4004,4600,596,26180,29592,159,170,28,26,16384,16384,0,0,32,32,60,60
gfx1200,c64-wave2.hsaco,c128_wave2_up,False,4560,5192,632,28920,32520,162,172,26,26,16384,16384,0,0,32,32,80,80
gfx1200,c64-wave2.hsaco,c256_attn_wave,False,1647,2050,403,10156,12168,150,174,26,26,32768,32768,0,0,32,32,88,88
gfx1200,c64-wave2.hsaco,c256_attn_wave_bo,False,1372,1401,29,8924,9052,139,167,26,26,32768,32768,0,0,32,32,88,88
gfx1200,c64-wave2.hsaco,c256_wave2,False,5125,5195,70,33320,33848,159,161,34,31,32768,32768,0,0,32,32,60,60
gfx1200,c64-wave2.hsaco,c256_wave2_bi,False,4959,5025,66,32044,32552,154,152,33,30,32768,32768,0,0,32,32,60,60
gfx1200,c64-wave2.hsaco,c256_wave2_bi_bo,False,4267,4386,119,28864,29476,154,152,33,30,32768,32768,0,0,32,32,60,60
gfx1200,c64-wave2.hsaco,c256_wave2_bo,False,4433,4556,123,30140,30772,159,161,34,31,32768,32768,0,0,32,32,60,60
gfx1200,c64-wave2.hsaco,c64_wave2,False,4004,4324,320,24504,26520,156,156,31,25,8192,8192,0,0,32,32,60,60
gfx1200,c64-wave2.hsaco,c64_wave2_bi,False,3837,4161,324,23232,25236,140,148,30,24,8192,8192,0,0,32,32,60,60
gfx1200,c64-wave2.hsaco,c64_wave2_bi_bo,False,3139,3512,373,20012,22128,140,145,30,24,8192,8192,0,0,32,32,60,60
gfx1200,c64-wave2.hsaco,c64_wave2_bo,False,3305,3676,371,21288,23404,156,156,31,25,8192,8192,0,0,32,32,60,60
gfx1200,c64-wave2.hsaco,c64_wave2_up,False,4061,4477,416,25140,27520,137,143,27,27,8192,8192,0,0,32,32,80,80
gfx1200,c64-wave2.hsaco,mh_attention_av_fast,False,444,451,7,2472,2432,52,52,22,22,0,0,0,0,32,32,36,36
gfx1200,c64-wave2.hsaco,mh_attention_crop,False,2625,2702,77,13160,13296,33,33,36,46,4608,4608,0,0,32,32,64,64
gfx1200,c64-wave2.hsaco,mh_attention_project_fast_matrix,False,2102,2153,51,10684,10740,34,32,28,30,4608,4608,0,0,32,32,44,44
gfx1200,c64-wave2.hsaco,mh_attention_project_fast_matrix_fp8,False,2068,2120,52,10448,10508,34,33,28,30,4608,4608,0,0,32,32,44,44
gfx1200,c64-wave2.hsaco,mh_attention_project_fast_scalar,False,1412,1449,37,6984,7088,32,32,21,27,4608,4608,0,0,32,32,44,44
gfx1200,c64-wave2.hsaco,mh_attention_project_fast_scalar_fp8,False,1378,1414,36,6748,6852,33,33,21,27,4608,4608,0,0,32,32,44,44
gfx1200,c64-wave2.hsaco,mh_attention_project_frag_c512,False,1283,1284,1,6812,6776,80,80,28,28,0,0,0,0,32,32,60,60
gfx1200,c64-wave2.hsaco,mh_ffn_contract_fast,False,399,399,0,2192,2180,27,27,17,17,4608,4608,0,0,32,32,32,32
gfx1200,c64-wave2.hsaco,mh_ffn_contract_fast_fp8,False,383,383,0,2084,2084,28,28,17,17,4608,4608,0,0,32,32,32,32
gfx1200,c64-wave2.hsaco,mh_ffn_contract_fast_fp8_out,False,349,347,-2,1900,1896,28,28,17,17,4608,4608,0,0,32,32,32,32
gfx1200,c64-wave2.hsaco,mh_ffn_contract_fast_pre,False,296,303,7,1564,1580,27,27,17,17,4608,4608,0,0,32,32,32,32
gfx1200,c64-wave2.hsaco,mh_ffn_contract_fast_rne,False,399,399,0,2192,2180,27,27,17,17,4608,4608,0,0,32,32,32,32
gfx1200,c64-wave2.hsaco,mh_ffn_contract_fast_rtz,False,399,399,0,2192,2180,27,27,17,17,4608,4608,0,0,32,32,32,32
gfx1200,c64-wave2.hsaco,mh_ffn_expand_fast,False,461,463,2,2632,2636,29,29,16,16,4608,4608,0,0,32,32,32,32
gfx1200,c64-wave2.hsaco,mh_ffn_expand_fast_fp8,False,425,429,4,2456,2468,29,29,16,16,4608,4608,0,0,32,32,32,32
gfx1200,c64-wave2.hsaco,mh_ffn_fused_c128,False,840,842,2,6012,6020,101,101,12,12,8256,8256,0,0,32,32,28,28
gfx1200,c64-wave2.hsaco,mh_ffn_fused_c128_frag_project_g128_qkv,False,1475,1510,35,9768,9840,99,99,16,16,10816,10816,0,0,32,32,64,64
gfx1200,c64-wave2.hsaco,mh_ffn_fused_c128_frag_project_mapped_g128_qkv,False,1650,1674,24,10660,10764,98,98,25,25,10816,10816,0,0,32,32,64,64
gfx1200,c64-wave2.hsaco,mh_ffn_fused_c128_project,False,1026,1028,2,7160,7136,101,101,14,14,8256,8256,0,0,32,32,28,28
gfx1200,c64-wave2.hsaco,mh_ffn_fused_c128_project_g128,False,940,944,4,6436,6420,102,102,15,15,8256,8256,0,0,32,32,28,28
gfx1200,c64-wave2.hsaco,mh_ffn_fused_c128_project_g128_qkv,False,1424,1429,5,9352,9360,99,99,16,16,10816,10816,0,0,32,32,64,64
gfx1200,c64-wave2.hsaco,mh_ffn_fused_c128_project_g128_qkv_bn,False,1248,1241,-7,8704,8956,126,120,16,46,19520,19520,0,0,32,32,64,64
gfx1200,c64-wave2.hsaco,mh_ffn_fused_c128_project_g128_qkv_bytein_fb,False,1362,1365,3,9016,9024,96,96,15,15,10816,10816,0,0,32,32,64,64
gfx1200,c64-wave2.hsaco,mh_ffn_fused_c128_project_g128_qkv_fb,False,1402,1407,5,9244,9260,99,99,16,16,10816,10816,0,0,32,32,64,64
gfx1200,c64-wave2.hsaco,mh_ffn_fused_c128_project_mapped,False,1538,1541,3,9724,9660,102,102,28,28,8256,8256,0,0,32,32,48,48
gfx1200,c64-wave2.hsaco,mh_ffn_fused_c128_project_mapped_g128,False,1441,1446,5,8992,8936,102,102,28,28,8256,8256,0,0,32,32,48,48
gfx1200,c64-wave2.hsaco,mh_ffn_fused_c128_project_mapped_g128_qkv,False,1573,1585,12,10224,10268,99,99,25,25,10816,10816,0,0,32,32,64,64
gfx1200,c64-wave2.hsaco,mh_ffn_fused_c128_project_mapped_g128_qkv_bn,False,1445,1424,-21,9720,9880,126,124,25,52,19520,19520,0,0,32,32,64,64
gfx1200,c64-wave2.hsaco,mh_ffn_fused_c128_project_mapped_g128_qkv_bytein_fb,False,1534,1553,19,10320,10372,100,100,21,21,10816,10816,0,0,32,32,64,64
gfx1200,c64-wave2.hsaco,mh_ffn_fused_c128_project_mapped_g128_qkv_fb,False,1606,1616,10,10432,10480,99,99,26,26,10816,10816,0,0,32,32,64,64
gfx1200,c64-wave2.hsaco,mh_ffn_fused_c128_tiled,False,922,873,-49,6212,5780,75,75,12,12,8256,8256,0,0,32,32,28,28
gfx1200,c64-wave2.hsaco,mh_ffn_fused_c128_tiled_project_g128_qkv,False,1617,1649,32,10752,10904,82,82,32,16,10816,10816,0,0,32,32,64,64
gfx1200,c64-wave2.hsaco,mh_ffn_fused_c128_tiled_project_mapped_g128_qkv,False,1776,1798,22,11620,11752,83,83,38,24,10816,10816,0,0,32,32,64,64
gfx1200,c64-wave2.hsaco,mh_ffn_fused_c256,False,1003,889,-114,6676,5796,73,73,11,11,16448,16448,0,0,32,32,28,28
gfx1200,c64-wave2.hsaco,mh_ffn_fused_c256_frag_project_g128_qkv,False,1778,1734,-44,12036,11684,97,97,15,15,21568,21568,0,0,32,32,64,64
gfx1200,c64-wave2.hsaco,mh_ffn_fused_c256_frag_project_g128_qkv_bytein_fb,False,1717,1684,-33,11760,11460,97,97,15,15,21568,21568,0,0,32,32,64,64
gfx1200,c64-wave2.hsaco,mh_ffn_fused_c256_frag_project_g128_qkv_fb,False,1750,1719,-31,11900,11600,97,97,15,15,21568,21568,0,0,32,32,64,64
gfx1200,c64-wave2.hsaco,mh_ffn_fused_c256_frag_project_mapped_g128_qkv,False,1915,1880,-35,12812,12508,97,97,23,23,21568,21568,0,0,32,32,64,64
gfx1200,c64-wave2.hsaco,mh_ffn_fused_c256_frag_project_mapped_g128_qkv_bytein_fb,False,1918,1876,-42,13128,12860,99,99,21,21,21568,21568,0,0,32,32,64,64
gfx1200,c64-wave2.hsaco,mh_ffn_fused_c256_frag_project_mapped_g128_qkv_fb,False,1952,1912,-40,13044,12740,97,97,24,24,21568,21568,0,0,32,32,64,64
gfx1200,c64-wave2.hsaco,mh_ffn_fused_c256_tiled,False,911,864,-47,6088,5728,74,74,11,11,16448,16448,0,0,32,32,28,28
gfx1200,c64-wave2.hsaco,mh_ffn_fused_c256_tiled_project,False,1102,1058,-44,7380,7024,74,74,13,11,16448,16448,0,0,32,32,28,28
gfx1200,c64-wave2.hsaco,mh_ffn_fused_c256_tiled_project_g128,False,1193,1189,-4,8120,8052,77,77,26,12,16448,16448,0,0,32,32,28,28
gfx1200,c64-wave2.hsaco,mh_ffn_fused_c256_tiled_project_g128_qkv,False,1802,1820,18,12020,12260,81,81,30,16,21568,21568,0,0,32,32,64,64
gfx1200,c64-wave2.hsaco,mh_ffn_fused_c256_tiled_project_g128_qkv_bytein_fb,False,1743,1758,15,11716,11952,80,80,30,16,21568,21568,0,0,32,32,64,64
gfx1200,c64-wave2.hsaco,mh_ffn_fused_c256_tiled_project_g128_qkv_fb,False,1786,1800,14,11928,12156,81,81,30,16,21568,21568,0,0,32,32,64,64
gfx1200,c64-wave2.hsaco,mh_ffn_fused_c256_tiled_project_mapped,False,1585,1543,-42,9844,9436,74,74,26,26,16448,16448,0,0,32,32,48,48
gfx1200,c64-wave2.hsaco,mh_ffn_fused_c256_tiled_project_mapped_g128,False,1679,1676,-3,10576,10456,77,77,32,26,16448,16448,0,0,32,32,48,48
gfx1200,c64-wave2.hsaco,mh_ffn_fused_c256_tiled_project_mapped_g128_qkv,False,1950,1979,29,12792,13072,81,81,37,23,21568,21568,0,0,32,32,64,64
gfx1200,c64-wave2.hsaco,mh_ffn_fused_c256_tiled_project_mapped_g128_qkv_bytein_fb,False,1915,1938,23,12920,13204,81,81,30,21,21568,21568,0,0,32,32,64,64
gfx1200,c64-wave2.hsaco,mh_ffn_fused_c256_tiled_project_mapped_g128_qkv_fb,False,1988,2018,30,13024,13328,81,81,38,24,21568,21568,0,0,32,32,64,64
gfx1200,c64-wave2.hsaco,mh_ffn_fused_c64,False,721,723,2,5084,5092,100,100,15,15,4160,4160,0,0,32,32,28,28
gfx1200,c64-wave2.hsaco,mh_ffn_fused_c64_frag_project_g128_qkv,False,1352,1366,14,8772,8788,96,96,16,16,5440,5440,0,0,32,32,64,64
gfx1200,c64-wave2.hsaco,mh_ffn_fused_c64_frag_project_mapped_g128_qkv,False,1469,1486,17,9436,9496,97,97,25,25,5440,5440,0,0,32,32,64,64
gfx1200,c64-wave2.hsaco,mh_ffn_fused_c64_project,False,904,907,3,6268,6216,100,100,18,18,4160,4160,0,0,32,32,28,28
gfx1200,c64-wave2.hsaco,mh_ffn_fused_c64_project_g128,False,884,887,3,6072,6024,100,100,19,19,4160,4160,0,0,32,32,28,28
gfx1200,c64-wave2.hsaco,mh_ffn_fused_c64_project_g128_qkv,False,1283,1282,-1,8364,8356,98,98,16,16,5440,5440,0,0,32,32,64,64
gfx1200,c64-wave2.hsaco,mh_ffn_fused_c64_project_g128_qkv_bn,False,1153,1141,-12,7784,7696,98,97,16,16,9792,9792,0,0,32,32,64,64
gfx1200,c64-wave2.hsaco,mh_ffn_fused_c64_project_g128_qkv_bytein_fb,False,1237,1239,2,8064,8076,96,96,15,15,5440,5440,0,0,32,32,64,64
gfx1200,c64-wave2.hsaco,mh_ffn_fused_c64_project_g128_qkv_fb,False,1261,1260,-1,8232,8232,98,98,16,16,5440,5440,0,0,32,32,64,64
gfx1200,c64-wave2.hsaco,mh_ffn_fused_c64_project_mapped,False,1380,1387,7,8608,8560,101,101,28,28,4160,4160,0,0,32,32,48,48
gfx1200,c64-wave2.hsaco,mh_ffn_fused_c64_project_mapped_g128,False,1354,1362,8,8404,8360,100,100,28,28,4160,4160,0,0,32,32,48,48
gfx1200,c64-wave2.hsaco,mh_ffn_fused_c64_project_mapped_g128_qkv,False,1393,1394,1,8964,8972,96,96,25,25,5440,5440,0,0,32,32,64,64
gfx1200,c64-wave2.hsaco,mh_ffn_fused_c64_project_mapped_g128_qkv_bn,False,1262,1253,-9,8420,8364,98,97,25,25,9792,9792,0,0,32,32,64,64
gfx1200,c64-wave2.hsaco,mh_ffn_fused_c64_project_mapped_g128_qkv_bytein_fb,False,1304,1316,12,8712,8760,97,97,20,20,5440,5440,0,0,32,32,64,64
gfx1200,c64-wave2.hsaco,mh_ffn_fused_c64_project_mapped_g128_qkv_fb,False,1373,1374,1,8856,8872,96,96,25,25,5440,5440,0,0,32,32,64,64
gfx1200,c64-wave2.hsaco,mh_ffn_fused_c64_tiled,False,939,850,-89,6252,5696,75,75,12,12,4160,4160,0,0,32,32,28,28
gfx1200,c64-wave2.hsaco,mh_ffn_fused_c64_tiled_project_g128_qkv,False,1565,1585,20,10280,10404,81,81,32,16,5440,5440,0,0,32,32,64,64
gfx1200,c64-wave2.hsaco,mh_ffn_fused_c64_tiled_project_mapped_g128_qkv,False,1660,1684,24,10780,10920,82,82,38,24,5440,5440,0,0,32,32,64,64
gfx1200,c64-wave2.hsaco,mh_ffn_project_fast,False,585,609,24,3212,3292,32,32,18,26,4608,4608,0,0,32,32,40,40
gfx1200,c64-wave2.hsaco,mh_ffn_project_fast_fp8,False,552,575,23,2980,3060,33,33,18,26,4608,4608,0,0,32,32,40,40
gfx1200,c64-wave2.hsaco,mh_pool_project_fused_c128,False,3445,3690,245,17628,18372,152,152,22,23,0,0,144,144,32,32,44,44
gfx1200,c64-wave2.hsaco,mh_pool_project_fused_c256,False,3884,4121,237,20332,21072,192,192,22,23,0,0,272,272,32,32,44,44
gfx1200,c64-wave2.hsaco,mh_pool_project_fused_c64,False,6334,5028,-1306,32732,25008,128,121,80,23,0,0,0,0,32,32,44,44
gfx1200,c64-wave2.hsaco,mh_pool_project_group_c128,False,2289,2439,150,11568,12056,98,98,29,29,4352,4352,0,0,32,32,44,44
gfx1200,c64-wave2.hsaco,mh_pool_project_group_c256,False,2283,2439,156,11540,12032,98,98,29,29,8448,8448,0,0,32,32,44,44
gfx1200,c64-wave2.hsaco,mh_pool_project_group_c64,False,2331,2484,153,11768,12288,100,102,29,29,2304,2304,0,0,32,32,44,44
gfx1200,c64-wave2.hsaco,mh_pool_project_production,False,1314,1345,31,6656,6632,48,47,21,26,0,0,0,0,32,32,44,44
gfx1200,c64-wave2.hsaco,mh_pool_project_production_h16w,False,1387,1391,4,7040,6872,62,62,20,20,0,0,0,0,32,32,44,44
gfx1200,c64-wave2.hsaco,mh_probabilities_fast,False,572,579,7,3284,3264,50,50,12,12,0,0,0,0,32,32,24,24
gfx1200,c64-wave2.hsaco,mh_qkv_fast,False,340,348,8,1796,1824,26,26,16,16,4608,4608,0,0,32,32,32,32
gfx1200,c64-wave2.hsaco,mh_qkv_normalize_fast,False,1115,1115,0,6532,6144,110,110,11,11,0,0,0,0,32,32,32,32
gfx1200,c64-wave2.hsaco,mh_qkv_normalize_fast_wave,False,395,403,8,2080,2084,9,9,11,11,0,0,0,0,32,32,32,32
gfx1200,c64-wave2.hsaco,mh_qkv_normalize_fast_wave_fp8,False,396,402,6,2072,2080,7,7,11,11,0,0,0,0,32,32,32,32
gfx1200,c64-wave2.hsaco,mh_qkv_normalize_frag_c512,False,1249,1283,34,7672,7736,90,90,18,18,4420,4420,0,0,32,32,28,28
gfx1200,c64-wave2.hsaco,mh_qkv_normalize_fused,False,2335,2370,35,13492,13688,45,45,18,18,21760,21760,0,0,32,32,32,32
gfx1200,c64-wave2.hsaco,mh_qkv_normalize_wave_c512,False,1146,1149,3,6876,6872,72,72,14,14,17680,17680,0,0,32,32,28,28
gfx1200,c64-wave2.hsaco,mh_scores_exp_fast,False,1108,1127,19,6156,6044,67,67,16,16,0,0,0,0,32,32,36,36
gfx1200,deep_fast-packed.hsaco,decoder_project2x,False,587,609,22,3168,3160,40,39,25,25,0,0,0,0,32,32,56,56
gfx1200,deep_fast-packed.hsaco,decoder_project2x_h16w,False,5940,6004,64,32664,32472,64,64,34,34,0,0,0,0,32,32,56,56
gfx1200,deep_fast-packed.hsaco,decoder_project2x_h16w_byteout,False,5978,6038,60,32788,32712,64,64,34,34,0,0,0,0,32,32,56,56
gfx1200,deep_fast-packed.hsaco,reuse_decide,False,396,413,17,2020,2072,14,14,17,17,0,0,0,0,32,32,60,60
gfx1200,deep_fast-packed.hsaco,reuse_finish,False,646,653,7,3864,3664,11,11,27,27,0,0,0,0,32,32,84,84
gfx1200,deep_fast-packed.hsaco,reuse_image_commit,False,161,168,7,968,932,5,5,8,8,0,0,0,0,32,32,28,28
gfx1200,deep_fast-packed.hsaco,reuse_image_stats,False,250,252,2,1360,1364,14,14,22,22,0,0,0,0,32,32,48,48
gfx1200,deep_fast-packed.hsaco,reuse_token_stats,False,218,218,0,1180,1164,14,14,17,17,0,0,0,0,32,32,48,48
gfx1200,deep_fast-packed.hsaco,split_contract,False,198,198,0,1156,1156,33,34,12,13,0,0,0,0,32,32,28,28
gfx1200,deep_fast-packed.hsaco,split_contract_fp8,False,202,211,9,1176,1224,31,32,12,13,0,0,0,0,32,32,28,28
gfx1200,deep_fast-packed.hsaco,split_expand,False,238,287,49,1452,1736,33,34,12,15,0,0,0,0,32,32,28,28
gfx1200,deep_fast-packed.hsaco,split_expand_fp8,False,254,297,43,1556,1824,33,34,12,15,0,0,0,0,32,32,28,28
gfx1200,deep_fast-packed.hsaco,split_ffn_fused,False,1078,1269,191,6560,7704,60,63,15,16,4160,4160,0,0,32,32,28,28
gfx1200,deep_fast-packed.hsaco,split_ffn_fused_fp8,False,855,1063,208,5580,6916,102,118,11,19,4160,4160,0,0,32,32,28,28
gfx1200,deep_fast-packed.hsaco,split_ffn_fused_fp8_mix,False,980,1176,196,6280,7552,103,105,13,38,6464,6464,0,0,32,32,28,28
gfx1200,deep_fast-packed.hsaco,split_ffn_fused_fp8_t8,False,919,1142,223,6140,7460,111,111,14,22,4160,4160,0,0,32,32,36,36
gfx1200,deep_fast-packed.hsaco,split_mix,False,200,189,-11,1160,1092,35,31,11,12,0,0,0,0,32,32,28,28
gfx1200,deep_fast-packed.hsaco,split_mix_blocked,False,514,515,1,3084,3072,80,80,11,11,0,0,0,0,32,32,28,28
gfx1200,deep_fast-packed.hsaco,split_mix_blocked_h16w,False,497,497,0,3032,3004,91,91,11,11,0,0,0,0,32,32,28,28
gfx1200,deep_fast-packed.hsaco,split_projection,False,245,246,1,1500,1488,32,32,12,12,0,0,0,0,32,32,36,36
gfx1200,deep_fast-packed.hsaco,split_projection_blocked,False,667,668,1,4048,4008,68,68,12,12,0,0,0,0,32,32,36,36
gfx1200,deep_fast-packed.hsaco,split_projection_blocked_t8,False,878,953,75,5528,5776,74,74,16,16,0,0,0,0,32,32,44,44
gfx1200,deep_fast-packed.hsaco,split_projection_frag,False,859,920,61,5348,5608,83,84,17,17,0,0,0,0,32,32,44,44
gfx1200,deep_fast-packed.hsaco,vit_attention_av_fast,False,486,485,-1,3092,2956,48,48,17,17,0,0,0,0,32,32,48,48
gfx1200,deep_fast-packed.hsaco,vit_attention_fused_256,False,1197,1199,2,7588,7552,91,91,16,16,1536,1536,0,0,32,32,32,32
gfx1200,deep_fast-packed.hsaco,vit_attention_fused_256_bytein,False,938,937,-1,5568,5564,75,75,17,17,1536,1536,0,0,32,32,32,32
gfx1200,deep_fast-packed.hsaco,vit_attention_fused_256_bytein_bout,False,958,957,-1,5732,5732,75,75,17,17,1536,1536,0,0,32,32,32,32
gfx1200,deep_fast-packed.hsaco,vit_attention_fused_400,False,1197,1199,2,7588,7552,91,91,16,16,1536,1536,0,0,32,32,32,32
gfx1200,deep_fast-packed.hsaco,vit_attention_fused_400_bytein,False,938,937,-1,5568,5564,75,75,17,17,1536,1536,0,0,32,32,32,32
gfx1200,deep_fast-packed.hsaco,vit_attention_fused_400_bytein_bout,False,942,944,2,5600,5600,72,72,16,16,0,0,0,0,32,32,32,32
gfx1200,deep_fast-packed.hsaco,vit_attention_fused_640,False,1197,1199,2,7588,7552,91,91,16,16,1536,1536,0,0,32,32,32,32
gfx1200,deep_fast-packed.hsaco,vit_attention_fused_640_bytein,False,938,937,-1,5568,5564,75,75,17,17,1536,1536,0,0,32,32,32,32
gfx1200,deep_fast-packed.hsaco,vit_attention_fused_640_bytein_bout,False,942,944,2,5600,5600,72,72,16,16,0,0,0,0,32,32,32,32
gfx1200,deep_fast-packed.hsaco,vit_attention_inverse_fast,False,265,267,2,1584,1556,34,34,10,10,0,0,0,0,32,32,32,32
gfx1200,deep_fast-packed.hsaco,vit_attention_scores_fast,False,771,780,9,4552,4564,66,66,13,14,0,0,0,0,32,32,32,32
gfx1200,deep_fast-packed.hsaco,vit_contract_blocked_fp8,False,1830,1870,40,12132,11712,235,235,26,26,0,0,0,0,32,32,56,56
gfx1200,deep_fast-packed.hsaco,vit_contract_blocked_fp8_bstream,False,1872,1924,52,12488,12100,234,234,26,26,0,0,0,0,32,32,56,56
gfx1200,deep_fast-packed.hsaco,vit_contract_blocked_fp8_frag,False,1077,1091,14,7160,7104,205,205,12,12,0,0,0,0,32,32,56,56
gfx1200,deep_fast-packed.hsaco,vit_contract_blocked_fp8_hstream,False,1862,1915,53,12272,11836,235,235,26,26,0,0,0,0,32,32,56,56
gfx1200,deep_fast-packed.hsaco,vit_contract_blocked_fp8_tiled,False,743,744,1,4632,4596,104,104,21,21,0,0,0,0,32,32,56,56
gfx1200,deep_fast-packed.hsaco,vit_contract_blocked_fp8_tiled_bstream,False,822,834,12,5052,5056,103,103,21,21,0,0,0,0,32,32,56,56
gfx1200,deep_fast-packed.hsaco,vit_contract_blocked_fp8_tiled_hstream,False,789,802,13,4760,4768,103,103,21,21,0,0,0,0,32,32,56,56
gfx1200,deep_fast-packed.hsaco,vit_contract_combine,False,96,89,-7,556,492,14,14,11,11,0,0,0,0,32,32,48,48
gfx1200,deep_fast-packed.hsaco,vit_contract_parts_blocked_fp8,False,312,324,12,2032,1964,53,53,14,14,0,0,0,0,32,32,40,40
gfx1200,deep_fast-packed.hsaco,vit_contract_parts_blocked_fp8_tiled,False,406,421,15,2720,2664,71,70,16,22,0,0,0,0,32,32,40,40
gfx1200,deep_fast-packed.hsaco,vit_contract_parts_fp8,False,157,154,-3,864,836,23,23,14,13,0,0,0,0,32,32,40,40
gfx1200,deep_fast-packed.hsaco,vit_expand,False,356,422,66,2200,2484,32,32,14,16,0,0,0,0,32,32,48,48
gfx1200,deep_fast-packed.hsaco,vit_expand_blocked_fp8,False,810,1019,209,5244,6352,69,69,14,16,0,0,0,0,32,32,48,48
gfx1200,deep_fast-packed.hsaco,vit_expand_blocked_fp8_bytein,False,723,926,203,4592,5688,55,55,14,16,0,0,0,0,32,32,48,48
gfx1200,deep_fast-packed.hsaco,vit_expand_blocked_fp8_frag_bytein,False,1329,1773,444,8804,11312,77,77,23,23,0,0,0,0,32,32,48,48
gfx1200,deep_fast-packed.hsaco,vit_expand_blocked_fp8_frag_bytein_m2,False,1335,1739,404,8696,10996,86,86,22,22,0,0,0,0,32,32,48,48
gfx1200,deep_fast-packed.hsaco,vit_expand_blocked_fp8_frag_bytein_m4,False,2595,3387,792,17012,21500,154,154,27,27,0,0,0,0,32,32,48,48
gfx1200,deep_fast-packed.hsaco,vit_expand_blocked_fp8_frag_tiledin,False,711,923,212,4572,5764,46,46,23,23,0,0,0,0,32,32,48,48
gfx1200,deep_fast-packed.hsaco,vit_expand_blocked_fp8_tiled,False,883,1091,208,5804,6972,95,95,20,20,0,0,0,0,32,32,48,48
gfx1200,deep_fast-packed.hsaco,vit_expand_blocked_fp8_tiled_bytein,False,782,1004,222,5132,6316,73,73,18,18,0,0,0,0,32,32,48,48
gfx1200,deep_fast-packed.hsaco,vit_expand_blocked_fp8_tiled_bytein_m4,False,2668,3457,789,17556,22052,153,153,25,25,0,0,0,0,32,32,48,48
gfx1200,deep_fast-packed.hsaco,vit_expand_fp8,False,351,396,45,2156,2400,32,32,14,16,0,0,0,0,32,32,48,48
gfx1200,deep_fast-packed.hsaco,vit_ffn_fused,False,1493,1737,244,9660,10764,151,151,14,15,16640,16640,0,0,32,32,56,56
gfx1200,deep_fast-packed.hsaco,vit_pack_input,False,57,57,0,340,332,7,7,7,7,0,0,0,0,32,32,32,32
gfx1200,deep_fast-packed.hsaco,vit_pack_input_tiled,False,57,57,0,352,348,10,10,7,7,0,0,0,0,32,32,32,32
gfx1200,deep_fast-packed.hsaco,vit_project,False,1285,1323,38,8192,8048,77,77,20,20,0,0,0,0,32,32,56,56
gfx1200,deep_fast-packed.hsaco,vit_project_bytein_bout,False,586,593,7,4088,4112,98,98,14,14,0,0,0,0,32,32,56,56
gfx1200,deep_fast-packed.hsaco,vit_project_bytein_bout_hskip,False,593,600,7,4128,4148,99,99,14,14,0,0,0,0,32,32,56,56
gfx1200,deep_fast-packed.hsaco,vit_project_fp8,False,1310,1344,34,8336,7972,90,90,20,20,0,0,0,0,32,32,56,56
gfx1200,deep_fast-packed.hsaco,vit_project_frag,False,1850,1882,32,11692,11508,79,79,34,34,0,0,0,0,32,32,56,56
gfx1200,deep_fast-packed.hsaco,vit_qkv_normalize,False,478,478,0,2724,2656,31,31,18,18,0,0,0,0,32,32,40,40
gfx1200,deep_fast-packed.hsaco,vit_qkv_project,False,215,230,15,1204,1236,32,39,14,15,0,0,0,0,32,32,40,40
gfx1200,deep_fast-packed.hsaco,vit_qkv_project_blocked,False,266,276,10,1604,1560,48,48,13,13,0,0,0,0,32,32,40,40
gfx1200,deep_fast-packed.hsaco,vit_qkv_project_normalize_fused,False,848,842,-6,4768,4624,51,51,22,22,2112,2112,0,0,32,32,40,40
gfx1200,deep_fast-packed.hsaco,vit_qkv_project_normalize_fused_f16compact,False,853,847,-6,4868,4704,60,60,22,22,2112,2112,0,0,32,32,40,40
gfx1200,deep_fast-packed.hsaco,vit_qkv_project_normalize_fused_f16compact_fp8,False,777,783,6,4516,4500,60,60,22,22,2112,2112,0,0,32,32,40,40
gfx1200,deep_fast-packed.hsaco,vit_qkv_project_normalize_fused_f16compact_fp8_bytein,False,776,784,8,4488,4496,58,58,22,22,2112,2112,0,0,32,32,40,40
gfx1200,deep_fast-packed.hsaco,vit_qkv_project_normalize_fused_f16compact_fp8_frag,False,766,771,5,4440,4428,59,59,22,22,2112,2112,0,0,32,32,40,40
gfx1200,deep_fast-packed.hsaco,vit_qkv_project_normalize_fused_f16compact_fp8_h16in,False,1164,1172,8,7860,7876,96,95,22,22,2112,2112,0,0,32,32,40,40
gfx1200,deep_fast-packed.hsaco,vit_qkv_project_normalize_fused_f16compact_fp8_h16in_n4,False,1392,1395,3,8424,8420,192,186,22,22,4160,4160,0,0,32,32,40,40
gfx1200,deep_fast-packed.hsaco,vit_qkv_project_normalize_fused_f16weight,False,854,847,-7,4876,4708,60,60,22,22,2112,2112,0,0,32,32,40,40
gfx1200,deep_fast.hsaco,decoder_project2x,False,587,609,22,3168,3160,40,39,25,25,0,0,0,0,32,32,56,56
gfx1200,deep_fast.hsaco,decoder_project2x_h16w,False,5940,6004,64,32664,32472,64,64,34,34,0,0,0,0,32,32,56,56
gfx1200,deep_fast.hsaco,decoder_project2x_h16w_byteout,False,5978,6038,60,32788,32712,64,64,34,34,0,0,0,0,32,32,56,56
gfx1200,deep_fast.hsaco,reuse_decide,False,396,413,17,2020,2072,14,14,17,17,0,0,0,0,32,32,60,60
gfx1200,deep_fast.hsaco,reuse_finish,False,646,653,7,3864,3664,11,11,27,27,0,0,0,0,32,32,84,84
gfx1200,deep_fast.hsaco,reuse_image_commit,False,161,168,7,968,932,5,5,8,8,0,0,0,0,32,32,28,28
gfx1200,deep_fast.hsaco,reuse_image_stats,False,250,252,2,1360,1364,14,14,22,22,0,0,0,0,32,32,48,48
gfx1200,deep_fast.hsaco,reuse_token_stats,False,218,218,0,1180,1164,14,14,17,17,0,0,0,0,32,32,48,48
gfx1200,deep_fast.hsaco,split_contract,False,198,198,0,1156,1156,33,34,12,13,0,0,0,0,32,32,28,28
gfx1200,deep_fast.hsaco,split_contract_fp8,False,202,211,9,1176,1224,31,32,12,13,0,0,0,0,32,32,28,28
gfx1200,deep_fast.hsaco,split_expand,False,238,287,49,1452,1736,33,34,12,15,0,0,0,0,32,32,28,28
gfx1200,deep_fast.hsaco,split_expand_fp8,False,254,297,43,1556,1824,33,34,12,15,0,0,0,0,32,32,28,28
gfx1200,deep_fast.hsaco,split_ffn_fused,False,1078,1269,191,6560,7704,60,63,15,16,4160,4160,0,0,32,32,28,28
gfx1200,deep_fast.hsaco,split_ffn_fused_fp8,False,855,1063,208,5580,6916,102,118,11,19,4160,4160,0,0,32,32,28,28
gfx1200,deep_fast.hsaco,split_ffn_fused_fp8_mix,False,980,1176,196,6280,7552,103,105,13,38,6464,6464,0,0,32,32,28,28
gfx1200,deep_fast.hsaco,split_ffn_fused_fp8_t8,False,919,1142,223,6140,7460,111,111,14,22,4160,4160,0,0,32,32,36,36
gfx1200,deep_fast.hsaco,split_mix,False,200,189,-11,1160,1092,35,31,11,12,0,0,0,0,32,32,28,28
gfx1200,deep_fast.hsaco,split_mix_blocked,False,514,515,1,3084,3072,80,80,11,11,0,0,0,0,32,32,28,28
gfx1200,deep_fast.hsaco,split_mix_blocked_h16w,False,497,497,0,3032,3004,91,91,11,11,0,0,0,0,32,32,28,28
gfx1200,deep_fast.hsaco,split_projection,False,291,284,-7,1884,1832,48,46,12,11,0,0,0,0,32,32,36,36
gfx1200,deep_fast.hsaco,split_projection_blocked,False,798,799,1,5104,5088,93,93,12,12,0,0,0,0,32,32,36,36
gfx1200,deep_fast.hsaco,split_projection_blocked_t8,False,1011,1095,84,6628,6920,98,99,16,16,0,0,0,0,32,32,44,44
gfx1200,deep_fast.hsaco,split_projection_frag,False,859,920,61,5348,5608,83,84,17,17,0,0,0,0,32,32,44,44
gfx1200,deep_fast.hsaco,vit_attention_av_fast,False,486,485,-1,3092,2956,48,48,17,17,0,0,0,0,32,32,48,48
gfx1200,deep_fast.hsaco,vit_attention_fused_256,False,1197,1199,2,7588,7552,91,91,16,16,1536,1536,0,0,32,32,32,32
gfx1200,deep_fast.hsaco,vit_attention_fused_256_bytein,False,938,937,-1,5568,5564,75,75,17,17,1536,1536,0,0,32,32,32,32
gfx1200,deep_fast.hsaco,vit_attention_fused_256_bytein_bout,False,958,957,-1,5732,5732,75,75,17,17,1536,1536,0,0,32,32,32,32
gfx1200,deep_fast.hsaco,vit_attention_fused_400,False,1197,1199,2,7588,7552,91,91,16,16,1536,1536,0,0,32,32,32,32
gfx1200,deep_fast.hsaco,vit_attention_fused_400_bytein,False,938,937,-1,5568,5564,75,75,17,17,1536,1536,0,0,32,32,32,32
gfx1200,deep_fast.hsaco,vit_attention_fused_400_bytein_bout,False,958,957,-1,5732,5732,75,75,17,17,1536,1536,0,0,32,32,32,32
gfx1200,deep_fast.hsaco,vit_attention_fused_640,False,1197,1199,2,7588,7552,91,91,16,16,1536,1536,0,0,32,32,32,32
gfx1200,deep_fast.hsaco,vit_attention_fused_640_bytein,False,938,937,-1,5568,5564,75,75,17,17,1536,1536,0,0,32,32,32,32
gfx1200,deep_fast.hsaco,vit_attention_fused_640_bytein_bout,False,958,957,-1,5732,5732,75,75,17,17,1536,1536,0,0,32,32,32,32
gfx1200,deep_fast.hsaco,vit_attention_inverse_fast,False,265,267,2,1584,1556,34,34,10,10,0,0,0,0,32,32,32,32
gfx1200,deep_fast.hsaco,vit_attention_scores_fast,False,771,780,9,4552,4564,66,66,13,14,0,0,0,0,32,32,32,32
gfx1200,deep_fast.hsaco,vit_contract_blocked_fp8,False,1830,1870,40,12132,11712,235,235,26,26,0,0,0,0,32,32,56,56
gfx1200,deep_fast.hsaco,vit_contract_blocked_fp8_bstream,False,1872,1924,52,12488,12100,234,234,26,26,0,0,0,0,32,32,56,56
gfx1200,deep_fast.hsaco,vit_contract_blocked_fp8_frag,False,1077,1091,14,7160,7104,205,205,12,12,0,0,0,0,32,32,56,56
gfx1200,deep_fast.hsaco,vit_contract_blocked_fp8_hstream,False,1862,1915,53,12272,11836,235,235,26,26,0,0,0,0,32,32,56,56
gfx1200,deep_fast.hsaco,vit_contract_blocked_fp8_tiled,False,743,744,1,4632,4596,104,104,21,21,0,0,0,0,32,32,56,56
gfx1200,deep_fast.hsaco,vit_contract_blocked_fp8_tiled_bstream,False,822,834,12,5052,5056,103,103,21,21,0,0,0,0,32,32,56,56
gfx1200,deep_fast.hsaco,vit_contract_blocked_fp8_tiled_hstream,False,789,802,13,4760,4768,103,103,21,21,0,0,0,0,32,32,56,56
gfx1200,deep_fast.hsaco,vit_contract_combine,False,96,89,-7,556,492,14,14,11,11,0,0,0,0,32,32,48,48
gfx1200,deep_fast.hsaco,vit_contract_parts_blocked_fp8,False,312,324,12,2032,1964,53,53,14,14,0,0,0,0,32,32,40,40
gfx1200,deep_fast.hsaco,vit_contract_parts_blocked_fp8_tiled,False,406,421,15,2720,2664,71,70,16,22,0,0,0,0,32,32,40,40
gfx1200,deep_fast.hsaco,vit_contract_parts_fp8,False,207,211,4,1240,1220,32,31,15,14,0,0,0,0,32,32,40,40
gfx1200,deep_fast.hsaco,vit_expand,False,432,498,66,2812,3052,48,49,14,16,0,0,0,0,32,32,48,48
gfx1200,deep_fast.hsaco,vit_expand_blocked_fp8,False,810,1019,209,5244,6352,69,69,14,16,0,0,0,0,32,32,48,48
gfx1200,deep_fast.hsaco,vit_expand_blocked_fp8_bytein,False,723,926,203,4592,5688,55,55,14,16,0,0,0,0,32,32,48,48
gfx1200,deep_fast.hsaco,vit_expand_blocked_fp8_frag_bytein,False,1329,1773,444,8804,11312,77,77,23,23,0,0,0,0,32,32,48,48
gfx1200,deep_fast.hsaco,vit_expand_blocked_fp8_frag_bytein_m2,False,1335,1739,404,8696,10996,86,86,22,22,0,0,0,0,32,32,48,48
gfx1200,deep_fast.hsaco,vit_expand_blocked_fp8_frag_bytein_m4,False,2595,3387,792,17012,21500,154,154,27,27,0,0,0,0,32,32,48,48
gfx1200,deep_fast.hsaco,vit_expand_blocked_fp8_frag_tiledin,False,711,923,212,4572,5764,46,46,23,23,0,0,0,0,32,32,48,48
gfx1200,deep_fast.hsaco,vit_expand_blocked_fp8_tiled,False,883,1091,208,5804,6972,95,95,20,20,0,0,0,0,32,32,48,48
gfx1200,deep_fast.hsaco,vit_expand_blocked_fp8_tiled_bytein,False,782,1004,222,5132,6316,73,73,18,18,0,0,0,0,32,32,48,48
gfx1200,deep_fast.hsaco,vit_expand_blocked_fp8_tiled_bytein_m4,False,2668,3457,789,17556,22052,153,153,25,25,0,0,0,0,32,32,48,48
gfx1200,deep_fast.hsaco,vit_expand_fp8,False,427,472,45,2768,2968,48,49,14,16,0,0,0,0,32,32,48,48
gfx1200,deep_fast.hsaco,vit_ffn_fused,False,1493,1737,244,9660,10764,151,151,14,15,16640,16640,0,0,32,32,56,56
gfx1200,deep_fast.hsaco,vit_pack_input,False,57,57,0,340,332,7,7,7,7,0,0,0,0,32,32,32,32
gfx1200,deep_fast.hsaco,vit_pack_input_tiled,False,57,57,0,352,348,10,10,7,7,0,0,0,0,32,32,32,32
gfx1200,deep_fast.hsaco,vit_project,False,1443,1451,8,9372,9020,90,90,32,32,0,0,0,0,32,32,56,56
gfx1200,deep_fast.hsaco,vit_project_bytein_bout,False,644,653,9,4024,4012,55,55,14,14,0,0,0,0,32,32,56,56
gfx1200,deep_fast.hsaco,vit_project_bytein_bout_hskip,False,650,659,9,4056,4040,55,55,14,14,0,0,0,0,32,32,56,56
gfx1200,deep_fast.hsaco,vit_project_fp8,False,1274,1302,28,8140,7952,77,77,19,19,0,0,0,0,32,32,56,56
gfx1200,deep_fast.hsaco,vit_project_frag,False,1850,1882,32,11692,11508,79,79,34,34,0,0,0,0,32,32,56,56
gfx1200,deep_fast.hsaco,vit_qkv_normalize,False,478,478,0,2724,2656,31,31,18,18,0,0,0,0,32,32,40,40
gfx1200,deep_fast.hsaco,vit_qkv_project,False,215,230,15,1204,1236,32,39,14,15,0,0,0,0,32,32,40,40
gfx1200,deep_fast.hsaco,vit_qkv_project_blocked,False,266,276,10,1604,1560,48,48,13,13,0,0,0,0,32,32,40,40
gfx1200,deep_fast.hsaco,vit_qkv_project_normalize_fused,False,848,842,-6,4768,4624,51,51,22,22,2112,2112,0,0,32,32,40,40
gfx1200,deep_fast.hsaco,vit_qkv_project_normalize_fused_f16compact,False,853,847,-6,4868,4704,60,60,22,22,2112,2112,0,0,32,32,40,40
gfx1200,deep_fast.hsaco,vit_qkv_project_normalize_fused_f16compact_fp8,False,777,783,6,4516,4500,60,60,22,22,2112,2112,0,0,32,32,40,40
gfx1200,deep_fast.hsaco,vit_qkv_project_normalize_fused_f16compact_fp8_bytein,False,776,784,8,4488,4496,58,58,22,22,2112,2112,0,0,32,32,40,40
gfx1200,deep_fast.hsaco,vit_qkv_project_normalize_fused_f16compact_fp8_frag,False,766,771,5,4440,4428,59,59,22,22,2112,2112,0,0,32,32,40,40
gfx1200,deep_fast.hsaco,vit_qkv_project_normalize_fused_f16compact_fp8_h16in,False,1164,1172,8,7860,7876,96,95,22,22,2112,2112,0,0,32,32,40,40
gfx1200,deep_fast.hsaco,vit_qkv_project_normalize_fused_f16compact_fp8_h16in_n4,False,1392,1395,3,8424,8420,192,186,22,22,4160,4160,0,0,32,32,40,40
gfx1200,deep_fast.hsaco,vit_qkv_project_normalize_fused_f16weight,False,854,847,-7,4876,4708,60,60,22,22,2112,2112,0,0,32,32,40,40
gfx1200,deep_reference.hsaco,decoder_project2x,False,1315,1345,30,7484,7316,15,15,20,20,0,0,0,0,32,32,56,56
gfx1200,deep_reference.hsaco,split_contract,False,202,203,1,1176,1164,70,70,10,10,0,0,0,0,32,32,28,28
gfx1200,deep_reference.hsaco,split_expand,False,224,233,9,1236,1276,70,70,10,11,0,0,0,0,32,32,28,28
gfx1200,deep_reference.hsaco,split_mix,False,196,197,1,1140,1128,71,71,10,10,0,0,0,0,32,32,28,28
gfx1200,deep_reference.hsaco,split_projection,False,205,207,2,1212,1200,71,71,10,10,0,0,0,0,32,32,36,36
gfx1200,deep_reference.hsaco,vit_attention_av,False,261,264,3,1440,1432,16,16,19,19,0,0,0,0,32,32,36,36
gfx1200,deep_reference.hsaco,vit_attention_av_fast,False,176,178,2,968,964,11,11,17,17,0,0,0,0,32,32,36,36
gfx1200,deep_reference.hsaco,vit_attention_inverse,False,419,429,10,2256,2160,51,51,14,14,0,0,0,0,32,32,20,20
gfx1200,deep_reference.hsaco,vit_attention_inverse_fast,False,57,58,1,304,300,7,7,7,7,0,0,0,0,32,32,20,20
gfx1200,deep_reference.hsaco,vit_attention_scores,False,309,312,3,1684,1684,66,66,9,9,0,0,0,0,32,32,20,20
gfx1200,deep_reference.hsaco,vit_attention_scores_fast,False,303,306,3,1660,1660,66,66,9,9,0,0,0,0,32,32,20,20
gfx1200,deep_reference.hsaco,vit_expand,False,748,773,25,4312,4164,11,11,13,13,0,0,0,0,32,32,36,36
gfx1200,deep_reference.hsaco,vit_gather,False,29,30,1,180,172,6,6,10,10,0,0,0,0,32,32,28,28
gfx1200,deep_reference.hsaco,vit_project,False,750,768,18,4448,4252,17,17,13,13,0,0,0,0,32,32,44,44
gfx1200,deep_reference.hsaco,vit_qkv_normalize,False,2495,2529,34,13944,14032,57,42,23,22,0,0,144,144,32,32,28,28
gfx1200,deep_reference.hsaco,vit_qkv_project,False,223,224,1,1212,1192,76,76,12,12,0,0,0,0,32,32,28,28
gfx1200,deep_wmma.hsaco,decoder_project2x,False,5671,5825,154,30744,30972,56,56,25,25,0,0,0,0,32,32,56,56
gfx1200,deep_wmma.hsaco,split_contract,False,635,647,12,3556,3600,53,54,13,15,0,0,0,0,32,32,28,28
gfx1200,deep_wmma.hsaco,split_expand,False,767,829,62,4232,4556,50,50,14,14,0,0,0,0,32,32,28,28
gfx1200,deep_wmma.hsaco,split_mix,False,624,639,15,3472,3532,50,51,11,12,0,0,0,0,32,32,28,28
gfx1200,deep_wmma.hsaco,split_projection,False,660,675,15,3684,3744,50,51,12,12,0,0,0,0,32,32,36,36
gfx1200,deep_wmma.hsaco,vit_expand,False,1142,1232,90,6360,6776,49,49,16,16,0,0,0,0,32,32,36,36
gfx1200,deep_wmma.hsaco,vit_project,False,2478,2611,133,14048,13992,73,73,18,18,0,0,0,0,32,32,44,44
gfx1200,deep_wmma.hsaco,vit_qkv_project,False,420,421,1,2368,2292,62,60,14,15,0,0,0,0,32,32,28,28
gfx1200,multihead-fast-packed.hsaco,mh_attention_av_fast,False,564,570,6,3072,3028,52,52,22,22,0,0,0,0,32,32,36,36
gfx1200,multihead-fast-packed.hsaco,mh_attention_project_fast_matrix,False,2596,2682,86,13924,14308,95,97,52,52,4096,4096,0,0,32,32,44,44
gfx1200,multihead-fast-packed.hsaco,mh_attention_project_fast_scalar,False,1784,1867,83,8776,9124,32,32,21,27,4096,4096,0,0,32,32,44,44
gfx1200,multihead-fast-packed.hsaco,mh_ffn_contract_fast,False,482,494,12,2548,2588,27,27,17,17,4096,4096,0,0,32,32,32,32
gfx1200,multihead-fast-packed.hsaco,mh_ffn_contract_fast_pre,False,289,294,5,1528,1540,27,27,17,17,4096,4096,0,0,32,32,32,32
gfx1200,multihead-fast-packed.hsaco,mh_ffn_contract_fast_rne,False,482,494,12,2548,2588,27,27,17,17,4096,4096,0,0,32,32,32,32
gfx1200,multihead-fast-packed.hsaco,mh_ffn_contract_fast_rtz,False,482,494,12,2548,2588,27,27,17,17,4096,4096,0,0,32,32,32,32
gfx1200,multihead-fast-packed.hsaco,mh_ffn_expand_fast,False,545,609,64,3036,3436,29,29,16,16,4096,4096,0,0,32,32,32,32
gfx1200,multihead-fast-packed.hsaco,mh_ffn_project_fast,False,663,699,36,3568,3700,32,32,18,26,4096,4096,0,0,32,32,40,40
gfx1200,multihead-fast-packed.hsaco,mh_pool_project_production,False,1410,1441,31,7136,7112,48,47,21,26,0,0,0,0,32,32,44,44
gfx1200,multihead-fast-packed.hsaco,mh_probabilities_fast,False,678,694,16,3716,3732,50,50,12,12,0,0,0,0,32,32,24,24
gfx1200,multihead-fast-packed.hsaco,mh_qkv_fast,False,334,342,8,1760,1788,26,26,16,16,4096,4096,0,0,32,32,32,32
gfx1200,multihead-fast-packed.hsaco,mh_qkv_normalize_fast,False,3520,3565,45,20560,19972,148,148,11,11,0,0,0,0,32,32,32,32
gfx1200,multihead-fast-packed.hsaco,mh_scores_exp_fast,False,1108,1127,19,6156,6044,67,67,16,16,0,0,0,0,32,32,36,36
gfx1200,multihead-fast-padded-wave-packed.hsaco,mh_attention_av_fast,False,444,451,7,2472,2432,52,52,22,22,0,0,0,0,32,32,36,36
gfx1200,multihead-fast-padded-wave-packed.hsaco,mh_attention_crop,False,2625,2702,77,13160,13296,33,33,36,46,4608,4608,0,0,32,32,64,64
gfx1200,multihead-fast-padded-wave-packed.hsaco,mh_attention_project_fast_matrix,False,2102,2153,51,10684,10740,34,32,28,30,4608,4608,0,0,32,32,44,44
gfx1200,multihead-fast-padded-wave-packed.hsaco,mh_attention_project_fast_matrix_fp8,False,2068,2120,52,10448,10508,34,33,28,30,4608,4608,0,0,32,32,44,44
gfx1200,multihead-fast-padded-wave-packed.hsaco,mh_attention_project_fast_scalar,False,1412,1449,37,6984,7088,32,32,21,27,4608,4608,0,0,32,32,44,44
gfx1200,multihead-fast-padded-wave-packed.hsaco,mh_attention_project_fast_scalar_fp8,False,1378,1414,36,6748,6852,33,33,21,27,4608,4608,0,0,32,32,44,44
gfx1200,multihead-fast-padded-wave-packed.hsaco,mh_attention_project_frag_c512,False,1283,1284,1,6812,6776,80,80,28,28,0,0,0,0,32,32,60,60
gfx1200,multihead-fast-padded-wave-packed.hsaco,mh_ffn_contract_fast,False,399,399,0,2192,2180,27,27,17,17,4608,4608,0,0,32,32,32,32
gfx1200,multihead-fast-padded-wave-packed.hsaco,mh_ffn_contract_fast_fp8,False,383,383,0,2084,2084,28,28,17,17,4608,4608,0,0,32,32,32,32
gfx1200,multihead-fast-padded-wave-packed.hsaco,mh_ffn_contract_fast_fp8_out,False,349,347,-2,1900,1896,28,28,17,17,4608,4608,0,0,32,32,32,32
gfx1200,multihead-fast-padded-wave-packed.hsaco,mh_ffn_contract_fast_pre,False,296,303,7,1564,1580,27,27,17,17,4608,4608,0,0,32,32,32,32
gfx1200,multihead-fast-padded-wave-packed.hsaco,mh_ffn_contract_fast_rne,False,399,399,0,2192,2180,27,27,17,17,4608,4608,0,0,32,32,32,32
gfx1200,multihead-fast-padded-wave-packed.hsaco,mh_ffn_contract_fast_rtz,False,399,399,0,2192,2180,27,27,17,17,4608,4608,0,0,32,32,32,32
gfx1200,multihead-fast-padded-wave-packed.hsaco,mh_ffn_expand_fast,False,461,463,2,2632,2636,29,29,16,16,4608,4608,0,0,32,32,32,32
gfx1200,multihead-fast-padded-wave-packed.hsaco,mh_ffn_expand_fast_fp8,False,425,429,4,2456,2468,29,29,16,16,4608,4608,0,0,32,32,32,32
gfx1200,multihead-fast-padded-wave-packed.hsaco,mh_ffn_fused_c128,False,840,842,2,6012,6020,101,101,12,12,8256,8256,0,0,32,32,28,28
gfx1200,multihead-fast-padded-wave-packed.hsaco,mh_ffn_fused_c128_frag_project_g128_qkv,False,1510,1527,17,9976,10044,100,98,16,16,15168,15168,0,0,32,32,64,64
gfx1200,multihead-fast-padded-wave-packed.hsaco,mh_ffn_fused_c128_frag_project_mapped_g128_qkv,False,1669,1697,28,10868,10936,99,99,25,25,15168,15168,0,0,32,32,64,64
gfx1200,multihead-fast-padded-wave-packed.hsaco,mh_ffn_fused_c128_project,False,1026,1028,2,7160,7136,101,101,14,14,8256,8256,0,0,32,32,28,28
gfx1200,multihead-fast-padded-wave-packed.hsaco,mh_ffn_fused_c128_project_g128,False,940,944,4,6436,6420,102,102,15,15,8256,8256,0,0,32,32,28,28
gfx1200,multihead-fast-padded-wave-packed.hsaco,mh_ffn_fused_c128_project_g128_qkv,False,1439,1446,7,9540,9548,99,99,16,16,15168,15168,0,0,32,32,64,64
gfx1200,multihead-fast-padded-wave-packed.hsaco,mh_ffn_fused_c128_project_g128_qkv_bn,False,1283,1293,10,8924,8892,142,142,16,16,23872,23872,0,0,32,32,64,64
gfx1200,multihead-fast-padded-wave-packed.hsaco,mh_ffn_fused_c128_project_g128_qkv_bytein_fb,False,1397,1402,5,9356,9364,97,97,15,15,15168,15168,0,0,32,32,64,64
gfx1200,multihead-fast-padded-wave-packed.hsaco,mh_ffn_fused_c128_project_g128_qkv_bytein_fb_pdl,False,1521,1526,5,9928,9932,97,97,17,17,15168,15168,0,0,32,32,100,100
gfx1200,multihead-fast-padded-wave-packed.hsaco,mh_ffn_fused_c128_project_g128_qkv_fb,False,1430,1438,8,9508,9520,99,99,16,16,15168,15168,0,0,32,32,64,64
gfx1200,multihead-fast-padded-wave-packed.hsaco,mh_ffn_fused_c128_project_g128_qkv_fb_pdl,False,1556,1565,9,10104,10116,99,99,18,18,15168,15168,0,0,32,32,100,100
gfx1200,multihead-fast-padded-wave-packed.hsaco,mh_ffn_fused_c128_project_mapped,False,1538,1541,3,9724,9660,102,102,28,28,8256,8256,0,0,32,32,48,48
gfx1200,multihead-fast-padded-wave-packed.hsaco,mh_ffn_fused_c128_project_mapped_g128,False,1441,1446,5,8992,8936,102,102,28,28,8256,8256,0,0,32,32,48,48
gfx1200,multihead-fast-padded-wave-packed.hsaco,mh_ffn_fused_c128_project_mapped_g128_qkv,False,1592,1594,2,10464,10452,99,99,25,25,15168,15168,0,0,32,32,64,64
gfx1200,multihead-fast-padded-wave-packed.hsaco,mh_ffn_fused_c128_project_mapped_g128_qkv_bn,False,1460,1422,-38,9880,9940,144,147,25,52,23872,23872,0,0,32,32,64,64
gfx1200,multihead-fast-padded-wave-packed.hsaco,mh_ffn_fused_c128_project_mapped_g128_qkv_bytein_fb,False,1570,1583,13,10592,10632,99,99,21,21,15168,15168,0,0,32,32,64,64
gfx1200,multihead-fast-padded-wave-packed.hsaco,mh_ffn_fused_c128_project_mapped_g128_qkv_bytein_fb_pdl,False,1695,1709,14,11172,11212,99,99,23,23,15168,15168,0,0,32,32,100,100
gfx1200,multihead-fast-padded-wave-packed.hsaco,mh_ffn_fused_c128_project_mapped_g128_qkv_fb,False,1638,1647,9,10764,10792,99,99,26,26,15168,15168,0,0,32,32,64,64
gfx1200,multihead-fast-padded-wave-packed.hsaco,mh_ffn_fused_c128_project_mapped_g128_qkv_fb_pdl,False,1763,1774,11,11344,11376,99,99,28,28,15168,15168,0,0,32,32,100,100
gfx1200,multihead-fast-padded-wave-packed.hsaco,mh_ffn_fused_c128_tiled,False,922,873,-49,6212,5780,75,75,12,12,8256,8256,0,0,32,32,28,28
gfx1200,multihead-fast-padded-wave-packed.hsaco,mh_ffn_fused_c128_tiled_project_g128_qkv,False,1631,1664,33,10920,11072,82,82,32,16,15168,15168,0,0,32,32,64,64
gfx1200,multihead-fast-padded-wave-packed.hsaco,mh_ffn_fused_c128_tiled_project_mapped_g128_qkv,False,1816,1840,24,11864,11992,83,83,38,24,15168,15168,0,0,32,32,64,64
gfx1200,multihead-fast-padded-wave-packed.hsaco,mh_ffn_fused_c256,False,1003,889,-114,6676,5796,73,73,11,11,16448,16448,0,0,32,32,28,28
gfx1200,multihead-fast-padded-wave-packed.hsaco,mh_ffn_fused_c256_frag_project_g128_qkv,False,1738,1755,17,11852,11868,96,96,15,15,30016,30016,0,0,32,32,64,64
gfx1200,multihead-fast-padded-wave-packed.hsaco,mh_ffn_fused_c256_frag_project_g128_qkv_bytein_fb,False,1720,1728,8,11752,11756,97,97,15,15,30016,30016,0,0,32,32,64,64
gfx1200,multihead-fast-padded-wave-packed.hsaco,mh_ffn_fused_c256_frag_project_g128_qkv_bytein_fb_pdl,False,1838,1848,10,12324,12332,97,97,17,17,30016,30016,0,0,32,32,100,100
gfx1200,multihead-fast-padded-wave-packed.hsaco,mh_ffn_fused_c256_frag_project_g128_qkv_fb,False,1746,1759,13,11860,11876,98,98,15,15,30016,30016,0,0,32,32,64,64
gfx1200,multihead-fast-padded-wave-packed.hsaco,mh_ffn_fused_c256_frag_project_g128_qkv_fb_pdl,False,1882,1894,12,12492,12496,98,98,17,17,30016,30016,0,0,32,32,100,100
gfx1200,multihead-fast-padded-wave-packed.hsaco,mh_ffn_fused_c256_frag_project_mapped_g128_qkv,False,1886,1912,26,12680,12748,97,97,23,23,30016,30016,0,0,32,32,64,64
gfx1200,multihead-fast-padded-wave-packed.hsaco,mh_ffn_fused_c256_frag_project_mapped_g128_qkv_bytein_fb,False,1894,1916,22,13016,13120,101,101,21,21,30016,30016,0,0,32,32,64,64
gfx1200,multihead-fast-padded-wave-packed.hsaco,mh_ffn_fused_c256_frag_project_mapped_g128_qkv_bytein_fb_pdl,False,2019,2044,25,13596,13708,101,101,23,23,30016,30016,0,0,32,32,100,100
gfx1200,multihead-fast-padded-wave-packed.hsaco,mh_ffn_fused_c256_frag_project_mapped_g128_qkv_fb,False,1952,1964,12,13008,13036,98,98,24,24,30016,30016,0,0,32,32,64,64
gfx1200,multihead-fast-padded-wave-packed.hsaco,mh_ffn_fused_c256_frag_project_mapped_g128_qkv_fb_pdl,False,2077,2090,13,13588,13616,98,98,26,26,30016,30016,0,0,32,32,100,100
gfx1200,multihead-fast-padded-wave-packed.hsaco,mh_ffn_fused_c256_tiled,False,911,864,-47,6088,5728,74,74,11,11,16448,16448,0,0,32,32,28,28
gfx1200,multihead-fast-padded-wave-packed.hsaco,mh_ffn_fused_c256_tiled_project,False,1102,1058,-44,7380,7024,74,74,13,11,16448,16448,0,0,32,32,28,28
gfx1200,multihead-fast-padded-wave-packed.hsaco,mh_ffn_fused_c256_tiled_project_g128,False,1193,1189,-4,8120,8052,77,77,26,12,16448,16448,0,0,32,32,28,28
gfx1200,multihead-fast-padded-wave-packed.hsaco,mh_ffn_fused_c256_tiled_project_g128_qkv,False,1813,1860,47,12192,12532,93,93,30,16,30016,30016,0,0,32,32,64,64
gfx1200,multihead-fast-padded-wave-packed.hsaco,mh_ffn_fused_c256_tiled_project_g128_qkv_bytein_fb,False,1746,1778,32,11920,12192,93,93,30,16,30016,30016,0,0,32,32,64,64
gfx1200,multihead-fast-padded-wave-packed.hsaco,mh_ffn_fused_c256_tiled_project_g128_qkv_fb,False,1813,1846,33,12172,12456,93,93,30,16,30016,30016,0,0,32,32,64,64
gfx1200,multihead-fast-padded-wave-packed.hsaco,mh_ffn_fused_c256_tiled_project_mapped,False,1585,1543,-42,9844,9436,74,74,26,26,16448,16448,0,0,32,32,48,48
gfx1200,multihead-fast-padded-wave-packed.hsaco,mh_ffn_fused_c256_tiled_project_mapped_g128,False,1679,1676,-3,10576,10456,77,77,32,26,16448,16448,0,0,32,32,48,48
gfx1200,multihead-fast-padded-wave-packed.hsaco,mh_ffn_fused_c256_tiled_project_mapped_g128_qkv,False,1970,1987,17,12992,13256,94,95,37,23,30016,30016,0,0,32,32,64,64
gfx1200,multihead-fast-padded-wave-packed.hsaco,mh_ffn_fused_c256_tiled_project_mapped_g128_qkv_bytein_fb,False,1936,1970,34,13184,13476,94,94,31,21,30016,30016,0,0,32,32,64,64
gfx1200,multihead-fast-padded-wave-packed.hsaco,mh_ffn_fused_c256_tiled_project_mapped_g128_qkv_fb,False,2015,2058,43,13320,13628,94,94,38,24,30016,30016,0,0,32,32,64,64
gfx1200,multihead-fast-padded-wave-packed.hsaco,mh_ffn_fused_c64,False,721,723,2,5084,5092,100,100,15,15,4160,4160,0,0,32,32,28,28
gfx1200,multihead-fast-padded-wave-packed.hsaco,mh_ffn_fused_c64_frag_project_g128_qkv,False,1359,1380,21,8952,8968,96,96,16,16,7744,7744,0,0,32,32,64,64
gfx1200,multihead-fast-padded-wave-packed.hsaco,mh_ffn_fused_c64_frag_project_mapped_g128_qkv,False,1476,1498,22,9564,9624,97,97,25,25,7744,7744,0,0,32,32,64,64
gfx1200,multihead-fast-padded-wave-packed.hsaco,mh_ffn_fused_c64_project,False,904,907,3,6268,6216,100,100,18,18,4160,4160,0,0,32,32,28,28
gfx1200,multihead-fast-padded-wave-packed.hsaco,mh_ffn_fused_c64_project_g128,False,884,887,3,6072,6024,100,100,19,19,4160,4160,0,0,32,32,28,28
gfx1200,multihead-fast-padded-wave-packed.hsaco,mh_ffn_fused_c64_project_g128_qkv,False,1304,1309,5,8548,8544,98,98,16,16,7744,7744,0,0,32,32,64,64
gfx1200,multihead-fast-padded-wave-packed.hsaco,mh_ffn_fused_c64_project_g128_qkv_bn,False,1180,1184,4,7932,7928,139,139,16,16,12096,12096,0,0,32,32,64,64
gfx1200,multihead-fast-padded-wave-packed.hsaco,mh_ffn_fused_c64_project_g128_qkv_bytein_fb,False,1266,1270,4,8336,8340,97,97,15,15,7744,7744,0,0,32,32,64,64
gfx1200,multihead-fast-padded-wave-packed.hsaco,mh_ffn_fused_c64_project_g128_qkv_bytein_fb_pdl,False,1397,1404,7,8928,8940,97,97,17,17,7744,7744,0,0,32,32,100,100
gfx1200,multihead-fast-padded-wave-packed.hsaco,mh_ffn_fused_c64_project_g128_qkv_fb,False,1288,1295,7,8500,8512,99,99,16,16,7744,7744,0,0,32,32,64,64
gfx1200,multihead-fast-padded-wave-packed.hsaco,mh_ffn_fused_c64_project_g128_qkv_fb_pdl,False,1416,1425,9,9116,9132,99,99,18,18,7744,7744,0,0,32,32,100,100
gfx1200,multihead-fast-padded-wave-packed.hsaco,mh_ffn_fused_c64_project_mapped,False,1380,1387,7,8608,8560,101,101,28,28,4160,4160,0,0,32,32,48,48
gfx1200,multihead-fast-padded-wave-packed.hsaco,mh_ffn_fused_c64_project_mapped_g128,False,1354,1362,8,8404,8360,100,100,28,28,4160,4160,0,0,32,32,48,48
gfx1200,multihead-fast-padded-wave-packed.hsaco,mh_ffn_fused_c64_project_mapped_g128_qkv,False,1411,1419,8,9160,9176,96,96,25,25,7744,7744,0,0,32,32,64,64
gfx1200,multihead-fast-padded-wave-packed.hsaco,mh_ffn_fused_c64_project_mapped_g128_qkv_bn,False,1284,1292,8,8544,8564,141,141,25,25,12096,12096,0,0,32,32,64,64
gfx1200,multihead-fast-padded-wave-packed.hsaco,mh_ffn_fused_c64_project_mapped_g128_qkv_bytein_fb,False,1326,1341,15,8956,9004,97,97,21,21,7744,7744,0,0,32,32,64,64
gfx1200,multihead-fast-padded-wave-packed.hsaco,mh_ffn_fused_c64_project_mapped_g128_qkv_bytein_fb_pdl,False,1452,1470,18,9540,9596,97,97,22,22,7744,7744,0,0,32,32,100,100
gfx1200,multihead-fast-padded-wave-packed.hsaco,mh_ffn_fused_c64_project_mapped_g128_qkv_fb,False,1402,1411,9,9120,9148,96,96,25,25,7744,7744,0,0,32,32,64,64
gfx1200,multihead-fast-padded-wave-packed.hsaco,mh_ffn_fused_c64_project_mapped_g128_qkv_fb_pdl,False,1526,1538,12,9708,9744,96,96,27,27,7744,7744,0,0,32,32,100,100
gfx1200,multihead-fast-padded-wave-packed.hsaco,mh_ffn_fused_c64_tiled,False,939,850,-89,6252,5696,75,75,12,12,4160,4160,0,0,32,32,28,28
gfx1200,multihead-fast-padded-wave-packed.hsaco,mh_ffn_fused_c64_tiled_project_g128_qkv,False,1589,1613,24,10484,10608,81,81,32,16,7744,7744,0,0,32,32,64,64
gfx1200,multihead-fast-padded-wave-packed.hsaco,mh_ffn_fused_c64_tiled_project_mapped_g128_qkv,False,1688,1710,22,10988,11116,82,82,38,24,7744,7744,0,0,32,32,64,64
gfx1200,multihead-fast-padded-wave-packed.hsaco,mh_ffn_project_fast,False,585,609,24,3212,3292,32,32,18,26,4608,4608,0,0,32,32,40,40
gfx1200,multihead-fast-padded-wave-packed.hsaco,mh_ffn_project_fast_fp8,False,552,575,23,2980,3060,33,33,18,26,4608,4608,0,0,32,32,40,40
gfx1200,multihead-fast-padded-wave-packed.hsaco,mh_pool_project_fused_c128,False,3445,3690,245,17628,18372,152,152,22,23,0,0,144,144,32,32,44,44
gfx1200,multihead-fast-padded-wave-packed.hsaco,mh_pool_project_fused_c256,False,3884,4121,237,20332,21072,192,192,22,23,0,0,272,272,32,32,44,44
gfx1200,multihead-fast-padded-wave-packed.hsaco,mh_pool_project_fused_c64,False,6334,5028,-1306,32732,25008,128,121,80,23,0,0,0,0,32,32,44,44
gfx1200,multihead-fast-padded-wave-packed.hsaco,mh_pool_project_group_c128,False,2289,2439,150,11568,12056,98,98,29,29,4352,4352,0,0,32,32,44,44
gfx1200,multihead-fast-padded-wave-packed.hsaco,mh_pool_project_group_c256,False,2283,2439,156,11540,12032,98,98,29,29,8448,8448,0,0,32,32,44,44
gfx1200,multihead-fast-padded-wave-packed.hsaco,mh_pool_project_group_c512,False,2287,2459,172,11564,12132,98,98,29,29,16640,16640,0,0,32,32,44,44
gfx1200,multihead-fast-padded-wave-packed.hsaco,mh_pool_project_group_c64,False,2331,2484,153,11768,12288,100,102,29,29,2304,2304,0,0,32,32,44,44
gfx1200,multihead-fast-padded-wave-packed.hsaco,mh_pool_project_production,False,1314,1345,31,6656,6632,48,47,21,26,0,0,0,0,32,32,44,44
gfx1200,multihead-fast-padded-wave-packed.hsaco,mh_pool_project_production_h16w,False,1387,1391,4,7040,6872,62,62,20,20,0,0,0,0,32,32,44,44
gfx1200,multihead-fast-padded-wave-packed.hsaco,mh_probabilities_fast,False,572,579,7,3284,3264,50,50,12,12,0,0,0,0,32,32,24,24
gfx1200,multihead-fast-padded-wave-packed.hsaco,mh_qkv_fast,False,340,348,8,1796,1824,26,26,16,16,4608,4608,0,0,32,32,32,32
gfx1200,multihead-fast-padded-wave-packed.hsaco,mh_qkv_normalize_fast,False,1115,1115,0,6532,6144,110,110,11,11,0,0,0,0,32,32,32,32
gfx1200,multihead-fast-padded-wave-packed.hsaco,mh_qkv_normalize_fast_wave,False,395,403,8,2080,2084,9,9,11,11,0,0,0,0,32,32,32,32
gfx1200,multihead-fast-padded-wave-packed.hsaco,mh_qkv_normalize_fast_wave_fp8,False,396,402,6,2072,2080,7,7,11,11,0,0,0,0,32,32,32,32
gfx1200,multihead-fast-padded-wave-packed.hsaco,mh_qkv_normalize_frag_c512,False,1249,1283,34,7672,7736,90,90,18,18,4420,4420,0,0,32,32,28,28
gfx1200,multihead-fast-padded-wave-packed.hsaco,mh_qkv_normalize_fused,False,2335,2370,35,13492,13688,45,45,18,18,21760,21760,0,0,32,32,32,32
gfx1200,multihead-fast-padded-wave-packed.hsaco,mh_qkv_normalize_wave_c512,False,1146,1149,3,6876,6872,72,72,14,14,17680,17680,0,0,32,32,28,28
gfx1200,multihead-fast-padded-wave-packed.hsaco,mh_scores_exp_fast,False,1108,1127,19,6156,6044,67,67,16,16,0,0,0,0,32,32,36,36
gfx1200,multihead-fast-padded-wave.hsaco,mh_attention_av_fast,False,444,451,7,2472,2432,52,52,22,22,0,0,0,0,32,32,36,36
gfx1200,multihead-fast-padded-wave.hsaco,mh_attention_crop,False,2649,2727,78,13352,13484,32,32,34,46,4608,4608,0,0,32,32,64,64
gfx1200,multihead-fast-padded-wave.hsaco,mh_attention_project_fast_matrix,False,2131,2182,51,10856,10912,38,38,27,30,4608,4608,0,0,32,32,44,44
gfx1200,multihead-fast-padded-wave.hsaco,mh_attention_project_fast_matrix_fp8,False,2094,2144,50,10640,10692,34,32,27,30,4608,4608,0,0,32,32,44,44
gfx1200,multihead-fast-padded-wave.hsaco,mh_attention_project_fast_scalar,False,1433,1475,42,7144,7264,38,38,20,26,4608,4608,0,0,32,32,44,44
gfx1200,multihead-fast-padded-wave.hsaco,mh_attention_project_fast_scalar_fp8,False,1399,1442,43,6928,7052,32,32,20,26,4608,4608,0,0,32,32,44,44
gfx1200,multihead-fast-padded-wave.hsaco,mh_attention_project_frag_c512,False,1283,1284,1,6812,6776,80,80,28,28,0,0,0,0,32,32,60,60
gfx1200,multihead-fast-padded-wave.hsaco,mh_ffn_contract_fast,False,401,402,1,2232,2216,30,30,16,16,4608,4608,0,0,32,32,32,32
gfx1200,multihead-fast-padded-wave.hsaco,mh_ffn_contract_fast_fp8,False,387,387,0,2132,2124,27,26,16,16,4608,4608,0,0,32,32,32,32
gfx1200,multihead-fast-padded-wave.hsaco,mh_ffn_contract_fast_fp8_out,False,354,351,-3,1940,1936,27,26,16,16,4608,4608,0,0,32,32,32,32
gfx1200,multihead-fast-padded-wave.hsaco,mh_ffn_contract_fast_pre,False,298,306,8,1604,1616,30,30,16,16,4608,4608,0,0,32,32,32,32
gfx1200,multihead-fast-padded-wave.hsaco,mh_ffn_contract_fast_rne,False,401,402,1,2232,2216,30,30,16,16,4608,4608,0,0,32,32,32,32
gfx1200,multihead-fast-padded-wave.hsaco,mh_ffn_contract_fast_rtz,False,401,402,1,2232,2216,30,30,16,16,4608,4608,0,0,32,32,32,32
gfx1200,multihead-fast-padded-wave.hsaco,mh_ffn_expand_fast,False,495,498,3,2848,2856,32,32,16,16,4608,4608,0,0,32,32,32,32
gfx1200,multihead-fast-padded-wave.hsaco,mh_ffn_expand_fast_fp8,False,456,460,4,2656,2668,32,32,16,16,4608,4608,0,0,32,32,32,32
gfx1200,multihead-fast-padded-wave.hsaco,mh_ffn_fused_c128,False,840,842,2,6012,6020,101,101,12,12,8256,8256,0,0,32,32,28,28
gfx1200,multihead-fast-padded-wave.hsaco,mh_ffn_fused_c128_frag_project_g128_qkv,False,1475,1510,35,9768,9840,99,99,16,16,10816,10816,0,0,32,32,64,64
gfx1200,multihead-fast-padded-wave.hsaco,mh_ffn_fused_c128_frag_project_mapped_g128_qkv,False,1650,1674,24,10660,10764,98,98,25,25,10816,10816,0,0,32,32,64,64
gfx1200,multihead-fast-padded-wave.hsaco,mh_ffn_fused_c128_project,False,1026,1028,2,7160,7136,101,101,14,14,8256,8256,0,0,32,32,28,28
gfx1200,multihead-fast-padded-wave.hsaco,mh_ffn_fused_c128_project_g128,False,940,944,4,6436,6420,102,102,15,15,8256,8256,0,0,32,32,28,28
gfx1200,multihead-fast-padded-wave.hsaco,mh_ffn_fused_c128_project_g128_qkv,False,1424,1429,5,9352,9360,99,99,16,16,10816,10816,0,0,32,32,64,64
gfx1200,multihead-fast-padded-wave.hsaco,mh_ffn_fused_c128_project_g128_qkv_bn,False,1248,1241,-7,8704,8956,126,120,16,46,19520,19520,0,0,32,32,64,64
gfx1200,multihead-fast-padded-wave.hsaco,mh_ffn_fused_c128_project_g128_qkv_bytein_fb,False,1362,1365,3,9016,9024,96,96,15,15,10816,10816,0,0,32,32,64,64
gfx1200,multihead-fast-padded-wave.hsaco,mh_ffn_fused_c128_project_g128_qkv_bytein_fb_pdl,False,1477,1483,6,9612,9628,96,96,17,17,10816,10816,0,0,32,32,100,100
gfx1200,multihead-fast-padded-wave.hsaco,mh_ffn_fused_c128_project_g128_qkv_fb,False,1402,1407,5,9244,9260,99,99,16,16,10816,10816,0,0,32,32,64,64
gfx1200,multihead-fast-padded-wave.hsaco,mh_ffn_fused_c128_project_g128_qkv_fb_pdl,False,1528,1533,5,9828,9840,99,99,18,18,10816,10816,0,0,32,32,100,100
gfx1200,multihead-fast-padded-wave.hsaco,mh_ffn_fused_c128_project_mapped,False,1538,1541,3,9724,9660,102,102,28,28,8256,8256,0,0,32,32,48,48
gfx1200,multihead-fast-padded-wave.hsaco,mh_ffn_fused_c128_project_mapped_g128,False,1441,1446,5,8992,8936,102,102,28,28,8256,8256,0,0,32,32,48,48
gfx1200,multihead-fast-padded-wave.hsaco,mh_ffn_fused_c128_project_mapped_g128_qkv,False,1573,1585,12,10224,10268,99,99,25,25,10816,10816,0,0,32,32,64,64
gfx1200,multihead-fast-padded-wave.hsaco,mh_ffn_fused_c128_project_mapped_g128_qkv_bn,False,1445,1424,-21,9720,9880,126,124,25,52,19520,19520,0,0,32,32,64,64
gfx1200,multihead-fast-padded-wave.hsaco,mh_ffn_fused_c128_project_mapped_g128_qkv_bytein_fb,False,1534,1553,19,10320,10372,100,100,21,21,10816,10816,0,0,32,32,64,64
gfx1200,multihead-fast-padded-wave.hsaco,mh_ffn_fused_c128_project_mapped_g128_qkv_bytein_fb_pdl,False,1658,1678,20,10896,10948,100,100,23,23,10816,10816,0,0,32,32,100,100
gfx1200,multihead-fast-padded-wave.hsaco,mh_ffn_fused_c128_project_mapped_g128_qkv_fb,False,1606,1616,10,10432,10480,99,99,26,26,10816,10816,0,0,32,32,64,64
gfx1200,multihead-fast-padded-wave.hsaco,mh_ffn_fused_c128_project_mapped_g128_qkv_fb_pdl,False,1731,1743,12,11012,11064,99,99,28,28,10816,10816,0,0,32,32,100,100
gfx1200,multihead-fast-padded-wave.hsaco,mh_ffn_fused_c128_tiled,False,922,873,-49,6212,5780,75,75,12,12,8256,8256,0,0,32,32,28,28
gfx1200,multihead-fast-padded-wave.hsaco,mh_ffn_fused_c128_tiled_project_g128_qkv,False,1617,1649,32,10752,10904,82,82,32,16,10816,10816,0,0,32,32,64,64
gfx1200,multihead-fast-padded-wave.hsaco,mh_ffn_fused_c128_tiled_project_mapped_g128_qkv,False,1776,1798,22,11620,11752,83,83,38,24,10816,10816,0,0,32,32,64,64
gfx1200,multihead-fast-padded-wave.hsaco,mh_ffn_fused_c256,False,1003,889,-114,6676,5796,73,73,11,11,16448,16448,0,0,32,32,28,28
gfx1200,multihead-fast-padded-wave.hsaco,mh_ffn_fused_c256_frag_project_g128_qkv,False,1778,1734,-44,12036,11684,97,97,15,15,21568,21568,0,0,32,32,64,64
gfx1200,multihead-fast-padded-wave.hsaco,mh_ffn_fused_c256_frag_project_g128_qkv_bytein_fb,False,1717,1684,-33,11760,11460,97,97,15,15,21568,21568,0,0,32,32,64,64
gfx1200,multihead-fast-padded-wave.hsaco,mh_ffn_fused_c256_frag_project_g128_qkv_bytein_fb_pdl,False,1846,1811,-35,12356,12044,97,97,17,17,21568,21568,0,0,32,32,100,100
gfx1200,multihead-fast-padded-wave.hsaco,mh_ffn_fused_c256_frag_project_g128_qkv_fb,False,1750,1719,-31,11900,11600,97,97,15,15,21568,21568,0,0,32,32,64,64
gfx1200,multihead-fast-padded-wave.hsaco,mh_ffn_fused_c256_frag_project_g128_qkv_fb_pdl,False,1878,1846,-32,12500,12196,97,97,17,17,21568,21568,0,0,32,32,100,100
gfx1200,multihead-fast-padded-wave.hsaco,mh_ffn_fused_c256_frag_project_mapped_g128_qkv,False,1915,1880,-35,12812,12508,97,97,23,23,21568,21568,0,0,32,32,64,64
gfx1200,multihead-fast-padded-wave.hsaco,mh_ffn_fused_c256_frag_project_mapped_g128_qkv_bytein_fb,False,1918,1876,-42,13128,12860,99,99,21,21,21568,21568,0,0,32,32,64,64
gfx1200,multihead-fast-padded-wave.hsaco,mh_ffn_fused_c256_frag_project_mapped_g128_qkv_bytein_fb_pdl,False,2041,2003,-38,13700,13444,99,99,23,23,21568,21568,0,0,32,32,100,100
gfx1200,multihead-fast-padded-wave.hsaco,mh_ffn_fused_c256_frag_project_mapped_g128_qkv_fb,False,1952,1912,-40,13044,12740,97,97,24,24,21568,21568,0,0,32,32,64,64
gfx1200,multihead-fast-padded-wave.hsaco,mh_ffn_fused_c256_frag_project_mapped_g128_qkv_fb_pdl,False,2077,2038,-39,13624,13320,97,97,26,26,21568,21568,0,0,32,32,100,100
gfx1200,multihead-fast-padded-wave.hsaco,mh_ffn_fused_c256_tiled,False,911,864,-47,6088,5728,74,74,11,11,16448,16448,0,0,32,32,28,28
gfx1200,multihead-fast-padded-wave.hsaco,mh_ffn_fused_c256_tiled_project,False,1102,1058,-44,7380,7024,74,74,13,11,16448,16448,0,0,32,32,28,28
gfx1200,multihead-fast-padded-wave.hsaco,mh_ffn_fused_c256_tiled_project_g128,False,1193,1189,-4,8120,8052,77,77,26,12,16448,16448,0,0,32,32,28,28
gfx1200,multihead-fast-padded-wave.hsaco,mh_ffn_fused_c256_tiled_project_g128_qkv,False,1802,1820,18,12020,12260,81,81,30,16,21568,21568,0,0,32,32,64,64
gfx1200,multihead-fast-padded-wave.hsaco,mh_ffn_fused_c256_tiled_project_g128_qkv_bytein_fb,False,1743,1758,15,11716,11952,80,80,30,16,21568,21568,0,0,32,32,64,64
gfx1200,multihead-fast-padded-wave.hsaco,mh_ffn_fused_c256_tiled_project_g128_qkv_fb,False,1786,1800,14,11928,12156,81,81,30,16,21568,21568,0,0,32,32,64,64
gfx1200,multihead-fast-padded-wave.hsaco,mh_ffn_fused_c256_tiled_project_mapped,False,1585,1543,-42,9844,9436,74,74,26,26,16448,16448,0,0,32,32,48,48
gfx1200,multihead-fast-padded-wave.hsaco,mh_ffn_fused_c256_tiled_project_mapped_g128,False,1679,1676,-3,10576,10456,77,77,32,26,16448,16448,0,0,32,32,48,48
gfx1200,multihead-fast-padded-wave.hsaco,mh_ffn_fused_c256_tiled_project_mapped_g128_qkv,False,1950,1979,29,12792,13072,81,81,37,23,21568,21568,0,0,32,32,64,64
gfx1200,multihead-fast-padded-wave.hsaco,mh_ffn_fused_c256_tiled_project_mapped_g128_qkv_bytein_fb,False,1915,1938,23,12920,13204,81,81,30,21,21568,21568,0,0,32,32,64,64
gfx1200,multihead-fast-padded-wave.hsaco,mh_ffn_fused_c256_tiled_project_mapped_g128_qkv_fb,False,1988,2018,30,13024,13328,81,81,38,24,21568,21568,0,0,32,32,64,64
gfx1200,multihead-fast-padded-wave.hsaco,mh_ffn_fused_c64,False,721,723,2,5084,5092,100,100,15,15,4160,4160,0,0,32,32,28,28
gfx1200,multihead-fast-padded-wave.hsaco,mh_ffn_fused_c64_frag_project_g128_qkv,False,1352,1366,14,8772,8788,96,96,16,16,5440,5440,0,0,32,32,64,64
gfx1200,multihead-fast-padded-wave.hsaco,mh_ffn_fused_c64_frag_project_mapped_g128_qkv,False,1469,1486,17,9436,9496,97,97,25,25,5440,5440,0,0,32,32,64,64
gfx1200,multihead-fast-padded-wave.hsaco,mh_ffn_fused_c64_project,False,904,907,3,6268,6216,100,100,18,18,4160,4160,0,0,32,32,28,28
gfx1200,multihead-fast-padded-wave.hsaco,mh_ffn_fused_c64_project_g128,False,884,887,3,6072,6024,100,100,19,19,4160,4160,0,0,32,32,28,28
gfx1200,multihead-fast-padded-wave.hsaco,mh_ffn_fused_c64_project_g128_qkv,False,1283,1282,-1,8364,8356,98,98,16,16,5440,5440,0,0,32,32,64,64
gfx1200,multihead-fast-padded-wave.hsaco,mh_ffn_fused_c64_project_g128_qkv_bn,False,1153,1141,-12,7784,7696,98,97,16,16,9792,9792,0,0,32,32,64,64
gfx1200,multihead-fast-padded-wave.hsaco,mh_ffn_fused_c64_project_g128_qkv_bytein_fb,False,1237,1239,2,8064,8076,96,96,15,15,5440,5440,0,0,32,32,64,64
gfx1200,multihead-fast-padded-wave.hsaco,mh_ffn_fused_c64_project_g128_qkv_bytein_fb_pdl,False,1362,1367,5,8656,8672,96,96,17,17,5440,5440,0,0,32,32,100,100
gfx1200,multihead-fast-padded-wave.hsaco,mh_ffn_fused_c64_project_g128_qkv_fb,False,1261,1260,-1,8232,8232,98,98,16,16,5440,5440,0,0,32,32,64,64
gfx1200,multihead-fast-padded-wave.hsaco,mh_ffn_fused_c64_project_g128_qkv_fb_pdl,False,1380,1382,2,8820,8824,98,98,18,18,5440,5440,0,0,32,32,100,100
gfx1200,multihead-fast-padded-wave.hsaco,mh_ffn_fused_c64_project_mapped,False,1380,1387,7,8608,8560,101,101,28,28,4160,4160,0,0,32,32,48,48
gfx1200,multihead-fast-padded-wave.hsaco,mh_ffn_fused_c64_project_mapped_g128,False,1354,1362,8,8404,8360,100,100,28,28,4160,4160,0,0,32,32,48,48
gfx1200,multihead-fast-padded-wave.hsaco,mh_ffn_fused_c64_project_mapped_g128_qkv,False,1393,1394,1,8964,8972,96,96,25,25,5440,5440,0,0,32,32,64,64
gfx1200,multihead-fast-padded-wave.hsaco,mh_ffn_fused_c64_project_mapped_g128_qkv_bn,False,1262,1253,-9,8420,8364,98,97,25,25,9792,9792,0,0,32,32,64,64
gfx1200,multihead-fast-padded-wave.hsaco,mh_ffn_fused_c64_project_mapped_g128_qkv_bytein_fb,False,1304,1316,12,8712,8760,97,97,20,20,5440,5440,0,0,32,32,64,64
gfx1200,multihead-fast-padded-wave.hsaco,mh_ffn_fused_c64_project_mapped_g128_qkv_bytein_fb_pdl,False,1425,1434,9,9272,9304,97,97,22,22,5440,5440,0,0,32,32,100,100
gfx1200,multihead-fast-padded-wave.hsaco,mh_ffn_fused_c64_project_mapped_g128_qkv_fb,False,1373,1374,1,8856,8872,96,96,25,25,5440,5440,0,0,32,32,64,64
gfx1200,multihead-fast-padded-wave.hsaco,mh_ffn_fused_c64_project_mapped_g128_qkv_fb_pdl,False,1488,1496,8,9416,9460,96,96,27,27,5440,5440,0,0,32,32,100,100
gfx1200,multihead-fast-padded-wave.hsaco,mh_ffn_fused_c64_tiled,False,939,850,-89,6252,5696,75,75,12,12,4160,4160,0,0,32,32,28,28
gfx1200,multihead-fast-padded-wave.hsaco,mh_ffn_fused_c64_tiled_project_g128_qkv,False,1565,1585,20,10280,10404,81,81,32,16,5440,5440,0,0,32,32,64,64
gfx1200,multihead-fast-padded-wave.hsaco,mh_ffn_fused_c64_tiled_project_mapped_g128_qkv,False,1660,1684,24,10780,10920,82,82,38,24,5440,5440,0,0,32,32,64,64
gfx1200,multihead-fast-padded-wave.hsaco,mh_ffn_project_fast,False,605,633,28,3372,3460,38,38,17,26,4608,4608,0,0,32,32,40,40
gfx1200,multihead-fast-padded-wave.hsaco,mh_ffn_project_fast_fp8,False,570,596,26,3144,3232,32,32,17,26,4608,4608,0,0,32,32,40,40
gfx1200,multihead-fast-padded-wave.hsaco,mh_pool_project_fused_c128,False,3445,3690,245,17628,18372,152,152,22,23,0,0,144,144,32,32,44,44
gfx1200,multihead-fast-padded-wave.hsaco,mh_pool_project_fused_c256,False,3884,4121,237,20332,21072,192,192,22,23,0,0,272,272,32,32,44,44
gfx1200,multihead-fast-padded-wave.hsaco,mh_pool_project_fused_c64,False,6334,5028,-1306,32732,25008,128,121,80,23,0,0,0,0,32,32,44,44
gfx1200,multihead-fast-padded-wave.hsaco,mh_pool_project_group_c128,False,2289,2439,150,11568,12056,98,98,29,29,4352,4352,0,0,32,32,44,44
gfx1200,multihead-fast-padded-wave.hsaco,mh_pool_project_group_c256,False,2283,2439,156,11540,12032,98,98,29,29,8448,8448,0,0,32,32,44,44
gfx1200,multihead-fast-padded-wave.hsaco,mh_pool_project_group_c64,False,2331,2484,153,11768,12288,100,102,29,29,2304,2304,0,0,32,32,44,44
gfx1200,multihead-fast-padded-wave.hsaco,mh_pool_project_production,False,1314,1345,31,6656,6632,48,47,21,26,0,0,0,0,32,32,44,44
gfx1200,multihead-fast-padded-wave.hsaco,mh_pool_project_production_h16w,False,1387,1391,4,7040,6872,62,62,20,20,0,0,0,0,32,32,44,44
gfx1200,multihead-fast-padded-wave.hsaco,mh_probabilities_fast,False,572,579,7,3284,3264,50,50,12,12,0,0,0,0,32,32,24,24
gfx1200,multihead-fast-padded-wave.hsaco,mh_qkv_fast,False,369,380,11,2000,2040,32,32,16,16,4608,4608,0,0,32,32,32,32
gfx1200,multihead-fast-padded-wave.hsaco,mh_qkv_normalize_fast,False,1115,1115,0,6532,6144,110,110,11,11,0,0,0,0,32,32,32,32
gfx1200,multihead-fast-padded-wave.hsaco,mh_qkv_normalize_fast_wave,False,395,403,8,2080,2084,9,9,11,11,0,0,0,0,32,32,32,32
gfx1200,multihead-fast-padded-wave.hsaco,mh_qkv_normalize_fast_wave_fp8,False,396,402,6,2072,2080,7,7,11,11,0,0,0,0,32,32,32,32
gfx1200,multihead-fast-padded-wave.hsaco,mh_qkv_normalize_frag_c512,False,1249,1283,34,7672,7736,90,90,18,18,4420,4420,0,0,32,32,28,28
gfx1200,multihead-fast-padded-wave.hsaco,mh_qkv_normalize_fused,False,2497,2541,44,14508,14924,45,45,20,19,21760,21760,0,0,32,32,32,32
gfx1200,multihead-fast-padded-wave.hsaco,mh_qkv_normalize_wave_c512,False,1146,1149,3,6876,6872,72,72,14,14,17680,17680,0,0,32,32,28,28
gfx1200,multihead-fast-padded-wave.hsaco,mh_scores_exp_fast,False,1108,1127,19,6156,6044,67,67,16,16,0,0,0,0,32,32,36,36
gfx1200,multihead-fast.hsaco,mh_attention_av_fast,False,564,570,6,3072,3028,52,52,22,22,0,0,0,0,32,32,36,36
gfx1200,multihead-fast.hsaco,mh_attention_project_fast_matrix,False,2624,2710,86,14104,14488,95,97,51,51,4096,4096,0,0,32,32,44,44
gfx1200,multihead-fast.hsaco,mh_attention_project_fast_scalar,False,1805,1894,89,8936,9304,38,38,20,26,4096,4096,0,0,32,32,44,44
gfx1200,multihead-fast.hsaco,mh_ffn_contract_fast,False,488,501,13,2584,2636,30,30,16,16,4096,4096,0,0,32,32,32,32
gfx1200,multihead-fast.hsaco,mh_ffn_contract_fast_pre,False,295,301,6,1564,1588,30,30,16,16,4096,4096,0,0,32,32,32,32
gfx1200,multihead-fast.hsaco,mh_ffn_contract_fast_rne,False,488,501,13,2584,2636,30,30,16,16,4096,4096,0,0,32,32,32,32
gfx1200,multihead-fast.hsaco,mh_ffn_contract_fast_rtz,False,488,501,13,2584,2636,30,30,16,16,4096,4096,0,0,32,32,32,32
gfx1200,multihead-fast.hsaco,mh_ffn_expand_fast,False,580,642,62,3248,3640,32,32,16,16,4096,4096,0,0,32,32,32,32
gfx1200,multihead-fast.hsaco,mh_ffn_project_fast,False,684,721,37,3728,3860,38,38,17,26,4096,4096,0,0,32,32,40,40
gfx1200,multihead-fast.hsaco,mh_pool_project_production,False,1410,1441,31,7136,7112,48,47,21,26,0,0,0,0,32,32,44,44
gfx1200,multihead-fast.hsaco,mh_probabilities_fast,False,678,694,16,3716,3732,50,50,12,12,0,0,0,0,32,32,24,24
gfx1200,multihead-fast.hsaco,mh_qkv_fast,False,364,375,11,1964,2004,32,32,16,16,4096,4096,0,0,32,32,32,32
gfx1200,multihead-fast.hsaco,mh_qkv_normalize_fast,False,3520,3565,45,20560,19972,148,148,11,11,0,0,0,0,32,32,32,32
gfx1200,multihead-fast.hsaco,mh_scores_exp_fast,False,1108,1127,19,6156,6044,67,67,16,16,0,0,0,0,32,32,36,36
gfx1200,multihead-reference.hsaco,mh_attention_av,False,580,589,9,3092,3084,18,18,17,17,0,0,0,0,32,32,36,36
gfx1200,multihead-reference.hsaco,mh_attention_project,False,778,800,22,4460,4280,12,12,15,15,0,0,0,0,32,32,44,44
gfx1200,multihead-reference.hsaco,mh_ffn_contract,False,338,343,5,1856,1808,70,70,13,13,0,0,0,0,32,32,32,32
gfx1200,multihead-reference.hsaco,mh_ffn_expand,False,771,796,25,4420,4272,12,12,12,12,0,0,0,0,32,32,32,32
gfx1200,multihead-reference.hsaco,mh_ffn_project,False,783,802,19,4484,4292,12,12,12,12,0,0,0,0,32,32,40,40
gfx1200,multihead-reference.hsaco,mh_normalize,False,519,506,-13,2612,2508,32,32,23,23,0,0,0,0,32,32,32,32
gfx1200,multihead-reference.hsaco,mh_pool,False,279,280,1,1380,1364,12,12,12,12,0,0,0,0,32,32,40,40
gfx1200,multihead-reference.hsaco,mh_pool_project,False,855,879,24,4764,4604,12,12,16,17,0,0,0,0,32,32,44,44
gfx1200,multihead-reference.hsaco,mh_probabilities,False,363,368,5,2044,2040,37,37,10,10,0,0,0,0,32,32,24,24
gfx1200,multihead-reference.hsaco,mh_qkv,False,691,712,21,4264,4088,13,13,12,12,0,0,0,0,32,32,32,32
gfx1200,multihead-reference.hsaco,mh_scores_exp,False,694,699,5,4008,3840,75,75,13,13,0,0,0,0,32,32,36,36
gfx1200,multihead-reference.hsaco,mh_shift_crop,False,156,158,2,728,728,6,6,11,11,0,0,0,0,32,32,40,40
gfx1200,multihead-reference.hsaco,mh_shift_pack,False,184,187,3,848,852,6,6,18,18,0,0,0,0,32,32,48,48
gfx1200,multihead-reference.hsaco,mh_split_project,False,769,790,21,4416,4232,12,12,12,12,0,0,0,0,32,32,40,40
gfx1200,multihead-tiled.hsaco,mh_attention_project_tiled,False,1040,1084,44,5584,5712,42,42,20,26,4096,4096,0,0,32,32,44,44
gfx1200,multihead-tiled.hsaco,mh_dense_tiled_probe,False,973,1012,39,5192,5300,41,41,20,26,4096,4096,0,0,32,32,52,52
gfx1200,multihead-tiled.hsaco,mh_ffn_contract_tiled,False,784,805,21,4328,4416,35,35,16,16,4096,4096,0,0,32,32,32,32
gfx1200,multihead-tiled.hsaco,mh_ffn_expand_tiled,False,949,1020,71,5256,5688,36,36,16,16,4096,4096,0,0,32,32,32,32
gfx1200,multihead-tiled.hsaco,mh_ffn_project_tiled,False,997,1046,49,5512,5704,42,42,17,26,4096,4096,0,0,32,32,40,40
gfx1200,multihead-tiled.hsaco,mh_pool_project_tiled,False,1450,1442,-8,7264,7112,36,36,24,25,4096,4096,0,0,32,32,44,44
gfx1200,multihead-tiled.hsaco,mh_qkv_tiled,False,379,389,10,2064,2100,36,36,16,16,4096,4096,0,0,32,32,32,32
gfx1200,multihead-wmma.hsaco,mh_attention_av_wmma,False,3197,3249,52,18096,18128,50,50,24,24,0,0,0,0,32,32,36,36
gfx1200,multihead-wmma.hsaco,mh_attention_project_wmma,False,1356,1429,73,7564,7896,85,85,25,28,0,0,0,0,32,32,44,44
gfx1200,multihead-wmma.hsaco,mh_ffn_contract_wmma,False,1104,1151,47,6376,6532,77,77,15,15,0,0,0,0,32,32,32,32
gfx1200,multihead-wmma.hsaco,mh_ffn_expand_wmma,False,1229,1318,89,7044,7460,77,77,15,15,0,0,0,0,32,32,32,32
gfx1200,multihead-wmma.hsaco,mh_ffn_project_wmma,False,1290,1363,73,7424,7704,85,85,23,30,0,0,0,0,32,32,40,40
gfx1200,multihead-wmma.hsaco,mh_pool_project_wmma,False,1928,1993,65,9956,10000,77,77,25,26,0,0,0,0,32,32,44,44
gfx1200,multihead-wmma.hsaco,mh_qkv_wmma,False,661,701,40,3920,4052,77,77,16,16,0,0,0,0,32,32,32,32
gfx1200,multihead-wmma.hsaco,mh_scores_exp_wmma,False,1594,1614,20,8764,8684,69,69,15,15,0,0,0,0,32,32,36,36
gfx1200,multihead-wmma.hsaco,mh_split_project_wmma,False,1300,1373,73,7460,7748,85,85,23,30,0,0,0,0,32,32,40,40
gfx1200,multihead_fused_attention.hsaco,c128_attention_project,False,2032,2025,-7,12920,12768,94,94,28,28,17664,17664,0,0,32,32,60,60
gfx1200,multihead_fused_attention.hsaco,c128_attention_project_diag,False,1583,1588,5,10508,10480,91,91,28,34,17664,17664,0,0,32,32,60,60
gfx1200,multihead_fused_attention.hsaco,c128_attention_project_fb,False,1874,1895,21,11432,11948,95,94,36,28,17664,17664,0,0,32,32,60,60
gfx1200,multihead_fused_attention.hsaco,c128_attention_project_fb_bout,False,1871,1893,22,11444,11972,95,94,36,28,17664,17664,0,0,32,32,60,60
gfx1200,multihead_fused_attention.hsaco,c128_attention_project_fb_bout_diag,False,1495,1496,1,9832,9784,92,92,28,34,17664,17664,0,0,32,32,60,60
gfx1200,multihead_fused_attention.hsaco,c128_attention_project_fb_bout_diag_pdl,False,1589,1592,3,10276,10236,92,92,28,28,17664,17664,0,0,32,32,92,92
gfx1200,multihead_fused_attention.hsaco,c128_attention_project_fb_diag,False,1489,1495,6,9800,9764,92,92,28,34,17664,17664,0,0,32,32,60,60
gfx1200,multihead_fused_attention.hsaco,c128_attention_project_fb_diag_pdl,False,1584,1590,6,10252,10216,92,92,28,28,17664,17664,0,0,32,32,92,92
gfx1200,multihead_fused_attention.hsaco,c256_attention_project,False,2334,2354,20,14928,14752,107,107,34,34,25856,25856,0,0,32,32,60,60
gfx1200,multihead_fused_attention.hsaco,c256_attention_project_diag,False,1890,1900,10,12520,12352,119,119,34,34,25856,25856,0,0,32,32,60,60
gfx1200,multihead_fused_attention.hsaco,c256_attention_project_fb,False,2220,2227,7,13564,13936,106,107,39,34,25856,25856,0,0,32,32,60,60
gfx1200,multihead_fused_attention.hsaco,c256_attention_project_fb_bout,False,2221,2223,2,13580,13952,106,107,39,34,25856,25856,0,0,32,32,60,60
gfx1200,multihead_fused_attention.hsaco,c256_attention_project_fb_bout_diag,False,1818,1825,7,11908,11736,118,118,34,34,25856,25856,0,0,32,32,60,60
gfx1200,multihead_fused_attention.hsaco,c256_attention_project_fb_bout_diag_pdl,False,1912,1918,6,12360,12184,119,119,34,34,25856,25856,0,0,32,32,92,92
gfx1200,multihead_fused_attention.hsaco,c256_attention_project_fb_diag,False,1818,1826,8,11896,11720,120,120,34,34,25856,25856,0,0,32,32,60,60
gfx1200,multihead_fused_attention.hsaco,c256_attention_project_fb_diag_pdl,False,1916,1924,8,12364,12188,121,121,34,34,25856,25856,0,0,32,32,92,92
gfx1200,multihead_fused_attention.hsaco,c64_attention_project,False,1959,1954,-5,12500,12340,95,95,28,28,8960,8960,0,0,32,32,60,60
gfx1200,multihead_fused_attention.hsaco,c64_attention_project_diag,False,1540,1532,-8,10192,10096,91,91,28,34,8960,8960,0,0,32,32,60,60
gfx1200,multihead_fused_attention.hsaco,c64_attention_project_fb,False,1839,1865,26,11124,11696,96,95,36,28,8960,8960,0,0,32,32,60,60
gfx1200,multihead_fused_attention.hsaco,c64_attention_project_fb_bout,False,1838,1864,26,11140,11716,96,95,36,28,8960,8960,0,0,32,32,60,60
gfx1200,multihead_fused_attention.hsaco,c64_attention_project_fb_bout_diag,False,1445,1436,-9,9512,9408,92,92,28,34,8960,8960,0,0,32,32,60,60
gfx1200,multihead_fused_attention.hsaco,c64_attention_project_fb_bout_diag_pdl,False,1541,1531,-10,9964,9856,92,92,28,28,8960,8960,0,0,32,32,92,92
gfx1200,multihead_fused_attention.hsaco,c64_attention_project_fb_diag,False,1456,1447,-9,9536,9424,92,92,28,34,8960,8960,0,0,32,32,60,60
gfx1200,multihead_fused_attention.hsaco,c64_attention_project_fb_diag_pdl,False,1551,1541,-10,9984,9868,92,92,28,28,8960,8960,0,0,32,32,92,92
gfx1200,multihead_fused_attention.hsaco,c64_attention_project_w16,False,1293,1330,37,8180,8384,90,91,30,30,22528,22528,0,0,32,32,60,60
gfx1200,multihead_fused_attention.hsaco,mh_attention_fused,False,1442,1475,33,9524,9456,103,103,18,18,15360,15360,0,0,32,32,36,36
gfx1200,multihead_fused_attention.hsaco,mh_attention_fused_fp8,False,1438,1471,33,9500,9432,103,103,20,20,15360,15360,0,0,32,32,36,36
gfx1200,multihead_fused_attention.hsaco,mh_attention_fused_fp8_out,False,1433,1462,29,9568,9568,103,103,20,20,15360,15360,0,0,32,32,36,36
gfx1200,prefix_fast.hsaco,dlss5_prefix_fast_features,False,2499,2502,3,12840,12840,22,22,14,14,0,0,0,0,32,32,40,40
gfx1200,prefix_fast.hsaco,dlss5_prefix_fast_fused,False,4634,4675,41,23996,24120,32,32,23,23,1024,1024,0,0,32,32,48,48
gfx1200,prefix_fast.hsaco,dlss5_prefix_fast_fused_raster,False,4633,4674,41,23988,24112,32,32,23,23,1024,1024,0,0,32,32,48,48
gfx1200,prefix_fast.hsaco,dlss5_prefix_fast_project,False,1348,1362,14,7104,7124,28,28,13,13,0,0,0,0,32,32,28,28
gfx1200,vit-stream.hsaco,decoder_project2x,False,587,609,22,3168,3160,40,39,25,25,0,0,0,0,32,32,56,56
gfx1200,vit-stream.hsaco,decoder_project2x_h16w,False,5940,6004,64,32664,32472,64,64,34,34,0,0,0,0,32,32,56,56
gfx1200,vit-stream.hsaco,decoder_project2x_h16w_byteout,False,5978,6038,60,32788,32712,64,64,34,34,0,0,0,0,32,32,56,56
gfx1200,vit-stream.hsaco,reuse_decide,False,396,413,17,2020,2072,14,14,17,17,0,0,0,0,32,32,60,60
gfx1200,vit-stream.hsaco,reuse_finish,False,646,653,7,3864,3664,11,11,27,27,0,0,0,0,32,32,84,84
gfx1200,vit-stream.hsaco,reuse_image_commit,False,161,168,7,968,932,5,5,8,8,0,0,0,0,32,32,28,28
gfx1200,vit-stream.hsaco,reuse_image_stats,False,250,252,2,1360,1364,14,14,22,22,0,0,0,0,32,32,48,48
gfx1200,vit-stream.hsaco,reuse_token_stats,False,218,218,0,1180,1164,14,14,17,17,0,0,0,0,32,32,48,48
gfx1200,vit-stream.hsaco,split_contract,False,198,198,0,1156,1156,33,34,12,13,0,0,0,0,32,32,28,28
gfx1200,vit-stream.hsaco,split_contract_fp8,False,202,211,9,1176,1224,31,32,12,13,0,0,0,0,32,32,28,28
gfx1200,vit-stream.hsaco,split_expand,False,238,287,49,1452,1736,33,34,12,15,0,0,0,0,32,32,28,28
gfx1200,vit-stream.hsaco,split_expand_fp8,False,254,297,43,1556,1824,33,34,12,15,0,0,0,0,32,32,28,28
gfx1200,vit-stream.hsaco,split_ffn_fused,False,1078,1269,191,6560,7704,60,63,15,16,4160,4160,0,0,32,32,28,28
gfx1200,vit-stream.hsaco,split_ffn_fused_fp8,False,855,1063,208,5580,6916,102,118,11,19,4160,4160,0,0,32,32,28,28
gfx1200,vit-stream.hsaco,split_ffn_fused_fp8_mix,False,980,1176,196,6280,7552,103,105,13,38,6464,6464,0,0,32,32,28,28
gfx1200,vit-stream.hsaco,split_ffn_fused_fp8_t8,False,919,1142,223,6140,7460,111,111,14,22,4160,4160,0,0,32,32,36,36
gfx1200,vit-stream.hsaco,split_mix,False,200,189,-11,1160,1092,35,31,11,12,0,0,0,0,32,32,28,28
gfx1200,vit-stream.hsaco,split_mix_blocked,False,514,515,1,3084,3072,80,80,11,11,0,0,0,0,32,32,28,28
gfx1200,vit-stream.hsaco,split_mix_blocked_h16w,False,497,497,0,3032,3004,91,91,11,11,0,0,0,0,32,32,28,28
gfx1200,vit-stream.hsaco,split_projection,False,245,246,1,1500,1488,32,32,12,12,0,0,0,0,32,32,36,36
gfx1200,vit-stream.hsaco,split_projection_blocked,False,667,668,1,4048,4008,68,68,12,12,0,0,0,0,32,32,36,36
gfx1200,vit-stream.hsaco,split_projection_blocked_t8,False,878,953,75,5528,5776,74,74,16,16,0,0,0,0,32,32,44,44
gfx1200,vit-stream.hsaco,split_projection_frag,False,859,920,61,5348,5608,83,84,17,17,0,0,0,0,32,32,44,44
gfx1200,vit-stream.hsaco,vit_attention_av_fast,False,486,485,-1,3092,2956,48,48,17,17,0,0,0,0,32,32,48,48
gfx1200,vit-stream.hsaco,vit_attention_fused_256,False,1197,1199,2,7588,7552,91,91,16,16,1536,1536,0,0,32,32,32,32
gfx1200,vit-stream.hsaco,vit_attention_fused_256_bytein,False,938,937,-1,5568,5564,75,75,17,17,1536,1536,0,0,32,32,32,32
gfx1200,vit-stream.hsaco,vit_attention_fused_256_bytein_bout,False,958,957,-1,5732,5732,75,75,17,17,1536,1536,0,0,32,32,32,32
gfx1200,vit-stream.hsaco,vit_attention_fused_400,False,1197,1199,2,7588,7552,91,91,16,16,1536,1536,0,0,32,32,32,32
gfx1200,vit-stream.hsaco,vit_attention_fused_400_bytein,False,938,937,-1,5568,5564,75,75,17,17,1536,1536,0,0,32,32,32,32
gfx1200,vit-stream.hsaco,vit_attention_fused_400_bytein_bout,False,958,957,-1,5732,5732,75,75,17,17,1536,1536,0,0,32,32,32,32
gfx1200,vit-stream.hsaco,vit_attention_fused_640,False,1197,1199,2,7588,7552,91,91,16,16,1536,1536,0,0,32,32,32,32
gfx1200,vit-stream.hsaco,vit_attention_fused_640_bytein,False,938,937,-1,5568,5564,75,75,17,17,1536,1536,0,0,32,32,32,32
gfx1200,vit-stream.hsaco,vit_attention_fused_640_bytein_bout,False,958,957,-1,5732,5732,75,75,17,17,1536,1536,0,0,32,32,32,32
gfx1200,vit-stream.hsaco,vit_attention_inverse_fast,False,265,267,2,1584,1556,34,34,10,10,0,0,0,0,32,32,32,32
gfx1200,vit-stream.hsaco,vit_attention_scores_fast,False,771,780,9,4552,4564,66,66,13,14,0,0,0,0,32,32,32,32
gfx1200,vit-stream.hsaco,vit_contract_blocked_fp8,False,1830,1870,40,12132,11712,235,235,26,26,0,0,0,0,32,32,56,56
gfx1200,vit-stream.hsaco,vit_contract_blocked_fp8_bstream,False,1872,1924,52,12488,12100,234,234,26,26,0,0,0,0,32,32,56,56
gfx1200,vit-stream.hsaco,vit_contract_blocked_fp8_frag,False,1077,1091,14,7160,7104,205,205,12,12,0,0,0,0,32,32,56,56
gfx1200,vit-stream.hsaco,vit_contract_blocked_fp8_hstream,False,1862,1915,53,12272,11836,235,235,26,26,0,0,0,0,32,32,56,56
gfx1200,vit-stream.hsaco,vit_contract_blocked_fp8_tiled,False,743,744,1,4632,4596,104,104,21,21,0,0,0,0,32,32,56,56
gfx1200,vit-stream.hsaco,vit_contract_blocked_fp8_tiled_bstream,False,822,834,12,5052,5056,103,103,21,21,0,0,0,0,32,32,56,56
gfx1200,vit-stream.hsaco,vit_contract_blocked_fp8_tiled_hstream,False,789,802,13,4760,4768,103,103,21,21,0,0,0,0,32,32,56,56
gfx1200,vit-stream.hsaco,vit_contract_combine,False,96,89,-7,556,492,14,14,11,11,0,0,0,0,32,32,48,48
gfx1200,vit-stream.hsaco,vit_contract_parts_blocked_fp8,False,312,324,12,2032,1964,53,53,14,14,0,0,0,0,32,32,40,40
gfx1200,vit-stream.hsaco,vit_contract_parts_blocked_fp8_tiled,False,406,421,15,2720,2664,71,70,16,22,0,0,0,0,32,32,40,40
gfx1200,vit-stream.hsaco,vit_contract_parts_fp8,False,157,154,-3,864,836,23,23,14,13,0,0,0,0,32,32,40,40
gfx1200,vit-stream.hsaco,vit_expand,False,356,422,66,2200,2484,32,32,14,16,0,0,0,0,32,32,48,48
gfx1200,vit-stream.hsaco,vit_expand_blocked_fp8,False,810,1019,209,5244,6352,69,69,14,16,0,0,0,0,32,32,48,48
gfx1200,vit-stream.hsaco,vit_expand_blocked_fp8_bytein,False,723,926,203,4592,5688,55,55,14,16,0,0,0,0,32,32,48,48
gfx1200,vit-stream.hsaco,vit_expand_blocked_fp8_frag_bytein,False,1329,1773,444,8804,11312,77,77,23,23,0,0,0,0,32,32,48,48
gfx1200,vit-stream.hsaco,vit_expand_blocked_fp8_frag_bytein_m2,False,1335,1739,404,8696,10996,86,86,22,22,0,0,0,0,32,32,48,48
gfx1200,vit-stream.hsaco,vit_expand_blocked_fp8_frag_bytein_m4,False,2595,3387,792,17012,21500,154,154,27,27,0,0,0,0,32,32,48,48
gfx1200,vit-stream.hsaco,vit_expand_blocked_fp8_frag_tiledin,False,711,923,212,4572,5764,46,46,23,23,0,0,0,0,32,32,48,48
gfx1200,vit-stream.hsaco,vit_expand_blocked_fp8_tiled,False,883,1091,208,5804,6972,95,95,20,20,0,0,0,0,32,32,48,48
gfx1200,vit-stream.hsaco,vit_expand_blocked_fp8_tiled_bytein,False,782,1004,222,5132,6316,73,73,18,18,0,0,0,0,32,32,48,48
gfx1200,vit-stream.hsaco,vit_expand_blocked_fp8_tiled_bytein_m4,False,2668,3457,789,17556,22052,153,153,25,25,0,0,0,0,32,32,48,48
gfx1200,vit-stream.hsaco,vit_expand_fp8,False,351,396,45,2156,2400,32,32,14,16,0,0,0,0,32,32,48,48
gfx1200,vit-stream.hsaco,vit_ffn_fused,False,1493,1737,244,9660,10764,151,151,14,15,16640,16640,0,0,32,32,56,56
gfx1200,vit-stream.hsaco,vit_pack_input,False,57,57,0,340,332,7,7,7,7,0,0,0,0,32,32,32,32
gfx1200,vit-stream.hsaco,vit_pack_input_tiled,False,57,57,0,352,348,10,10,7,7,0,0,0,0,32,32,32,32
gfx1200,vit-stream.hsaco,vit_project,False,1285,1323,38,8192,8048,77,77,20,20,0,0,0,0,32,32,56,56
gfx1200,vit-stream.hsaco,vit_project_bytein_bout,False,586,593,7,4088,4112,98,98,14,14,0,0,0,0,32,32,56,56
gfx1200,vit-stream.hsaco,vit_project_bytein_bout_hskip,False,593,600,7,4128,4148,99,99,14,14,0,0,0,0,32,32,56,56
gfx1200,vit-stream.hsaco,vit_project_fp8,False,1310,1344,34,8336,7972,90,90,20,20,0,0,0,0,32,32,56,56
gfx1200,vit-stream.hsaco,vit_project_frag,False,1850,1882,32,11692,11508,79,79,34,34,0,0,0,0,32,32,56,56
gfx1200,vit-stream.hsaco,vit_qkv_normalize,False,478,478,0,2724,2656,31,31,18,18,0,0,0,0,32,32,40,40
gfx1200,vit-stream.hsaco,vit_qkv_project,False,215,230,15,1204,1236,32,39,14,15,0,0,0,0,32,32,40,40
gfx1200,vit-stream.hsaco,vit_qkv_project_blocked,False,266,276,10,1604,1560,48,48,13,13,0,0,0,0,32,32,40,40
gfx1200,vit-stream.hsaco,vit_qkv_project_normalize_fused,False,848,842,-6,4768,4624,51,51,22,22,2112,2112,0,0,32,32,40,40
gfx1200,vit-stream.hsaco,vit_qkv_project_normalize_fused_f16compact,False,853,847,-6,4868,4704,60,60,22,22,2112,2112,0,0,32,32,40,40
gfx1200,vit-stream.hsaco,vit_qkv_project_normalize_fused_f16compact_fp8,False,777,783,6,4516,4500,60,60,22,22,2112,2112,0,0,32,32,40,40
gfx1200,vit-stream.hsaco,vit_qkv_project_normalize_fused_f16compact_fp8_bytein,False,776,784,8,4488,4496,58,58,22,22,2112,2112,0,0,32,32,40,40
gfx1200,vit-stream.hsaco,vit_qkv_project_normalize_fused_f16compact_fp8_frag,False,766,771,5,4440,4428,59,59,22,22,2112,2112,0,0,32,32,40,40
gfx1200,vit-stream.hsaco,vit_qkv_project_normalize_fused_f16compact_fp8_h16in,False,1164,1172,8,7860,7876,96,95,22,22,2112,2112,0,0,32,32,40,40
gfx1200,vit-stream.hsaco,vit_qkv_project_normalize_fused_f16compact_fp8_h16in_n4,False,1392,1395,3,8424,8420,192,186,22,22,4160,4160,0,0,32,32,40,40
gfx1200,vit-stream.hsaco,vit_qkv_project_normalize_fused_f16weight,False,854,847,-7,4876,4708,60,60,22,22,2112,2112,0,0,32,32,40,40
gfx1200,vit-stream.hsaco,vit_stream_contract_frag_hout,False,1099,1132,33,7292,7256,205,205,12,12,0,0,0,0,32,32,56,56
gfx1200,vit-stream.hsaco,vit_stream_project_n64_b,False,745,747,2,4576,4532,120,118,13,18,0,0,0,0,32,32,56,56
gfx1200,vit-stream.hsaco,vit_stream_project_n64_bh,False,758,760,2,4688,4676,120,118,13,18,0,0,0,0,32,32,56,56
gfx1200,vit-stream.hsaco,vit_stream_project_n64_h,False,1648,1651,3,11620,11600,160,160,14,14,0,0,0,0,32,32,56,56
gfx1200,vit-stream.hsaco,vit_stream_qkv_frag_hin,False,775,779,4,4608,4600,96,96,22,22,2112,2112,0,0,32,32,40,40
gfx1200,vit-wide-deep.hsaco,decoder_project2x,False,587,609,22,3168,3160,40,39,25,25,0,0,0,0,32,32,56,56
gfx1200,vit-wide-deep.hsaco,decoder_project2x_h16w,False,5940,6004,64,32664,32472,64,64,34,34,0,0,0,0,32,32,56,56
gfx1200,vit-wide-deep.hsaco,decoder_project2x_h16w_byteout,False,5978,6038,60,32788,32712,64,64,34,34,0,0,0,0,32,32,56,56
gfx1200,vit-wide-deep.hsaco,reuse_decide,False,396,413,17,2020,2072,14,14,17,17,0,0,0,0,32,32,60,60
gfx1200,vit-wide-deep.hsaco,reuse_finish,False,646,653,7,3864,3664,11,11,27,27,0,0,0,0,32,32,84,84
gfx1200,vit-wide-deep.hsaco,reuse_image_commit,False,161,168,7,968,932,5,5,8,8,0,0,0,0,32,32,28,28
gfx1200,vit-wide-deep.hsaco,reuse_image_stats,False,250,252,2,1360,1364,14,14,22,22,0,0,0,0,32,32,48,48
gfx1200,vit-wide-deep.hsaco,reuse_token_stats,False,218,218,0,1180,1164,14,14,17,17,0,0,0,0,32,32,48,48
gfx1200,vit-wide-deep.hsaco,split_contract,False,198,198,0,1156,1156,33,34,12,13,0,0,0,0,32,32,28,28
gfx1200,vit-wide-deep.hsaco,split_contract_fp8,False,202,211,9,1176,1224,31,32,12,13,0,0,0,0,32,32,28,28
gfx1200,vit-wide-deep.hsaco,split_expand,False,238,287,49,1452,1736,33,34,12,15,0,0,0,0,32,32,28,28
gfx1200,vit-wide-deep.hsaco,split_expand_fp8,False,254,297,43,1556,1824,33,34,12,15,0,0,0,0,32,32,28,28
gfx1200,vit-wide-deep.hsaco,split_ffn_fused,False,1078,1269,191,6560,7704,60,63,15,16,4160,4160,0,0,32,32,28,28
gfx1200,vit-wide-deep.hsaco,split_ffn_fused_fp8,False,855,1063,208,5580,6916,102,118,11,19,4160,4160,0,0,32,32,28,28
gfx1200,vit-wide-deep.hsaco,split_ffn_fused_fp8_mix,False,980,1176,196,6280,7552,103,105,13,38,6464,6464,0,0,32,32,28,28
gfx1200,vit-wide-deep.hsaco,split_ffn_fused_fp8_t8,False,919,1142,223,6140,7460,111,111,14,22,4160,4160,0,0,32,32,36,36
gfx1200,vit-wide-deep.hsaco,split_mix,False,200,189,-11,1160,1092,35,31,11,12,0,0,0,0,32,32,28,28
gfx1200,vit-wide-deep.hsaco,split_mix_blocked,False,514,515,1,3084,3072,80,80,11,11,0,0,0,0,32,32,28,28
gfx1200,vit-wide-deep.hsaco,split_mix_blocked_h16w,False,497,497,0,3032,3004,91,91,11,11,0,0,0,0,32,32,28,28
gfx1200,vit-wide-deep.hsaco,split_projection,False,245,246,1,1500,1488,32,32,12,12,0,0,0,0,32,32,36,36
gfx1200,vit-wide-deep.hsaco,split_projection_blocked,False,667,668,1,4048,4008,68,68,12,12,0,0,0,0,32,32,36,36
gfx1200,vit-wide-deep.hsaco,split_projection_blocked_t8,False,878,953,75,5528,5776,74,74,16,16,0,0,0,0,32,32,44,44
gfx1200,vit-wide-deep.hsaco,split_projection_frag,False,859,920,61,5348,5608,83,84,17,17,0,0,0,0,32,32,44,44
gfx1200,vit-wide-deep.hsaco,vit_attention_av_fast,False,486,485,-1,3092,2956,48,48,17,17,0,0,0,0,32,32,48,48
gfx1200,vit-wide-deep.hsaco,vit_attention_fused_256,False,1197,1199,2,7588,7552,91,91,16,16,1536,1536,0,0,32,32,32,32
gfx1200,vit-wide-deep.hsaco,vit_attention_fused_256_bytein,False,938,937,-1,5568,5564,75,75,17,17,1536,1536,0,0,32,32,32,32
gfx1200,vit-wide-deep.hsaco,vit_attention_fused_256_bytein_bout,False,958,957,-1,5732,5732,75,75,17,17,1536,1536,0,0,32,32,32,32
gfx1200,vit-wide-deep.hsaco,vit_attention_fused_400,False,1197,1199,2,7588,7552,91,91,16,16,1536,1536,0,0,32,32,32,32
gfx1200,vit-wide-deep.hsaco,vit_attention_fused_400_bytein,False,938,937,-1,5568,5564,75,75,17,17,1536,1536,0,0,32,32,32,32
gfx1200,vit-wide-deep.hsaco,vit_attention_fused_400_bytein_bout,False,958,957,-1,5732,5732,75,75,17,17,1536,1536,0,0,32,32,32,32
gfx1200,vit-wide-deep.hsaco,vit_attention_fused_640,False,1197,1199,2,7588,7552,91,91,16,16,1536,1536,0,0,32,32,32,32
gfx1200,vit-wide-deep.hsaco,vit_attention_fused_640_bytein,False,938,937,-1,5568,5564,75,75,17,17,1536,1536,0,0,32,32,32,32
gfx1200,vit-wide-deep.hsaco,vit_attention_fused_640_bytein_bout,False,958,957,-1,5732,5732,75,75,17,17,1536,1536,0,0,32,32,32,32
gfx1200,vit-wide-deep.hsaco,vit_attention_inverse_fast,False,265,267,2,1584,1556,34,34,10,10,0,0,0,0,32,32,32,32
gfx1200,vit-wide-deep.hsaco,vit_attention_scores_fast,False,771,780,9,4552,4564,66,66,13,14,0,0,0,0,32,32,32,32
gfx1200,vit-wide-deep.hsaco,vit_contract_blocked_fp8,False,1830,1870,40,12132,11712,235,235,26,26,0,0,0,0,32,32,56,56
gfx1200,vit-wide-deep.hsaco,vit_contract_blocked_fp8_bstream,False,1872,1924,52,12488,12100,234,234,26,26,0,0,0,0,32,32,56,56
gfx1200,vit-wide-deep.hsaco,vit_contract_blocked_fp8_frag,False,1077,1091,14,7160,7104,205,205,12,12,0,0,0,0,32,32,56,56
gfx1200,vit-wide-deep.hsaco,vit_contract_blocked_fp8_hstream,False,1862,1915,53,12272,11836,235,235,26,26,0,0,0,0,32,32,56,56
gfx1200,vit-wide-deep.hsaco,vit_contract_blocked_fp8_tiled,False,743,744,1,4632,4596,104,104,21,21,0,0,0,0,32,32,56,56
gfx1200,vit-wide-deep.hsaco,vit_contract_blocked_fp8_tiled_bstream,False,822,834,12,5052,5056,103,103,21,21,0,0,0,0,32,32,56,56
gfx1200,vit-wide-deep.hsaco,vit_contract_blocked_fp8_tiled_hstream,False,789,802,13,4760,4768,103,103,21,21,0,0,0,0,32,32,56,56
gfx1200,vit-wide-deep.hsaco,vit_contract_combine,False,96,89,-7,556,492,14,14,11,11,0,0,0,0,32,32,48,48
gfx1200,vit-wide-deep.hsaco,vit_contract_parts_blocked_fp8,False,312,324,12,2032,1964,53,53,14,14,0,0,0,0,32,32,40,40
gfx1200,vit-wide-deep.hsaco,vit_contract_parts_blocked_fp8_tiled,False,406,421,15,2720,2664,71,70,16,22,0,0,0,0,32,32,40,40
gfx1200,vit-wide-deep.hsaco,vit_contract_parts_fp8,False,157,154,-3,864,836,23,23,14,13,0,0,0,0,32,32,40,40
gfx1200,vit-wide-deep.hsaco,vit_expand,False,356,422,66,2200,2484,32,32,14,16,0,0,0,0,32,32,48,48
gfx1200,vit-wide-deep.hsaco,vit_expand_blocked_fp8,False,810,1019,209,5244,6352,69,69,14,16,0,0,0,0,32,32,48,48
gfx1200,vit-wide-deep.hsaco,vit_expand_blocked_fp8_bytein,False,723,926,203,4592,5688,55,55,14,16,0,0,0,0,32,32,48,48
gfx1200,vit-wide-deep.hsaco,vit_expand_blocked_fp8_frag_bytein,False,1329,1773,444,8804,11312,77,77,23,23,0,0,0,0,32,32,48,48
gfx1200,vit-wide-deep.hsaco,vit_expand_blocked_fp8_frag_bytein_m2,False,1335,1739,404,8696,10996,86,86,22,22,0,0,0,0,32,32,48,48
gfx1200,vit-wide-deep.hsaco,vit_expand_blocked_fp8_frag_bytein_m4,False,2595,3387,792,17012,21500,154,154,27,27,0,0,0,0,32,32,48,48
gfx1200,vit-wide-deep.hsaco,vit_expand_blocked_fp8_frag_tiledin,False,711,923,212,4572,5764,46,46,23,23,0,0,0,0,32,32,48,48
gfx1200,vit-wide-deep.hsaco,vit_expand_blocked_fp8_tiled,False,883,1091,208,5804,6972,95,95,20,20,0,0,0,0,32,32,48,48
gfx1200,vit-wide-deep.hsaco,vit_expand_blocked_fp8_tiled_bytein,False,782,1004,222,5132,6316,73,73,18,18,0,0,0,0,32,32,48,48
gfx1200,vit-wide-deep.hsaco,vit_expand_blocked_fp8_tiled_bytein_m4,False,2668,3457,789,17556,22052,153,153,25,25,0,0,0,0,32,32,48,48
gfx1200,vit-wide-deep.hsaco,vit_expand_fp8,False,351,396,45,2156,2400,32,32,14,16,0,0,0,0,32,32,48,48
gfx1200,vit-wide-deep.hsaco,vit_ffn_fused,False,1493,1737,244,9660,10764,151,151,14,15,16640,16640,0,0,32,32,56,56
gfx1200,vit-wide-deep.hsaco,vit_pack_input,False,57,57,0,340,332,7,7,7,7,0,0,0,0,32,32,32,32
gfx1200,vit-wide-deep.hsaco,vit_pack_input_tiled,False,57,57,0,352,348,10,10,7,7,0,0,0,0,32,32,32,32
gfx1200,vit-wide-deep.hsaco,vit_project,False,1285,1323,38,8192,8048,77,77,20,20,0,0,0,0,32,32,56,56
gfx1200,vit-wide-deep.hsaco,vit_project_bytein_bout,False,586,593,7,4088,4112,98,98,14,14,0,0,0,0,32,32,56,56
gfx1200,vit-wide-deep.hsaco,vit_project_bytein_bout_hskip,False,593,600,7,4128,4148,99,99,14,14,0,0,0,0,32,32,56,56
gfx1200,vit-wide-deep.hsaco,vit_project_fp8,False,1310,1344,34,8336,7972,90,90,20,20,0,0,0,0,32,32,56,56
gfx1200,vit-wide-deep.hsaco,vit_project_frag,False,1850,1882,32,11692,11508,79,79,34,34,0,0,0,0,32,32,56,56
gfx1200,vit-wide-deep.hsaco,vit_project_frag_n64,False,1637,1641,4,11476,11464,160,160,14,14,0,0,0,0,32,32,56,56
gfx1200,vit-wide-deep.hsaco,vit_qkv_normalize,False,478,478,0,2724,2656,31,31,18,18,0,0,0,0,32,32,40,40
gfx1200,vit-wide-deep.hsaco,vit_qkv_project,False,215,230,15,1204,1236,32,39,14,15,0,0,0,0,32,32,40,40
gfx1200,vit-wide-deep.hsaco,vit_qkv_project_blocked,False,266,276,10,1604,1560,48,48,13,13,0,0,0,0,32,32,40,40
gfx1200,vit-wide-deep.hsaco,vit_qkv_project_normalize_fused,False,848,842,-6,4768,4624,51,51,22,22,2112,2112,0,0,32,32,40,40
gfx1200,vit-wide-deep.hsaco,vit_qkv_project_normalize_fused_f16compact,False,853,847,-6,4868,4704,60,60,22,22,2112,2112,0,0,32,32,40,40
gfx1200,vit-wide-deep.hsaco,vit_qkv_project_normalize_fused_f16compact_fp8,False,777,783,6,4516,4500,60,60,22,22,2112,2112,0,0,32,32,40,40
gfx1200,vit-wide-deep.hsaco,vit_qkv_project_normalize_fused_f16compact_fp8_bytein,False,776,784,8,4488,4496,58,58,22,22,2112,2112,0,0,32,32,40,40
gfx1200,vit-wide-deep.hsaco,vit_qkv_project_normalize_fused_f16compact_fp8_frag,False,766,771,5,4440,4428,59,59,22,22,2112,2112,0,0,32,32,40,40
gfx1200,vit-wide-deep.hsaco,vit_qkv_project_normalize_fused_f16compact_fp8_h16in,False,1164,1172,8,7860,7876,96,95,22,22,2112,2112,0,0,32,32,40,40
gfx1200,vit-wide-deep.hsaco,vit_qkv_project_normalize_fused_f16compact_fp8_h16in_n4,False,1392,1395,3,8424,8420,192,186,22,22,4160,4160,0,0,32,32,40,40
gfx1200,vit-wide-deep.hsaco,vit_qkv_project_normalize_fused_f16weight,False,854,847,-7,4876,4708,60,60,22,22,2112,2112,0,0,32,32,40,40
gfx1200,wave-pointwise.hsaco,c32_attn_av,False,431,453,22,2668,2644,74,74,11,11,0,0,0,0,32,32,28,28
gfx1200,wave-pointwise.hsaco,c32_attn_normalize,False,439,420,-19,2256,2120,31,31,26,26,0,0,0,0,32,32,28,28
gfx1200,wave-pointwise.hsaco,c32_attn_normalize_wave,False,714,723,9,3692,3676,16,16,18,18,0,0,0,0,32,32,28,28
gfx1200,wave-pointwise.hsaco,c32_attn_probabilities,False,331,334,3,1896,1884,37,37,10,10,0,0,0,0,32,32,20,20
gfx1200,wave-pointwise.hsaco,c32_attn_probabilities_wave,False,234,234,0,1304,1292,15,15,9,9,0,0,0,0,32,32,20,20
gfx1200,wave-pointwise.hsaco,c32_attn_project,False,219,221,2,1276,1268,71,71,12,12,0,0,0,0,32,32,40,40
gfx1200,wave-pointwise.hsaco,c32_attn_qkv,False,281,285,4,1512,1508,17,17,12,12,0,0,0,0,32,32,28,28
gfx1200,wave-pointwise.hsaco,c32_attn_scores,False,261,263,2,1428,1424,68,68,10,10,0,0,0,0,32,32,28,28
gfx1200,wave-pointwise.hsaco,c32_ffn_contract,False,203,204,1,1192,1176,71,71,12,12,0,0,0,0,32,32,40,40
gfx1200,wave-pointwise.hsaco,c32_ffn_expand,False,248,259,11,1380,1416,16,16,12,12,0,0,0,0,32,32,28,28
gfx1200,wave-pointwise.hsaco,c32_finish,False,255,261,6,1380,1380,16,16,14,14,0,0,0,0,32,32,32,32
gfx1200,wave-pointwise.hsaco,mh_normalize_wave,False,769,779,10,3956,3960,16,16,19,19,0,0,0,0,32,32,32,32
gfx1200,wave-pointwise.hsaco,mh_probabilities_wave,False,236,236,0,1312,1300,15,15,9,9,0,0,0,0,32,32,24,24
