arch,module,kernel,same_code,baseline_instructions,candidate_instructions,delta_instructions,baseline_bytes,candidate_bytes,baseline.vgpr_count,candidate.vgpr_count,baseline.sgpr_count,candidate.sgpr_count,baseline.group_segment_fixed_size,candidate.group_segment_fixed_size,baseline.private_segment_fixed_size,candidate.private_segment_fixed_size,baseline.wavefront_size,candidate.wavefront_size,baseline.kernarg_segment_size,candidate.kernarg_segment_size
gfx1201,boundary-fast.hsaco,c32_fast_av,False,387,389,2,2376,2384,46,46,15,15,0,0,0,0,32,32,28,28
gfx1201,boundary-fast.hsaco,c32_fast_normalize,False,496,499,3,2796,2808,31,31,18,18,0,0,0,0,32,32,28,28
gfx1201,boundary-fast.hsaco,c32_fast_probabilities,False,528,473,-55,3032,2680,47,48,10,10,0,0,0,0,32,32,20,20
gfx1201,boundary-fast.hsaco,c32_fast_project,False,537,537,0,3340,3344,72,72,13,13,0,0,0,0,32,32,40,40
gfx1201,boundary-fast.hsaco,c32_fast_qkv,False,284,284,0,2092,2092,81,81,12,12,0,0,0,0,32,32,28,28
gfx1201,boundary-fast.hsaco,c32_fast_scores,False,790,791,1,4800,4804,66,66,13,13,0,0,0,0,32,32,28,28
gfx1201,boundary-fast.hsaco,c32_finish_crop_half,False,267,271,4,1356,1372,13,13,16,16,0,0,0,0,32,32,48,48
gfx1201,boundary-fast.hsaco,c32_finish_fast,False,203,206,3,1080,1092,13,13,12,12,0,0,0,0,32,32,32,32
gfx1201,boundary-fast.hsaco,c32_finish_fast_half,False,212,215,3,1112,1124,13,13,12,12,0,0,0,0,32,32,32,32
gfx1201,boundary-fast.hsaco,c32_finish_fast_half_main8,False,211,214,3,1124,1136,14,14,12,12,0,0,0,0,32,32,32,32
gfx1201,boundary-fast.hsaco,hip_post_head_fast,False,191,200,9,1096,1128,70,69,12,12,0,0,0,0,32,32,56,56
gfx1201,boundary-fast.hsaco,hip_post_head_fast_half,False,252,252,0,1300,1300,53,53,12,12,0,0,0,0,32,32,56,56
gfx1201,boundary-fast.hsaco,hip_post_merge_fast,False,86,87,1,456,460,7,7,12,12,0,0,0,0,32,32,40,40
gfx1201,boundary-fast.hsaco,hip_post_merge_fast_skip8,False,85,86,1,440,444,7,7,14,14,0,0,0,0,32,32,40,40
gfx1201,boundary_reference.hsaco,hip_c32_pack,False,92,92,0,468,468,7,7,14,14,0,0,0,0,32,32,40,40
gfx1201,boundary_reference.hsaco,hip_crop,False,122,123,1,596,600,8,8,13,13,0,0,0,0,32,32,44,44
gfx1201,boundary_reference.hsaco,hip_input_reflect,False,179,179,0,920,928,9,9,14,14,0,0,0,0,32,32,40,40
gfx1201,boundary_reference.hsaco,hip_post_head_exact,False,913,910,-3,5056,5036,27,27,17,17,0,0,0,0,32,32,56,56
gfx1201,boundary_reference.hsaco,hip_post_merge,False,86,87,1,456,460,7,7,12,12,0,0,0,0,32,32,40,40
gfx1201,c32-wave1.hsaco,c32_fast_ffn_attention_fused,False,2286,3041,755,16100,19752,169,184,15,15,15360,15360,0,0,32,32,44,44
gfx1201,c32-wave1.hsaco,c32_fast_ffn_attention_fused_half,False,2742,3234,492,18816,20872,169,184,15,15,15360,15360,0,0,32,32,44,44
gfx1201,c32-wave1.hsaco,c32_fast_ffn_attention_fused_half_chain,False,3352,3822,470,21464,23496,151,189,32,30,15360,15360,0,0,32,32,72,72
gfx1201,c32-wave1.hsaco,c32_fast_ffn_attention_fused_half_chain_finish,False,3528,3856,328,22040,24468,153,194,38,38,15360,15360,0,0,32,32,80,80
gfx1201,c32-wave1.hsaco,c32_fast_ffn_attention_fused_half_chain_finish_dcrop,False,3633,3954,321,22524,24912,153,194,39,39,15360,15360,0,0,32,32,80,80
gfx1201,c32-wave1.hsaco,c32_fast_ffn_attention_fused_half_finish_main8,False,2912,3251,339,19576,21808,172,195,29,29,15360,15360,0,0,32,32,60,60
gfx1201,c32-wave1.hsaco,c32_fast_ffn_attention_fused_half_mapped,False,2929,3385,456,19648,21540,169,184,18,18,15360,15360,0,0,32,32,60,60
gfx1201,c32-wave1.hsaco,c32_fast_ffn_attention_fused_half_prefix_finish_main8,False,3202,3558,356,20752,23308,152,193,29,29,15360,15360,0,0,32,32,76,76
gfx1201,c32-wave1.hsaco,c32_post_merge_fused_half,False,2462,3132,670,16904,20340,153,189,14,16,15360,15360,0,0,32,32,68,68
gfx1201,c32-wave1.hsaco,c32_post_merge_head_half,False,2691,2963,272,17800,19788,158,193,86,86,15360,15360,0,0,32,32,88,88
gfx1201,c32-wave1.hsaco,c32_wave1_chain,False,1050,1045,-5,7148,7144,134,134,26,26,4096,4096,0,0,32,32,72,72
gfx1201,c32-wave1.hsaco,c32_wave1_finish,False,2527,2529,2,14984,14988,131,131,30,30,4096,4096,0,0,32,32,80,80
gfx1201,c32-wave1.hsaco,c32_wave1_finish_dcrop,False,2019,2002,-17,12176,12096,131,131,30,30,4096,4096,0,0,32,32,80,80
gfx1201,c32-wave1.hsaco,c32_wave1_mapped,False,1106,1097,-9,7536,7504,133,133,25,24,4096,4096,0,0,32,32,60,60
gfx1201,c32-wave1.hsaco,c32_wave1_post,False,1614,1598,-16,10304,10224,132,132,37,38,4096,4096,0,0,32,32,88,88
gfx1201,c32-wave1.hsaco,c32_wave1_prefix,False,1968,1965,-3,12252,12248,129,129,32,32,4096,4096,0,0,32,32,76,76
gfx1201,c32-wave1.hsaco,c32_wave1_up,False,1819,1818,-1,11716,11660,154,150,26,26,4096,4096,0,0,32,32,68,68
gfx1201,c32_fast.hsaco,c32_ffn_contract_fast,False,2103,2123,20,11552,11632,39,39,25,25,3072,3072,0,0,32,32,40,40
gfx1201,c32_fast.hsaco,c32_ffn_contract_fast_map3,False,2627,2647,20,14484,14564,33,33,20,20,3072,3072,0,0,32,32,40,40
gfx1201,c32_fast.hsaco,c32_ffn_expand_fast,False,759,765,6,4332,4356,20,20,13,13,4096,4096,0,0,32,32,28,28
gfx1201,c32_fast_attention.hsaco,c32_fast_av,False,387,389,2,2376,2384,46,46,15,15,0,0,0,0,32,32,28,28
gfx1201,c32_fast_attention.hsaco,c32_fast_normalize,False,496,499,3,2796,2808,31,31,18,18,0,0,0,0,32,32,28,28
gfx1201,c32_fast_attention.hsaco,c32_fast_probabilities,False,528,473,-55,3032,2680,47,48,10,10,0,0,0,0,32,32,20,20
gfx1201,c32_fast_attention.hsaco,c32_fast_project,False,537,537,0,3340,3344,72,72,13,13,0,0,0,0,32,32,40,40
gfx1201,c32_fast_attention.hsaco,c32_fast_qkv,False,284,284,0,2092,2092,81,81,12,12,0,0,0,0,32,32,28,28
gfx1201,c32_fast_attention.hsaco,c32_fast_scores,False,790,791,1,4800,4804,66,66,13,13,0,0,0,0,32,32,28,28
gfx1201,c32_fused_attention.hsaco,c32_fast_attention_fused,False,5569,5587,18,34976,34312,122,101,17,18,15360,15360,0,0,32,32,32,32
gfx1201,c32_fused_ffn_attention-packed.hsaco,c32_fast_ffn_attention_fused,False,2286,3041,755,16100,19752,169,184,15,15,15360,15360,0,0,32,32,44,44
gfx1201,c32_fused_ffn_attention-packed.hsaco,c32_fast_ffn_attention_fused_half,False,2742,3234,492,18816,20872,169,184,15,15,15360,15360,0,0,32,32,44,44
gfx1201,c32_fused_ffn_attention-packed.hsaco,c32_fast_ffn_attention_fused_half_chain,False,3352,3822,470,21464,23496,151,189,32,30,15360,15360,0,0,32,32,72,72
gfx1201,c32_fused_ffn_attention-packed.hsaco,c32_fast_ffn_attention_fused_half_chain_finish,False,3528,3856,328,22040,24468,153,194,38,38,15360,15360,0,0,32,32,80,80
gfx1201,c32_fused_ffn_attention-packed.hsaco,c32_fast_ffn_attention_fused_half_chain_finish_dcrop,False,3633,3954,321,22524,24912,153,194,39,39,15360,15360,0,0,32,32,80,80
gfx1201,c32_fused_ffn_attention-packed.hsaco,c32_fast_ffn_attention_fused_half_finish_main8,False,2912,3251,339,19576,21808,172,195,29,29,15360,15360,0,0,32,32,60,60
gfx1201,c32_fused_ffn_attention-packed.hsaco,c32_fast_ffn_attention_fused_half_mapped,False,2929,3385,456,19648,21540,169,184,18,18,15360,15360,0,0,32,32,60,60
gfx1201,c32_fused_ffn_attention-packed.hsaco,c32_fast_ffn_attention_fused_half_prefix_finish_main8,False,3202,3558,356,20752,23308,152,193,29,29,15360,15360,0,0,32,32,76,76
gfx1201,c32_fused_ffn_attention-packed.hsaco,c32_post_merge_fused_half,False,2462,3132,670,16904,20340,153,189,14,16,15360,15360,0,0,32,32,68,68
gfx1201,c32_fused_ffn_attention-packed.hsaco,c32_post_merge_head_half,False,2691,2963,272,17800,19788,158,193,86,86,15360,15360,0,0,32,32,88,88
gfx1201,c32_fused_ffn_attention.hsaco,c32_fast_ffn_attention_fused,False,3102,3826,724,22936,26204,161,157,15,15,15360,15360,0,0,32,32,44,44
gfx1201,c32_fused_ffn_attention.hsaco,c32_fast_ffn_attention_fused_half,False,3579,4018,439,25744,27312,161,157,15,15,15360,15360,0,0,32,32,44,44
gfx1201,c32_fused_ffn_attention.hsaco,c32_fast_ffn_attention_fused_half_chain,False,4214,4579,365,28424,29756,160,140,32,30,15360,15360,0,0,32,32,72,72
gfx1201,c32_fused_ffn_attention.hsaco,c32_fast_ffn_attention_fused_half_chain_finish,False,4384,5101,717,29052,32568,162,140,38,38,15360,15360,0,0,32,32,80,80
gfx1201,c32_fused_ffn_attention.hsaco,c32_fast_ffn_attention_fused_half_chain_finish_dcrop,False,4489,5199,710,29536,33012,162,140,39,39,15360,15360,0,0,32,32,80,80
gfx1201,c32_fused_ffn_attention.hsaco,c32_fast_ffn_attention_fused_half_finish_main8,False,3749,4495,746,26536,30048,163,159,29,29,15360,15360,0,0,32,32,60,60
gfx1201,c32_fused_ffn_attention.hsaco,c32_fast_ffn_attention_fused_half_mapped,False,3738,4175,437,26540,27988,162,157,18,18,15360,15360,0,0,32,32,60,60
gfx1201,c32_fused_ffn_attention.hsaco,c32_fast_ffn_attention_fused_half_prefix_finish_main8,False,4078,4784,706,27776,31356,160,139,29,29,15360,15360,0,0,32,32,76,76
gfx1201,c32_fused_ffn_attention.hsaco,c32_post_merge_fused_half,False,3147,3787,640,22740,25612,163,140,14,18,15360,15360,0,0,32,32,68,68
gfx1201,c32_fused_ffn_attention.hsaco,c32_post_merge_head_half,False,3351,4110,759,23508,27016,165,142,86,86,15360,15360,0,0,32,32,88,88
gfx1201,c32_prefix_reference.hsaco,c32_attn_av,False,431,464,33,2668,2776,74,93,11,10,0,0,0,0,32,32,28,28
gfx1201,c32_prefix_reference.hsaco,c32_attn_normalize,False,439,440,1,2256,2260,31,31,26,26,0,0,0,0,32,32,28,28
gfx1201,c32_prefix_reference.hsaco,c32_attn_probabilities,False,331,333,2,1896,1904,37,37,10,10,0,0,0,0,32,32,20,20
gfx1201,c32_prefix_reference.hsaco,c32_attn_project,False,219,227,8,1276,1300,71,71,12,12,0,0,0,0,32,32,40,40
gfx1201,c32_prefix_reference.hsaco,c32_attn_qkv,False,281,281,0,1512,1516,17,17,12,12,0,0,0,0,32,32,28,28
gfx1201,c32_prefix_reference.hsaco,c32_attn_scores,False,261,261,0,1428,1432,68,68,10,10,0,0,0,0,32,32,28,28
gfx1201,c32_prefix_reference.hsaco,c32_ffn_contract,False,203,213,10,1192,1232,71,71,12,12,0,0,0,0,32,32,40,40
gfx1201,c32_prefix_reference.hsaco,c32_ffn_expand,False,248,248,0,1380,1380,16,16,12,12,0,0,0,0,32,32,28,28
gfx1201,c32_prefix_reference.hsaco,c32_finish,False,255,258,3,1380,1392,16,16,14,14,0,0,0,0,32,32,32,32
gfx1201,c32_prefix_reference.hsaco,dlss5_prefix_reference,False,622,615,-7,3272,3256,41,40,18,18,0,0,0,0,32,32,64,64
gfx1201,c32_tiled.hsaco,c32_attn_project_tiled,False,1077,1086,9,5956,5992,22,22,17,17,3072,3072,0,0,32,32,40,40
gfx1201,c32_tiled.hsaco,c32_attn_qkv_tiled,False,799,800,1,4364,4368,20,20,15,15,3072,3072,0,0,32,32,28,28
gfx1201,c32_tiled.hsaco,c32_ffn_contract_tiled,False,1281,1302,21,7220,7308,46,46,25,25,3072,3072,0,0,32,32,40,40
gfx1201,c32_tiled.hsaco,c32_ffn_expand_tiled,False,837,835,-2,4648,4640,20,20,13,13,4096,4096,0,0,32,32,28,28
gfx1201,c32_wmma.hsaco,c32_attn_av_wmma,False,1165,1129,-36,7336,7120,94,94,14,13,0,0,0,0,32,32,28,28
gfx1201,c32_wmma.hsaco,c32_attn_project_wmma,False,1024,1025,1,6036,6040,71,71,13,13,0,0,0,0,32,32,40,40
gfx1201,c32_wmma.hsaco,c32_attn_qkv_wmma,False,835,840,5,4956,4972,68,68,14,14,0,0,0,0,32,32,28,28
gfx1201,c32_wmma.hsaco,c32_attn_scores_wmma,False,1319,1326,7,7552,7580,69,69,13,13,0,0,0,0,32,32,28,28
gfx1201,c32_wmma.hsaco,c32_ffn_contract_wmma,False,2712,2740,28,16852,16964,51,51,23,23,0,0,0,0,32,32,40,40
gfx1201,c32_wmma.hsaco,c32_ffn_expand_wmma,False,2087,2087,0,12064,12064,33,33,18,18,0,0,0,0,32,32,28,28
gfx1201,c512-m32-deep.hsaco,decoder_project2x,False,587,602,15,3168,3228,40,40,25,25,0,0,0,0,32,32,56,56
gfx1201,c512-m32-deep.hsaco,decoder_project2x_h16w,False,5940,5964,24,32664,32780,64,64,34,30,0,0,0,0,32,32,56,56
gfx1201,c512-m32-deep.hsaco,decoder_project2x_h16w_byteout,False,5978,6001,23,32788,32904,64,64,34,28,0,0,0,0,32,32,56,56
gfx1201,c512-m32-deep.hsaco,reuse_decide,False,396,398,2,2020,2028,14,14,17,17,0,0,0,0,32,32,60,60
gfx1201,c512-m32-deep.hsaco,reuse_finish,False,646,655,9,3864,3900,11,11,27,27,0,0,0,0,32,32,84,84
gfx1201,c512-m32-deep.hsaco,reuse_image_commit,False,161,168,7,968,996,5,5,8,8,0,0,0,0,32,32,28,28
gfx1201,c512-m32-deep.hsaco,reuse_image_stats,False,250,248,-2,1360,1348,14,13,22,22,0,0,0,0,32,32,48,48
gfx1201,c512-m32-deep.hsaco,reuse_token_stats,False,218,218,0,1180,1180,14,13,17,17,0,0,0,0,32,32,48,48
gfx1201,c512-m32-deep.hsaco,split_contract,False,198,193,-5,1156,1140,33,32,12,12,0,0,0,0,32,32,28,28
gfx1201,c512-m32-deep.hsaco,split_contract_fp8,False,202,203,1,1176,1196,31,30,12,12,0,0,0,0,32,32,28,28
gfx1201,c512-m32-deep.hsaco,split_expand,False,238,237,-1,1452,1464,33,32,12,12,0,0,0,0,32,32,28,28
gfx1201,c512-m32-deep.hsaco,split_expand_fp8,False,254,243,-11,1556,1528,33,32,12,12,0,0,0,0,32,32,28,28
gfx1201,c512-m32-deep.hsaco,split_ffn_fused,False,1078,510,-568,6560,2992,60,73,15,25,4160,4160,0,0,32,32,28,28
gfx1201,c512-m32-deep.hsaco,split_ffn_fused_fp8,False,855,498,-357,5580,3236,102,95,11,15,4160,4160,0,0,32,32,28,28
gfx1201,c512-m32-deep.hsaco,split_ffn_fused_fp8_mix,False,980,628,-352,6280,4004,103,93,13,14,6464,6464,0,0,32,32,28,28
gfx1201,c512-m32-deep.hsaco,split_ffn_fused_fp8_t8,False,919,568,-351,6140,3764,111,95,14,18,4160,4160,0,0,32,32,36,36
gfx1201,c512-m32-deep.hsaco,split_mix,False,200,200,0,1160,1160,35,35,11,11,0,0,0,0,32,32,28,28
gfx1201,c512-m32-deep.hsaco,split_mix_blocked,False,514,278,-236,3084,1672,80,80,11,12,0,0,0,0,32,32,28,28
gfx1201,c512-m32-deep.hsaco,split_mix_blocked_h16w,False,497,263,-234,3032,1628,91,90,11,12,0,0,0,0,32,32,28,28
gfx1201,c512-m32-deep.hsaco,split_mix_blocked_h16w_m32,False,1047,403,-644,6548,2524,96,96,13,18,0,0,0,0,32,32,28,28
gfx1201,c512-m32-deep.hsaco,split_projection,False,245,240,-5,1500,1488,32,32,12,12,0,0,0,0,32,32,36,36
gfx1201,c512-m32-deep.hsaco,split_projection_blocked,False,667,445,-222,4048,2744,68,70,12,14,0,0,0,0,32,32,36,36
gfx1201,c512-m32-deep.hsaco,split_projection_blocked_t8,False,878,527,-351,5528,3340,74,91,16,17,0,0,0,0,32,32,44,44
gfx1201,c512-m32-deep.hsaco,split_projection_frag,False,859,529,-330,5348,3504,83,110,17,18,0,0,0,0,32,32,44,44
gfx1201,c512-m32-deep.hsaco,vit_attention_av_fast,False,486,485,-1,3092,3064,48,48,17,17,0,0,0,0,32,32,48,48
gfx1201,c512-m32-deep.hsaco,vit_attention_fused_256,False,1197,1238,41,7588,7912,91,91,16,16,1536,1536,0,0,32,32,32,32
gfx1201,c512-m32-deep.hsaco,vit_attention_fused_256_bytein,False,938,969,31,5568,5776,75,75,17,17,1536,1536,0,0,32,32,32,32
gfx1201,c512-m32-deep.hsaco,vit_attention_fused_256_bytein_bout,False,958,984,26,5732,5888,75,75,17,17,1536,1536,0,0,32,32,32,32
gfx1201,c512-m32-deep.hsaco,vit_attention_fused_400,False,1197,1238,41,7588,7912,91,91,16,16,1536,1536,0,0,32,32,32,32
gfx1201,c512-m32-deep.hsaco,vit_attention_fused_400_bytein,False,938,969,31,5568,5776,75,75,17,17,1536,1536,0,0,32,32,32,32
gfx1201,c512-m32-deep.hsaco,vit_attention_fused_400_bytein_bout,False,958,984,26,5732,5888,75,75,17,17,1536,1536,0,0,32,32,32,32
gfx1201,c512-m32-deep.hsaco,vit_attention_fused_640,False,1197,1238,41,7588,7912,91,91,16,16,1536,1536,0,0,32,32,32,32
gfx1201,c512-m32-deep.hsaco,vit_attention_fused_640_bytein,False,938,969,31,5568,5776,75,75,17,17,1536,1536,0,0,32,32,32,32
gfx1201,c512-m32-deep.hsaco,vit_attention_fused_640_bytein_bout,False,958,984,26,5732,5888,75,75,17,17,1536,1536,0,0,32,32,32,32
gfx1201,c512-m32-deep.hsaco,vit_attention_inverse_fast,False,265,266,1,1584,1588,34,34,10,10,0,0,0,0,32,32,32,32
gfx1201,c512-m32-deep.hsaco,vit_attention_scores_fast,False,771,772,1,4552,4556,66,66,13,13,0,0,0,0,32,32,32,32
gfx1201,c512-m32-deep.hsaco,vit_contract_blocked_fp8,False,1830,1493,-337,12132,10144,235,237,26,26,0,0,0,0,32,32,56,56
gfx1201,c512-m32-deep.hsaco,vit_contract_blocked_fp8_bstream,False,1872,1522,-350,12488,10252,234,237,26,26,0,0,0,0,32,32,56,56
gfx1201,c512-m32-deep.hsaco,vit_contract_blocked_fp8_frag,False,1077,832,-245,7160,5732,205,207,12,14,0,0,0,0,32,32,56,56
gfx1201,c512-m32-deep.hsaco,vit_contract_blocked_fp8_hstream,False,1862,1520,-342,12272,10192,235,237,26,26,0,0,0,0,32,32,56,56
gfx1201,c512-m32-deep.hsaco,vit_contract_blocked_fp8_tiled,False,743,522,-221,4632,3288,104,109,21,16,0,0,0,0,32,32,56,56
gfx1201,c512-m32-deep.hsaco,vit_contract_blocked_fp8_tiled_bstream,False,822,536,-286,5052,3356,103,109,21,16,0,0,0,0,32,32,56,56
gfx1201,c512-m32-deep.hsaco,vit_contract_blocked_fp8_tiled_hstream,False,789,536,-253,4760,3308,103,109,21,16,0,0,0,0,32,32,56,56
gfx1201,c512-m32-deep.hsaco,vit_contract_combine,False,96,97,1,556,560,14,14,11,11,0,0,0,0,32,32,48,48
gfx1201,c512-m32-deep.hsaco,vit_contract_parts_blocked_fp8,False,312,198,-114,2032,1352,53,48,14,14,0,0,0,0,32,32,40,40
gfx1201,c512-m32-deep.hsaco,vit_contract_parts_blocked_fp8_tiled,False,406,281,-125,2720,1968,71,70,16,14,0,0,0,0,32,32,40,40
gfx1201,c512-m32-deep.hsaco,vit_contract_parts_fp8,False,157,159,2,864,876,23,23,14,14,0,0,0,0,32,32,40,40
gfx1201,c512-m32-deep.hsaco,vit_expand,False,356,355,-1,2200,2200,32,32,14,14,0,0,0,0,32,32,48,48
gfx1201,c512-m32-deep.hsaco,vit_expand_blocked_fp8,False,810,411,-399,5244,2628,69,84,14,16,0,0,0,0,32,32,48,48
gfx1201,c512-m32-deep.hsaco,vit_expand_blocked_fp8_bytein,False,723,315,-408,4592,1944,55,84,14,16,0,0,0,0,32,32,48,48
gfx1201,c512-m32-deep.hsaco,vit_expand_blocked_fp8_frag_bytein,False,1329,644,-685,8804,4216,77,92,23,23,0,0,0,0,32,32,48,48
gfx1201,c512-m32-deep.hsaco,vit_expand_blocked_fp8_frag_bytein_m2,False,1335,1333,-2,8696,8696,86,84,22,23,0,0,0,0,32,32,48,48
gfx1201,c512-m32-deep.hsaco,vit_expand_blocked_fp8_frag_bytein_m4,False,2595,2606,11,17012,17032,154,154,27,27,0,0,0,0,32,32,48,48
gfx1201,c512-m32-deep.hsaco,vit_expand_blocked_fp8_frag_tiledin,False,711,336,-375,4572,2092,46,84,23,23,0,0,0,0,32,32,48,48
gfx1201,c512-m32-deep.hsaco,vit_expand_blocked_fp8_tiled,False,883,480,-403,5804,3216,95,95,20,19,0,0,0,0,32,32,48,48
gfx1201,c512-m32-deep.hsaco,vit_expand_blocked_fp8_tiled_bytein,False,782,409,-373,5132,2644,73,84,18,18,0,0,0,0,32,32,48,48
gfx1201,c512-m32-deep.hsaco,vit_expand_blocked_fp8_tiled_bytein_m4,False,2668,2669,1,17556,17544,153,153,25,24,0,0,0,0,32,32,48,48
gfx1201,c512-m32-deep.hsaco,vit_expand_fp8,False,351,350,-1,2156,2156,32,32,14,14,0,0,0,0,32,32,48,48
gfx1201,c512-m32-deep.hsaco,vit_ffn_fused,False,1493,975,-518,9660,6552,151,189,14,15,16640,16640,0,0,32,32,56,56
gfx1201,c512-m32-deep.hsaco,vit_pack_input,False,57,57,0,340,340,7,7,7,7,0,0,0,0,32,32,32,32
gfx1201,c512-m32-deep.hsaco,vit_pack_input_tiled,False,57,57,0,352,352,10,10,7,7,0,0,0,0,32,32,32,32
gfx1201,c512-m32-deep.hsaco,vit_project,False,1285,1284,-1,8192,8216,77,77,20,20,0,0,0,0,32,32,56,56
gfx1201,c512-m32-deep.hsaco,vit_project_bytein_bout,False,586,597,11,4088,4136,98,98,14,14,0,0,0,0,32,32,56,56
gfx1201,c512-m32-deep.hsaco,vit_project_bytein_bout_hskip,False,593,605,12,4128,4180,99,99,14,14,0,0,0,0,32,32,56,56
gfx1201,c512-m32-deep.hsaco,vit_project_fp8,False,1310,1248,-62,8336,7992,90,90,20,19,0,0,0,0,32,32,56,56
gfx1201,c512-m32-deep.hsaco,vit_project_frag,False,1850,1863,13,11692,11772,79,79,34,34,0,0,0,0,32,32,56,56
gfx1201,c512-m32-deep.hsaco,vit_qkv_normalize,False,478,476,-2,2724,2716,31,31,18,18,0,0,0,0,32,32,40,40
gfx1201,c512-m32-deep.hsaco,vit_qkv_project,False,215,221,6,1204,1228,32,32,14,14,0,0,0,0,32,32,40,40
gfx1201,c512-m32-deep.hsaco,vit_qkv_project_blocked,False,266,223,-43,1604,1368,48,48,13,13,0,0,0,0,32,32,40,40
gfx1201,c512-m32-deep.hsaco,vit_qkv_project_normalize_fused,False,848,942,94,4768,5240,51,50,22,18,2112,2112,0,0,32,32,40,40
gfx1201,c512-m32-deep.hsaco,vit_qkv_project_normalize_fused_f16compact,False,853,947,94,4868,5312,60,58,22,22,2112,2112,0,0,32,32,40,40
gfx1201,c512-m32-deep.hsaco,vit_qkv_project_normalize_fused_f16compact_fp8,False,777,759,-18,4516,4304,60,58,22,22,2112,2112,0,0,32,32,40,40
gfx1201,c512-m32-deep.hsaco,vit_qkv_project_normalize_fused_f16compact_fp8_bytein,False,776,810,34,4488,4632,58,91,22,22,2112,2112,0,0,32,32,40,40
gfx1201,c512-m32-deep.hsaco,vit_qkv_project_normalize_fused_f16compact_fp8_frag,False,766,757,-9,4440,4292,59,58,22,22,2112,2112,0,0,32,32,40,40
gfx1201,c512-m32-deep.hsaco,vit_qkv_project_normalize_fused_f16compact_fp8_h16in,False,1164,1190,26,7860,7860,96,95,22,22,2112,2112,0,0,32,32,40,40
gfx1201,c512-m32-deep.hsaco,vit_qkv_project_normalize_fused_f16compact_fp8_h16in_n4,False,1392,1395,3,8424,8172,192,192,22,22,4160,4160,0,0,32,32,40,40
gfx1201,c512-m32-deep.hsaco,vit_qkv_project_normalize_fused_f16weight,False,854,949,95,4876,5324,60,58,22,22,2112,2112,0,0,32,32,40,40
gfx1201,c512-m32-mh.hsaco,c512_qkv_attention_compact,False,1812,1811,-1,11680,11644,141,143,30,24,6144,6144,0,0,32,32,48,48
gfx1201,c512-m32-mh.hsaco,c512_qkv_attention_fused,False,1760,2124,364,11596,14952,122,256,32,26,6144,6144,0,144,32,32,32,32
gfx1201,c512-m32-mh.hsaco,mh_attention_av_fast,False,444,435,-9,2472,2412,52,52,22,20,0,0,0,0,32,32,36,36
gfx1201,c512-m32-mh.hsaco,mh_attention_crop,False,2625,2660,35,13160,13304,33,33,36,36,4608,4608,0,0,32,32,64,64
gfx1201,c512-m32-mh.hsaco,mh_attention_project_fast_matrix,False,2102,2132,30,10684,10796,34,34,28,28,4608,4608,0,0,32,32,44,44
gfx1201,c512-m32-mh.hsaco,mh_attention_project_fast_matrix_fp8,False,2068,2098,30,10448,10560,34,34,28,28,4608,4608,0,0,32,32,44,44
gfx1201,c512-m32-mh.hsaco,mh_attention_project_fast_scalar,False,1412,1429,17,6984,7044,32,32,21,21,4608,4608,0,0,32,32,44,44
gfx1201,c512-m32-mh.hsaco,mh_attention_project_fast_scalar_fp8,False,1378,1395,17,6748,6808,33,33,21,21,4608,4608,0,0,32,32,44,44
gfx1201,c512-m32-mh.hsaco,mh_attention_project_frag_c512,False,1283,643,-640,6812,3364,80,79,28,30,0,0,0,0,32,32,60,60
gfx1201,c512-m32-mh.hsaco,mh_ffn_contract_fast,False,399,406,7,2192,2216,27,27,17,17,4608,4608,0,0,32,32,32,32
gfx1201,c512-m32-mh.hsaco,mh_ffn_contract_fast_fp8,False,383,389,6,2084,2104,28,28,17,17,4608,4608,0,0,32,32,32,32
gfx1201,c512-m32-mh.hsaco,mh_ffn_contract_fast_fp8_out,False,349,354,5,1900,1916,28,28,17,17,4608,4608,0,0,32,32,32,32
gfx1201,c512-m32-mh.hsaco,mh_ffn_contract_fast_pre,False,296,310,14,1564,1616,27,27,17,17,4608,4608,0,0,32,32,32,32
gfx1201,c512-m32-mh.hsaco,mh_ffn_contract_fast_rne,False,399,406,7,2192,2216,27,27,17,17,4608,4608,0,0,32,32,32,32
gfx1201,c512-m32-mh.hsaco,mh_ffn_contract_fast_rtz,False,399,406,7,2192,2216,27,27,17,17,4608,4608,0,0,32,32,32,32
gfx1201,c512-m32-mh.hsaco,mh_ffn_expand_fast,False,461,465,4,2632,2644,29,29,16,16,4608,4608,0,0,32,32,32,32
gfx1201,c512-m32-mh.hsaco,mh_ffn_expand_fast_fp8,False,425,433,8,2456,2480,29,29,16,16,4608,4608,0,0,32,32,32,32
gfx1201,c512-m32-mh.hsaco,mh_ffn_fused_c128,False,840,893,53,6012,6212,101,103,12,12,8256,8256,0,0,32,32,28,28
gfx1201,c512-m32-mh.hsaco,mh_ffn_fused_c128_frag_project_g128_qkv,False,1475,1470,-5,9768,9740,99,100,16,16,10816,10816,0,0,32,32,64,64
gfx1201,c512-m32-mh.hsaco,mh_ffn_fused_c128_frag_project_mapped_g128_qkv,False,1650,1643,-7,10660,10664,98,99,25,25,10816,10816,0,0,32,32,64,64
gfx1201,c512-m32-mh.hsaco,mh_ffn_fused_c128_project,False,1026,1075,49,7160,7360,101,103,14,12,8256,8256,0,0,32,32,28,28
gfx1201,c512-m32-mh.hsaco,mh_ffn_fused_c128_project_g128,False,940,992,52,6436,6656,102,103,15,12,8256,8256,0,0,32,32,28,28
gfx1201,c512-m32-mh.hsaco,mh_ffn_fused_c128_project_g128_qkv,False,1424,1438,14,9352,9568,99,99,16,22,10816,10816,0,0,32,32,64,64
gfx1201,c512-m32-mh.hsaco,mh_ffn_fused_c128_project_g128_qkv_bn,False,1248,1301,53,8704,8784,126,126,16,16,19520,19520,0,0,32,32,64,64
gfx1201,c512-m32-mh.hsaco,mh_ffn_fused_c128_project_g128_qkv_bytein_fb,False,1362,1383,21,9016,9244,96,98,15,22,10816,10816,0,0,32,32,64,64
gfx1201,c512-m32-mh.hsaco,mh_ffn_fused_c128_project_g128_qkv_fb,False,1402,1420,18,9244,9448,99,100,16,22,10816,10816,0,0,32,32,64,64
gfx1201,c512-m32-mh.hsaco,mh_ffn_fused_c128_project_mapped,False,1538,1567,29,9724,9864,102,104,28,22,8256,8256,0,0,32,32,48,48
gfx1201,c512-m32-mh.hsaco,mh_ffn_fused_c128_project_mapped_g128,False,1441,1489,48,8992,9164,102,104,28,22,8256,8256,0,0,32,32,48,48
gfx1201,c512-m32-mh.hsaco,mh_ffn_fused_c128_project_mapped_g128_qkv,False,1573,1619,46,10224,10488,99,100,25,27,10816,10816,0,0,32,32,64,64
gfx1201,c512-m32-mh.hsaco,mh_ffn_fused_c128_project_mapped_g128_qkv_bn,False,1445,1466,21,9720,9700,126,126,25,25,19520,19520,0,0,32,32,64,64
gfx1201,c512-m32-mh.hsaco,mh_ffn_fused_c128_project_mapped_g128_qkv_bytein_fb,False,1534,1596,62,10320,10564,100,101,21,21,10816,10816,0,0,32,32,64,64
gfx1201,c512-m32-mh.hsaco,mh_ffn_fused_c128_project_mapped_g128_qkv_fb,False,1606,1661,55,10432,10724,99,100,26,28,10816,10816,0,0,32,32,64,64
gfx1201,c512-m32-mh.hsaco,mh_ffn_fused_c128_tiled,False,922,963,41,6212,6436,75,80,12,12,8256,8256,0,0,32,32,28,28
gfx1201,c512-m32-mh.hsaco,mh_ffn_fused_c128_tiled_project_g128_qkv,False,1617,1698,81,10752,11176,82,85,32,16,10816,10816,0,0,32,32,64,64
gfx1201,c512-m32-mh.hsaco,mh_ffn_fused_c128_tiled_project_mapped_g128_qkv,False,1776,1869,93,11620,12008,83,86,38,24,10816,10816,0,0,32,32,64,64
gfx1201,c512-m32-mh.hsaco,mh_ffn_fused_c256,False,1003,1067,64,6676,7208,73,87,11,11,16448,16448,0,0,32,32,28,28
gfx1201,c512-m32-mh.hsaco,mh_ffn_fused_c256_frag_project_g128_qkv,False,1778,1723,-55,12036,11636,97,95,15,15,21568,21568,0,0,32,32,64,64
gfx1201,c512-m32-mh.hsaco,mh_ffn_fused_c256_frag_project_g128_qkv_bytein_fb,False,1717,1670,-47,11760,11336,97,97,15,15,21568,21568,0,0,32,32,64,64
gfx1201,c512-m32-mh.hsaco,mh_ffn_fused_c256_frag_project_g128_qkv_fb,False,1750,1689,-61,11900,11508,97,95,15,15,21568,21568,0,0,32,32,64,64
gfx1201,c512-m32-mh.hsaco,mh_ffn_fused_c256_frag_project_mapped_g128_qkv,False,1915,1862,-53,12812,12432,97,95,23,23,21568,21568,0,0,32,32,64,64
gfx1201,c512-m32-mh.hsaco,mh_ffn_fused_c256_frag_project_mapped_g128_qkv_bytein_fb,False,1918,1871,-47,13128,12792,99,100,21,21,21568,21568,0,0,32,32,64,64
gfx1201,c512-m32-mh.hsaco,mh_ffn_fused_c256_frag_project_mapped_g128_qkv_fb,False,1952,1900,-52,13044,12672,97,95,24,24,21568,21568,0,0,32,32,64,64
gfx1201,c512-m32-mh.hsaco,mh_ffn_fused_c256_tiled,False,911,899,-12,6088,6060,74,71,11,11,16448,16448,0,0,32,32,28,28
gfx1201,c512-m32-mh.hsaco,mh_ffn_fused_c256_tiled_project,False,1102,1074,-28,7380,7280,74,71,13,13,16448,16448,0,0,32,32,28,28
gfx1201,c512-m32-mh.hsaco,mh_ffn_fused_c256_tiled_project_g128,False,1193,1172,-21,8120,8016,77,77,26,11,16448,16448,0,0,32,32,28,28
gfx1201,c512-m32-mh.hsaco,mh_ffn_fused_c256_tiled_project_g128_qkv,False,1802,1776,-26,12020,11980,81,84,30,15,21568,21568,0,0,32,32,64,64
gfx1201,c512-m32-mh.hsaco,mh_ffn_fused_c256_tiled_project_g128_qkv_bytein_fb,False,1743,1724,-19,11716,11616,80,83,30,15,21568,21568,0,0,32,32,64,64
gfx1201,c512-m32-mh.hsaco,mh_ffn_fused_c256_tiled_project_g128_qkv_fb,False,1786,1761,-25,11928,11892,81,84,30,15,21568,21568,0,0,32,32,64,64
gfx1201,c512-m32-mh.hsaco,mh_ffn_fused_c256_tiled_project_mapped,False,1585,1547,-38,9844,9704,74,71,26,20,16448,16448,0,0,32,32,48,48
gfx1201,c512-m32-mh.hsaco,mh_ffn_fused_c256_tiled_project_mapped_g128,False,1679,1655,-24,10576,10460,77,77,32,20,16448,16448,0,0,32,32,48,48
gfx1201,c512-m32-mh.hsaco,mh_ffn_fused_c256_tiled_project_mapped_g128_qkv,False,1950,1929,-21,12792,12760,81,84,37,23,21568,21568,0,0,32,32,64,64
gfx1201,c512-m32-mh.hsaco,mh_ffn_fused_c256_tiled_project_mapped_g128_qkv_bytein_fb,False,1915,1908,-7,12920,12892,81,84,30,21,21568,21568,0,0,32,32,64,64
gfx1201,c512-m32-mh.hsaco,mh_ffn_fused_c256_tiled_project_mapped_g128_qkv_fb,False,1988,1965,-23,13024,12988,81,84,38,24,21568,21568,0,0,32,32,64,64
gfx1201,c512-m32-mh.hsaco,mh_ffn_fused_c64,False,721,749,28,5084,5220,100,97,15,15,4160,4160,0,0,32,32,28,28
gfx1201,c512-m32-mh.hsaco,mh_ffn_fused_c64_frag_project_g128_qkv,False,1352,1359,7,8772,8840,96,97,16,16,5440,5440,0,0,32,32,64,64
gfx1201,c512-m32-mh.hsaco,mh_ffn_fused_c64_frag_project_mapped_g128_qkv,False,1469,1467,-2,9436,9456,97,97,25,25,5440,5440,0,0,32,32,64,64
gfx1201,c512-m32-mh.hsaco,mh_ffn_fused_c64_project,False,904,931,27,6268,6380,100,98,18,18,4160,4160,0,0,32,32,28,28
gfx1201,c512-m32-mh.hsaco,mh_ffn_fused_c64_project_g128,False,884,919,35,6072,6196,100,98,19,18,4160,4160,0,0,32,32,28,28
gfx1201,c512-m32-mh.hsaco,mh_ffn_fused_c64_project_g128_qkv,False,1283,1308,25,8364,8520,98,99,16,21,5440,5440,0,0,32,32,64,64
gfx1201,c512-m32-mh.hsaco,mh_ffn_fused_c64_project_g128_qkv_bn,False,1153,1181,28,7784,7872,98,99,16,21,9792,9792,0,0,32,32,64,64
gfx1201,c512-m32-mh.hsaco,mh_ffn_fused_c64_project_g128_qkv_bytein_fb,False,1237,1250,13,8064,8176,96,97,15,22,5440,5440,0,0,32,32,64,64
gfx1201,c512-m32-mh.hsaco,mh_ffn_fused_c64_project_g128_qkv_fb,False,1261,1287,26,8232,8392,98,99,16,21,5440,5440,0,0,32,32,64,64
gfx1201,c512-m32-mh.hsaco,mh_ffn_fused_c64_project_mapped,False,1380,1407,27,8608,8704,101,98,28,23,4160,4160,0,0,32,32,48,48
gfx1201,c512-m32-mh.hsaco,mh_ffn_fused_c64_project_mapped_g128,False,1354,1391,37,8404,8536,100,99,28,23,4160,4160,0,0,32,32,48,48
gfx1201,c512-m32-mh.hsaco,mh_ffn_fused_c64_project_mapped_g128_qkv,False,1393,1422,29,8964,9184,96,97,25,27,5440,5440,0,0,32,32,64,64
gfx1201,c512-m32-mh.hsaco,mh_ffn_fused_c64_project_mapped_g128_qkv_bn,False,1262,1294,32,8420,8508,98,99,25,26,9792,9792,0,0,32,32,64,64
gfx1201,c512-m32-mh.hsaco,mh_ffn_fused_c64_project_mapped_g128_qkv_bytein_fb,False,1304,1361,57,8712,8904,97,98,20,20,5440,5440,0,0,32,32,64,64
gfx1201,c512-m32-mh.hsaco,mh_ffn_fused_c64_project_mapped_g128_qkv_fb,False,1373,1395,22,8856,9040,96,97,25,27,5440,5440,0,0,32,32,64,64
gfx1201,c512-m32-mh.hsaco,mh_ffn_fused_c64_tiled,False,939,967,28,6252,6464,75,80,12,12,4160,4160,0,0,32,32,28,28
gfx1201,c512-m32-mh.hsaco,mh_ffn_fused_c64_tiled_project_g128_qkv,False,1565,1629,64,10280,10628,81,85,32,16,5440,5440,0,0,32,32,64,64
gfx1201,c512-m32-mh.hsaco,mh_ffn_fused_c64_tiled_project_mapped_g128_qkv,False,1660,1736,76,10780,11224,82,86,38,24,5440,5440,0,0,32,32,64,64
gfx1201,c512-m32-mh.hsaco,mh_ffn_project_fast,False,585,590,5,3212,3236,32,32,18,18,4608,4608,0,0,32,32,40,40
gfx1201,c512-m32-mh.hsaco,mh_ffn_project_fast_fp8,False,552,557,5,2980,3004,33,33,18,18,4608,4608,0,0,32,32,40,40
gfx1201,c512-m32-mh.hsaco,mh_pool_project_fused_c128,False,3445,7226,3781,17628,35872,152,145,22,21,0,0,144,0,32,32,44,44
gfx1201,c512-m32-mh.hsaco,mh_pool_project_fused_c256,False,3884,3877,-7,20332,20300,192,192,22,21,0,0,272,272,32,32,44,44
gfx1201,c512-m32-mh.hsaco,mh_pool_project_fused_c64,False,6334,4785,-1549,32732,24644,128,118,80,21,0,0,0,0,32,32,44,44
gfx1201,c512-m32-mh.hsaco,mh_pool_project_group_c128,False,2289,2283,-6,11568,11540,98,98,29,28,4352,4352,0,0,32,32,44,44
gfx1201,c512-m32-mh.hsaco,mh_pool_project_group_c256,False,2283,2279,-4,11540,11520,98,98,29,28,8448,8448,0,0,32,32,44,44
gfx1201,c512-m32-mh.hsaco,mh_pool_project_group_c64,False,2331,2376,45,11768,11944,100,102,29,28,2304,2304,0,0,32,32,44,44
gfx1201,c512-m32-mh.hsaco,mh_pool_project_production,False,1314,1338,24,6656,6752,48,48,21,21,0,0,0,0,32,32,44,44
gfx1201,c512-m32-mh.hsaco,mh_pool_project_production_h16w,False,1387,1413,26,7040,7160,62,62,20,20,0,0,0,0,32,32,44,44
gfx1201,c512-m32-mh.hsaco,mh_probabilities_fast,False,572,577,5,3284,3304,50,50,12,12,0,0,0,0,32,32,24,24
gfx1201,c512-m32-mh.hsaco,mh_qkv_fast,False,340,342,2,1796,1808,26,26,16,16,4608,4608,0,0,32,32,32,32
gfx1201,c512-m32-mh.hsaco,mh_qkv_normalize_fast,False,1115,1117,2,6532,6548,110,110,11,11,0,0,0,0,32,32,32,32
gfx1201,c512-m32-mh.hsaco,mh_qkv_normalize_fast_wave,False,395,396,1,2080,2084,9,9,11,11,0,0,0,0,32,32,32,32
gfx1201,c512-m32-mh.hsaco,mh_qkv_normalize_fast_wave_fp8,False,396,397,1,2072,2076,7,7,11,11,0,0,0,0,32,32,32,32
gfx1201,c512-m32-mh.hsaco,mh_qkv_normalize_frag_c512,False,1249,1259,10,7672,7784,90,122,18,18,4420,4420,0,0,32,32,28,28
gfx1201,c512-m32-mh.hsaco,mh_qkv_normalize_frag_c512_m32,False,866,788,-78,5472,4944,155,149,18,18,5456,5456,0,0,32,32,28,28
gfx1201,c512-m32-mh.hsaco,mh_qkv_normalize_fused,False,2335,2354,19,13492,13584,45,45,18,18,21760,21760,0,0,32,32,32,32
gfx1201,c512-m32-mh.hsaco,mh_qkv_normalize_wave_c512,False,1146,1182,36,6876,6980,72,82,14,14,17680,17680,0,0,32,32,28,28
gfx1201,c512-m32-mh.hsaco,mh_scores_exp_fast,False,1108,1113,5,6156,6196,67,67,16,15,0,0,0,0,32,32,36,36
gfx1201,c64-wave2.hsaco,c128_wave2,False,4703,4659,-44,29388,29084,159,156,28,27,16384,16384,0,0,32,32,60,60
gfx1201,c64-wave2.hsaco,c128_wave2_bi,False,4552,4503,-49,28148,27852,159,150,25,26,16384,16384,0,0,32,32,60,60
gfx1201,c64-wave2.hsaco,c128_wave2_bi_bo,False,3853,3802,-51,24940,24636,159,148,25,26,16384,16384,0,0,32,32,60,60
gfx1201,c64-wave2.hsaco,c128_wave2_bo,False,4004,3958,-46,26180,25868,159,156,28,27,16384,16384,0,0,32,32,60,60
gfx1201,c64-wave2.hsaco,c128_wave2_up,False,4560,4537,-23,28920,28688,162,148,26,26,16384,16384,0,0,32,32,80,80
gfx1201,c64-wave2.hsaco,c256_attn_wave,False,1647,1628,-19,10156,10008,150,141,26,26,32768,32768,0,0,32,32,88,88
gfx1201,c64-wave2.hsaco,c256_attn_wave_bo,False,1372,1347,-25,8924,8748,139,133,26,26,32768,32768,0,0,32,32,88,88
gfx1201,c64-wave2.hsaco,c256_wave2,False,5125,5340,215,33320,34692,159,200,34,25,32768,32768,0,0,32,32,60,60
gfx1201,c64-wave2.hsaco,c256_wave2_bi,False,4959,5187,228,32044,33460,154,190,33,23,32768,32768,0,0,32,32,60,60
gfx1201,c64-wave2.hsaco,c256_wave2_bi_bo,False,4267,4486,219,28864,30184,154,190,33,23,32768,32768,0,0,32,32,60,60
gfx1201,c64-wave2.hsaco,c256_wave2_bo,False,4433,4642,209,30140,31484,159,198,34,25,32768,32768,0,0,32,32,60,60
gfx1201,c64-wave2.hsaco,c64_wave2,False,4004,3989,-15,24504,24432,156,157,31,27,8192,8192,0,0,32,32,60,60
gfx1201,c64-wave2.hsaco,c64_wave2_bi,False,3837,3839,2,23232,23188,140,140,30,26,8192,8192,0,0,32,32,60,60
gfx1201,c64-wave2.hsaco,c64_wave2_bi_bo,False,3139,3134,-5,20012,19968,140,140,30,26,8192,8192,0,0,32,32,60,60
gfx1201,c64-wave2.hsaco,c64_wave2_bo,False,3305,3281,-24,21288,21204,156,157,31,27,8192,8192,0,0,32,32,60,60
gfx1201,c64-wave2.hsaco,c64_wave2_up,False,4061,4069,8,25140,25148,137,137,27,27,8192,8192,0,0,32,32,80,80
gfx1201,c64-wave2.hsaco,mh_attention_av_fast,False,444,435,-9,2472,2412,52,52,22,20,0,0,0,0,32,32,36,36
gfx1201,c64-wave2.hsaco,mh_attention_crop,False,2625,2660,35,13160,13304,33,33,36,36,4608,4608,0,0,32,32,64,64
gfx1201,c64-wave2.hsaco,mh_attention_project_fast_matrix,False,2102,2132,30,10684,10796,34,34,28,28,4608,4608,0,0,32,32,44,44
gfx1201,c64-wave2.hsaco,mh_attention_project_fast_matrix_fp8,False,2068,2098,30,10448,10560,34,34,28,28,4608,4608,0,0,32,32,44,44
gfx1201,c64-wave2.hsaco,mh_attention_project_fast_scalar,False,1412,1429,17,6984,7044,32,32,21,21,4608,4608,0,0,32,32,44,44
gfx1201,c64-wave2.hsaco,mh_attention_project_fast_scalar_fp8,False,1378,1395,17,6748,6808,33,33,21,21,4608,4608,0,0,32,32,44,44
gfx1201,c64-wave2.hsaco,mh_attention_project_frag_c512,False,1283,643,-640,6812,3364,80,79,28,30,0,0,0,0,32,32,60,60
gfx1201,c64-wave2.hsaco,mh_ffn_contract_fast,False,399,406,7,2192,2216,27,27,17,17,4608,4608,0,0,32,32,32,32
gfx1201,c64-wave2.hsaco,mh_ffn_contract_fast_fp8,False,383,389,6,2084,2104,28,28,17,17,4608,4608,0,0,32,32,32,32
gfx1201,c64-wave2.hsaco,mh_ffn_contract_fast_fp8_out,False,349,354,5,1900,1916,28,28,17,17,4608,4608,0,0,32,32,32,32
gfx1201,c64-wave2.hsaco,mh_ffn_contract_fast_pre,False,296,310,14,1564,1616,27,27,17,17,4608,4608,0,0,32,32,32,32
gfx1201,c64-wave2.hsaco,mh_ffn_contract_fast_rne,False,399,406,7,2192,2216,27,27,17,17,4608,4608,0,0,32,32,32,32
gfx1201,c64-wave2.hsaco,mh_ffn_contract_fast_rtz,False,399,406,7,2192,2216,27,27,17,17,4608,4608,0,0,32,32,32,32
gfx1201,c64-wave2.hsaco,mh_ffn_expand_fast,False,461,465,4,2632,2644,29,29,16,16,4608,4608,0,0,32,32,32,32
gfx1201,c64-wave2.hsaco,mh_ffn_expand_fast_fp8,False,425,433,8,2456,2480,29,29,16,16,4608,4608,0,0,32,32,32,32
gfx1201,c64-wave2.hsaco,mh_ffn_fused_c128,False,840,893,53,6012,6212,101,103,12,12,8256,8256,0,0,32,32,28,28
gfx1201,c64-wave2.hsaco,mh_ffn_fused_c128_frag_project_g128_qkv,False,1475,1470,-5,9768,9740,99,100,16,16,10816,10816,0,0,32,32,64,64
gfx1201,c64-wave2.hsaco,mh_ffn_fused_c128_frag_project_mapped_g128_qkv,False,1650,1643,-7,10660,10664,98,99,25,25,10816,10816,0,0,32,32,64,64
gfx1201,c64-wave2.hsaco,mh_ffn_fused_c128_project,False,1026,1075,49,7160,7360,101,103,14,12,8256,8256,0,0,32,32,28,28
gfx1201,c64-wave2.hsaco,mh_ffn_fused_c128_project_g128,False,940,992,52,6436,6656,102,103,15,12,8256,8256,0,0,32,32,28,28
gfx1201,c64-wave2.hsaco,mh_ffn_fused_c128_project_g128_qkv,False,1424,1438,14,9352,9568,99,99,16,22,10816,10816,0,0,32,32,64,64
gfx1201,c64-wave2.hsaco,mh_ffn_fused_c128_project_g128_qkv_bn,False,1248,1301,53,8704,8784,126,126,16,16,19520,19520,0,0,32,32,64,64
gfx1201,c64-wave2.hsaco,mh_ffn_fused_c128_project_g128_qkv_bytein_fb,False,1362,1383,21,9016,9244,96,98,15,22,10816,10816,0,0,32,32,64,64
gfx1201,c64-wave2.hsaco,mh_ffn_fused_c128_project_g128_qkv_fb,False,1402,1420,18,9244,9448,99,100,16,22,10816,10816,0,0,32,32,64,64
gfx1201,c64-wave2.hsaco,mh_ffn_fused_c128_project_mapped,False,1538,1567,29,9724,9864,102,104,28,22,8256,8256,0,0,32,32,48,48
gfx1201,c64-wave2.hsaco,mh_ffn_fused_c128_project_mapped_g128,False,1441,1489,48,8992,9164,102,104,28,22,8256,8256,0,0,32,32,48,48
gfx1201,c64-wave2.hsaco,mh_ffn_fused_c128_project_mapped_g128_qkv,False,1573,1619,46,10224,10488,99,100,25,27,10816,10816,0,0,32,32,64,64
gfx1201,c64-wave2.hsaco,mh_ffn_fused_c128_project_mapped_g128_qkv_bn,False,1445,1466,21,9720,9700,126,126,25,25,19520,19520,0,0,32,32,64,64
gfx1201,c64-wave2.hsaco,mh_ffn_fused_c128_project_mapped_g128_qkv_bytein_fb,False,1534,1596,62,10320,10564,100,101,21,21,10816,10816,0,0,32,32,64,64
gfx1201,c64-wave2.hsaco,mh_ffn_fused_c128_project_mapped_g128_qkv_fb,False,1606,1661,55,10432,10724,99,100,26,28,10816,10816,0,0,32,32,64,64
gfx1201,c64-wave2.hsaco,mh_ffn_fused_c128_tiled,False,922,963,41,6212,6436,75,80,12,12,8256,8256,0,0,32,32,28,28
gfx1201,c64-wave2.hsaco,mh_ffn_fused_c128_tiled_project_g128_qkv,False,1617,1698,81,10752,11176,82,85,32,16,10816,10816,0,0,32,32,64,64
gfx1201,c64-wave2.hsaco,mh_ffn_fused_c128_tiled_project_mapped_g128_qkv,False,1776,1869,93,11620,12008,83,86,38,24,10816,10816,0,0,32,32,64,64
gfx1201,c64-wave2.hsaco,mh_ffn_fused_c256,False,1003,1067,64,6676,7208,73,87,11,11,16448,16448,0,0,32,32,28,28
gfx1201,c64-wave2.hsaco,mh_ffn_fused_c256_frag_project_g128_qkv,False,1778,1723,-55,12036,11636,97,95,15,15,21568,21568,0,0,32,32,64,64
gfx1201,c64-wave2.hsaco,mh_ffn_fused_c256_frag_project_g128_qkv_bytein_fb,False,1717,1670,-47,11760,11336,97,97,15,15,21568,21568,0,0,32,32,64,64
gfx1201,c64-wave2.hsaco,mh_ffn_fused_c256_frag_project_g128_qkv_fb,False,1750,1689,-61,11900,11508,97,95,15,15,21568,21568,0,0,32,32,64,64
gfx1201,c64-wave2.hsaco,mh_ffn_fused_c256_frag_project_mapped_g128_qkv,False,1915,1862,-53,12812,12432,97,95,23,23,21568,21568,0,0,32,32,64,64
gfx1201,c64-wave2.hsaco,mh_ffn_fused_c256_frag_project_mapped_g128_qkv_bytein_fb,False,1918,1871,-47,13128,12792,99,100,21,21,21568,21568,0,0,32,32,64,64
gfx1201,c64-wave2.hsaco,mh_ffn_fused_c256_frag_project_mapped_g128_qkv_fb,False,1952,1900,-52,13044,12672,97,95,24,24,21568,21568,0,0,32,32,64,64
gfx1201,c64-wave2.hsaco,mh_ffn_fused_c256_tiled,False,911,899,-12,6088,6060,74,71,11,11,16448,16448,0,0,32,32,28,28
gfx1201,c64-wave2.hsaco,mh_ffn_fused_c256_tiled_project,False,1102,1074,-28,7380,7280,74,71,13,13,16448,16448,0,0,32,32,28,28
gfx1201,c64-wave2.hsaco,mh_ffn_fused_c256_tiled_project_g128,False,1193,1172,-21,8120,8016,77,77,26,11,16448,16448,0,0,32,32,28,28
gfx1201,c64-wave2.hsaco,mh_ffn_fused_c256_tiled_project_g128_qkv,False,1802,1776,-26,12020,11980,81,84,30,15,21568,21568,0,0,32,32,64,64
gfx1201,c64-wave2.hsaco,mh_ffn_fused_c256_tiled_project_g128_qkv_bytein_fb,False,1743,1724,-19,11716,11616,80,83,30,15,21568,21568,0,0,32,32,64,64
gfx1201,c64-wave2.hsaco,mh_ffn_fused_c256_tiled_project_g128_qkv_fb,False,1786,1761,-25,11928,11892,81,84,30,15,21568,21568,0,0,32,32,64,64
gfx1201,c64-wave2.hsaco,mh_ffn_fused_c256_tiled_project_mapped,False,1585,1547,-38,9844,9704,74,71,26,20,16448,16448,0,0,32,32,48,48
gfx1201,c64-wave2.hsaco,mh_ffn_fused_c256_tiled_project_mapped_g128,False,1679,1655,-24,10576,10460,77,77,32,20,16448,16448,0,0,32,32,48,48
gfx1201,c64-wave2.hsaco,mh_ffn_fused_c256_tiled_project_mapped_g128_qkv,False,1950,1929,-21,12792,12760,81,84,37,23,21568,21568,0,0,32,32,64,64
gfx1201,c64-wave2.hsaco,mh_ffn_fused_c256_tiled_project_mapped_g128_qkv_bytein_fb,False,1915,1908,-7,12920,12892,81,84,30,21,21568,21568,0,0,32,32,64,64
gfx1201,c64-wave2.hsaco,mh_ffn_fused_c256_tiled_project_mapped_g128_qkv_fb,False,1988,1965,-23,13024,12988,81,84,38,24,21568,21568,0,0,32,32,64,64
gfx1201,c64-wave2.hsaco,mh_ffn_fused_c64,False,721,749,28,5084,5220,100,97,15,15,4160,4160,0,0,32,32,28,28
gfx1201,c64-wave2.hsaco,mh_ffn_fused_c64_frag_project_g128_qkv,False,1352,1359,7,8772,8840,96,97,16,16,5440,5440,0,0,32,32,64,64
gfx1201,c64-wave2.hsaco,mh_ffn_fused_c64_frag_project_mapped_g128_qkv,False,1469,1467,-2,9436,9456,97,97,25,25,5440,5440,0,0,32,32,64,64
gfx1201,c64-wave2.hsaco,mh_ffn_fused_c64_project,False,904,931,27,6268,6380,100,98,18,18,4160,4160,0,0,32,32,28,28
gfx1201,c64-wave2.hsaco,mh_ffn_fused_c64_project_g128,False,884,919,35,6072,6196,100,98,19,18,4160,4160,0,0,32,32,28,28
gfx1201,c64-wave2.hsaco,mh_ffn_fused_c64_project_g128_qkv,False,1283,1308,25,8364,8520,98,99,16,21,5440,5440,0,0,32,32,64,64
gfx1201,c64-wave2.hsaco,mh_ffn_fused_c64_project_g128_qkv_bn,False,1153,1181,28,7784,7872,98,99,16,21,9792,9792,0,0,32,32,64,64
gfx1201,c64-wave2.hsaco,mh_ffn_fused_c64_project_g128_qkv_bytein_fb,False,1237,1250,13,8064,8176,96,97,15,22,5440,5440,0,0,32,32,64,64
gfx1201,c64-wave2.hsaco,mh_ffn_fused_c64_project_g128_qkv_fb,False,1261,1287,26,8232,8392,98,99,16,21,5440,5440,0,0,32,32,64,64
gfx1201,c64-wave2.hsaco,mh_ffn_fused_c64_project_mapped,False,1380,1407,27,8608,8704,101,98,28,23,4160,4160,0,0,32,32,48,48
gfx1201,c64-wave2.hsaco,mh_ffn_fused_c64_project_mapped_g128,False,1354,1391,37,8404,8536,100,99,28,23,4160,4160,0,0,32,32,48,48
gfx1201,c64-wave2.hsaco,mh_ffn_fused_c64_project_mapped_g128_qkv,False,1393,1422,29,8964,9184,96,97,25,27,5440,5440,0,0,32,32,64,64
gfx1201,c64-wave2.hsaco,mh_ffn_fused_c64_project_mapped_g128_qkv_bn,False,1262,1294,32,8420,8508,98,99,25,26,9792,9792,0,0,32,32,64,64
gfx1201,c64-wave2.hsaco,mh_ffn_fused_c64_project_mapped_g128_qkv_bytein_fb,False,1304,1361,57,8712,8904,97,98,20,20,5440,5440,0,0,32,32,64,64
gfx1201,c64-wave2.hsaco,mh_ffn_fused_c64_project_mapped_g128_qkv_fb,False,1373,1395,22,8856,9040,96,97,25,27,5440,5440,0,0,32,32,64,64
gfx1201,c64-wave2.hsaco,mh_ffn_fused_c64_tiled,False,939,967,28,6252,6464,75,80,12,12,4160,4160,0,0,32,32,28,28
gfx1201,c64-wave2.hsaco,mh_ffn_fused_c64_tiled_project_g128_qkv,False,1565,1629,64,10280,10628,81,85,32,16,5440,5440,0,0,32,32,64,64
gfx1201,c64-wave2.hsaco,mh_ffn_fused_c64_tiled_project_mapped_g128_qkv,False,1660,1736,76,10780,11224,82,86,38,24,5440,5440,0,0,32,32,64,64
gfx1201,c64-wave2.hsaco,mh_ffn_project_fast,False,585,590,5,3212,3236,32,32,18,18,4608,4608,0,0,32,32,40,40
gfx1201,c64-wave2.hsaco,mh_ffn_project_fast_fp8,False,552,557,5,2980,3004,33,33,18,18,4608,4608,0,0,32,32,40,40
gfx1201,c64-wave2.hsaco,mh_pool_project_fused_c128,False,3445,7226,3781,17628,35872,152,145,22,21,0,0,144,0,32,32,44,44
gfx1201,c64-wave2.hsaco,mh_pool_project_fused_c256,False,3884,3877,-7,20332,20300,192,192,22,21,0,0,272,272,32,32,44,44
gfx1201,c64-wave2.hsaco,mh_pool_project_fused_c64,False,6334,4785,-1549,32732,24644,128,118,80,21,0,0,0,0,32,32,44,44
gfx1201,c64-wave2.hsaco,mh_pool_project_group_c128,False,2289,2283,-6,11568,11540,98,98,29,28,4352,4352,0,0,32,32,44,44
gfx1201,c64-wave2.hsaco,mh_pool_project_group_c256,False,2283,2279,-4,11540,11520,98,98,29,28,8448,8448,0,0,32,32,44,44
gfx1201,c64-wave2.hsaco,mh_pool_project_group_c64,False,2331,2376,45,11768,11944,100,102,29,28,2304,2304,0,0,32,32,44,44
gfx1201,c64-wave2.hsaco,mh_pool_project_production,False,1314,1338,24,6656,6752,48,48,21,21,0,0,0,0,32,32,44,44
gfx1201,c64-wave2.hsaco,mh_pool_project_production_h16w,False,1387,1413,26,7040,7160,62,62,20,20,0,0,0,0,32,32,44,44
gfx1201,c64-wave2.hsaco,mh_probabilities_fast,False,572,577,5,3284,3304,50,50,12,12,0,0,0,0,32,32,24,24
gfx1201,c64-wave2.hsaco,mh_qkv_fast,False,340,342,2,1796,1808,26,26,16,16,4608,4608,0,0,32,32,32,32
gfx1201,c64-wave2.hsaco,mh_qkv_normalize_fast,False,1115,1117,2,6532,6548,110,110,11,11,0,0,0,0,32,32,32,32
gfx1201,c64-wave2.hsaco,mh_qkv_normalize_fast_wave,False,395,396,1,2080,2084,9,9,11,11,0,0,0,0,32,32,32,32
gfx1201,c64-wave2.hsaco,mh_qkv_normalize_fast_wave_fp8,False,396,397,1,2072,2076,7,7,11,11,0,0,0,0,32,32,32,32
gfx1201,c64-wave2.hsaco,mh_qkv_normalize_frag_c512,False,1249,1259,10,7672,7784,90,122,18,18,4420,4420,0,0,32,32,28,28
gfx1201,c64-wave2.hsaco,mh_qkv_normalize_fused,False,2335,2354,19,13492,13584,45,45,18,18,21760,21760,0,0,32,32,32,32
gfx1201,c64-wave2.hsaco,mh_qkv_normalize_wave_c512,False,1146,1182,36,6876,6980,72,82,14,14,17680,17680,0,0,32,32,28,28
gfx1201,c64-wave2.hsaco,mh_scores_exp_fast,False,1108,1113,5,6156,6196,67,67,16,15,0,0,0,0,32,32,36,36
gfx1201,deep_fast-packed.hsaco,decoder_project2x,False,587,602,15,3168,3228,40,40,25,25,0,0,0,0,32,32,56,56
gfx1201,deep_fast-packed.hsaco,decoder_project2x_h16w,False,5940,5964,24,32664,32780,64,64,34,30,0,0,0,0,32,32,56,56
gfx1201,deep_fast-packed.hsaco,decoder_project2x_h16w_byteout,False,5978,6001,23,32788,32904,64,64,34,28,0,0,0,0,32,32,56,56
gfx1201,deep_fast-packed.hsaco,reuse_decide,False,396,398,2,2020,2028,14,14,17,17,0,0,0,0,32,32,60,60
gfx1201,deep_fast-packed.hsaco,reuse_finish,False,646,655,9,3864,3900,11,11,27,27,0,0,0,0,32,32,84,84
gfx1201,deep_fast-packed.hsaco,reuse_image_commit,False,161,168,7,968,996,5,5,8,8,0,0,0,0,32,32,28,28
gfx1201,deep_fast-packed.hsaco,reuse_image_stats,False,250,248,-2,1360,1348,14,13,22,22,0,0,0,0,32,32,48,48
gfx1201,deep_fast-packed.hsaco,reuse_token_stats,False,218,218,0,1180,1180,14,13,17,17,0,0,0,0,32,32,48,48
gfx1201,deep_fast-packed.hsaco,split_contract,False,198,193,-5,1156,1140,33,32,12,12,0,0,0,0,32,32,28,28
gfx1201,deep_fast-packed.hsaco,split_contract_fp8,False,202,203,1,1176,1196,31,30,12,12,0,0,0,0,32,32,28,28
gfx1201,deep_fast-packed.hsaco,split_expand,False,238,237,-1,1452,1464,33,32,12,12,0,0,0,0,32,32,28,28
gfx1201,deep_fast-packed.hsaco,split_expand_fp8,False,254,243,-11,1556,1528,33,32,12,12,0,0,0,0,32,32,28,28
gfx1201,deep_fast-packed.hsaco,split_ffn_fused,False,1078,510,-568,6560,2992,60,73,15,25,4160,4160,0,0,32,32,28,28
gfx1201,deep_fast-packed.hsaco,split_ffn_fused_fp8,False,855,498,-357,5580,3236,102,95,11,15,4160,4160,0,0,32,32,28,28
gfx1201,deep_fast-packed.hsaco,split_ffn_fused_fp8_mix,False,980,628,-352,6280,4004,103,93,13,14,6464,6464,0,0,32,32,28,28
gfx1201,deep_fast-packed.hsaco,split_ffn_fused_fp8_t8,False,919,568,-351,6140,3764,111,95,14,18,4160,4160,0,0,32,32,36,36
gfx1201,deep_fast-packed.hsaco,split_mix,False,200,200,0,1160,1160,35,35,11,11,0,0,0,0,32,32,28,28
gfx1201,deep_fast-packed.hsaco,split_mix_blocked,False,514,278,-236,3084,1672,80,80,11,12,0,0,0,0,32,32,28,28
gfx1201,deep_fast-packed.hsaco,split_mix_blocked_h16w,False,497,263,-234,3032,1628,91,90,11,12,0,0,0,0,32,32,28,28
gfx1201,deep_fast-packed.hsaco,split_projection,False,245,240,-5,1500,1488,32,32,12,12,0,0,0,0,32,32,36,36
gfx1201,deep_fast-packed.hsaco,split_projection_blocked,False,667,445,-222,4048,2744,68,70,12,14,0,0,0,0,32,32,36,36
gfx1201,deep_fast-packed.hsaco,split_projection_blocked_t8,False,878,527,-351,5528,3340,74,91,16,17,0,0,0,0,32,32,44,44
gfx1201,deep_fast-packed.hsaco,split_projection_frag,False,859,529,-330,5348,3504,83,110,17,18,0,0,0,0,32,32,44,44
gfx1201,deep_fast-packed.hsaco,vit_attention_av_fast,False,486,485,-1,3092,3064,48,48,17,17,0,0,0,0,32,32,48,48
gfx1201,deep_fast-packed.hsaco,vit_attention_fused_256,False,1197,1238,41,7588,7912,91,91,16,16,1536,1536,0,0,32,32,32,32
gfx1201,deep_fast-packed.hsaco,vit_attention_fused_256_bytein,False,938,969,31,5568,5776,75,75,17,17,1536,1536,0,0,32,32,32,32
gfx1201,deep_fast-packed.hsaco,vit_attention_fused_256_bytein_bout,False,958,984,26,5732,5888,75,75,17,17,1536,1536,0,0,32,32,32,32
gfx1201,deep_fast-packed.hsaco,vit_attention_fused_400,False,1197,1238,41,7588,7912,91,91,16,16,1536,1536,0,0,32,32,32,32
gfx1201,deep_fast-packed.hsaco,vit_attention_fused_400_bytein,False,938,969,31,5568,5776,75,75,17,17,1536,1536,0,0,32,32,32,32
gfx1201,deep_fast-packed.hsaco,vit_attention_fused_400_bytein_bout,False,942,961,19,5600,5728,72,72,16,16,0,0,0,0,32,32,32,32
gfx1201,deep_fast-packed.hsaco,vit_attention_fused_640,False,1197,1238,41,7588,7912,91,91,16,16,1536,1536,0,0,32,32,32,32
gfx1201,deep_fast-packed.hsaco,vit_attention_fused_640_bytein,False,938,969,31,5568,5776,75,75,17,17,1536,1536,0,0,32,32,32,32
gfx1201,deep_fast-packed.hsaco,vit_attention_fused_640_bytein_bout,False,942,961,19,5600,5728,72,72,16,16,0,0,0,0,32,32,32,32
gfx1201,deep_fast-packed.hsaco,vit_attention_inverse_fast,False,265,266,1,1584,1588,34,34,10,10,0,0,0,0,32,32,32,32
gfx1201,deep_fast-packed.hsaco,vit_attention_scores_fast,False,771,772,1,4552,4556,66,66,13,13,0,0,0,0,32,32,32,32
gfx1201,deep_fast-packed.hsaco,vit_contract_blocked_fp8,False,1830,1493,-337,12132,10144,235,237,26,26,0,0,0,0,32,32,56,56
gfx1201,deep_fast-packed.hsaco,vit_contract_blocked_fp8_bstream,False,1872,1522,-350,12488,10252,234,237,26,26,0,0,0,0,32,32,56,56
gfx1201,deep_fast-packed.hsaco,vit_contract_blocked_fp8_frag,False,1077,832,-245,7160,5732,205,207,12,14,0,0,0,0,32,32,56,56
gfx1201,deep_fast-packed.hsaco,vit_contract_blocked_fp8_hstream,False,1862,1520,-342,12272,10192,235,237,26,26,0,0,0,0,32,32,56,56
gfx1201,deep_fast-packed.hsaco,vit_contract_blocked_fp8_tiled,False,743,522,-221,4632,3288,104,109,21,16,0,0,0,0,32,32,56,56
gfx1201,deep_fast-packed.hsaco,vit_contract_blocked_fp8_tiled_bstream,False,822,536,-286,5052,3356,103,109,21,16,0,0,0,0,32,32,56,56
gfx1201,deep_fast-packed.hsaco,vit_contract_blocked_fp8_tiled_hstream,False,789,536,-253,4760,3308,103,109,21,16,0,0,0,0,32,32,56,56
gfx1201,deep_fast-packed.hsaco,vit_contract_combine,False,96,97,1,556,560,14,14,11,11,0,0,0,0,32,32,48,48
gfx1201,deep_fast-packed.hsaco,vit_contract_parts_blocked_fp8,False,312,198,-114,2032,1352,53,48,14,14,0,0,0,0,32,32,40,40
gfx1201,deep_fast-packed.hsaco,vit_contract_parts_blocked_fp8_tiled,False,406,281,-125,2720,1968,71,70,16,14,0,0,0,0,32,32,40,40
gfx1201,deep_fast-packed.hsaco,vit_contract_parts_fp8,False,157,159,2,864,876,23,23,14,14,0,0,0,0,32,32,40,40
gfx1201,deep_fast-packed.hsaco,vit_expand,False,356,355,-1,2200,2200,32,32,14,14,0,0,0,0,32,32,48,48
gfx1201,deep_fast-packed.hsaco,vit_expand_blocked_fp8,False,810,411,-399,5244,2628,69,84,14,16,0,0,0,0,32,32,48,48
gfx1201,deep_fast-packed.hsaco,vit_expand_blocked_fp8_bytein,False,723,315,-408,4592,1944,55,84,14,16,0,0,0,0,32,32,48,48
gfx1201,deep_fast-packed.hsaco,vit_expand_blocked_fp8_frag_bytein,False,1329,644,-685,8804,4216,77,92,23,23,0,0,0,0,32,32,48,48
gfx1201,deep_fast-packed.hsaco,vit_expand_blocked_fp8_frag_bytein_m2,False,1335,1333,-2,8696,8696,86,84,22,23,0,0,0,0,32,32,48,48
gfx1201,deep_fast-packed.hsaco,vit_expand_blocked_fp8_frag_bytein_m4,False,2595,2606,11,17012,17032,154,154,27,27,0,0,0,0,32,32,48,48
gfx1201,deep_fast-packed.hsaco,vit_expand_blocked_fp8_frag_tiledin,False,711,336,-375,4572,2092,46,84,23,23,0,0,0,0,32,32,48,48
gfx1201,deep_fast-packed.hsaco,vit_expand_blocked_fp8_tiled,False,883,480,-403,5804,3216,95,95,20,19,0,0,0,0,32,32,48,48
gfx1201,deep_fast-packed.hsaco,vit_expand_blocked_fp8_tiled_bytein,False,782,409,-373,5132,2644,73,84,18,18,0,0,0,0,32,32,48,48
gfx1201,deep_fast-packed.hsaco,vit_expand_blocked_fp8_tiled_bytein_m4,False,2668,2669,1,17556,17544,153,153,25,24,0,0,0,0,32,32,48,48
gfx1201,deep_fast-packed.hsaco,vit_expand_fp8,False,351,350,-1,2156,2156,32,32,14,14,0,0,0,0,32,32,48,48
gfx1201,deep_fast-packed.hsaco,vit_ffn_fused,False,1493,975,-518,9660,6552,151,189,14,15,16640,16640,0,0,32,32,56,56
gfx1201,deep_fast-packed.hsaco,vit_pack_input,False,57,57,0,340,340,7,7,7,7,0,0,0,0,32,32,32,32
gfx1201,deep_fast-packed.hsaco,vit_pack_input_tiled,False,57,57,0,352,352,10,10,7,7,0,0,0,0,32,32,32,32
gfx1201,deep_fast-packed.hsaco,vit_project,False,1285,1284,-1,8192,8216,77,77,20,20,0,0,0,0,32,32,56,56
gfx1201,deep_fast-packed.hsaco,vit_project_bytein_bout,False,586,597,11,4088,4136,98,98,14,14,0,0,0,0,32,32,56,56
gfx1201,deep_fast-packed.hsaco,vit_project_bytein_bout_hskip,False,593,605,12,4128,4180,99,99,14,14,0,0,0,0,32,32,56,56
gfx1201,deep_fast-packed.hsaco,vit_project_fp8,False,1310,1248,-62,8336,7992,90,90,20,19,0,0,0,0,32,32,56,56
gfx1201,deep_fast-packed.hsaco,vit_project_frag,False,1850,1863,13,11692,11772,79,79,34,34,0,0,0,0,32,32,56,56
gfx1201,deep_fast-packed.hsaco,vit_qkv_normalize,False,478,476,-2,2724,2716,31,31,18,18,0,0,0,0,32,32,40,40
gfx1201,deep_fast-packed.hsaco,vit_qkv_project,False,215,221,6,1204,1228,32,32,14,14,0,0,0,0,32,32,40,40
gfx1201,deep_fast-packed.hsaco,vit_qkv_project_blocked,False,266,223,-43,1604,1368,48,48,13,13,0,0,0,0,32,32,40,40
gfx1201,deep_fast-packed.hsaco,vit_qkv_project_normalize_fused,False,848,942,94,4768,5240,51,50,22,18,2112,2112,0,0,32,32,40,40
gfx1201,deep_fast-packed.hsaco,vit_qkv_project_normalize_fused_f16compact,False,853,947,94,4868,5312,60,58,22,22,2112,2112,0,0,32,32,40,40
gfx1201,deep_fast-packed.hsaco,vit_qkv_project_normalize_fused_f16compact_fp8,False,777,759,-18,4516,4304,60,58,22,22,2112,2112,0,0,32,32,40,40
gfx1201,deep_fast-packed.hsaco,vit_qkv_project_normalize_fused_f16compact_fp8_bytein,False,776,810,34,4488,4632,58,91,22,22,2112,2112,0,0,32,32,40,40
gfx1201,deep_fast-packed.hsaco,vit_qkv_project_normalize_fused_f16compact_fp8_frag,False,766,757,-9,4440,4292,59,58,22,22,2112,2112,0,0,32,32,40,40
gfx1201,deep_fast-packed.hsaco,vit_qkv_project_normalize_fused_f16compact_fp8_h16in,False,1164,1190,26,7860,7860,96,95,22,22,2112,2112,0,0,32,32,40,40
gfx1201,deep_fast-packed.hsaco,vit_qkv_project_normalize_fused_f16compact_fp8_h16in_n4,False,1392,1395,3,8424,8172,192,192,22,22,4160,4160,0,0,32,32,40,40
gfx1201,deep_fast-packed.hsaco,vit_qkv_project_normalize_fused_f16weight,False,854,949,95,4876,5324,60,58,22,22,2112,2112,0,0,32,32,40,40
gfx1201,deep_fast.hsaco,decoder_project2x,False,587,602,15,3168,3228,40,40,25,25,0,0,0,0,32,32,56,56
gfx1201,deep_fast.hsaco,decoder_project2x_h16w,False,5940,5964,24,32664,32780,64,64,34,30,0,0,0,0,32,32,56,56
gfx1201,deep_fast.hsaco,decoder_project2x_h16w_byteout,False,5978,6001,23,32788,32904,64,64,34,28,0,0,0,0,32,32,56,56
gfx1201,deep_fast.hsaco,reuse_decide,False,396,398,2,2020,2028,14,14,17,17,0,0,0,0,32,32,60,60
gfx1201,deep_fast.hsaco,reuse_finish,False,646,655,9,3864,3900,11,11,27,27,0,0,0,0,32,32,84,84
gfx1201,deep_fast.hsaco,reuse_image_commit,False,161,168,7,968,996,5,5,8,8,0,0,0,0,32,32,28,28
gfx1201,deep_fast.hsaco,reuse_image_stats,False,250,248,-2,1360,1348,14,13,22,22,0,0,0,0,32,32,48,48
gfx1201,deep_fast.hsaco,reuse_token_stats,False,218,218,0,1180,1180,14,13,17,17,0,0,0,0,32,32,48,48
gfx1201,deep_fast.hsaco,split_contract,False,198,193,-5,1156,1140,33,32,12,12,0,0,0,0,32,32,28,28
gfx1201,deep_fast.hsaco,split_contract_fp8,False,202,203,1,1176,1196,31,30,12,12,0,0,0,0,32,32,28,28
gfx1201,deep_fast.hsaco,split_expand,False,238,237,-1,1452,1464,33,32,12,12,0,0,0,0,32,32,28,28
gfx1201,deep_fast.hsaco,split_expand_fp8,False,254,243,-11,1556,1528,33,32,12,12,0,0,0,0,32,32,28,28
gfx1201,deep_fast.hsaco,split_ffn_fused,False,1078,510,-568,6560,2992,60,73,15,25,4160,4160,0,0,32,32,28,28
gfx1201,deep_fast.hsaco,split_ffn_fused_fp8,False,855,498,-357,5580,3236,102,95,11,15,4160,4160,0,0,32,32,28,28
gfx1201,deep_fast.hsaco,split_ffn_fused_fp8_mix,False,980,628,-352,6280,4004,103,93,13,14,6464,6464,0,0,32,32,28,28
gfx1201,deep_fast.hsaco,split_ffn_fused_fp8_t8,False,919,568,-351,6140,3764,111,95,14,18,4160,4160,0,0,32,32,36,36
gfx1201,deep_fast.hsaco,split_mix,False,200,200,0,1160,1160,35,35,11,11,0,0,0,0,32,32,28,28
gfx1201,deep_fast.hsaco,split_mix_blocked,False,514,278,-236,3084,1672,80,80,11,12,0,0,0,0,32,32,28,28
gfx1201,deep_fast.hsaco,split_mix_blocked_h16w,False,497,263,-234,3032,1628,91,90,11,12,0,0,0,0,32,32,28,28
gfx1201,deep_fast.hsaco,split_projection,False,291,289,-2,1884,1880,48,48,12,12,0,0,0,0,32,32,36,36
gfx1201,deep_fast.hsaco,split_projection_blocked,False,798,572,-226,5104,3800,93,95,12,12,0,0,0,0,32,32,36,36
gfx1201,deep_fast.hsaco,split_projection_blocked_t8,False,1011,654,-357,6628,4388,98,95,16,16,0,0,0,0,32,32,44,44
gfx1201,deep_fast.hsaco,split_projection_frag,False,859,529,-330,5348,3504,83,110,17,18,0,0,0,0,32,32,44,44
gfx1201,deep_fast.hsaco,vit_attention_av_fast,False,486,485,-1,3092,3064,48,48,17,17,0,0,0,0,32,32,48,48
gfx1201,deep_fast.hsaco,vit_attention_fused_256,False,1197,1238,41,7588,7912,91,91,16,16,1536,1536,0,0,32,32,32,32
gfx1201,deep_fast.hsaco,vit_attention_fused_256_bytein,False,938,969,31,5568,5776,75,75,17,17,1536,1536,0,0,32,32,32,32
gfx1201,deep_fast.hsaco,vit_attention_fused_256_bytein_bout,False,958,984,26,5732,5888,75,75,17,17,1536,1536,0,0,32,32,32,32
gfx1201,deep_fast.hsaco,vit_attention_fused_400,False,1197,1238,41,7588,7912,91,91,16,16,1536,1536,0,0,32,32,32,32
gfx1201,deep_fast.hsaco,vit_attention_fused_400_bytein,False,938,969,31,5568,5776,75,75,17,17,1536,1536,0,0,32,32,32,32
gfx1201,deep_fast.hsaco,vit_attention_fused_400_bytein_bout,False,958,984,26,5732,5888,75,75,17,17,1536,1536,0,0,32,32,32,32
gfx1201,deep_fast.hsaco,vit_attention_fused_640,False,1197,1238,41,7588,7912,91,91,16,16,1536,1536,0,0,32,32,32,32
gfx1201,deep_fast.hsaco,vit_attention_fused_640_bytein,False,938,969,31,5568,5776,75,75,17,17,1536,1536,0,0,32,32,32,32
gfx1201,deep_fast.hsaco,vit_attention_fused_640_bytein_bout,False,958,984,26,5732,5888,75,75,17,17,1536,1536,0,0,32,32,32,32
gfx1201,deep_fast.hsaco,vit_attention_inverse_fast,False,265,266,1,1584,1588,34,34,10,10,0,0,0,0,32,32,32,32
gfx1201,deep_fast.hsaco,vit_attention_scores_fast,False,771,772,1,4552,4556,66,66,13,13,0,0,0,0,32,32,32,32
gfx1201,deep_fast.hsaco,vit_contract_blocked_fp8,False,1830,1493,-337,12132,10144,235,237,26,26,0,0,0,0,32,32,56,56
gfx1201,deep_fast.hsaco,vit_contract_blocked_fp8_bstream,False,1872,1522,-350,12488,10252,234,237,26,26,0,0,0,0,32,32,56,56
gfx1201,deep_fast.hsaco,vit_contract_blocked_fp8_frag,False,1077,832,-245,7160,5732,205,207,12,14,0,0,0,0,32,32,56,56
gfx1201,deep_fast.hsaco,vit_contract_blocked_fp8_hstream,False,1862,1520,-342,12272,10192,235,237,26,26,0,0,0,0,32,32,56,56
gfx1201,deep_fast.hsaco,vit_contract_blocked_fp8_tiled,False,743,522,-221,4632,3288,104,109,21,16,0,0,0,0,32,32,56,56
gfx1201,deep_fast.hsaco,vit_contract_blocked_fp8_tiled_bstream,False,822,536,-286,5052,3356,103,109,21,16,0,0,0,0,32,32,56,56
gfx1201,deep_fast.hsaco,vit_contract_blocked_fp8_tiled_hstream,False,789,536,-253,4760,3308,103,109,21,16,0,0,0,0,32,32,56,56
gfx1201,deep_fast.hsaco,vit_contract_combine,False,96,97,1,556,560,14,14,11,11,0,0,0,0,32,32,48,48
gfx1201,deep_fast.hsaco,vit_contract_parts_blocked_fp8,False,312,198,-114,2032,1352,53,48,14,14,0,0,0,0,32,32,40,40
gfx1201,deep_fast.hsaco,vit_contract_parts_blocked_fp8_tiled,False,406,281,-125,2720,1968,71,70,16,14,0,0,0,0,32,32,40,40
gfx1201,deep_fast.hsaco,vit_contract_parts_fp8,False,207,212,5,1240,1260,32,32,15,15,0,0,0,0,32,32,40,40
gfx1201,deep_fast.hsaco,vit_expand,False,432,435,3,2812,2808,48,49,14,14,0,0,0,0,32,32,48,48
gfx1201,deep_fast.hsaco,vit_expand_blocked_fp8,False,810,411,-399,5244,2628,69,84,14,16,0,0,0,0,32,32,48,48
gfx1201,deep_fast.hsaco,vit_expand_blocked_fp8_bytein,False,723,315,-408,4592,1944,55,84,14,16,0,0,0,0,32,32,48,48
gfx1201,deep_fast.hsaco,vit_expand_blocked_fp8_frag_bytein,False,1329,644,-685,8804,4216,77,92,23,23,0,0,0,0,32,32,48,48
gfx1201,deep_fast.hsaco,vit_expand_blocked_fp8_frag_bytein_m2,False,1335,1333,-2,8696,8696,86,84,22,23,0,0,0,0,32,32,48,48
gfx1201,deep_fast.hsaco,vit_expand_blocked_fp8_frag_bytein_m4,False,2595,2606,11,17012,17032,154,154,27,27,0,0,0,0,32,32,48,48
gfx1201,deep_fast.hsaco,vit_expand_blocked_fp8_frag_tiledin,False,711,336,-375,4572,2092,46,84,23,23,0,0,0,0,32,32,48,48
gfx1201,deep_fast.hsaco,vit_expand_blocked_fp8_tiled,False,883,480,-403,5804,3216,95,95,20,19,0,0,0,0,32,32,48,48
gfx1201,deep_fast.hsaco,vit_expand_blocked_fp8_tiled_bytein,False,782,409,-373,5132,2644,73,84,18,18,0,0,0,0,32,32,48,48
gfx1201,deep_fast.hsaco,vit_expand_blocked_fp8_tiled_bytein_m4,False,2668,2669,1,17556,17544,153,153,25,24,0,0,0,0,32,32,48,48
gfx1201,deep_fast.hsaco,vit_expand_fp8,False,427,430,3,2768,2764,48,49,14,14,0,0,0,0,32,32,48,48
gfx1201,deep_fast.hsaco,vit_ffn_fused,False,1493,975,-518,9660,6552,151,189,14,15,16640,16640,0,0,32,32,56,56
gfx1201,deep_fast.hsaco,vit_pack_input,False,57,57,0,340,340,7,7,7,7,0,0,0,0,32,32,32,32
gfx1201,deep_fast.hsaco,vit_pack_input_tiled,False,57,57,0,352,352,10,10,7,7,0,0,0,0,32,32,32,32
gfx1201,deep_fast.hsaco,vit_project,False,1443,1437,-6,9372,9360,90,90,32,32,0,0,0,0,32,32,56,56
gfx1201,deep_fast.hsaco,vit_project_bytein_bout,False,644,643,-1,4024,4036,55,55,14,14,0,0,0,0,32,32,56,56
gfx1201,deep_fast.hsaco,vit_project_bytein_bout_hskip,False,650,649,-1,4056,4068,55,55,14,14,0,0,0,0,32,32,56,56
gfx1201,deep_fast.hsaco,vit_project_fp8,False,1274,1273,-1,8140,8136,77,77,19,19,0,0,0,0,32,32,56,56
gfx1201,deep_fast.hsaco,vit_project_frag,False,1850,1863,13,11692,11772,79,79,34,34,0,0,0,0,32,32,56,56
gfx1201,deep_fast.hsaco,vit_qkv_normalize,False,478,476,-2,2724,2716,31,31,18,18,0,0,0,0,32,32,40,40
gfx1201,deep_fast.hsaco,vit_qkv_project,False,215,221,6,1204,1228,32,32,14,14,0,0,0,0,32,32,40,40
gfx1201,deep_fast.hsaco,vit_qkv_project_blocked,False,266,223,-43,1604,1368,48,48,13,13,0,0,0,0,32,32,40,40
gfx1201,deep_fast.hsaco,vit_qkv_project_normalize_fused,False,848,942,94,4768,5240,51,50,22,18,2112,2112,0,0,32,32,40,40
gfx1201,deep_fast.hsaco,vit_qkv_project_normalize_fused_f16compact,False,853,947,94,4868,5312,60,58,22,22,2112,2112,0,0,32,32,40,40
gfx1201,deep_fast.hsaco,vit_qkv_project_normalize_fused_f16compact_fp8,False,777,759,-18,4516,4304,60,58,22,22,2112,2112,0,0,32,32,40,40
gfx1201,deep_fast.hsaco,vit_qkv_project_normalize_fused_f16compact_fp8_bytein,False,776,810,34,4488,4632,58,91,22,22,2112,2112,0,0,32,32,40,40
gfx1201,deep_fast.hsaco,vit_qkv_project_normalize_fused_f16compact_fp8_frag,False,766,757,-9,4440,4292,59,58,22,22,2112,2112,0,0,32,32,40,40
gfx1201,deep_fast.hsaco,vit_qkv_project_normalize_fused_f16compact_fp8_h16in,False,1164,1190,26,7860,7860,96,95,22,22,2112,2112,0,0,32,32,40,40
gfx1201,deep_fast.hsaco,vit_qkv_project_normalize_fused_f16compact_fp8_h16in_n4,False,1392,1395,3,8424,8172,192,192,22,22,4160,4160,0,0,32,32,40,40
gfx1201,deep_fast.hsaco,vit_qkv_project_normalize_fused_f16weight,False,854,949,95,4876,5324,60,58,22,22,2112,2112,0,0,32,32,40,40
gfx1201,deep_reference.hsaco,decoder_project2x,False,1315,1334,19,7484,7560,15,15,20,20,0,0,0,0,32,32,56,56
gfx1201,deep_reference.hsaco,split_contract,False,202,209,7,1176,1204,70,70,10,10,0,0,0,0,32,32,28,28
gfx1201,deep_reference.hsaco,split_expand,False,224,274,50,1236,1644,70,99,10,10,0,0,0,0,32,32,28,28
gfx1201,deep_reference.hsaco,split_mix,False,196,202,6,1140,1160,71,71,10,10,0,0,0,0,32,32,28,28
gfx1201,deep_reference.hsaco,split_projection,False,205,211,6,1212,1240,71,71,10,10,0,0,0,0,32,32,36,36
gfx1201,deep_reference.hsaco,vit_attention_av,False,261,261,0,1440,1440,16,16,19,19,0,0,0,0,32,32,36,36
gfx1201,deep_reference.hsaco,vit_attention_av_fast,False,176,176,0,968,968,11,11,17,17,0,0,0,0,32,32,36,36
gfx1201,deep_reference.hsaco,vit_attention_inverse,False,419,432,13,2256,2308,51,51,14,14,0,0,0,0,32,32,20,20
gfx1201,deep_reference.hsaco,vit_attention_inverse_fast,False,57,58,1,304,308,7,7,7,7,0,0,0,0,32,32,20,20
gfx1201,deep_reference.hsaco,vit_attention_scores,False,309,311,2,1684,1692,66,66,9,9,0,0,0,0,32,32,20,20
gfx1201,deep_reference.hsaco,vit_attention_scores_fast,False,303,305,2,1660,1668,66,66,9,9,0,0,0,0,32,32,20,20
gfx1201,deep_reference.hsaco,vit_expand,False,748,765,17,4312,4380,11,11,13,13,0,0,0,0,32,32,36,36
gfx1201,deep_reference.hsaco,vit_gather,False,29,30,1,180,184,6,6,10,10,0,0,0,0,32,32,28,28
gfx1201,deep_reference.hsaco,vit_project,False,750,767,17,4448,4516,17,17,13,13,0,0,0,0,32,32,44,44
gfx1201,deep_reference.hsaco,vit_qkv_normalize,False,2495,2482,-13,13944,13796,57,68,23,22,0,0,144,0,32,32,28,28
gfx1201,deep_reference.hsaco,vit_qkv_project,False,223,230,7,1212,1240,76,76,12,12,0,0,0,0,32,32,28,28
gfx1201,deep_wmma.hsaco,decoder_project2x,False,5671,5702,31,30744,30868,56,56,25,25,0,0,0,0,32,32,56,56
gfx1201,deep_wmma.hsaco,split_contract,False,635,632,-3,3556,3540,53,52,13,13,0,0,0,0,32,32,28,28
gfx1201,deep_wmma.hsaco,split_expand,False,767,763,-4,4232,4204,50,49,14,12,0,0,0,0,32,32,28,28
gfx1201,deep_wmma.hsaco,split_mix,False,624,623,-1,3472,3472,50,50,11,11,0,0,0,0,32,32,28,28
gfx1201,deep_wmma.hsaco,split_projection,False,660,662,2,3684,3696,50,50,12,12,0,0,0,0,32,32,36,36
gfx1201,deep_wmma.hsaco,vit_expand,False,1142,1174,32,6360,6488,49,49,16,16,0,0,0,0,32,32,36,36
gfx1201,deep_wmma.hsaco,vit_project,False,2478,2602,124,14048,14548,73,73,18,18,0,0,0,0,32,32,44,44
gfx1201,deep_wmma.hsaco,vit_qkv_project,False,420,424,4,2368,2388,62,62,14,14,0,0,0,0,32,32,28,28
gfx1201,multihead-fast-packed.hsaco,mh_attention_av_fast,False,564,550,-14,3072,2976,52,52,22,20,0,0,0,0,32,32,36,36
gfx1201,multihead-fast-packed.hsaco,mh_attention_project_fast_matrix,False,2596,2609,13,13924,13980,95,95,52,52,4096,4096,0,0,32,32,44,44
gfx1201,multihead-fast-packed.hsaco,mh_attention_project_fast_scalar,False,1784,1799,15,8776,8836,32,32,21,21,4096,4096,0,0,32,32,44,44
gfx1201,multihead-fast-packed.hsaco,mh_ffn_contract_fast,False,482,495,13,2548,2596,27,27,17,17,4096,4096,0,0,32,32,32,32
gfx1201,multihead-fast-packed.hsaco,mh_ffn_contract_fast_pre,False,289,303,14,1528,1580,27,27,17,17,4096,4096,0,0,32,32,32,32
gfx1201,multihead-fast-packed.hsaco,mh_ffn_contract_fast_rne,False,482,495,13,2548,2596,27,27,17,17,4096,4096,0,0,32,32,32,32
gfx1201,multihead-fast-packed.hsaco,mh_ffn_contract_fast_rtz,False,482,495,13,2548,2596,27,27,17,17,4096,4096,0,0,32,32,32,32
gfx1201,multihead-fast-packed.hsaco,mh_ffn_expand_fast,False,545,560,15,3036,3092,29,29,16,16,4096,4096,0,0,32,32,32,32
gfx1201,multihead-fast-packed.hsaco,mh_ffn_project_fast,False,663,675,12,3568,3624,32,32,18,18,4096,4096,0,0,32,32,40,40
gfx1201,multihead-fast-packed.hsaco,mh_pool_project_production,False,1410,1434,24,7136,7232,48,48,21,21,0,0,0,0,32,32,44,44
gfx1201,multihead-fast-packed.hsaco,mh_probabilities_fast,False,678,692,14,3716,3772,50,50,12,12,0,0,0,0,32,32,24,24
gfx1201,multihead-fast-packed.hsaco,mh_qkv_fast,False,334,340,6,1760,1780,26,26,16,16,4096,4096,0,0,32,32,32,32
gfx1201,multihead-fast-packed.hsaco,mh_qkv_normalize_fast,False,3520,3556,36,20560,20700,148,148,11,11,0,0,0,0,32,32,32,32
gfx1201,multihead-fast-packed.hsaco,mh_scores_exp_fast,False,1108,1113,5,6156,6196,67,67,16,15,0,0,0,0,32,32,36,36
gfx1201,multihead-fast-padded-wave-packed.hsaco,mh_attention_av_fast,False,444,435,-9,2472,2412,52,52,22,20,0,0,0,0,32,32,36,36
gfx1201,multihead-fast-padded-wave-packed.hsaco,mh_attention_crop,False,2625,2660,35,13160,13304,33,33,36,36,4608,4608,0,0,32,32,64,64
gfx1201,multihead-fast-padded-wave-packed.hsaco,mh_attention_project_fast_matrix,False,2102,2132,30,10684,10796,34,34,28,28,4608,4608,0,0,32,32,44,44
gfx1201,multihead-fast-padded-wave-packed.hsaco,mh_attention_project_fast_matrix_fp8,False,2068,2098,30,10448,10560,34,34,28,28,4608,4608,0,0,32,32,44,44
gfx1201,multihead-fast-padded-wave-packed.hsaco,mh_attention_project_fast_scalar,False,1412,1429,17,6984,7044,32,32,21,21,4608,4608,0,0,32,32,44,44
gfx1201,multihead-fast-padded-wave-packed.hsaco,mh_attention_project_fast_scalar_fp8,False,1378,1395,17,6748,6808,33,33,21,21,4608,4608,0,0,32,32,44,44
gfx1201,multihead-fast-padded-wave-packed.hsaco,mh_attention_project_frag_c512,False,1283,643,-640,6812,3364,80,79,28,30,0,0,0,0,32,32,60,60
gfx1201,multihead-fast-padded-wave-packed.hsaco,mh_ffn_contract_fast,False,399,406,7,2192,2216,27,27,17,17,4608,4608,0,0,32,32,32,32
gfx1201,multihead-fast-padded-wave-packed.hsaco,mh_ffn_contract_fast_fp8,False,383,389,6,2084,2104,28,28,17,17,4608,4608,0,0,32,32,32,32
gfx1201,multihead-fast-padded-wave-packed.hsaco,mh_ffn_contract_fast_fp8_out,False,349,354,5,1900,1916,28,28,17,17,4608,4608,0,0,32,32,32,32
gfx1201,multihead-fast-padded-wave-packed.hsaco,mh_ffn_contract_fast_pre,False,296,310,14,1564,1616,27,27,17,17,4608,4608,0,0,32,32,32,32
gfx1201,multihead-fast-padded-wave-packed.hsaco,mh_ffn_contract_fast_rne,False,399,406,7,2192,2216,27,27,17,17,4608,4608,0,0,32,32,32,32
gfx1201,multihead-fast-padded-wave-packed.hsaco,mh_ffn_contract_fast_rtz,False,399,406,7,2192,2216,27,27,17,17,4608,4608,0,0,32,32,32,32
gfx1201,multihead-fast-padded-wave-packed.hsaco,mh_ffn_expand_fast,False,461,465,4,2632,2644,29,29,16,16,4608,4608,0,0,32,32,32,32
gfx1201,multihead-fast-padded-wave-packed.hsaco,mh_ffn_expand_fast_fp8,False,425,433,8,2456,2480,29,29,16,16,4608,4608,0,0,32,32,32,32
gfx1201,multihead-fast-padded-wave-packed.hsaco,mh_ffn_fused_c128,False,840,893,53,6012,6212,101,103,12,12,8256,8256,0,0,32,32,28,28
gfx1201,multihead-fast-padded-wave-packed.hsaco,mh_ffn_fused_c128_frag_project_g128_qkv,False,1510,1506,-4,9976,9972,100,101,16,16,15168,15168,0,0,32,32,64,64
gfx1201,multihead-fast-padded-wave-packed.hsaco,mh_ffn_fused_c128_frag_project_mapped_g128_qkv,False,1669,1695,26,10868,10980,99,100,25,25,15168,15168,0,0,32,32,64,64
gfx1201,multihead-fast-padded-wave-packed.hsaco,mh_ffn_fused_c128_project,False,1026,1075,49,7160,7360,101,103,14,12,8256,8256,0,0,32,32,28,28
gfx1201,multihead-fast-padded-wave-packed.hsaco,mh_ffn_fused_c128_project_g128,False,940,992,52,6436,6656,102,103,15,12,8256,8256,0,0,32,32,28,28
gfx1201,multihead-fast-padded-wave-packed.hsaco,mh_ffn_fused_c128_project_g128_qkv,False,1439,1460,21,9540,9728,99,100,16,22,15168,15168,0,0,32,32,64,64
gfx1201,multihead-fast-padded-wave-packed.hsaco,mh_ffn_fused_c128_project_g128_qkv_bn,False,1283,1317,34,8924,8956,142,143,16,16,23872,23872,0,0,32,32,64,64
gfx1201,multihead-fast-padded-wave-packed.hsaco,mh_ffn_fused_c128_project_g128_qkv_bytein_fb,False,1397,1423,26,9356,9504,97,100,15,22,15168,15168,0,0,32,32,64,64
gfx1201,multihead-fast-padded-wave-packed.hsaco,mh_ffn_fused_c128_project_g128_qkv_bytein_fb_pdl,False,1521,1554,33,9928,10132,97,100,17,22,15168,15168,0,0,32,32,100,100
gfx1201,multihead-fast-padded-wave-packed.hsaco,mh_ffn_fused_c128_project_g128_qkv_fb,False,1430,1453,23,9508,9732,99,99,16,22,15168,15168,0,0,32,32,64,64
gfx1201,multihead-fast-padded-wave-packed.hsaco,mh_ffn_fused_c128_project_g128_qkv_fb_pdl,False,1556,1592,36,10104,10356,99,99,18,24,15168,15168,0,0,32,32,100,100
gfx1201,multihead-fast-padded-wave-packed.hsaco,mh_ffn_fused_c128_project_mapped,False,1538,1567,29,9724,9864,102,104,28,22,8256,8256,0,0,32,32,48,48
gfx1201,multihead-fast-padded-wave-packed.hsaco,mh_ffn_fused_c128_project_mapped_g128,False,1441,1489,48,8992,9164,102,104,28,22,8256,8256,0,0,32,32,48,48
gfx1201,multihead-fast-padded-wave-packed.hsaco,mh_ffn_fused_c128_project_mapped_g128_qkv,False,1592,1658,66,10464,10768,99,100,25,27,15168,15168,0,0,32,32,64,64
gfx1201,multihead-fast-padded-wave-packed.hsaco,mh_ffn_fused_c128_project_mapped_g128_qkv_bn,False,1460,1484,24,9880,9852,144,145,25,25,23872,23872,0,0,32,32,64,64
gfx1201,multihead-fast-padded-wave-packed.hsaco,mh_ffn_fused_c128_project_mapped_g128_qkv_bytein_fb,False,1570,1625,55,10592,10872,99,100,21,21,15168,15168,0,0,32,32,64,64
gfx1201,multihead-fast-padded-wave-packed.hsaco,mh_ffn_fused_c128_project_mapped_g128_qkv_bytein_fb_pdl,False,1695,1750,55,11172,11452,99,100,23,23,15168,15168,0,0,32,32,100,100
gfx1201,multihead-fast-padded-wave-packed.hsaco,mh_ffn_fused_c128_project_mapped_g128_qkv_fb,False,1638,1687,49,10764,10984,99,100,26,28,15168,15168,0,0,32,32,64,64
gfx1201,multihead-fast-padded-wave-packed.hsaco,mh_ffn_fused_c128_project_mapped_g128_qkv_fb_pdl,False,1763,1813,50,11344,11568,99,100,28,30,15168,15168,0,0,32,32,100,100
gfx1201,multihead-fast-padded-wave-packed.hsaco,mh_ffn_fused_c128_tiled,False,922,963,41,6212,6436,75,80,12,12,8256,8256,0,0,32,32,28,28
gfx1201,multihead-fast-padded-wave-packed.hsaco,mh_ffn_fused_c128_tiled_project_g128_qkv,False,1631,1711,80,10920,11300,82,85,32,16,15168,15168,0,0,32,32,64,64
gfx1201,multihead-fast-padded-wave-packed.hsaco,mh_ffn_fused_c128_tiled_project_mapped_g128_qkv,False,1816,1900,84,11864,12260,83,86,38,24,15168,15168,0,0,32,32,64,64
gfx1201,multihead-fast-padded-wave-packed.hsaco,mh_ffn_fused_c256,False,1003,1067,64,6676,7208,73,87,11,11,16448,16448,0,0,32,32,28,28
gfx1201,multihead-fast-padded-wave-packed.hsaco,mh_ffn_fused_c256_frag_project_g128_qkv,False,1738,1763,25,11852,11880,96,96,15,15,30016,30016,0,0,32,32,64,64
gfx1201,multihead-fast-padded-wave-packed.hsaco,mh_ffn_fused_c256_frag_project_g128_qkv_bytein_fb,False,1720,1704,-16,11752,11692,97,97,15,15,30016,30016,0,0,32,32,64,64
gfx1201,multihead-fast-padded-wave-packed.hsaco,mh_ffn_fused_c256_frag_project_g128_qkv_bytein_fb_pdl,False,1838,1833,-5,12324,12280,97,97,17,17,30016,30016,0,0,32,32,100,100
gfx1201,multihead-fast-padded-wave-packed.hsaco,mh_ffn_fused_c256_frag_project_g128_qkv_fb,False,1746,1737,-9,11860,11812,98,96,15,15,30016,30016,0,0,32,32,64,64
gfx1201,multihead-fast-padded-wave-packed.hsaco,mh_ffn_fused_c256_frag_project_g128_qkv_fb_pdl,False,1882,1867,-15,12492,12388,98,96,17,17,30016,30016,0,0,32,32,100,100
gfx1201,multihead-fast-padded-wave-packed.hsaco,mh_ffn_fused_c256_frag_project_mapped_g128_qkv,False,1886,1900,14,12680,12680,97,96,23,23,30016,30016,0,0,32,32,64,64
gfx1201,multihead-fast-padded-wave-packed.hsaco,mh_ffn_fused_c256_frag_project_mapped_g128_qkv_bytein_fb,False,1894,1891,-3,13016,13020,101,100,21,21,30016,30016,0,0,32,32,64,64
gfx1201,multihead-fast-padded-wave-packed.hsaco,mh_ffn_fused_c256_frag_project_mapped_g128_qkv_bytein_fb_pdl,False,2019,2014,-5,13596,13592,101,100,23,23,30016,30016,0,0,32,32,100,100
gfx1201,multihead-fast-padded-wave-packed.hsaco,mh_ffn_fused_c256_frag_project_mapped_g128_qkv_fb,False,1952,1954,2,13008,12968,98,96,24,24,30016,30016,0,0,32,32,64,64
gfx1201,multihead-fast-padded-wave-packed.hsaco,mh_ffn_fused_c256_frag_project_mapped_g128_qkv_fb_pdl,False,2077,2079,2,13588,13548,98,96,26,26,30016,30016,0,0,32,32,100,100
gfx1201,multihead-fast-padded-wave-packed.hsaco,mh_ffn_fused_c256_tiled,False,911,899,-12,6088,6060,74,71,11,11,16448,16448,0,0,32,32,28,28
gfx1201,multihead-fast-padded-wave-packed.hsaco,mh_ffn_fused_c256_tiled_project,False,1102,1074,-28,7380,7280,74,71,13,13,16448,16448,0,0,32,32,28,28
gfx1201,multihead-fast-padded-wave-packed.hsaco,mh_ffn_fused_c256_tiled_project_g128,False,1193,1172,-21,8120,8016,77,77,26,11,16448,16448,0,0,32,32,28,28
gfx1201,multihead-fast-padded-wave-packed.hsaco,mh_ffn_fused_c256_tiled_project_g128_qkv,False,1813,1807,-6,12192,12192,93,93,30,15,30016,30016,0,0,32,32,64,64
gfx1201,multihead-fast-padded-wave-packed.hsaco,mh_ffn_fused_c256_tiled_project_g128_qkv_bytein_fb,False,1746,1750,4,11920,11872,93,92,30,15,30016,30016,0,0,32,32,64,64
gfx1201,multihead-fast-padded-wave-packed.hsaco,mh_ffn_fused_c256_tiled_project_g128_qkv_fb,False,1813,1795,-18,12172,12144,93,92,30,15,30016,30016,0,0,32,32,64,64
gfx1201,multihead-fast-padded-wave-packed.hsaco,mh_ffn_fused_c256_tiled_project_mapped,False,1585,1547,-38,9844,9704,74,71,26,20,16448,16448,0,0,32,32,48,48
gfx1201,multihead-fast-padded-wave-packed.hsaco,mh_ffn_fused_c256_tiled_project_mapped_g128,False,1679,1655,-24,10576,10460,77,77,32,20,16448,16448,0,0,32,32,48,48
gfx1201,multihead-fast-padded-wave-packed.hsaco,mh_ffn_fused_c256_tiled_project_mapped_g128_qkv,False,1970,1955,-15,12992,12956,94,94,37,23,30016,30016,0,0,32,32,64,64
gfx1201,multihead-fast-padded-wave-packed.hsaco,mh_ffn_fused_c256_tiled_project_mapped_g128_qkv_bytein_fb,False,1936,1938,2,13184,13096,94,93,31,21,30016,30016,0,0,32,32,64,64
gfx1201,multihead-fast-padded-wave-packed.hsaco,mh_ffn_fused_c256_tiled_project_mapped_g128_qkv_fb,False,2015,1995,-20,13320,13248,94,93,38,24,30016,30016,0,0,32,32,64,64
gfx1201,multihead-fast-padded-wave-packed.hsaco,mh_ffn_fused_c64,False,721,749,28,5084,5220,100,97,15,15,4160,4160,0,0,32,32,28,28
gfx1201,multihead-fast-padded-wave-packed.hsaco,mh_ffn_fused_c64_frag_project_g128_qkv,False,1359,1379,20,8952,9020,96,97,16,16,7744,7744,0,0,32,32,64,64
gfx1201,multihead-fast-padded-wave-packed.hsaco,mh_ffn_fused_c64_frag_project_mapped_g128_qkv,False,1476,1482,6,9564,9608,97,97,25,25,7744,7744,0,0,32,32,64,64
gfx1201,multihead-fast-padded-wave-packed.hsaco,mh_ffn_fused_c64_project,False,904,931,27,6268,6380,100,98,18,18,4160,4160,0,0,32,32,28,28
gfx1201,multihead-fast-padded-wave-packed.hsaco,mh_ffn_fused_c64_project_g128,False,884,919,35,6072,6196,100,98,19,18,4160,4160,0,0,32,32,28,28
gfx1201,multihead-fast-padded-wave-packed.hsaco,mh_ffn_fused_c64_project_g128_qkv,False,1304,1353,49,8548,8744,98,99,16,21,7744,7744,0,0,32,32,64,64
gfx1201,multihead-fast-padded-wave-packed.hsaco,mh_ffn_fused_c64_project_g128_qkv_bn,False,1180,1187,7,7932,7968,139,132,16,16,12096,12096,0,0,32,32,64,64
gfx1201,multihead-fast-padded-wave-packed.hsaco,mh_ffn_fused_c64_project_g128_qkv_bytein_fb,False,1266,1296,30,8336,8472,97,98,15,22,7744,7744,0,0,32,32,64,64
gfx1201,multihead-fast-padded-wave-packed.hsaco,mh_ffn_fused_c64_project_g128_qkv_bytein_fb_pdl,False,1397,1419,22,8928,9072,97,98,17,22,7744,7744,0,0,32,32,100,100
gfx1201,multihead-fast-padded-wave-packed.hsaco,mh_ffn_fused_c64_project_g128_qkv_fb,False,1288,1321,33,8500,8692,99,100,16,21,7744,7744,0,0,32,32,64,64
gfx1201,multihead-fast-padded-wave-packed.hsaco,mh_ffn_fused_c64_project_g128_qkv_fb_pdl,False,1416,1451,35,9116,9296,99,100,18,23,7744,7744,0,0,32,32,100,100
gfx1201,multihead-fast-padded-wave-packed.hsaco,mh_ffn_fused_c64_project_mapped,False,1380,1407,27,8608,8704,101,98,28,23,4160,4160,0,0,32,32,48,48
gfx1201,multihead-fast-padded-wave-packed.hsaco,mh_ffn_fused_c64_project_mapped_g128,False,1354,1391,37,8404,8536,100,99,28,23,4160,4160,0,0,32,32,48,48
gfx1201,multihead-fast-padded-wave-packed.hsaco,mh_ffn_fused_c64_project_mapped_g128_qkv,False,1411,1466,55,9160,9384,96,97,25,26,7744,7744,0,0,32,32,64,64
gfx1201,multihead-fast-padded-wave-packed.hsaco,mh_ffn_fused_c64_project_mapped_g128_qkv_bn,False,1284,1302,18,8544,8584,141,134,25,25,12096,12096,0,0,32,32,64,64
gfx1201,multihead-fast-padded-wave-packed.hsaco,mh_ffn_fused_c64_project_mapped_g128_qkv_bytein_fb,False,1326,1383,57,8956,9136,97,98,21,21,7744,7744,0,0,32,32,64,64
gfx1201,multihead-fast-padded-wave-packed.hsaco,mh_ffn_fused_c64_project_mapped_g128_qkv_bytein_fb_pdl,False,1452,1499,47,9540,9704,97,98,22,22,7744,7744,0,0,32,32,100,100
gfx1201,multihead-fast-padded-wave-packed.hsaco,mh_ffn_fused_c64_project_mapped_g128_qkv_fb,False,1402,1453,51,9120,9384,96,98,25,27,7744,7744,0,0,32,32,64,64
gfx1201,multihead-fast-padded-wave-packed.hsaco,mh_ffn_fused_c64_project_mapped_g128_qkv_fb_pdl,False,1526,1568,42,9708,9940,96,98,27,30,7744,7744,0,0,32,32,100,100
gfx1201,multihead-fast-padded-wave-packed.hsaco,mh_ffn_fused_c64_tiled,False,939,967,28,6252,6464,75,80,12,12,4160,4160,0,0,32,32,28,28
gfx1201,multihead-fast-padded-wave-packed.hsaco,mh_ffn_fused_c64_tiled_project_g128_qkv,False,1589,1646,57,10484,10760,81,85,32,16,7744,7744,0,0,32,32,64,64
gfx1201,multihead-fast-padded-wave-packed.hsaco,mh_ffn_fused_c64_tiled_project_mapped_g128_qkv,False,1688,1775,87,10988,11420,82,86,38,24,7744,7744,0,0,32,32,64,64
gfx1201,multihead-fast-padded-wave-packed.hsaco,mh_ffn_project_fast,False,585,590,5,3212,3236,32,32,18,18,4608,4608,0,0,32,32,40,40
gfx1201,multihead-fast-padded-wave-packed.hsaco,mh_ffn_project_fast_fp8,False,552,557,5,2980,3004,33,33,18,18,4608,4608,0,0,32,32,40,40
gfx1201,multihead-fast-padded-wave-packed.hsaco,mh_pool_project_fused_c128,False,3445,7226,3781,17628,35872,152,145,22,21,0,0,144,0,32,32,44,44
gfx1201,multihead-fast-padded-wave-packed.hsaco,mh_pool_project_fused_c256,False,3884,3877,-7,20332,20300,192,192,22,21,0,0,272,272,32,32,44,44
gfx1201,multihead-fast-padded-wave-packed.hsaco,mh_pool_project_fused_c64,False,6334,4785,-1549,32732,24644,128,118,80,21,0,0,0,0,32,32,44,44
gfx1201,multihead-fast-padded-wave-packed.hsaco,mh_pool_project_group_c128,False,2289,2283,-6,11568,11540,98,98,29,28,4352,4352,0,0,32,32,44,44
gfx1201,multihead-fast-padded-wave-packed.hsaco,mh_pool_project_group_c256,False,2283,2279,-4,11540,11520,98,98,29,28,8448,8448,0,0,32,32,44,44
gfx1201,multihead-fast-padded-wave-packed.hsaco,mh_pool_project_group_c512,False,2287,2286,-1,11564,11556,98,98,29,28,16640,16640,0,0,32,32,44,44
gfx1201,multihead-fast-padded-wave-packed.hsaco,mh_pool_project_group_c64,False,2331,2376,45,11768,11944,100,102,29,28,2304,2304,0,0,32,32,44,44
gfx1201,multihead-fast-padded-wave-packed.hsaco,mh_pool_project_production,False,1314,1338,24,6656,6752,48,48,21,21,0,0,0,0,32,32,44,44
gfx1201,multihead-fast-padded-wave-packed.hsaco,mh_pool_project_production_h16w,False,1387,1413,26,7040,7160,62,62,20,20,0,0,0,0,32,32,44,44
gfx1201,multihead-fast-padded-wave-packed.hsaco,mh_probabilities_fast,False,572,577,5,3284,3304,50,50,12,12,0,0,0,0,32,32,24,24
gfx1201,multihead-fast-padded-wave-packed.hsaco,mh_qkv_fast,False,340,342,2,1796,1808,26,26,16,16,4608,4608,0,0,32,32,32,32
gfx1201,multihead-fast-padded-wave-packed.hsaco,mh_qkv_normalize_fast,False,1115,1117,2,6532,6548,110,110,11,11,0,0,0,0,32,32,32,32
gfx1201,multihead-fast-padded-wave-packed.hsaco,mh_qkv_normalize_fast_wave,False,395,396,1,2080,2084,9,9,11,11,0,0,0,0,32,32,32,32
gfx1201,multihead-fast-padded-wave-packed.hsaco,mh_qkv_normalize_fast_wave_fp8,False,396,397,1,2072,2076,7,7,11,11,0,0,0,0,32,32,32,32
gfx1201,multihead-fast-padded-wave-packed.hsaco,mh_qkv_normalize_frag_c512,False,1249,1259,10,7672,7784,90,122,18,18,4420,4420,0,0,32,32,28,28
gfx1201,multihead-fast-padded-wave-packed.hsaco,mh_qkv_normalize_fused,False,2335,2354,19,13492,13584,45,45,18,18,21760,21760,0,0,32,32,32,32
gfx1201,multihead-fast-padded-wave-packed.hsaco,mh_qkv_normalize_wave_c512,False,1146,1182,36,6876,6980,72,82,14,14,17680,17680,0,0,32,32,28,28
gfx1201,multihead-fast-padded-wave-packed.hsaco,mh_scores_exp_fast,False,1108,1113,5,6156,6196,67,67,16,15,0,0,0,0,32,32,36,36
gfx1201,multihead-fast-padded-wave.hsaco,mh_attention_av_fast,False,444,435,-9,2472,2412,52,52,22,20,0,0,0,0,32,32,36,36
gfx1201,multihead-fast-padded-wave.hsaco,mh_attention_crop,False,2649,2682,33,13352,13484,32,32,34,34,4608,4608,0,0,32,32,64,64
gfx1201,multihead-fast-padded-wave.hsaco,mh_attention_project_fast_matrix,False,2131,2161,30,10856,10976,38,38,27,27,4608,4608,0,0,32,32,44,44
gfx1201,multihead-fast-padded-wave.hsaco,mh_attention_project_fast_matrix_fp8,False,2094,2123,29,10640,10752,34,34,27,27,4608,4608,0,0,32,32,44,44
gfx1201,multihead-fast-padded-wave.hsaco,mh_attention_project_fast_scalar,False,1433,1449,16,7144,7204,38,38,20,20,4608,4608,0,0,32,32,44,44
gfx1201,multihead-fast-padded-wave.hsaco,mh_attention_project_fast_scalar_fp8,False,1399,1414,15,6928,6976,32,32,20,20,4608,4608,0,0,32,32,44,44
gfx1201,multihead-fast-padded-wave.hsaco,mh_attention_project_frag_c512,False,1283,643,-640,6812,3364,80,79,28,30,0,0,0,0,32,32,60,60
gfx1201,multihead-fast-padded-wave.hsaco,mh_ffn_contract_fast,False,401,409,8,2232,2252,30,30,16,16,4608,4608,0,0,32,32,32,32
gfx1201,multihead-fast-padded-wave.hsaco,mh_ffn_contract_fast_fp8,False,387,394,7,2132,2156,27,27,16,16,4608,4608,0,0,32,32,32,32
gfx1201,multihead-fast-padded-wave.hsaco,mh_ffn_contract_fast_fp8_out,False,354,360,6,1940,1964,27,27,16,16,4608,4608,0,0,32,32,32,32
gfx1201,multihead-fast-padded-wave.hsaco,mh_ffn_contract_fast_pre,False,298,313,15,1604,1652,30,30,16,16,4608,4608,0,0,32,32,32,32
gfx1201,multihead-fast-padded-wave.hsaco,mh_ffn_contract_fast_rne,False,401,409,8,2232,2252,30,30,16,16,4608,4608,0,0,32,32,32,32
gfx1201,multihead-fast-padded-wave.hsaco,mh_ffn_contract_fast_rtz,False,401,409,8,2232,2252,30,30,16,16,4608,4608,0,0,32,32,32,32
gfx1201,multihead-fast-padded-wave.hsaco,mh_ffn_expand_fast,False,495,494,-1,2848,2836,32,32,16,16,4608,4608,0,0,32,32,32,32
gfx1201,multihead-fast-padded-wave.hsaco,mh_ffn_expand_fast_fp8,False,456,463,7,2656,2680,32,32,16,16,4608,4608,0,0,32,32,32,32
gfx1201,multihead-fast-padded-wave.hsaco,mh_ffn_fused_c128,False,840,893,53,6012,6212,101,103,12,12,8256,8256,0,0,32,32,28,28
gfx1201,multihead-fast-padded-wave.hsaco,mh_ffn_fused_c128_frag_project_g128_qkv,False,1475,1470,-5,9768,9740,99,100,16,16,10816,10816,0,0,32,32,64,64
gfx1201,multihead-fast-padded-wave.hsaco,mh_ffn_fused_c128_frag_project_mapped_g128_qkv,False,1650,1643,-7,10660,10664,98,99,25,25,10816,10816,0,0,32,32,64,64
gfx1201,multihead-fast-padded-wave.hsaco,mh_ffn_fused_c128_project,False,1026,1075,49,7160,7360,101,103,14,12,8256,8256,0,0,32,32,28,28
gfx1201,multihead-fast-padded-wave.hsaco,mh_ffn_fused_c128_project_g128,False,940,992,52,6436,6656,102,103,15,12,8256,8256,0,0,32,32,28,28
gfx1201,multihead-fast-padded-wave.hsaco,mh_ffn_fused_c128_project_g128_qkv,False,1424,1438,14,9352,9568,99,99,16,22,10816,10816,0,0,32,32,64,64
gfx1201,multihead-fast-padded-wave.hsaco,mh_ffn_fused_c128_project_g128_qkv_bn,False,1248,1301,53,8704,8784,126,126,16,16,19520,19520,0,0,32,32,64,64
gfx1201,multihead-fast-padded-wave.hsaco,mh_ffn_fused_c128_project_g128_qkv_bytein_fb,False,1362,1383,21,9016,9244,96,98,15,22,10816,10816,0,0,32,32,64,64
gfx1201,multihead-fast-padded-wave.hsaco,mh_ffn_fused_c128_project_g128_qkv_bytein_fb_pdl,False,1477,1524,47,9612,9856,96,98,17,22,10816,10816,0,0,32,32,100,100
gfx1201,multihead-fast-padded-wave.hsaco,mh_ffn_fused_c128_project_g128_qkv_fb,False,1402,1420,18,9244,9448,99,100,16,22,10816,10816,0,0,32,32,64,64
gfx1201,multihead-fast-padded-wave.hsaco,mh_ffn_fused_c128_project_g128_qkv_fb_pdl,False,1528,1552,24,9828,10052,99,100,18,24,10816,10816,0,0,32,32,100,100
gfx1201,multihead-fast-padded-wave.hsaco,mh_ffn_fused_c128_project_mapped,False,1538,1567,29,9724,9864,102,104,28,22,8256,8256,0,0,32,32,48,48
gfx1201,multihead-fast-padded-wave.hsaco,mh_ffn_fused_c128_project_mapped_g128,False,1441,1489,48,8992,9164,102,104,28,22,8256,8256,0,0,32,32,48,48
gfx1201,multihead-fast-padded-wave.hsaco,mh_ffn_fused_c128_project_mapped_g128_qkv,False,1573,1619,46,10224,10488,99,100,25,27,10816,10816,0,0,32,32,64,64
gfx1201,multihead-fast-padded-wave.hsaco,mh_ffn_fused_c128_project_mapped_g128_qkv_bn,False,1445,1466,21,9720,9700,126,126,25,25,19520,19520,0,0,32,32,64,64
gfx1201,multihead-fast-padded-wave.hsaco,mh_ffn_fused_c128_project_mapped_g128_qkv_bytein_fb,False,1534,1596,62,10320,10564,100,101,21,21,10816,10816,0,0,32,32,64,64
gfx1201,multihead-fast-padded-wave.hsaco,mh_ffn_fused_c128_project_mapped_g128_qkv_bytein_fb_pdl,False,1658,1720,62,10896,11140,100,101,23,23,10816,10816,0,0,32,32,100,100
gfx1201,multihead-fast-padded-wave.hsaco,mh_ffn_fused_c128_project_mapped_g128_qkv_fb,False,1606,1661,55,10432,10724,99,100,26,28,10816,10816,0,0,32,32,64,64
gfx1201,multihead-fast-padded-wave.hsaco,mh_ffn_fused_c128_project_mapped_g128_qkv_fb_pdl,False,1731,1787,56,11012,11308,99,100,28,30,10816,10816,0,0,32,32,100,100
gfx1201,multihead-fast-padded-wave.hsaco,mh_ffn_fused_c128_tiled,False,922,963,41,6212,6436,75,80,12,12,8256,8256,0,0,32,32,28,28
gfx1201,multihead-fast-padded-wave.hsaco,mh_ffn_fused_c128_tiled_project_g128_qkv,False,1617,1698,81,10752,11176,82,85,32,16,10816,10816,0,0,32,32,64,64
gfx1201,multihead-fast-padded-wave.hsaco,mh_ffn_fused_c128_tiled_project_mapped_g128_qkv,False,1776,1869,93,11620,12008,83,86,38,24,10816,10816,0,0,32,32,64,64
gfx1201,multihead-fast-padded-wave.hsaco,mh_ffn_fused_c256,False,1003,1067,64,6676,7208,73,87,11,11,16448,16448,0,0,32,32,28,28
gfx1201,multihead-fast-padded-wave.hsaco,mh_ffn_fused_c256_frag_project_g128_qkv,False,1778,1723,-55,12036,11636,97,95,15,15,21568,21568,0,0,32,32,64,64
gfx1201,multihead-fast-padded-wave.hsaco,mh_ffn_fused_c256_frag_project_g128_qkv_bytein_fb,False,1717,1670,-47,11760,11336,97,97,15,15,21568,21568,0,0,32,32,64,64
gfx1201,multihead-fast-padded-wave.hsaco,mh_ffn_fused_c256_frag_project_g128_qkv_bytein_fb_pdl,False,1846,1793,-53,12356,11944,97,97,17,17,21568,21568,0,0,32,32,100,100
gfx1201,multihead-fast-padded-wave.hsaco,mh_ffn_fused_c256_frag_project_g128_qkv_fb,False,1750,1689,-61,11900,11508,97,95,15,15,21568,21568,0,0,32,32,64,64
gfx1201,multihead-fast-padded-wave.hsaco,mh_ffn_fused_c256_frag_project_g128_qkv_fb_pdl,False,1878,1818,-60,12500,12096,97,95,17,17,21568,21568,0,0,32,32,100,100
gfx1201,multihead-fast-padded-wave.hsaco,mh_ffn_fused_c256_frag_project_mapped_g128_qkv,False,1915,1862,-53,12812,12432,97,95,23,23,21568,21568,0,0,32,32,64,64
gfx1201,multihead-fast-padded-wave.hsaco,mh_ffn_fused_c256_frag_project_mapped_g128_qkv_bytein_fb,False,1918,1871,-47,13128,12792,99,100,21,21,21568,21568,0,0,32,32,64,64
gfx1201,multihead-fast-padded-wave.hsaco,mh_ffn_fused_c256_frag_project_mapped_g128_qkv_bytein_fb_pdl,False,2041,1995,-46,13700,13368,99,100,23,23,21568,21568,0,0,32,32,100,100
gfx1201,multihead-fast-padded-wave.hsaco,mh_ffn_fused_c256_frag_project_mapped_g128_qkv_fb,False,1952,1900,-52,13044,12672,97,95,24,24,21568,21568,0,0,32,32,64,64
gfx1201,multihead-fast-padded-wave.hsaco,mh_ffn_fused_c256_frag_project_mapped_g128_qkv_fb_pdl,False,2077,2025,-52,13624,13252,97,95,26,26,21568,21568,0,0,32,32,100,100
gfx1201,multihead-fast-padded-wave.hsaco,mh_ffn_fused_c256_tiled,False,911,899,-12,6088,6060,74,71,11,11,16448,16448,0,0,32,32,28,28
gfx1201,multihead-fast-padded-wave.hsaco,mh_ffn_fused_c256_tiled_project,False,1102,1074,-28,7380,7280,74,71,13,13,16448,16448,0,0,32,32,28,28
gfx1201,multihead-fast-padded-wave.hsaco,mh_ffn_fused_c256_tiled_project_g128,False,1193,1172,-21,8120,8016,77,77,26,11,16448,16448,0,0,32,32,28,28
gfx1201,multihead-fast-padded-wave.hsaco,mh_ffn_fused_c256_tiled_project_g128_qkv,False,1802,1776,-26,12020,11980,81,84,30,15,21568,21568,0,0,32,32,64,64
gfx1201,multihead-fast-padded-wave.hsaco,mh_ffn_fused_c256_tiled_project_g128_qkv_bytein_fb,False,1743,1724,-19,11716,11616,80,83,30,15,21568,21568,0,0,32,32,64,64
gfx1201,multihead-fast-padded-wave.hsaco,mh_ffn_fused_c256_tiled_project_g128_qkv_fb,False,1786,1761,-25,11928,11892,81,84,30,15,21568,21568,0,0,32,32,64,64
gfx1201,multihead-fast-padded-wave.hsaco,mh_ffn_fused_c256_tiled_project_mapped,False,1585,1547,-38,9844,9704,74,71,26,20,16448,16448,0,0,32,32,48,48
gfx1201,multihead-fast-padded-wave.hsaco,mh_ffn_fused_c256_tiled_project_mapped_g128,False,1679,1655,-24,10576,10460,77,77,32,20,16448,16448,0,0,32,32,48,48
gfx1201,multihead-fast-padded-wave.hsaco,mh_ffn_fused_c256_tiled_project_mapped_g128_qkv,False,1950,1929,-21,12792,12760,81,84,37,23,21568,21568,0,0,32,32,64,64
gfx1201,multihead-fast-padded-wave.hsaco,mh_ffn_fused_c256_tiled_project_mapped_g128_qkv_bytein_fb,False,1915,1908,-7,12920,12892,81,84,30,21,21568,21568,0,0,32,32,64,64
gfx1201,multihead-fast-padded-wave.hsaco,mh_ffn_fused_c256_tiled_project_mapped_g128_qkv_fb,False,1988,1965,-23,13024,12988,81,84,38,24,21568,21568,0,0,32,32,64,64
gfx1201,multihead-fast-padded-wave.hsaco,mh_ffn_fused_c64,False,721,749,28,5084,5220,100,97,15,15,4160,4160,0,0,32,32,28,28
gfx1201,multihead-fast-padded-wave.hsaco,mh_ffn_fused_c64_frag_project_g128_qkv,False,1352,1359,7,8772,8840,96,97,16,16,5440,5440,0,0,32,32,64,64
gfx1201,multihead-fast-padded-wave.hsaco,mh_ffn_fused_c64_frag_project_mapped_g128_qkv,False,1469,1467,-2,9436,9456,97,97,25,25,5440,5440,0,0,32,32,64,64
gfx1201,multihead-fast-padded-wave.hsaco,mh_ffn_fused_c64_project,False,904,931,27,6268,6380,100,98,18,18,4160,4160,0,0,32,32,28,28
gfx1201,multihead-fast-padded-wave.hsaco,mh_ffn_fused_c64_project_g128,False,884,919,35,6072,6196,100,98,19,18,4160,4160,0,0,32,32,28,28
gfx1201,multihead-fast-padded-wave.hsaco,mh_ffn_fused_c64_project_g128_qkv,False,1283,1308,25,8364,8520,98,99,16,21,5440,5440,0,0,32,32,64,64
gfx1201,multihead-fast-padded-wave.hsaco,mh_ffn_fused_c64_project_g128_qkv_bn,False,1153,1181,28,7784,7872,98,99,16,21,9792,9792,0,0,32,32,64,64
gfx1201,multihead-fast-padded-wave.hsaco,mh_ffn_fused_c64_project_g128_qkv_bytein_fb,False,1237,1250,13,8064,8176,96,97,15,22,5440,5440,0,0,32,32,64,64
gfx1201,multihead-fast-padded-wave.hsaco,mh_ffn_fused_c64_project_g128_qkv_bytein_fb_pdl,False,1362,1387,25,8656,8800,96,97,17,22,5440,5440,0,0,32,32,100,100
gfx1201,multihead-fast-padded-wave.hsaco,mh_ffn_fused_c64_project_g128_qkv_fb,False,1261,1287,26,8232,8392,98,99,16,21,5440,5440,0,0,32,32,64,64
gfx1201,multihead-fast-padded-wave.hsaco,mh_ffn_fused_c64_project_g128_qkv_fb_pdl,False,1380,1413,33,8820,9012,98,99,18,23,5440,5440,0,0,32,32,100,100
gfx1201,multihead-fast-padded-wave.hsaco,mh_ffn_fused_c64_project_mapped,False,1380,1407,27,8608,8704,101,98,28,23,4160,4160,0,0,32,32,48,48
gfx1201,multihead-fast-padded-wave.hsaco,mh_ffn_fused_c64_project_mapped_g128,False,1354,1391,37,8404,8536,100,99,28,23,4160,4160,0,0,32,32,48,48
gfx1201,multihead-fast-padded-wave.hsaco,mh_ffn_fused_c64_project_mapped_g128_qkv,False,1393,1422,29,8964,9184,96,97,25,27,5440,5440,0,0,32,32,64,64
gfx1201,multihead-fast-padded-wave.hsaco,mh_ffn_fused_c64_project_mapped_g128_qkv_bn,False,1262,1294,32,8420,8508,98,99,25,26,9792,9792,0,0,32,32,64,64
gfx1201,multihead-fast-padded-wave.hsaco,mh_ffn_fused_c64_project_mapped_g128_qkv_bytein_fb,False,1304,1361,57,8712,8904,97,98,20,20,5440,5440,0,0,32,32,64,64
gfx1201,multihead-fast-padded-wave.hsaco,mh_ffn_fused_c64_project_mapped_g128_qkv_bytein_fb_pdl,False,1425,1461,36,9272,9416,97,98,22,22,5440,5440,0,0,32,32,100,100
gfx1201,multihead-fast-padded-wave.hsaco,mh_ffn_fused_c64_project_mapped_g128_qkv_fb,False,1373,1395,22,8856,9040,96,97,25,27,5440,5440,0,0,32,32,64,64
gfx1201,multihead-fast-padded-wave.hsaco,mh_ffn_fused_c64_project_mapped_g128_qkv_fb_pdl,False,1488,1541,53,9416,9624,96,97,27,30,5440,5440,0,0,32,32,100,100
gfx1201,multihead-fast-padded-wave.hsaco,mh_ffn_fused_c64_tiled,False,939,967,28,6252,6464,75,80,12,12,4160,4160,0,0,32,32,28,28
gfx1201,multihead-fast-padded-wave.hsaco,mh_ffn_fused_c64_tiled_project_g128_qkv,False,1565,1629,64,10280,10628,81,85,32,16,5440,5440,0,0,32,32,64,64
gfx1201,multihead-fast-padded-wave.hsaco,mh_ffn_fused_c64_tiled_project_mapped_g128_qkv,False,1660,1736,76,10780,11224,82,86,38,24,5440,5440,0,0,32,32,64,64
gfx1201,multihead-fast-padded-wave.hsaco,mh_ffn_project_fast,False,605,618,13,3372,3428,38,38,17,17,4608,4608,0,0,32,32,40,40
gfx1201,multihead-fast-padded-wave.hsaco,mh_ffn_project_fast_fp8,False,570,585,15,3144,3200,32,35,17,17,4608,4608,0,0,32,32,40,40
gfx1201,multihead-fast-padded-wave.hsaco,mh_pool_project_fused_c128,False,3445,7226,3781,17628,35872,152,145,22,21,0,0,144,0,32,32,44,44
gfx1201,multihead-fast-padded-wave.hsaco,mh_pool_project_fused_c256,False,3884,3877,-7,20332,20300,192,192,22,21,0,0,272,272,32,32,44,44
gfx1201,multihead-fast-padded-wave.hsaco,mh_pool_project_fused_c64,False,6334,4785,-1549,32732,24644,128,118,80,21,0,0,0,0,32,32,44,44
gfx1201,multihead-fast-padded-wave.hsaco,mh_pool_project_group_c128,False,2289,2283,-6,11568,11540,98,98,29,28,4352,4352,0,0,32,32,44,44
gfx1201,multihead-fast-padded-wave.hsaco,mh_pool_project_group_c256,False,2283,2279,-4,11540,11520,98,98,29,28,8448,8448,0,0,32,32,44,44
gfx1201,multihead-fast-padded-wave.hsaco,mh_pool_project_group_c64,False,2331,2376,45,11768,11944,100,102,29,28,2304,2304,0,0,32,32,44,44
gfx1201,multihead-fast-padded-wave.hsaco,mh_pool_project_production,False,1314,1338,24,6656,6752,48,48,21,21,0,0,0,0,32,32,44,44
gfx1201,multihead-fast-padded-wave.hsaco,mh_pool_project_production_h16w,False,1387,1413,26,7040,7160,62,62,20,20,0,0,0,0,32,32,44,44
gfx1201,multihead-fast-padded-wave.hsaco,mh_probabilities_fast,False,572,577,5,3284,3304,50,50,12,12,0,0,0,0,32,32,24,24
gfx1201,multihead-fast-padded-wave.hsaco,mh_qkv_fast,False,369,373,4,2000,2020,32,32,16,16,4608,4608,0,0,32,32,32,32
gfx1201,multihead-fast-padded-wave.hsaco,mh_qkv_normalize_fast,False,1115,1117,2,6532,6548,110,110,11,11,0,0,0,0,32,32,32,32
gfx1201,multihead-fast-padded-wave.hsaco,mh_qkv_normalize_fast_wave,False,395,396,1,2080,2084,9,9,11,11,0,0,0,0,32,32,32,32
gfx1201,multihead-fast-padded-wave.hsaco,mh_qkv_normalize_fast_wave_fp8,False,396,397,1,2072,2076,7,7,11,11,0,0,0,0,32,32,32,32
gfx1201,multihead-fast-padded-wave.hsaco,mh_qkv_normalize_frag_c512,False,1249,1259,10,7672,7784,90,122,18,18,4420,4420,0,0,32,32,28,28
gfx1201,multihead-fast-padded-wave.hsaco,mh_qkv_normalize_fused,False,2497,2528,31,14508,14628,45,45,20,18,21760,21760,0,0,32,32,32,32
gfx1201,multihead-fast-padded-wave.hsaco,mh_qkv_normalize_wave_c512,False,1146,1182,36,6876,6980,72,82,14,14,17680,17680,0,0,32,32,28,28
gfx1201,multihead-fast-padded-wave.hsaco,mh_scores_exp_fast,False,1108,1113,5,6156,6196,67,67,16,15,0,0,0,0,32,32,36,36
gfx1201,multihead-fast.hsaco,mh_attention_av_fast,False,564,550,-14,3072,2976,52,52,22,20,0,0,0,0,32,32,36,36
gfx1201,multihead-fast.hsaco,mh_attention_project_fast_matrix,False,2624,2637,13,14104,14160,95,95,51,51,4096,4096,0,0,32,32,44,44
gfx1201,multihead-fast.hsaco,mh_attention_project_fast_scalar,False,1805,1820,15,8936,8996,38,38,20,20,4096,4096,0,0,32,32,44,44
gfx1201,multihead-fast.hsaco,mh_ffn_contract_fast,False,488,501,13,2584,2636,30,30,16,16,4096,4096,0,0,32,32,32,32
gfx1201,multihead-fast.hsaco,mh_ffn_contract_fast_pre,False,295,309,14,1564,1620,30,30,16,16,4096,4096,0,0,32,32,32,32
gfx1201,multihead-fast.hsaco,mh_ffn_contract_fast_rne,False,488,501,13,2584,2636,30,30,16,16,4096,4096,0,0,32,32,32,32
gfx1201,multihead-fast.hsaco,mh_ffn_contract_fast_rtz,False,488,501,13,2584,2636,30,30,16,16,4096,4096,0,0,32,32,32,32
gfx1201,multihead-fast.hsaco,mh_ffn_expand_fast,False,580,593,13,3248,3300,32,32,16,16,4096,4096,0,0,32,32,32,32
gfx1201,multihead-fast.hsaco,mh_ffn_project_fast,False,684,703,19,3728,3812,38,38,17,17,4096,4096,0,0,32,32,40,40
gfx1201,multihead-fast.hsaco,mh_pool_project_production,False,1410,1434,24,7136,7232,48,48,21,21,0,0,0,0,32,32,44,44
gfx1201,multihead-fast.hsaco,mh_probabilities_fast,False,678,692,14,3716,3772,50,50,12,12,0,0,0,0,32,32,24,24
gfx1201,multihead-fast.hsaco,mh_qkv_fast,False,364,368,4,1964,1984,32,32,16,16,4096,4096,0,0,32,32,32,32
gfx1201,multihead-fast.hsaco,mh_qkv_normalize_fast,False,3520,3556,36,20560,20700,148,148,11,11,0,0,0,0,32,32,32,32
gfx1201,multihead-fast.hsaco,mh_scores_exp_fast,False,1108,1113,5,6156,6196,67,67,16,15,0,0,0,0,32,32,36,36
gfx1201,multihead-reference.hsaco,mh_attention_av,False,580,586,6,3092,3112,18,19,17,17,0,0,0,0,32,32,36,36
gfx1201,multihead-reference.hsaco,mh_attention_project,False,778,796,18,4460,4532,12,12,15,15,0,0,0,0,32,32,44,44
gfx1201,multihead-reference.hsaco,mh_ffn_contract,False,338,340,2,1856,1864,70,70,13,13,0,0,0,0,32,32,32,32
gfx1201,multihead-reference.hsaco,mh_ffn_expand,False,771,788,17,4420,4488,12,12,12,12,0,0,0,0,32,32,32,32
gfx1201,multihead-reference.hsaco,mh_ffn_project,False,783,800,17,4484,4552,12,12,12,12,0,0,0,0,32,32,40,40
gfx1201,multihead-reference.hsaco,mh_normalize,False,519,522,3,2612,2624,32,32,23,23,0,0,0,0,32,32,32,32
gfx1201,multihead-reference.hsaco,mh_pool,False,279,279,0,1380,1380,12,12,12,12,0,0,0,0,32,32,40,40
gfx1201,multihead-reference.hsaco,mh_pool_project,False,855,872,17,4764,4832,12,12,16,16,0,0,0,0,32,32,44,44
gfx1201,multihead-reference.hsaco,mh_probabilities,False,363,365,2,2044,2052,37,37,10,10,0,0,0,0,32,32,24,24
gfx1201,multihead-reference.hsaco,mh_qkv,False,691,737,46,4264,4332,13,12,12,12,0,0,0,0,32,32,32,32
gfx1201,multihead-reference.hsaco,mh_scores_exp,False,694,694,0,4008,4008,75,75,13,13,0,0,0,0,32,32,36,36
gfx1201,multihead-reference.hsaco,mh_shift_crop,False,156,157,1,728,732,6,6,11,11,0,0,0,0,32,32,40,40
gfx1201,multihead-reference.hsaco,mh_shift_pack,False,184,185,1,848,852,6,6,18,18,0,0,0,0,32,32,48,48
gfx1201,multihead-reference.hsaco,mh_split_project,False,769,786,17,4416,4484,12,12,12,12,0,0,0,0,32,32,40,40
gfx1201,multihead-tiled.hsaco,mh_attention_project_tiled,False,1040,1056,16,5584,5648,42,42,20,20,4096,4096,0,0,32,32,44,44
gfx1201,multihead-tiled.hsaco,mh_dense_tiled_probe,False,973,989,16,5192,5256,41,41,20,20,4096,4096,0,0,32,32,52,52
gfx1201,multihead-tiled.hsaco,mh_ffn_contract_tiled,False,784,800,16,4328,4392,35,35,16,16,4096,4096,0,0,32,32,32,32
gfx1201,multihead-tiled.hsaco,mh_ffn_expand_tiled,False,949,957,8,5256,5288,36,36,16,16,4096,4096,0,0,32,32,32,32
gfx1201,multihead-tiled.hsaco,mh_ffn_project_tiled,False,997,1019,22,5512,5608,42,42,17,17,4096,4096,0,0,32,32,40,40
gfx1201,multihead-tiled.hsaco,mh_pool_project_tiled,False,1450,1457,7,7264,7296,36,36,24,24,4096,4096,0,0,32,32,44,44
gfx1201,multihead-tiled.hsaco,mh_qkv_tiled,False,379,385,6,2064,2088,36,36,16,16,4096,4096,0,0,32,32,32,32
gfx1201,multihead-wmma.hsaco,mh_attention_av_wmma,False,3197,3094,-103,18096,17492,50,50,24,18,0,0,0,0,32,32,36,36
gfx1201,multihead-wmma.hsaco,mh_attention_project_wmma,False,1356,1402,46,7564,7748,85,85,25,25,0,0,0,0,32,32,44,44
gfx1201,multihead-wmma.hsaco,mh_ffn_contract_wmma,False,1104,1143,39,6376,6532,77,77,15,15,0,0,0,0,32,32,32,32
gfx1201,multihead-wmma.hsaco,mh_ffn_expand_wmma,False,1229,1268,39,7044,7200,77,77,15,15,0,0,0,0,32,32,32,32
gfx1201,multihead-wmma.hsaco,mh_ffn_project_wmma,False,1290,1335,45,7424,7604,85,85,23,23,0,0,0,0,32,32,40,40
gfx1201,multihead-wmma.hsaco,mh_pool_project_wmma,False,1928,1952,24,9956,10048,77,77,25,25,0,0,0,0,32,32,44,44
gfx1201,multihead-wmma.hsaco,mh_qkv_wmma,False,661,699,38,3920,4072,77,77,16,16,0,0,0,0,32,32,32,32
gfx1201,multihead-wmma.hsaco,mh_scores_exp_wmma,False,1594,1591,-3,8764,8728,69,69,15,15,0,0,0,0,32,32,36,36
gfx1201,multihead-wmma.hsaco,mh_split_project_wmma,False,1300,1345,45,7460,7640,85,85,23,23,0,0,0,0,32,32,40,40
gfx1201,multihead_fused_attention.hsaco,c128_attention_project,False,2032,2071,39,12920,13160,94,96,28,28,17664,17664,0,0,32,32,60,60
gfx1201,multihead_fused_attention.hsaco,c128_attention_project_diag,False,1583,1631,48,10508,10692,91,91,28,25,17664,17664,0,0,32,32,60,60
gfx1201,multihead_fused_attention.hsaco,c128_attention_project_fb,False,1874,1917,43,11432,11652,95,94,36,33,17664,17664,0,0,32,32,60,60
gfx1201,multihead_fused_attention.hsaco,c128_attention_project_fb_bout,False,1871,1911,40,11444,11644,95,94,36,33,17664,17664,0,0,32,32,60,60
gfx1201,multihead_fused_attention.hsaco,c128_attention_project_fb_bout_diag,False,1495,1535,40,9832,10004,92,91,28,25,17664,17664,0,0,32,32,60,60
gfx1201,multihead_fused_attention.hsaco,c128_attention_project_fb_bout_diag_pdl,False,1589,1627,38,10276,10440,92,91,28,26,17664,17664,0,0,32,32,92,92
gfx1201,multihead_fused_attention.hsaco,c128_attention_project_fb_diag,False,1489,1511,22,9800,9884,92,91,28,25,17664,17664,0,0,32,32,60,60
gfx1201,multihead_fused_attention.hsaco,c128_attention_project_fb_diag_pdl,False,1584,1604,20,10252,10316,92,91,28,26,17664,17664,0,0,32,32,92,92
gfx1201,multihead_fused_attention.hsaco,c256_attention_project,False,2334,2163,-171,14928,13712,107,126,34,34,25856,25856,0,0,32,32,60,60
gfx1201,multihead_fused_attention.hsaco,c256_attention_project_diag,False,1890,1728,-162,12520,11284,119,122,34,30,25856,25856,0,0,32,32,60,60
gfx1201,multihead_fused_attention.hsaco,c256_attention_project_fb,False,2220,2021,-199,13564,12248,106,120,39,39,25856,25856,0,0,32,32,60,60
gfx1201,multihead_fused_attention.hsaco,c256_attention_project_fb_bout,False,2221,2021,-200,13580,12264,106,120,39,39,25856,25856,0,0,32,32,60,60
gfx1201,multihead_fused_attention.hsaco,c256_attention_project_fb_bout_diag,False,1818,1639,-179,11908,10636,118,122,34,30,25856,25856,0,0,32,32,60,60
gfx1201,multihead_fused_attention.hsaco,c256_attention_project_fb_bout_diag_pdl,False,1912,1735,-177,12360,11100,119,122,34,34,25856,25856,0,0,32,32,92,92
gfx1201,multihead_fused_attention.hsaco,c256_attention_project_fb_diag,False,1818,1642,-176,11896,10636,120,122,34,30,25856,25856,0,0,32,32,60,60
gfx1201,multihead_fused_attention.hsaco,c256_attention_project_fb_diag_pdl,False,1916,1738,-178,12364,11096,121,122,34,34,25856,25856,0,0,32,32,92,92
gfx1201,multihead_fused_attention.hsaco,c64_attention_project,False,1959,2027,68,12500,12816,95,96,28,28,8960,8960,0,0,32,32,60,60
gfx1201,multihead_fused_attention.hsaco,c64_attention_project_diag,False,1540,1573,33,10192,10340,91,91,28,25,8960,8960,0,0,32,32,60,60
gfx1201,multihead_fused_attention.hsaco,c64_attention_project_fb,False,1839,1881,42,11124,11356,96,94,36,33,8960,8960,0,0,32,32,60,60
gfx1201,multihead_fused_attention.hsaco,c64_attention_project_fb_bout,False,1838,1879,41,11140,11364,96,94,36,33,8960,8960,0,0,32,32,60,60
gfx1201,multihead_fused_attention.hsaco,c64_attention_project_fb_bout_diag,False,1445,1466,21,9512,9588,92,91,28,25,8960,8960,0,0,32,32,60,60
gfx1201,multihead_fused_attention.hsaco,c64_attention_project_fb_bout_diag_pdl,False,1541,1558,17,9964,10020,92,91,28,26,8960,8960,0,0,32,32,92,92
gfx1201,multihead_fused_attention.hsaco,c64_attention_project_fb_diag,False,1456,1478,22,9536,9608,92,91,28,25,8960,8960,0,0,32,32,60,60
gfx1201,multihead_fused_attention.hsaco,c64_attention_project_fb_diag_pdl,False,1551,1574,23,9984,10040,92,91,28,26,8960,8960,0,0,32,32,92,92
gfx1201,multihead_fused_attention.hsaco,c64_attention_project_w16,False,1293,1341,48,8180,8512,90,90,30,30,22528,22528,0,0,32,32,60,60
gfx1201,multihead_fused_attention.hsaco,mh_attention_fused,False,1442,1514,72,9524,9924,103,106,18,18,15360,15360,0,0,32,32,36,36
gfx1201,multihead_fused_attention.hsaco,mh_attention_fused_fp8,False,1438,1508,70,9500,9888,103,106,20,20,15360,15360,0,0,32,32,36,36
gfx1201,multihead_fused_attention.hsaco,mh_attention_fused_fp8_out,False,1433,1504,71,9568,9956,103,106,20,20,15360,15360,0,0,32,32,36,36
gfx1201,prefix_fast.hsaco,dlss5_prefix_fast_features,False,2499,2499,0,12840,12840,22,22,14,14,0,0,0,0,32,32,40,40
gfx1201,prefix_fast.hsaco,dlss5_prefix_fast_fused,False,4634,4655,21,23996,24084,32,32,23,23,1024,1024,0,0,32,32,48,48
gfx1201,prefix_fast.hsaco,dlss5_prefix_fast_fused_raster,False,4633,4654,21,23988,24076,32,32,23,23,1024,1024,0,0,32,32,48,48
gfx1201,prefix_fast.hsaco,dlss5_prefix_fast_project,False,1348,1362,14,7104,7160,28,28,13,13,0,0,0,0,32,32,28,28
gfx1201,vit-stream.hsaco,decoder_project2x,False,587,602,15,3168,3228,40,40,25,25,0,0,0,0,32,32,56,56
gfx1201,vit-stream.hsaco,decoder_project2x_h16w,False,5940,5964,24,32664,32780,64,64,34,30,0,0,0,0,32,32,56,56
gfx1201,vit-stream.hsaco,decoder_project2x_h16w_byteout,False,5978,6001,23,32788,32904,64,64,34,28,0,0,0,0,32,32,56,56
gfx1201,vit-stream.hsaco,reuse_decide,False,396,398,2,2020,2028,14,14,17,17,0,0,0,0,32,32,60,60
gfx1201,vit-stream.hsaco,reuse_finish,False,646,655,9,3864,3900,11,11,27,27,0,0,0,0,32,32,84,84
gfx1201,vit-stream.hsaco,reuse_image_commit,False,161,168,7,968,996,5,5,8,8,0,0,0,0,32,32,28,28
gfx1201,vit-stream.hsaco,reuse_image_stats,False,250,248,-2,1360,1348,14,13,22,22,0,0,0,0,32,32,48,48
gfx1201,vit-stream.hsaco,reuse_token_stats,False,218,218,0,1180,1180,14,13,17,17,0,0,0,0,32,32,48,48
gfx1201,vit-stream.hsaco,split_contract,False,198,193,-5,1156,1140,33,32,12,12,0,0,0,0,32,32,28,28
gfx1201,vit-stream.hsaco,split_contract_fp8,False,202,203,1,1176,1196,31,30,12,12,0,0,0,0,32,32,28,28
gfx1201,vit-stream.hsaco,split_expand,False,238,237,-1,1452,1464,33,32,12,12,0,0,0,0,32,32,28,28
gfx1201,vit-stream.hsaco,split_expand_fp8,False,254,243,-11,1556,1528,33,32,12,12,0,0,0,0,32,32,28,28
gfx1201,vit-stream.hsaco,split_ffn_fused,False,1078,510,-568,6560,2992,60,73,15,25,4160,4160,0,0,32,32,28,28
gfx1201,vit-stream.hsaco,split_ffn_fused_fp8,False,855,498,-357,5580,3236,102,95,11,15,4160,4160,0,0,32,32,28,28
gfx1201,vit-stream.hsaco,split_ffn_fused_fp8_mix,False,980,628,-352,6280,4004,103,93,13,14,6464,6464,0,0,32,32,28,28
gfx1201,vit-stream.hsaco,split_ffn_fused_fp8_t8,False,919,568,-351,6140,3764,111,95,14,18,4160,4160,0,0,32,32,36,36
gfx1201,vit-stream.hsaco,split_mix,False,200,200,0,1160,1160,35,35,11,11,0,0,0,0,32,32,28,28
gfx1201,vit-stream.hsaco,split_mix_blocked,False,514,278,-236,3084,1672,80,80,11,12,0,0,0,0,32,32,28,28
gfx1201,vit-stream.hsaco,split_mix_blocked_h16w,False,497,263,-234,3032,1628,91,90,11,12,0,0,0,0,32,32,28,28
gfx1201,vit-stream.hsaco,split_projection,False,245,240,-5,1500,1488,32,32,12,12,0,0,0,0,32,32,36,36
gfx1201,vit-stream.hsaco,split_projection_blocked,False,667,445,-222,4048,2744,68,70,12,14,0,0,0,0,32,32,36,36
gfx1201,vit-stream.hsaco,split_projection_blocked_t8,False,878,527,-351,5528,3340,74,91,16,17,0,0,0,0,32,32,44,44
gfx1201,vit-stream.hsaco,split_projection_frag,False,859,529,-330,5348,3504,83,110,17,18,0,0,0,0,32,32,44,44
gfx1201,vit-stream.hsaco,vit_attention_av_fast,False,486,485,-1,3092,3064,48,48,17,17,0,0,0,0,32,32,48,48
gfx1201,vit-stream.hsaco,vit_attention_fused_256,False,1197,1238,41,7588,7912,91,91,16,16,1536,1536,0,0,32,32,32,32
gfx1201,vit-stream.hsaco,vit_attention_fused_256_bytein,False,938,969,31,5568,5776,75,75,17,17,1536,1536,0,0,32,32,32,32
gfx1201,vit-stream.hsaco,vit_attention_fused_256_bytein_bout,False,958,984,26,5732,5888,75,75,17,17,1536,1536,0,0,32,32,32,32
gfx1201,vit-stream.hsaco,vit_attention_fused_400,False,1197,1238,41,7588,7912,91,91,16,16,1536,1536,0,0,32,32,32,32
gfx1201,vit-stream.hsaco,vit_attention_fused_400_bytein,False,938,969,31,5568,5776,75,75,17,17,1536,1536,0,0,32,32,32,32
gfx1201,vit-stream.hsaco,vit_attention_fused_400_bytein_bout,False,958,984,26,5732,5888,75,75,17,17,1536,1536,0,0,32,32,32,32
gfx1201,vit-stream.hsaco,vit_attention_fused_640,False,1197,1238,41,7588,7912,91,91,16,16,1536,1536,0,0,32,32,32,32
gfx1201,vit-stream.hsaco,vit_attention_fused_640_bytein,False,938,969,31,5568,5776,75,75,17,17,1536,1536,0,0,32,32,32,32
gfx1201,vit-stream.hsaco,vit_attention_fused_640_bytein_bout,False,958,984,26,5732,5888,75,75,17,17,1536,1536,0,0,32,32,32,32
gfx1201,vit-stream.hsaco,vit_attention_inverse_fast,False,265,266,1,1584,1588,34,34,10,10,0,0,0,0,32,32,32,32
gfx1201,vit-stream.hsaco,vit_attention_scores_fast,False,771,772,1,4552,4556,66,66,13,13,0,0,0,0,32,32,32,32
gfx1201,vit-stream.hsaco,vit_contract_blocked_fp8,False,1830,1493,-337,12132,10144,235,237,26,26,0,0,0,0,32,32,56,56
gfx1201,vit-stream.hsaco,vit_contract_blocked_fp8_bstream,False,1872,1522,-350,12488,10252,234,237,26,26,0,0,0,0,32,32,56,56
gfx1201,vit-stream.hsaco,vit_contract_blocked_fp8_frag,False,1077,832,-245,7160,5732,205,207,12,14,0,0,0,0,32,32,56,56
gfx1201,vit-stream.hsaco,vit_contract_blocked_fp8_hstream,False,1862,1520,-342,12272,10192,235,237,26,26,0,0,0,0,32,32,56,56
gfx1201,vit-stream.hsaco,vit_contract_blocked_fp8_tiled,False,743,522,-221,4632,3288,104,109,21,16,0,0,0,0,32,32,56,56
gfx1201,vit-stream.hsaco,vit_contract_blocked_fp8_tiled_bstream,False,822,536,-286,5052,3356,103,109,21,16,0,0,0,0,32,32,56,56
gfx1201,vit-stream.hsaco,vit_contract_blocked_fp8_tiled_hstream,False,789,536,-253,4760,3308,103,109,21,16,0,0,0,0,32,32,56,56
gfx1201,vit-stream.hsaco,vit_contract_combine,False,96,97,1,556,560,14,14,11,11,0,0,0,0,32,32,48,48
gfx1201,vit-stream.hsaco,vit_contract_parts_blocked_fp8,False,312,198,-114,2032,1352,53,48,14,14,0,0,0,0,32,32,40,40
gfx1201,vit-stream.hsaco,vit_contract_parts_blocked_fp8_tiled,False,406,281,-125,2720,1968,71,70,16,14,0,0,0,0,32,32,40,40
gfx1201,vit-stream.hsaco,vit_contract_parts_fp8,False,157,159,2,864,876,23,23,14,14,0,0,0,0,32,32,40,40
gfx1201,vit-stream.hsaco,vit_expand,False,356,355,-1,2200,2200,32,32,14,14,0,0,0,0,32,32,48,48
gfx1201,vit-stream.hsaco,vit_expand_blocked_fp8,False,810,411,-399,5244,2628,69,84,14,16,0,0,0,0,32,32,48,48
gfx1201,vit-stream.hsaco,vit_expand_blocked_fp8_bytein,False,723,315,-408,4592,1944,55,84,14,16,0,0,0,0,32,32,48,48
gfx1201,vit-stream.hsaco,vit_expand_blocked_fp8_frag_bytein,False,1329,644,-685,8804,4216,77,92,23,23,0,0,0,0,32,32,48,48
gfx1201,vit-stream.hsaco,vit_expand_blocked_fp8_frag_bytein_m2,False,1335,1333,-2,8696,8696,86,84,22,23,0,0,0,0,32,32,48,48
gfx1201,vit-stream.hsaco,vit_expand_blocked_fp8_frag_bytein_m4,False,2595,2606,11,17012,17032,154,154,27,27,0,0,0,0,32,32,48,48
gfx1201,vit-stream.hsaco,vit_expand_blocked_fp8_frag_tiledin,False,711,336,-375,4572,2092,46,84,23,23,0,0,0,0,32,32,48,48
gfx1201,vit-stream.hsaco,vit_expand_blocked_fp8_tiled,False,883,480,-403,5804,3216,95,95,20,19,0,0,0,0,32,32,48,48
gfx1201,vit-stream.hsaco,vit_expand_blocked_fp8_tiled_bytein,False,782,409,-373,5132,2644,73,84,18,18,0,0,0,0,32,32,48,48
gfx1201,vit-stream.hsaco,vit_expand_blocked_fp8_tiled_bytein_m4,False,2668,2669,1,17556,17544,153,153,25,24,0,0,0,0,32,32,48,48
gfx1201,vit-stream.hsaco,vit_expand_fp8,False,351,350,-1,2156,2156,32,32,14,14,0,0,0,0,32,32,48,48
gfx1201,vit-stream.hsaco,vit_ffn_fused,False,1493,975,-518,9660,6552,151,189,14,15,16640,16640,0,0,32,32,56,56
gfx1201,vit-stream.hsaco,vit_pack_input,False,57,57,0,340,340,7,7,7,7,0,0,0,0,32,32,32,32
gfx1201,vit-stream.hsaco,vit_pack_input_tiled,False,57,57,0,352,352,10,10,7,7,0,0,0,0,32,32,32,32
gfx1201,vit-stream.hsaco,vit_project,False,1285,1284,-1,8192,8216,77,77,20,20,0,0,0,0,32,32,56,56
gfx1201,vit-stream.hsaco,vit_project_bytein_bout,False,586,597,11,4088,4136,98,98,14,14,0,0,0,0,32,32,56,56
gfx1201,vit-stream.hsaco,vit_project_bytein_bout_hskip,False,593,605,12,4128,4180,99,99,14,14,0,0,0,0,32,32,56,56
gfx1201,vit-stream.hsaco,vit_project_fp8,False,1310,1248,-62,8336,7992,90,90,20,19,0,0,0,0,32,32,56,56
gfx1201,vit-stream.hsaco,vit_project_frag,False,1850,1863,13,11692,11772,79,79,34,34,0,0,0,0,32,32,56,56
gfx1201,vit-stream.hsaco,vit_qkv_normalize,False,478,476,-2,2724,2716,31,31,18,18,0,0,0,0,32,32,40,40
gfx1201,vit-stream.hsaco,vit_qkv_project,False,215,221,6,1204,1228,32,32,14,14,0,0,0,0,32,32,40,40
gfx1201,vit-stream.hsaco,vit_qkv_project_blocked,False,266,223,-43,1604,1368,48,48,13,13,0,0,0,0,32,32,40,40
gfx1201,vit-stream.hsaco,vit_qkv_project_normalize_fused,False,848,942,94,4768,5240,51,50,22,18,2112,2112,0,0,32,32,40,40
gfx1201,vit-stream.hsaco,vit_qkv_project_normalize_fused_f16compact,False,853,947,94,4868,5312,60,58,22,22,2112,2112,0,0,32,32,40,40
gfx1201,vit-stream.hsaco,vit_qkv_project_normalize_fused_f16compact_fp8,False,777,759,-18,4516,4304,60,58,22,22,2112,2112,0,0,32,32,40,40
gfx1201,vit-stream.hsaco,vit_qkv_project_normalize_fused_f16compact_fp8_bytein,False,776,810,34,4488,4632,58,91,22,22,2112,2112,0,0,32,32,40,40
gfx1201,vit-stream.hsaco,vit_qkv_project_normalize_fused_f16compact_fp8_frag,False,766,757,-9,4440,4292,59,58,22,22,2112,2112,0,0,32,32,40,40
gfx1201,vit-stream.hsaco,vit_qkv_project_normalize_fused_f16compact_fp8_h16in,False,1164,1190,26,7860,7860,96,95,22,22,2112,2112,0,0,32,32,40,40
gfx1201,vit-stream.hsaco,vit_qkv_project_normalize_fused_f16compact_fp8_h16in_n4,False,1392,1395,3,8424,8172,192,192,22,22,4160,4160,0,0,32,32,40,40
gfx1201,vit-stream.hsaco,vit_qkv_project_normalize_fused_f16weight,False,854,949,95,4876,5324,60,58,22,22,2112,2112,0,0,32,32,40,40
gfx1201,vit-stream.hsaco,vit_stream_contract_frag_hout,False,1099,840,-259,7292,5764,205,207,12,14,0,0,0,0,32,32,56,56
gfx1201,vit-stream.hsaco,vit_stream_project_n64_b,False,745,766,21,4576,4768,120,134,13,12,0,0,0,0,32,32,56,56
gfx1201,vit-stream.hsaco,vit_stream_project_n64_bh,False,758,792,34,4688,4888,120,134,13,12,0,0,0,0,32,32,56,56
gfx1201,vit-stream.hsaco,vit_stream_project_n64_h,False,1648,826,-822,11620,5064,160,114,14,25,0,0,0,0,32,32,56,56
gfx1201,vit-stream.hsaco,vit_stream_qkv_frag_hin,False,775,779,4,4608,4504,96,94,22,18,2112,2112,0,0,32,32,40,40
gfx1201,vit-wide-deep.hsaco,decoder_project2x,False,587,602,15,3168,3228,40,40,25,25,0,0,0,0,32,32,56,56
gfx1201,vit-wide-deep.hsaco,decoder_project2x_h16w,False,5940,5964,24,32664,32780,64,64,34,30,0,0,0,0,32,32,56,56
gfx1201,vit-wide-deep.hsaco,decoder_project2x_h16w_byteout,False,5978,6001,23,32788,32904,64,64,34,28,0,0,0,0,32,32,56,56
gfx1201,vit-wide-deep.hsaco,reuse_decide,False,396,398,2,2020,2028,14,14,17,17,0,0,0,0,32,32,60,60
gfx1201,vit-wide-deep.hsaco,reuse_finish,False,646,655,9,3864,3900,11,11,27,27,0,0,0,0,32,32,84,84
gfx1201,vit-wide-deep.hsaco,reuse_image_commit,False,161,168,7,968,996,5,5,8,8,0,0,0,0,32,32,28,28
gfx1201,vit-wide-deep.hsaco,reuse_image_stats,False,250,248,-2,1360,1348,14,13,22,22,0,0,0,0,32,32,48,48
gfx1201,vit-wide-deep.hsaco,reuse_token_stats,False,218,218,0,1180,1180,14,13,17,17,0,0,0,0,32,32,48,48
gfx1201,vit-wide-deep.hsaco,split_contract,False,198,193,-5,1156,1140,33,32,12,12,0,0,0,0,32,32,28,28
gfx1201,vit-wide-deep.hsaco,split_contract_fp8,False,202,203,1,1176,1196,31,30,12,12,0,0,0,0,32,32,28,28
gfx1201,vit-wide-deep.hsaco,split_expand,False,238,237,-1,1452,1464,33,32,12,12,0,0,0,0,32,32,28,28
gfx1201,vit-wide-deep.hsaco,split_expand_fp8,False,254,243,-11,1556,1528,33,32,12,12,0,0,0,0,32,32,28,28
gfx1201,vit-wide-deep.hsaco,split_ffn_fused,False,1078,510,-568,6560,2992,60,73,15,25,4160,4160,0,0,32,32,28,28
gfx1201,vit-wide-deep.hsaco,split_ffn_fused_fp8,False,855,498,-357,5580,3236,102,95,11,15,4160,4160,0,0,32,32,28,28
gfx1201,vit-wide-deep.hsaco,split_ffn_fused_fp8_mix,False,980,628,-352,6280,4004,103,93,13,14,6464,6464,0,0,32,32,28,28
gfx1201,vit-wide-deep.hsaco,split_ffn_fused_fp8_t8,False,919,568,-351,6140,3764,111,95,14,18,4160,4160,0,0,32,32,36,36
gfx1201,vit-wide-deep.hsaco,split_mix,False,200,200,0,1160,1160,35,35,11,11,0,0,0,0,32,32,28,28
gfx1201,vit-wide-deep.hsaco,split_mix_blocked,False,514,278,-236,3084,1672,80,80,11,12,0,0,0,0,32,32,28,28
gfx1201,vit-wide-deep.hsaco,split_mix_blocked_h16w,False,497,263,-234,3032,1628,91,90,11,12,0,0,0,0,32,32,28,28
gfx1201,vit-wide-deep.hsaco,split_projection,False,245,240,-5,1500,1488,32,32,12,12,0,0,0,0,32,32,36,36
gfx1201,vit-wide-deep.hsaco,split_projection_blocked,False,667,445,-222,4048,2744,68,70,12,14,0,0,0,0,32,32,36,36
gfx1201,vit-wide-deep.hsaco,split_projection_blocked_t8,False,878,527,-351,5528,3340,74,91,16,17,0,0,0,0,32,32,44,44
gfx1201,vit-wide-deep.hsaco,split_projection_frag,False,859,529,-330,5348,3504,83,110,17,18,0,0,0,0,32,32,44,44
gfx1201,vit-wide-deep.hsaco,vit_attention_av_fast,False,486,485,-1,3092,3064,48,48,17,17,0,0,0,0,32,32,48,48
gfx1201,vit-wide-deep.hsaco,vit_attention_fused_256,False,1197,1238,41,7588,7912,91,91,16,16,1536,1536,0,0,32,32,32,32
gfx1201,vit-wide-deep.hsaco,vit_attention_fused_256_bytein,False,938,969,31,5568,5776,75,75,17,17,1536,1536,0,0,32,32,32,32
gfx1201,vit-wide-deep.hsaco,vit_attention_fused_256_bytein_bout,False,958,984,26,5732,5888,75,75,17,17,1536,1536,0,0,32,32,32,32
gfx1201,vit-wide-deep.hsaco,vit_attention_fused_400,False,1197,1238,41,7588,7912,91,91,16,16,1536,1536,0,0,32,32,32,32
gfx1201,vit-wide-deep.hsaco,vit_attention_fused_400_bytein,False,938,969,31,5568,5776,75,75,17,17,1536,1536,0,0,32,32,32,32
gfx1201,vit-wide-deep.hsaco,vit_attention_fused_400_bytein_bout,False,958,984,26,5732,5888,75,75,17,17,1536,1536,0,0,32,32,32,32
gfx1201,vit-wide-deep.hsaco,vit_attention_fused_640,False,1197,1238,41,7588,7912,91,91,16,16,1536,1536,0,0,32,32,32,32
gfx1201,vit-wide-deep.hsaco,vit_attention_fused_640_bytein,False,938,969,31,5568,5776,75,75,17,17,1536,1536,0,0,32,32,32,32
gfx1201,vit-wide-deep.hsaco,vit_attention_fused_640_bytein_bout,False,958,984,26,5732,5888,75,75,17,17,1536,1536,0,0,32,32,32,32
gfx1201,vit-wide-deep.hsaco,vit_attention_inverse_fast,False,265,266,1,1584,1588,34,34,10,10,0,0,0,0,32,32,32,32
gfx1201,vit-wide-deep.hsaco,vit_attention_scores_fast,False,771,772,1,4552,4556,66,66,13,13,0,0,0,0,32,32,32,32
gfx1201,vit-wide-deep.hsaco,vit_contract_blocked_fp8,False,1830,1493,-337,12132,10144,235,237,26,26,0,0,0,0,32,32,56,56
gfx1201,vit-wide-deep.hsaco,vit_contract_blocked_fp8_bstream,False,1872,1522,-350,12488,10252,234,237,26,26,0,0,0,0,32,32,56,56
gfx1201,vit-wide-deep.hsaco,vit_contract_blocked_fp8_frag,False,1077,832,-245,7160,5732,205,207,12,14,0,0,0,0,32,32,56,56
gfx1201,vit-wide-deep.hsaco,vit_contract_blocked_fp8_hstream,False,1862,1520,-342,12272,10192,235,237,26,26,0,0,0,0,32,32,56,56
gfx1201,vit-wide-deep.hsaco,vit_contract_blocked_fp8_tiled,False,743,522,-221,4632,3288,104,109,21,16,0,0,0,0,32,32,56,56
gfx1201,vit-wide-deep.hsaco,vit_contract_blocked_fp8_tiled_bstream,False,822,536,-286,5052,3356,103,109,21,16,0,0,0,0,32,32,56,56
gfx1201,vit-wide-deep.hsaco,vit_contract_blocked_fp8_tiled_hstream,False,789,536,-253,4760,3308,103,109,21,16,0,0,0,0,32,32,56,56
gfx1201,vit-wide-deep.hsaco,vit_contract_combine,False,96,97,1,556,560,14,14,11,11,0,0,0,0,32,32,48,48
gfx1201,vit-wide-deep.hsaco,vit_contract_parts_blocked_fp8,False,312,198,-114,2032,1352,53,48,14,14,0,0,0,0,32,32,40,40
gfx1201,vit-wide-deep.hsaco,vit_contract_parts_blocked_fp8_tiled,False,406,281,-125,2720,1968,71,70,16,14,0,0,0,0,32,32,40,40
gfx1201,vit-wide-deep.hsaco,vit_contract_parts_fp8,False,157,159,2,864,876,23,23,14,14,0,0,0,0,32,32,40,40
gfx1201,vit-wide-deep.hsaco,vit_expand,False,356,355,-1,2200,2200,32,32,14,14,0,0,0,0,32,32,48,48
gfx1201,vit-wide-deep.hsaco,vit_expand_blocked_fp8,False,810,411,-399,5244,2628,69,84,14,16,0,0,0,0,32,32,48,48
gfx1201,vit-wide-deep.hsaco,vit_expand_blocked_fp8_bytein,False,723,315,-408,4592,1944,55,84,14,16,0,0,0,0,32,32,48,48
gfx1201,vit-wide-deep.hsaco,vit_expand_blocked_fp8_frag_bytein,False,1329,644,-685,8804,4216,77,92,23,23,0,0,0,0,32,32,48,48
gfx1201,vit-wide-deep.hsaco,vit_expand_blocked_fp8_frag_bytein_m2,False,1335,1333,-2,8696,8696,86,84,22,23,0,0,0,0,32,32,48,48
gfx1201,vit-wide-deep.hsaco,vit_expand_blocked_fp8_frag_bytein_m4,False,2595,2606,11,17012,17032,154,154,27,27,0,0,0,0,32,32,48,48
gfx1201,vit-wide-deep.hsaco,vit_expand_blocked_fp8_frag_tiledin,False,711,336,-375,4572,2092,46,84,23,23,0,0,0,0,32,32,48,48
gfx1201,vit-wide-deep.hsaco,vit_expand_blocked_fp8_tiled,False,883,480,-403,5804,3216,95,95,20,19,0,0,0,0,32,32,48,48
gfx1201,vit-wide-deep.hsaco,vit_expand_blocked_fp8_tiled_bytein,False,782,409,-373,5132,2644,73,84,18,18,0,0,0,0,32,32,48,48
gfx1201,vit-wide-deep.hsaco,vit_expand_blocked_fp8_tiled_bytein_m4,False,2668,2669,1,17556,17544,153,153,25,24,0,0,0,0,32,32,48,48
gfx1201,vit-wide-deep.hsaco,vit_expand_fp8,False,351,350,-1,2156,2156,32,32,14,14,0,0,0,0,32,32,48,48
gfx1201,vit-wide-deep.hsaco,vit_ffn_fused,False,1493,975,-518,9660,6552,151,189,14,15,16640,16640,0,0,32,32,56,56
gfx1201,vit-wide-deep.hsaco,vit_pack_input,False,57,57,0,340,340,7,7,7,7,0,0,0,0,32,32,32,32
gfx1201,vit-wide-deep.hsaco,vit_pack_input_tiled,False,57,57,0,352,352,10,10,7,7,0,0,0,0,32,32,32,32
gfx1201,vit-wide-deep.hsaco,vit_project,False,1285,1284,-1,8192,8216,77,77,20,20,0,0,0,0,32,32,56,56
gfx1201,vit-wide-deep.hsaco,vit_project_bytein_bout,False,586,597,11,4088,4136,98,98,14,14,0,0,0,0,32,32,56,56
gfx1201,vit-wide-deep.hsaco,vit_project_bytein_bout_hskip,False,593,605,12,4128,4180,99,99,14,14,0,0,0,0,32,32,56,56
gfx1201,vit-wide-deep.hsaco,vit_project_fp8,False,1310,1248,-62,8336,7992,90,90,20,19,0,0,0,0,32,32,56,56
gfx1201,vit-wide-deep.hsaco,vit_project_frag,False,1850,1863,13,11692,11772,79,79,34,34,0,0,0,0,32,32,56,56
gfx1201,vit-wide-deep.hsaco,vit_project_frag_n64,False,1637,797,-840,11476,4892,160,114,14,25,0,0,0,0,32,32,56,56
gfx1201,vit-wide-deep.hsaco,vit_qkv_normalize,False,478,476,-2,2724,2716,31,31,18,18,0,0,0,0,32,32,40,40
gfx1201,vit-wide-deep.hsaco,vit_qkv_project,False,215,221,6,1204,1228,32,32,14,14,0,0,0,0,32,32,40,40
gfx1201,vit-wide-deep.hsaco,vit_qkv_project_blocked,False,266,223,-43,1604,1368,48,48,13,13,0,0,0,0,32,32,40,40
gfx1201,vit-wide-deep.hsaco,vit_qkv_project_normalize_fused,False,848,942,94,4768,5240,51,50,22,18,2112,2112,0,0,32,32,40,40
gfx1201,vit-wide-deep.hsaco,vit_qkv_project_normalize_fused_f16compact,False,853,947,94,4868,5312,60,58,22,22,2112,2112,0,0,32,32,40,40
gfx1201,vit-wide-deep.hsaco,vit_qkv_project_normalize_fused_f16compact_fp8,False,777,759,-18,4516,4304,60,58,22,22,2112,2112,0,0,32,32,40,40
gfx1201,vit-wide-deep.hsaco,vit_qkv_project_normalize_fused_f16compact_fp8_bytein,False,776,810,34,4488,4632,58,91,22,22,2112,2112,0,0,32,32,40,40
gfx1201,vit-wide-deep.hsaco,vit_qkv_project_normalize_fused_f16compact_fp8_frag,False,766,757,-9,4440,4292,59,58,22,22,2112,2112,0,0,32,32,40,40
gfx1201,vit-wide-deep.hsaco,vit_qkv_project_normalize_fused_f16compact_fp8_h16in,False,1164,1190,26,7860,7860,96,95,22,22,2112,2112,0,0,32,32,40,40
gfx1201,vit-wide-deep.hsaco,vit_qkv_project_normalize_fused_f16compact_fp8_h16in_n4,False,1392,1395,3,8424,8172,192,192,22,22,4160,4160,0,0,32,32,40,40
gfx1201,vit-wide-deep.hsaco,vit_qkv_project_normalize_fused_f16weight,False,854,949,95,4876,5324,60,58,22,22,2112,2112,0,0,32,32,40,40
gfx1201,wave-pointwise.hsaco,c32_attn_av,False,431,464,33,2668,2776,74,93,11,10,0,0,0,0,32,32,28,28
gfx1201,wave-pointwise.hsaco,c32_attn_normalize,False,439,440,1,2256,2260,31,31,26,26,0,0,0,0,32,32,28,28
gfx1201,wave-pointwise.hsaco,c32_attn_normalize_wave,False,714,716,2,3692,3700,16,16,18,18,0,0,0,0,32,32,28,28
gfx1201,wave-pointwise.hsaco,c32_attn_probabilities,False,331,333,2,1896,1904,37,37,10,10,0,0,0,0,32,32,20,20
gfx1201,wave-pointwise.hsaco,c32_attn_probabilities_wave,False,234,238,4,1304,1312,15,15,9,9,0,0,0,0,32,32,20,20
gfx1201,wave-pointwise.hsaco,c32_attn_project,False,219,227,8,1276,1300,71,71,12,12,0,0,0,0,32,32,40,40
gfx1201,wave-pointwise.hsaco,c32_attn_qkv,False,281,281,0,1512,1516,17,17,12,12,0,0,0,0,32,32,28,28
gfx1201,wave-pointwise.hsaco,c32_attn_scores,False,261,261,0,1428,1432,68,68,10,10,0,0,0,0,32,32,28,28
gfx1201,wave-pointwise.hsaco,c32_ffn_contract,False,203,213,10,1192,1232,71,71,12,12,0,0,0,0,32,32,40,40
gfx1201,wave-pointwise.hsaco,c32_ffn_expand,False,248,248,0,1380,1380,16,16,12,12,0,0,0,0,32,32,28,28
gfx1201,wave-pointwise.hsaco,c32_finish,False,255,258,3,1380,1392,16,16,14,14,0,0,0,0,32,32,32,32
gfx1201,wave-pointwise.hsaco,mh_normalize_wave,False,769,774,5,3956,3972,16,16,19,19,0,0,0,0,32,32,32,32
gfx1201,wave-pointwise.hsaco,mh_probabilities_wave,False,236,240,4,1312,1320,15,15,9,9,0,0,0,0,32,32,24,24
gfx1200,boundary-fast.hsaco,c32_fast_av,False,387,389,2,2376,2384,46,46,15,15,0,0,0,0,32,32,28,28
gfx1200,boundary-fast.hsaco,c32_fast_normalize,False,496,499,3,2796,2808,31,31,18,18,0,0,0,0,32,32,28,28
gfx1200,boundary-fast.hsaco,c32_fast_probabilities,False,528,473,-55,3032,2680,47,48,10,10,0,0,0,0,32,32,20,20
gfx1200,boundary-fast.hsaco,c32_fast_project,False,537,537,0,3340,3344,72,72,13,13,0,0,0,0,32,32,40,40
gfx1200,boundary-fast.hsaco,c32_fast_qkv,False,284,284,0,2092,2092,81,81,12,12,0,0,0,0,32,32,28,28
gfx1200,boundary-fast.hsaco,c32_fast_scores,False,790,791,1,4800,4804,66,66,13,13,0,0,0,0,32,32,28,28
gfx1200,boundary-fast.hsaco,c32_finish_crop_half,False,267,271,4,1356,1372,13,13,16,16,0,0,0,0,32,32,48,48
gfx1200,boundary-fast.hsaco,c32_finish_fast,False,203,206,3,1080,1092,13,13,12,12,0,0,0,0,32,32,32,32
gfx1200,boundary-fast.hsaco,c32_finish_fast_half,False,212,215,3,1112,1124,13,13,12,12,0,0,0,0,32,32,32,32
gfx1200,boundary-fast.hsaco,c32_finish_fast_half_main8,False,211,214,3,1124,1136,14,14,12,12,0,0,0,0,32,32,32,32
gfx1200,boundary-fast.hsaco,hip_post_head_fast,False,191,200,9,1096,1128,70,69,12,12,0,0,0,0,32,32,56,56
gfx1200,boundary-fast.hsaco,hip_post_head_fast_half,False,252,252,0,1300,1300,53,53,12,12,0,0,0,0,32,32,56,56
gfx1200,boundary-fast.hsaco,hip_post_merge_fast,False,86,87,1,456,460,7,7,12,12,0,0,0,0,32,32,40,40
gfx1200,boundary-fast.hsaco,hip_post_merge_fast_skip8,False,85,86,1,440,444,7,7,14,14,0,0,0,0,32,32,40,40
gfx1200,boundary_reference.hsaco,hip_c32_pack,False,92,92,0,468,468,7,7,14,14,0,0,0,0,32,32,40,40
gfx1200,boundary_reference.hsaco,hip_crop,False,122,123,1,596,600,8,8,13,13,0,0,0,0,32,32,44,44
gfx1200,boundary_reference.hsaco,hip_input_reflect,False,179,179,0,920,928,9,9,14,14,0,0,0,0,32,32,40,40
gfx1200,boundary_reference.hsaco,hip_post_head_exact,False,913,910,-3,5056,5036,27,27,17,17,0,0,0,0,32,32,56,56
gfx1200,boundary_reference.hsaco,hip_post_merge,False,86,87,1,456,460,7,7,12,12,0,0,0,0,32,32,40,40
gfx1200,c32-wave1.hsaco,c32_fast_ffn_attention_fused,False,2286,3041,755,16100,19752,169,184,15,15,15360,15360,0,0,32,32,44,44
gfx1200,c32-wave1.hsaco,c32_fast_ffn_attention_fused_half,False,2742,3234,492,18816,20872,169,184,15,15,15360,15360,0,0,32,32,44,44
gfx1200,c32-wave1.hsaco,c32_fast_ffn_attention_fused_half_chain,False,3352,3822,470,21464,23496,151,189,32,30,15360,15360,0,0,32,32,72,72
gfx1200,c32-wave1.hsaco,c32_fast_ffn_attention_fused_half_chain_finish,False,3528,3856,328,22040,24468,153,194,38,38,15360,15360,0,0,32,32,80,80
gfx1200,c32-wave1.hsaco,c32_fast_ffn_attention_fused_half_chain_finish_dcrop,False,3633,3954,321,22524,24912,153,194,39,39,15360,15360,0,0,32,32,80,80
gfx1200,c32-wave1.hsaco,c32_fast_ffn_attention_fused_half_finish_main8,False,2912,3251,339,19576,21808,172,195,29,29,15360,15360,0,0,32,32,60,60
gfx1200,c32-wave1.hsaco,c32_fast_ffn_attention_fused_half_mapped,False,2929,3385,456,19648,21540,169,184,18,18,15360,15360,0,0,32,32,60,60
gfx1200,c32-wave1.hsaco,c32_fast_ffn_attention_fused_half_prefix_finish_main8,False,3202,3558,356,20752,23308,152,193,29,29,15360,15360,0,0,32,32,76,76
gfx1200,c32-wave1.hsaco,c32_post_merge_fused_half,False,2462,3132,670,16904,20340,153,189,14,16,15360,15360,0,0,32,32,68,68
gfx1200,c32-wave1.hsaco,c32_post_merge_head_half,False,2691,2963,272,17800,19788,158,193,86,86,15360,15360,0,0,32,32,88,88
gfx1200,c32-wave1.hsaco,c32_wave1_chain,False,1050,1045,-5,7148,7144,134,134,26,26,4096,4096,0,0,32,32,72,72
gfx1200,c32-wave1.hsaco,c32_wave1_finish,False,2527,2529,2,14984,14988,131,131,30,30,4096,4096,0,0,32,32,80,80
gfx1200,c32-wave1.hsaco,c32_wave1_finish_dcrop,False,2019,2002,-17,12176,12096,131,131,30,30,4096,4096,0,0,32,32,80,80
gfx1200,c32-wave1.hsaco,c32_wave1_mapped,False,1106,1097,-9,7536,7504,133,133,25,24,4096,4096,0,0,32,32,60,60
gfx1200,c32-wave1.hsaco,c32_wave1_post,False,1614,1598,-16,10304,10224,132,132,37,38,4096,4096,0,0,32,32,88,88
gfx1200,c32-wave1.hsaco,c32_wave1_prefix,False,1968,1965,-3,12252,12248,129,129,32,32,4096,4096,0,0,32,32,76,76
gfx1200,c32-wave1.hsaco,c32_wave1_up,False,1819,1818,-1,11716,11660,154,150,26,26,4096,4096,0,0,32,32,68,68
gfx1200,c32_fast.hsaco,c32_ffn_contract_fast,False,2103,2123,20,11552,11632,39,39,25,25,3072,3072,0,0,32,32,40,40
gfx1200,c32_fast.hsaco,c32_ffn_contract_fast_map3,False,2627,2647,20,14484,14564,33,33,20,20,3072,3072,0,0,32,32,40,40
gfx1200,c32_fast.hsaco,c32_ffn_expand_fast,False,759,765,6,4332,4356,20,20,13,13,4096,4096,0,0,32,32,28,28
gfx1200,c32_fast_attention.hsaco,c32_fast_av,False,387,389,2,2376,2384,46,46,15,15,0,0,0,0,32,32,28,28
gfx1200,c32_fast_attention.hsaco,c32_fast_normalize,False,496,499,3,2796,2808,31,31,18,18,0,0,0,0,32,32,28,28
gfx1200,c32_fast_attention.hsaco,c32_fast_probabilities,False,528,473,-55,3032,2680,47,48,10,10,0,0,0,0,32,32,20,20
gfx1200,c32_fast_attention.hsaco,c32_fast_project,False,537,537,0,3340,3344,72,72,13,13,0,0,0,0,32,32,40,40
gfx1200,c32_fast_attention.hsaco,c32_fast_qkv,False,284,284,0,2092,2092,81,81,12,12,0,0,0,0,32,32,28,28
gfx1200,c32_fast_attention.hsaco,c32_fast_scores,False,790,791,1,4800,4804,66,66,13,13,0,0,0,0,32,32,28,28
gfx1200,c32_fused_attention.hsaco,c32_fast_attention_fused,False,5569,5587,18,34976,34312,122,101,17,18,15360,15360,0,0,32,32,32,32
gfx1200,c32_fused_ffn_attention-packed.hsaco,c32_fast_ffn_attention_fused,False,2286,3041,755,16100,19752,169,184,15,15,15360,15360,0,0,32,32,44,44
gfx1200,c32_fused_ffn_attention-packed.hsaco,c32_fast_ffn_attention_fused_half,False,2742,3234,492,18816,20872,169,184,15,15,15360,15360,0,0,32,32,44,44
gfx1200,c32_fused_ffn_attention-packed.hsaco,c32_fast_ffn_attention_fused_half_chain,False,3352,3822,470,21464,23496,151,189,32,30,15360,15360,0,0,32,32,72,72
gfx1200,c32_fused_ffn_attention-packed.hsaco,c32_fast_ffn_attention_fused_half_chain_finish,False,3528,3856,328,22040,24468,153,194,38,38,15360,15360,0,0,32,32,80,80
gfx1200,c32_fused_ffn_attention-packed.hsaco,c32_fast_ffn_attention_fused_half_chain_finish_dcrop,False,3633,3954,321,22524,24912,153,194,39,39,15360,15360,0,0,32,32,80,80
gfx1200,c32_fused_ffn_attention-packed.hsaco,c32_fast_ffn_attention_fused_half_finish_main8,False,2912,3251,339,19576,21808,172,195,29,29,15360,15360,0,0,32,32,60,60
gfx1200,c32_fused_ffn_attention-packed.hsaco,c32_fast_ffn_attention_fused_half_mapped,False,2929,3385,456,19648,21540,169,184,18,18,15360,15360,0,0,32,32,60,60
gfx1200,c32_fused_ffn_attention-packed.hsaco,c32_fast_ffn_attention_fused_half_prefix_finish_main8,False,3202,3558,356,20752,23308,152,193,29,29,15360,15360,0,0,32,32,76,76
gfx1200,c32_fused_ffn_attention-packed.hsaco,c32_post_merge_fused_half,False,2462,3132,670,16904,20340,153,189,14,16,15360,15360,0,0,32,32,68,68
gfx1200,c32_fused_ffn_attention-packed.hsaco,c32_post_merge_head_half,False,2691,2963,272,17800,19788,158,193,86,86,15360,15360,0,0,32,32,88,88
gfx1200,c32_fused_ffn_attention.hsaco,c32_fast_ffn_attention_fused,False,3102,3826,724,22936,26204,161,157,15,15,15360,15360,0,0,32,32,44,44
gfx1200,c32_fused_ffn_attention.hsaco,c32_fast_ffn_attention_fused_half,False,3579,4018,439,25744,27312,161,157,15,15,15360,15360,0,0,32,32,44,44
gfx1200,c32_fused_ffn_attention.hsaco,c32_fast_ffn_attention_fused_half_chain,False,4214,4579,365,28424,29756,160,140,32,30,15360,15360,0,0,32,32,72,72
gfx1200,c32_fused_ffn_attention.hsaco,c32_fast_ffn_attention_fused_half_chain_finish,False,4384,5101,717,29052,32568,162,140,38,38,15360,15360,0,0,32,32,80,80
gfx1200,c32_fused_ffn_attention.hsaco,c32_fast_ffn_attention_fused_half_chain_finish_dcrop,False,4489,5199,710,29536,33012,162,140,39,39,15360,15360,0,0,32,32,80,80
gfx1200,c32_fused_ffn_attention.hsaco,c32_fast_ffn_attention_fused_half_finish_main8,False,3749,4495,746,26536,30048,163,159,29,29,15360,15360,0,0,32,32,60,60
gfx1200,c32_fused_ffn_attention.hsaco,c32_fast_ffn_attention_fused_half_mapped,False,3738,4175,437,26540,27988,162,157,18,18,15360,15360,0,0,32,32,60,60
gfx1200,c32_fused_ffn_attention.hsaco,c32_fast_ffn_attention_fused_half_prefix_finish_main8,False,4078,4784,706,27776,31356,160,139,29,29,15360,15360,0,0,32,32,76,76
gfx1200,c32_fused_ffn_attention.hsaco,c32_post_merge_fused_half,False,3147,3787,640,22740,25612,163,140,14,18,15360,15360,0,0,32,32,68,68
gfx1200,c32_fused_ffn_attention.hsaco,c32_post_merge_head_half,False,3351,4110,759,23508,27016,165,142,86,86,15360,15360,0,0,32,32,88,88
gfx1200,c32_prefix_reference.hsaco,c32_attn_av,False,431,464,33,2668,2776,74,93,11,10,0,0,0,0,32,32,28,28
gfx1200,c32_prefix_reference.hsaco,c32_attn_normalize,False,439,440,1,2256,2260,31,31,26,26,0,0,0,0,32,32,28,28
gfx1200,c32_prefix_reference.hsaco,c32_attn_probabilities,False,331,333,2,1896,1904,37,37,10,10,0,0,0,0,32,32,20,20
gfx1200,c32_prefix_reference.hsaco,c32_attn_project,False,219,227,8,1276,1300,71,71,12,12,0,0,0,0,32,32,40,40
gfx1200,c32_prefix_reference.hsaco,c32_attn_qkv,False,281,281,0,1512,1516,17,17,12,12,0,0,0,0,32,32,28,28
gfx1200,c32_prefix_reference.hsaco,c32_attn_scores,False,261,261,0,1428,1432,68,68,10,10,0,0,0,0,32,32,28,28
gfx1200,c32_prefix_reference.hsaco,c32_ffn_contract,False,203,213,10,1192,1232,71,71,12,12,0,0,0,0,32,32,40,40
gfx1200,c32_prefix_reference.hsaco,c32_ffn_expand,False,248,248,0,1380,1380,16,16,12,12,0,0,0,0,32,32,28,28
gfx1200,c32_prefix_reference.hsaco,c32_finish,False,255,258,3,1380,1392,16,16,14,14,0,0,0,0,32,32,32,32
gfx1200,c32_prefix_reference.hsaco,dlss5_prefix_reference,False,622,615,-7,3272,3256,41,40,18,18,0,0,0,0,32,32,64,64
gfx1200,c32_tiled.hsaco,c32_attn_project_tiled,False,1077,1086,9,5956,5992,22,22,17,17,3072,3072,0,0,32,32,40,40
gfx1200,c32_tiled.hsaco,c32_attn_qkv_tiled,False,799,800,1,4364,4368,20,20,15,15,3072,3072,0,0,32,32,28,28
gfx1200,c32_tiled.hsaco,c32_ffn_contract_tiled,False,1281,1302,21,7220,7308,46,46,25,25,3072,3072,0,0,32,32,40,40
gfx1200,c32_tiled.hsaco,c32_ffn_expand_tiled,False,837,835,-2,4648,4640,20,20,13,13,4096,4096,0,0,32,32,28,28
gfx1200,c32_wmma.hsaco,c32_attn_av_wmma,False,1165,1129,-36,7336,7120,94,94,14,13,0,0,0,0,32,32,28,28
gfx1200,c32_wmma.hsaco,c32_attn_project_wmma,False,1024,1025,1,6036,6040,71,71,13,13,0,0,0,0,32,32,40,40
gfx1200,c32_wmma.hsaco,c32_attn_qkv_wmma,False,835,840,5,4956,4972,68,68,14,14,0,0,0,0,32,32,28,28
gfx1200,c32_wmma.hsaco,c32_attn_scores_wmma,False,1319,1326,7,7552,7580,69,69,13,13,0,0,0,0,32,32,28,28
gfx1200,c32_wmma.hsaco,c32_ffn_contract_wmma,False,2712,2740,28,16852,16964,51,51,23,23,0,0,0,0,32,32,40,40
gfx1200,c32_wmma.hsaco,c32_ffn_expand_wmma,False,2087,2087,0,12064,12064,33,33,18,18,0,0,0,0,32,32,28,28
gfx1200,c512-m32-deep.hsaco,decoder_project2x,False,587,602,15,3168,3228,40,40,25,25,0,0,0,0,32,32,56,56
gfx1200,c512-m32-deep.hsaco,decoder_project2x_h16w,False,5940,5964,24,32664,32780,64,64,34,30,0,0,0,0,32,32,56,56
gfx1200,c512-m32-deep.hsaco,decoder_project2x_h16w_byteout,False,5978,6001,23,32788,32904,64,64,34,28,0,0,0,0,32,32,56,56
gfx1200,c512-m32-deep.hsaco,reuse_decide,False,396,398,2,2020,2028,14,14,17,17,0,0,0,0,32,32,60,60
gfx1200,c512-m32-deep.hsaco,reuse_finish,False,646,655,9,3864,3900,11,11,27,27,0,0,0,0,32,32,84,84
gfx1200,c512-m32-deep.hsaco,reuse_image_commit,False,161,168,7,968,996,5,5,8,8,0,0,0,0,32,32,28,28
gfx1200,c512-m32-deep.hsaco,reuse_image_stats,False,250,248,-2,1360,1348,14,13,22,22,0,0,0,0,32,32,48,48
gfx1200,c512-m32-deep.hsaco,reuse_token_stats,False,218,218,0,1180,1180,14,13,17,17,0,0,0,0,32,32,48,48
gfx1200,c512-m32-deep.hsaco,split_contract,False,198,193,-5,1156,1140,33,32,12,12,0,0,0,0,32,32,28,28
gfx1200,c512-m32-deep.hsaco,split_contract_fp8,False,202,203,1,1176,1196,31,30,12,12,0,0,0,0,32,32,28,28
gfx1200,c512-m32-deep.hsaco,split_expand,False,238,237,-1,1452,1464,33,32,12,12,0,0,0,0,32,32,28,28
gfx1200,c512-m32-deep.hsaco,split_expand_fp8,False,254,243,-11,1556,1528,33,32,12,12,0,0,0,0,32,32,28,28
gfx1200,c512-m32-deep.hsaco,split_ffn_fused,False,1078,510,-568,6560,2992,60,73,15,25,4160,4160,0,0,32,32,28,28
gfx1200,c512-m32-deep.hsaco,split_ffn_fused_fp8,False,855,498,-357,5580,3236,102,95,11,15,4160,4160,0,0,32,32,28,28
gfx1200,c512-m32-deep.hsaco,split_ffn_fused_fp8_mix,False,980,628,-352,6280,4004,103,93,13,14,6464,6464,0,0,32,32,28,28
gfx1200,c512-m32-deep.hsaco,split_ffn_fused_fp8_t8,False,919,568,-351,6140,3764,111,95,14,18,4160,4160,0,0,32,32,36,36
gfx1200,c512-m32-deep.hsaco,split_mix,False,200,200,0,1160,1160,35,35,11,11,0,0,0,0,32,32,28,28
gfx1200,c512-m32-deep.hsaco,split_mix_blocked,False,514,278,-236,3084,1672,80,80,11,12,0,0,0,0,32,32,28,28
gfx1200,c512-m32-deep.hsaco,split_mix_blocked_h16w,False,497,263,-234,3032,1628,91,90,11,12,0,0,0,0,32,32,28,28
gfx1200,c512-m32-deep.hsaco,split_mix_blocked_h16w_m32,False,1047,403,-644,6548,2524,96,96,13,18,0,0,0,0,32,32,28,28
gfx1200,c512-m32-deep.hsaco,split_projection,False,245,240,-5,1500,1488,32,32,12,12,0,0,0,0,32,32,36,36
gfx1200,c512-m32-deep.hsaco,split_projection_blocked,False,667,445,-222,4048,2744,68,70,12,14,0,0,0,0,32,32,36,36
gfx1200,c512-m32-deep.hsaco,split_projection_blocked_t8,False,878,527,-351,5528,3340,74,91,16,17,0,0,0,0,32,32,44,44
gfx1200,c512-m32-deep.hsaco,split_projection_frag,False,859,529,-330,5348,3504,83,110,17,18,0,0,0,0,32,32,44,44
gfx1200,c512-m32-deep.hsaco,vit_attention_av_fast,False,486,485,-1,3092,3064,48,48,17,17,0,0,0,0,32,32,48,48
gfx1200,c512-m32-deep.hsaco,vit_attention_fused_256,False,1197,1238,41,7588,7912,91,91,16,16,1536,1536,0,0,32,32,32,32
gfx1200,c512-m32-deep.hsaco,vit_attention_fused_256_bytein,False,938,969,31,5568,5776,75,75,17,17,1536,1536,0,0,32,32,32,32
gfx1200,c512-m32-deep.hsaco,vit_attention_fused_256_bytein_bout,False,958,984,26,5732,5888,75,75,17,17,1536,1536,0,0,32,32,32,32
gfx1200,c512-m32-deep.hsaco,vit_attention_fused_400,False,1197,1238,41,7588,7912,91,91,16,16,1536,1536,0,0,32,32,32,32
gfx1200,c512-m32-deep.hsaco,vit_attention_fused_400_bytein,False,938,969,31,5568,5776,75,75,17,17,1536,1536,0,0,32,32,32,32
gfx1200,c512-m32-deep.hsaco,vit_attention_fused_400_bytein_bout,False,958,984,26,5732,5888,75,75,17,17,1536,1536,0,0,32,32,32,32
gfx1200,c512-m32-deep.hsaco,vit_attention_fused_640,False,1197,1238,41,7588,7912,91,91,16,16,1536,1536,0,0,32,32,32,32
gfx1200,c512-m32-deep.hsaco,vit_attention_fused_640_bytein,False,938,969,31,5568,5776,75,75,17,17,1536,1536,0,0,32,32,32,32
gfx1200,c512-m32-deep.hsaco,vit_attention_fused_640_bytein_bout,False,958,984,26,5732,5888,75,75,17,17,1536,1536,0,0,32,32,32,32
gfx1200,c512-m32-deep.hsaco,vit_attention_inverse_fast,False,265,266,1,1584,1588,34,34,10,10,0,0,0,0,32,32,32,32
gfx1200,c512-m32-deep.hsaco,vit_attention_scores_fast,False,771,772,1,4552,4556,66,66,13,13,0,0,0,0,32,32,32,32
gfx1200,c512-m32-deep.hsaco,vit_contract_blocked_fp8,False,1830,1493,-337,12132,10144,235,237,26,26,0,0,0,0,32,32,56,56
gfx1200,c512-m32-deep.hsaco,vit_contract_blocked_fp8_bstream,False,1872,1522,-350,12488,10252,234,237,26,26,0,0,0,0,32,32,56,56
gfx1200,c512-m32-deep.hsaco,vit_contract_blocked_fp8_frag,False,1077,832,-245,7160,5732,205,207,12,14,0,0,0,0,32,32,56,56
gfx1200,c512-m32-deep.hsaco,vit_contract_blocked_fp8_hstream,False,1862,1520,-342,12272,10192,235,237,26,26,0,0,0,0,32,32,56,56
gfx1200,c512-m32-deep.hsaco,vit_contract_blocked_fp8_tiled,False,743,522,-221,4632,3288,104,109,21,16,0,0,0,0,32,32,56,56
gfx1200,c512-m32-deep.hsaco,vit_contract_blocked_fp8_tiled_bstream,False,822,536,-286,5052,3356,103,109,21,16,0,0,0,0,32,32,56,56
gfx1200,c512-m32-deep.hsaco,vit_contract_blocked_fp8_tiled_hstream,False,789,536,-253,4760,3308,103,109,21,16,0,0,0,0,32,32,56,56
gfx1200,c512-m32-deep.hsaco,vit_contract_combine,False,96,97,1,556,560,14,14,11,11,0,0,0,0,32,32,48,48
gfx1200,c512-m32-deep.hsaco,vit_contract_parts_blocked_fp8,False,312,198,-114,2032,1352,53,48,14,14,0,0,0,0,32,32,40,40
gfx1200,c512-m32-deep.hsaco,vit_contract_parts_blocked_fp8_tiled,False,406,281,-125,2720,1968,71,70,16,14,0,0,0,0,32,32,40,40
gfx1200,c512-m32-deep.hsaco,vit_contract_parts_fp8,False,157,159,2,864,876,23,23,14,14,0,0,0,0,32,32,40,40
gfx1200,c512-m32-deep.hsaco,vit_expand,False,356,355,-1,2200,2200,32,32,14,14,0,0,0,0,32,32,48,48
gfx1200,c512-m32-deep.hsaco,vit_expand_blocked_fp8,False,810,411,-399,5244,2628,69,84,14,16,0,0,0,0,32,32,48,48
gfx1200,c512-m32-deep.hsaco,vit_expand_blocked_fp8_bytein,False,723,315,-408,4592,1944,55,84,14,16,0,0,0,0,32,32,48,48
gfx1200,c512-m32-deep.hsaco,vit_expand_blocked_fp8_frag_bytein,False,1329,644,-685,8804,4216,77,92,23,23,0,0,0,0,32,32,48,48
gfx1200,c512-m32-deep.hsaco,vit_expand_blocked_fp8_frag_bytein_m2,False,1335,1333,-2,8696,8696,86,84,22,23,0,0,0,0,32,32,48,48
gfx1200,c512-m32-deep.hsaco,vit_expand_blocked_fp8_frag_bytein_m4,False,2595,2606,11,17012,17032,154,154,27,27,0,0,0,0,32,32,48,48
gfx1200,c512-m32-deep.hsaco,vit_expand_blocked_fp8_frag_tiledin,False,711,336,-375,4572,2092,46,84,23,23,0,0,0,0,32,32,48,48
gfx1200,c512-m32-deep.hsaco,vit_expand_blocked_fp8_tiled,False,883,480,-403,5804,3216,95,95,20,19,0,0,0,0,32,32,48,48
gfx1200,c512-m32-deep.hsaco,vit_expand_blocked_fp8_tiled_bytein,False,782,409,-373,5132,2644,73,84,18,18,0,0,0,0,32,32,48,48
gfx1200,c512-m32-deep.hsaco,vit_expand_blocked_fp8_tiled_bytein_m4,False,2668,2669,1,17556,17544,153,153,25,24,0,0,0,0,32,32,48,48
gfx1200,c512-m32-deep.hsaco,vit_expand_fp8,False,351,350,-1,2156,2156,32,32,14,14,0,0,0,0,32,32,48,48
gfx1200,c512-m32-deep.hsaco,vit_ffn_fused,False,1493,975,-518,9660,6552,151,189,14,15,16640,16640,0,0,32,32,56,56
gfx1200,c512-m32-deep.hsaco,vit_pack_input,False,57,57,0,340,340,7,7,7,7,0,0,0,0,32,32,32,32
gfx1200,c512-m32-deep.hsaco,vit_pack_input_tiled,False,57,57,0,352,352,10,10,7,7,0,0,0,0,32,32,32,32
gfx1200,c512-m32-deep.hsaco,vit_project,False,1285,1284,-1,8192,8216,77,77,20,20,0,0,0,0,32,32,56,56
gfx1200,c512-m32-deep.hsaco,vit_project_bytein_bout,False,586,597,11,4088,4136,98,98,14,14,0,0,0,0,32,32,56,56
gfx1200,c512-m32-deep.hsaco,vit_project_bytein_bout_hskip,False,593,605,12,4128,4180,99,99,14,14,0,0,0,0,32,32,56,56
gfx1200,c512-m32-deep.hsaco,vit_project_fp8,False,1310,1248,-62,8336,7992,90,90,20,19,0,0,0,0,32,32,56,56
gfx1200,c512-m32-deep.hsaco,vit_project_frag,False,1850,1863,13,11692,11772,79,79,34,34,0,0,0,0,32,32,56,56
gfx1200,c512-m32-deep.hsaco,vit_qkv_normalize,False,478,476,-2,2724,2716,31,31,18,18,0,0,0,0,32,32,40,40
gfx1200,c512-m32-deep.hsaco,vit_qkv_project,False,215,221,6,1204,1228,32,32,14,14,0,0,0,0,32,32,40,40
gfx1200,c512-m32-deep.hsaco,vit_qkv_project_blocked,False,266,223,-43,1604,1368,48,48,13,13,0,0,0,0,32,32,40,40
gfx1200,c512-m32-deep.hsaco,vit_qkv_project_normalize_fused,False,848,942,94,4768,5240,51,50,22,18,2112,2112,0,0,32,32,40,40
gfx1200,c512-m32-deep.hsaco,vit_qkv_project_normalize_fused_f16compact,False,853,947,94,4868,5312,60,58,22,22,2112,2112,0,0,32,32,40,40
gfx1200,c512-m32-deep.hsaco,vit_qkv_project_normalize_fused_f16compact_fp8,False,777,759,-18,4516,4304,60,58,22,22,2112,2112,0,0,32,32,40,40
gfx1200,c512-m32-deep.hsaco,vit_qkv_project_normalize_fused_f16compact_fp8_bytein,False,776,810,34,4488,4632,58,91,22,22,2112,2112,0,0,32,32,40,40
gfx1200,c512-m32-deep.hsaco,vit_qkv_project_normalize_fused_f16compact_fp8_frag,False,766,757,-9,4440,4292,59,58,22,22,2112,2112,0,0,32,32,40,40
gfx1200,c512-m32-deep.hsaco,vit_qkv_project_normalize_fused_f16compact_fp8_h16in,False,1164,1190,26,7860,7860,96,95,22,22,2112,2112,0,0,32,32,40,40
gfx1200,c512-m32-deep.hsaco,vit_qkv_project_normalize_fused_f16compact_fp8_h16in_n4,False,1392,1395,3,8424,8172,192,192,22,22,4160,4160,0,0,32,32,40,40
gfx1200,c512-m32-deep.hsaco,vit_qkv_project_normalize_fused_f16weight,False,854,949,95,4876,5324,60,58,22,22,2112,2112,0,0,32,32,40,40
gfx1200,c512-m32-mh.hsaco,c512_qkv_attention_compact,False,1812,1811,-1,11680,11644,141,143,30,24,6144,6144,0,0,32,32,48,48
gfx1200,c512-m32-mh.hsaco,c512_qkv_attention_fused,False,1760,2124,364,11596,14952,122,256,32,26,6144,6144,0,144,32,32,32,32
gfx1200,c512-m32-mh.hsaco,mh_attention_av_fast,False,444,435,-9,2472,2412,52,52,22,20,0,0,0,0,32,32,36,36
gfx1200,c512-m32-mh.hsaco,mh_attention_crop,False,2625,2660,35,13160,13304,33,33,36,36,4608,4608,0,0,32,32,64,64
gfx1200,c512-m32-mh.hsaco,mh_attention_project_fast_matrix,False,2102,2132,30,10684,10796,34,34,28,28,4608,4608,0,0,32,32,44,44
gfx1200,c512-m32-mh.hsaco,mh_attention_project_fast_matrix_fp8,False,2068,2098,30,10448,10560,34,34,28,28,4608,4608,0,0,32,32,44,44
gfx1200,c512-m32-mh.hsaco,mh_attention_project_fast_scalar,False,1412,1429,17,6984,7044,32,32,21,21,4608,4608,0,0,32,32,44,44
gfx1200,c512-m32-mh.hsaco,mh_attention_project_fast_scalar_fp8,False,1378,1395,17,6748,6808,33,33,21,21,4608,4608,0,0,32,32,44,44
gfx1200,c512-m32-mh.hsaco,mh_attention_project_frag_c512,False,1283,643,-640,6812,3364,80,79,28,30,0,0,0,0,32,32,60,60
gfx1200,c512-m32-mh.hsaco,mh_ffn_contract_fast,False,399,406,7,2192,2216,27,27,17,17,4608,4608,0,0,32,32,32,32
gfx1200,c512-m32-mh.hsaco,mh_ffn_contract_fast_fp8,False,383,389,6,2084,2104,28,28,17,17,4608,4608,0,0,32,32,32,32
gfx1200,c512-m32-mh.hsaco,mh_ffn_contract_fast_fp8_out,False,349,354,5,1900,1916,28,28,17,17,4608,4608,0,0,32,32,32,32
gfx1200,c512-m32-mh.hsaco,mh_ffn_contract_fast_pre,False,296,310,14,1564,1616,27,27,17,17,4608,4608,0,0,32,32,32,32
gfx1200,c512-m32-mh.hsaco,mh_ffn_contract_fast_rne,False,399,406,7,2192,2216,27,27,17,17,4608,4608,0,0,32,32,32,32
gfx1200,c512-m32-mh.hsaco,mh_ffn_contract_fast_rtz,False,399,406,7,2192,2216,27,27,17,17,4608,4608,0,0,32,32,32,32
gfx1200,c512-m32-mh.hsaco,mh_ffn_expand_fast,False,461,465,4,2632,2644,29,29,16,16,4608,4608,0,0,32,32,32,32
gfx1200,c512-m32-mh.hsaco,mh_ffn_expand_fast_fp8,False,425,433,8,2456,2480,29,29,16,16,4608,4608,0,0,32,32,32,32
gfx1200,c512-m32-mh.hsaco,mh_ffn_fused_c128,False,840,893,53,6012,6212,101,103,12,12,8256,8256,0,0,32,32,28,28
gfx1200,c512-m32-mh.hsaco,mh_ffn_fused_c128_frag_project_g128_qkv,False,1475,1470,-5,9768,9740,99,100,16,16,10816,10816,0,0,32,32,64,64
gfx1200,c512-m32-mh.hsaco,mh_ffn_fused_c128_frag_project_mapped_g128_qkv,False,1650,1643,-7,10660,10664,98,99,25,25,10816,10816,0,0,32,32,64,64
gfx1200,c512-m32-mh.hsaco,mh_ffn_fused_c128_project,False,1026,1075,49,7160,7360,101,103,14,12,8256,8256,0,0,32,32,28,28
gfx1200,c512-m32-mh.hsaco,mh_ffn_fused_c128_project_g128,False,940,992,52,6436,6656,102,103,15,12,8256,8256,0,0,32,32,28,28
gfx1200,c512-m32-mh.hsaco,mh_ffn_fused_c128_project_g128_qkv,False,1424,1438,14,9352,9568,99,99,16,22,10816,10816,0,0,32,32,64,64
gfx1200,c512-m32-mh.hsaco,mh_ffn_fused_c128_project_g128_qkv_bn,False,1248,1301,53,8704,8784,126,126,16,16,19520,19520,0,0,32,32,64,64
gfx1200,c512-m32-mh.hsaco,mh_ffn_fused_c128_project_g128_qkv_bytein_fb,False,1362,1383,21,9016,9244,96,98,15,22,10816,10816,0,0,32,32,64,64
gfx1200,c512-m32-mh.hsaco,mh_ffn_fused_c128_project_g128_qkv_fb,False,1402,1420,18,9244,9448,99,100,16,22,10816,10816,0,0,32,32,64,64
gfx1200,c512-m32-mh.hsaco,mh_ffn_fused_c128_project_mapped,False,1538,1567,29,9724,9864,102,104,28,22,8256,8256,0,0,32,32,48,48
gfx1200,c512-m32-mh.hsaco,mh_ffn_fused_c128_project_mapped_g128,False,1441,1489,48,8992,9164,102,104,28,22,8256,8256,0,0,32,32,48,48
gfx1200,c512-m32-mh.hsaco,mh_ffn_fused_c128_project_mapped_g128_qkv,False,1573,1619,46,10224,10488,99,100,25,27,10816,10816,0,0,32,32,64,64
gfx1200,c512-m32-mh.hsaco,mh_ffn_fused_c128_project_mapped_g128_qkv_bn,False,1445,1466,21,9720,9700,126,126,25,25,19520,19520,0,0,32,32,64,64
gfx1200,c512-m32-mh.hsaco,mh_ffn_fused_c128_project_mapped_g128_qkv_bytein_fb,False,1534,1596,62,10320,10564,100,101,21,21,10816,10816,0,0,32,32,64,64
gfx1200,c512-m32-mh.hsaco,mh_ffn_fused_c128_project_mapped_g128_qkv_fb,False,1606,1661,55,10432,10724,99,100,26,28,10816,10816,0,0,32,32,64,64
gfx1200,c512-m32-mh.hsaco,mh_ffn_fused_c128_tiled,False,922,963,41,6212,6436,75,80,12,12,8256,8256,0,0,32,32,28,28
gfx1200,c512-m32-mh.hsaco,mh_ffn_fused_c128_tiled_project_g128_qkv,False,1617,1698,81,10752,11176,82,85,32,16,10816,10816,0,0,32,32,64,64
gfx1200,c512-m32-mh.hsaco,mh_ffn_fused_c128_tiled_project_mapped_g128_qkv,False,1776,1869,93,11620,12008,83,86,38,24,10816,10816,0,0,32,32,64,64
gfx1200,c512-m32-mh.hsaco,mh_ffn_fused_c256,False,1003,1067,64,6676,7208,73,87,11,11,16448,16448,0,0,32,32,28,28
gfx1200,c512-m32-mh.hsaco,mh_ffn_fused_c256_frag_project_g128_qkv,False,1778,1723,-55,12036,11636,97,95,15,15,21568,21568,0,0,32,32,64,64
gfx1200,c512-m32-mh.hsaco,mh_ffn_fused_c256_frag_project_g128_qkv_bytein_fb,False,1717,1670,-47,11760,11336,97,97,15,15,21568,21568,0,0,32,32,64,64
gfx1200,c512-m32-mh.hsaco,mh_ffn_fused_c256_frag_project_g128_qkv_fb,False,1750,1689,-61,11900,11508,97,95,15,15,21568,21568,0,0,32,32,64,64
gfx1200,c512-m32-mh.hsaco,mh_ffn_fused_c256_frag_project_mapped_g128_qkv,False,1915,1862,-53,12812,12432,97,95,23,23,21568,21568,0,0,32,32,64,64
gfx1200,c512-m32-mh.hsaco,mh_ffn_fused_c256_frag_project_mapped_g128_qkv_bytein_fb,False,1918,1871,-47,13128,12792,99,100,21,21,21568,21568,0,0,32,32,64,64
gfx1200,c512-m32-mh.hsaco,mh_ffn_fused_c256_frag_project_mapped_g128_qkv_fb,False,1952,1900,-52,13044,12672,97,95,24,24,21568,21568,0,0,32,32,64,64
gfx1200,c512-m32-mh.hsaco,mh_ffn_fused_c256_tiled,False,911,899,-12,6088,6060,74,71,11,11,16448,16448,0,0,32,32,28,28
gfx1200,c512-m32-mh.hsaco,mh_ffn_fused_c256_tiled_project,False,1102,1074,-28,7380,7280,74,71,13,13,16448,16448,0,0,32,32,28,28
gfx1200,c512-m32-mh.hsaco,mh_ffn_fused_c256_tiled_project_g128,False,1193,1172,-21,8120,8016,77,77,26,11,16448,16448,0,0,32,32,28,28
gfx1200,c512-m32-mh.hsaco,mh_ffn_fused_c256_tiled_project_g128_qkv,False,1802,1776,-26,12020,11980,81,84,30,15,21568,21568,0,0,32,32,64,64
gfx1200,c512-m32-mh.hsaco,mh_ffn_fused_c256_tiled_project_g128_qkv_bytein_fb,False,1743,1724,-19,11716,11616,80,83,30,15,21568,21568,0,0,32,32,64,64
gfx1200,c512-m32-mh.hsaco,mh_ffn_fused_c256_tiled_project_g128_qkv_fb,False,1786,1761,-25,11928,11892,81,84,30,15,21568,21568,0,0,32,32,64,64
gfx1200,c512-m32-mh.hsaco,mh_ffn_fused_c256_tiled_project_mapped,False,1585,1547,-38,9844,9704,74,71,26,20,16448,16448,0,0,32,32,48,48
gfx1200,c512-m32-mh.hsaco,mh_ffn_fused_c256_tiled_project_mapped_g128,False,1679,1655,-24,10576,10460,77,77,32,20,16448,16448,0,0,32,32,48,48
gfx1200,c512-m32-mh.hsaco,mh_ffn_fused_c256_tiled_project_mapped_g128_qkv,False,1950,1929,-21,12792,12760,81,84,37,23,21568,21568,0,0,32,32,64,64
gfx1200,c512-m32-mh.hsaco,mh_ffn_fused_c256_tiled_project_mapped_g128_qkv_bytein_fb,False,1915,1908,-7,12920,12892,81,84,30,21,21568,21568,0,0,32,32,64,64
gfx1200,c512-m32-mh.hsaco,mh_ffn_fused_c256_tiled_project_mapped_g128_qkv_fb,False,1988,1965,-23,13024,12988,81,84,38,24,21568,21568,0,0,32,32,64,64
gfx1200,c512-m32-mh.hsaco,mh_ffn_fused_c64,False,721,749,28,5084,5220,100,97,15,15,4160,4160,0,0,32,32,28,28
gfx1200,c512-m32-mh.hsaco,mh_ffn_fused_c64_frag_project_g128_qkv,False,1352,1359,7,8772,8840,96,97,16,16,5440,5440,0,0,32,32,64,64
gfx1200,c512-m32-mh.hsaco,mh_ffn_fused_c64_frag_project_mapped_g128_qkv,False,1469,1467,-2,9436,9456,97,97,25,25,5440,5440,0,0,32,32,64,64
gfx1200,c512-m32-mh.hsaco,mh_ffn_fused_c64_project,False,904,931,27,6268,6380,100,98,18,18,4160,4160,0,0,32,32,28,28
gfx1200,c512-m32-mh.hsaco,mh_ffn_fused_c64_project_g128,False,884,919,35,6072,6196,100,98,19,18,4160,4160,0,0,32,32,28,28
gfx1200,c512-m32-mh.hsaco,mh_ffn_fused_c64_project_g128_qkv,False,1283,1308,25,8364,8520,98,99,16,21,5440,5440,0,0,32,32,64,64
gfx1200,c512-m32-mh.hsaco,mh_ffn_fused_c64_project_g128_qkv_bn,False,1153,1181,28,7784,7872,98,99,16,21,9792,9792,0,0,32,32,64,64
gfx1200,c512-m32-mh.hsaco,mh_ffn_fused_c64_project_g128_qkv_bytein_fb,False,1237,1250,13,8064,8176,96,97,15,22,5440,5440,0,0,32,32,64,64
gfx1200,c512-m32-mh.hsaco,mh_ffn_fused_c64_project_g128_qkv_fb,False,1261,1287,26,8232,8392,98,99,16,21,5440,5440,0,0,32,32,64,64
gfx1200,c512-m32-mh.hsaco,mh_ffn_fused_c64_project_mapped,False,1380,1407,27,8608,8704,101,98,28,23,4160,4160,0,0,32,32,48,48
gfx1200,c512-m32-mh.hsaco,mh_ffn_fused_c64_project_mapped_g128,False,1354,1391,37,8404,8536,100,99,28,23,4160,4160,0,0,32,32,48,48
gfx1200,c512-m32-mh.hsaco,mh_ffn_fused_c64_project_mapped_g128_qkv,False,1393,1422,29,8964,9184,96,97,25,27,5440,5440,0,0,32,32,64,64
gfx1200,c512-m32-mh.hsaco,mh_ffn_fused_c64_project_mapped_g128_qkv_bn,False,1262,1294,32,8420,8508,98,99,25,26,9792,9792,0,0,32,32,64,64
gfx1200,c512-m32-mh.hsaco,mh_ffn_fused_c64_project_mapped_g128_qkv_bytein_fb,False,1304,1361,57,8712,8904,97,98,20,20,5440,5440,0,0,32,32,64,64
gfx1200,c512-m32-mh.hsaco,mh_ffn_fused_c64_project_mapped_g128_qkv_fb,False,1373,1395,22,8856,9040,96,97,25,27,5440,5440,0,0,32,32,64,64
gfx1200,c512-m32-mh.hsaco,mh_ffn_fused_c64_tiled,False,939,967,28,6252,6464,75,80,12,12,4160,4160,0,0,32,32,28,28
gfx1200,c512-m32-mh.hsaco,mh_ffn_fused_c64_tiled_project_g128_qkv,False,1565,1629,64,10280,10628,81,85,32,16,5440,5440,0,0,32,32,64,64
gfx1200,c512-m32-mh.hsaco,mh_ffn_fused_c64_tiled_project_mapped_g128_qkv,False,1660,1736,76,10780,11224,82,86,38,24,5440,5440,0,0,32,32,64,64
gfx1200,c512-m32-mh.hsaco,mh_ffn_project_fast,False,585,590,5,3212,3236,32,32,18,18,4608,4608,0,0,32,32,40,40
gfx1200,c512-m32-mh.hsaco,mh_ffn_project_fast_fp8,False,552,557,5,2980,3004,33,33,18,18,4608,4608,0,0,32,32,40,40
gfx1200,c512-m32-mh.hsaco,mh_pool_project_fused_c128,False,3445,7226,3781,17628,35872,152,145,22,21,0,0,144,0,32,32,44,44
gfx1200,c512-m32-mh.hsaco,mh_pool_project_fused_c256,False,3884,3877,-7,20332,20300,192,192,22,21,0,0,272,272,32,32,44,44
gfx1200,c512-m32-mh.hsaco,mh_pool_project_fused_c64,False,6334,4785,-1549,32732,24644,128,118,80,21,0,0,0,0,32,32,44,44
gfx1200,c512-m32-mh.hsaco,mh_pool_project_group_c128,False,2289,2283,-6,11568,11540,98,98,29,28,4352,4352,0,0,32,32,44,44
gfx1200,c512-m32-mh.hsaco,mh_pool_project_group_c256,False,2283,2279,-4,11540,11520,98,98,29,28,8448,8448,0,0,32,32,44,44
gfx1200,c512-m32-mh.hsaco,mh_pool_project_group_c64,False,2331,2376,45,11768,11944,100,102,29,28,2304,2304,0,0,32,32,44,44
gfx1200,c512-m32-mh.hsaco,mh_pool_project_production,False,1314,1338,24,6656,6752,48,48,21,21,0,0,0,0,32,32,44,44
gfx1200,c512-m32-mh.hsaco,mh_pool_project_production_h16w,False,1387,1413,26,7040,7160,62,62,20,20,0,0,0,0,32,32,44,44
gfx1200,c512-m32-mh.hsaco,mh_probabilities_fast,False,572,577,5,3284,3304,50,50,12,12,0,0,0,0,32,32,24,24
gfx1200,c512-m32-mh.hsaco,mh_qkv_fast,False,340,342,2,1796,1808,26,26,16,16,4608,4608,0,0,32,32,32,32
gfx1200,c512-m32-mh.hsaco,mh_qkv_normalize_fast,False,1115,1117,2,6532,6548,110,110,11,11,0,0,0,0,32,32,32,32
gfx1200,c512-m32-mh.hsaco,mh_qkv_normalize_fast_wave,False,395,396,1,2080,2084,9,9,11,11,0,0,0,0,32,32,32,32
gfx1200,c512-m32-mh.hsaco,mh_qkv_normalize_fast_wave_fp8,False,396,397,1,2072,2076,7,7,11,11,0,0,0,0,32,32,32,32
gfx1200,c512-m32-mh.hsaco,mh_qkv_normalize_frag_c512,False,1249,1259,10,7672,7784,90,122,18,18,4420,4420,0,0,32,32,28,28
gfx1200,c512-m32-mh.hsaco,mh_qkv_normalize_frag_c512_m32,False,866,788,-78,5472,4944,155,149,18,18,5456,5456,0,0,32,32,28,28
gfx1200,c512-m32-mh.hsaco,mh_qkv_normalize_fused,False,2335,2354,19,13492,13584,45,45,18,18,21760,21760,0,0,32,32,32,32
gfx1200,c512-m32-mh.hsaco,mh_qkv_normalize_wave_c512,False,1146,1182,36,6876,6980,72,82,14,14,17680,17680,0,0,32,32,28,28
gfx1200,c512-m32-mh.hsaco,mh_scores_exp_fast,False,1108,1113,5,6156,6196,67,67,16,15,0,0,0,0,32,32,36,36
gfx1200,c64-wave2.hsaco,c128_wave2,False,4703,4659,-44,29388,29084,159,156,28,27,16384,16384,0,0,32,32,60,60
gfx1200,c64-wave2.hsaco,c128_wave2_bi,False,4552,4503,-49,28148,27852,159,150,25,26,16384,16384,0,0,32,32,60,60
gfx1200,c64-wave2.hsaco,c128_wave2_bi_bo,False,3853,3802,-51,24940,24636,159,148,25,26,16384,16384,0,0,32,32,60,60
gfx1200,c64-wave2.hsaco,c128_wave2_bo,False,4004,3958,-46,26180,25868,159,156,28,27,16384,16384,0,0,32,32,60,60
gfx1200,c64-wave2.hsaco,c128_wave2_up,False,4560,4537,-23,28920,28688,162,148,26,26,16384,16384,0,0,32,32,80,80
gfx1200,c64-wave2.hsaco,c256_attn_wave,False,1647,1628,-19,10156,10008,150,141,26,26,32768,32768,0,0,32,32,88,88
gfx1200,c64-wave2.hsaco,c256_attn_wave_bo,False,1372,1347,-25,8924,8748,139,133,26,26,32768,32768,0,0,32,32,88,88
gfx1200,c64-wave2.hsaco,c256_wave2,False,5125,5340,215,33320,34692,159,200,34,25,32768,32768,0,0,32,32,60,60
gfx1200,c64-wave2.hsaco,c256_wave2_bi,False,4959,5187,228,32044,33460,154,190,33,23,32768,32768,0,0,32,32,60,60
gfx1200,c64-wave2.hsaco,c256_wave2_bi_bo,False,4267,4486,219,28864,30184,154,190,33,23,32768,32768,0,0,32,32,60,60
gfx1200,c64-wave2.hsaco,c256_wave2_bo,False,4433,4642,209,30140,31484,159,198,34,25,32768,32768,0,0,32,32,60,60
gfx1200,c64-wave2.hsaco,c64_wave2,False,4004,3989,-15,24504,24432,156,157,31,27,8192,8192,0,0,32,32,60,60
gfx1200,c64-wave2.hsaco,c64_wave2_bi,False,3837,3839,2,23232,23188,140,140,30,26,8192,8192,0,0,32,32,60,60
gfx1200,c64-wave2.hsaco,c64_wave2_bi_bo,False,3139,3134,-5,20012,19968,140,140,30,26,8192,8192,0,0,32,32,60,60
gfx1200,c64-wave2.hsaco,c64_wave2_bo,False,3305,3281,-24,21288,21204,156,157,31,27,8192,8192,0,0,32,32,60,60
gfx1200,c64-wave2.hsaco,c64_wave2_up,False,4061,4069,8,25140,25148,137,137,27,27,8192,8192,0,0,32,32,80,80
gfx1200,c64-wave2.hsaco,mh_attention_av_fast,False,444,435,-9,2472,2412,52,52,22,20,0,0,0,0,32,32,36,36
gfx1200,c64-wave2.hsaco,mh_attention_crop,False,2625,2660,35,13160,13304,33,33,36,36,4608,4608,0,0,32,32,64,64
gfx1200,c64-wave2.hsaco,mh_attention_project_fast_matrix,False,2102,2132,30,10684,10796,34,34,28,28,4608,4608,0,0,32,32,44,44
gfx1200,c64-wave2.hsaco,mh_attention_project_fast_matrix_fp8,False,2068,2098,30,10448,10560,34,34,28,28,4608,4608,0,0,32,32,44,44
gfx1200,c64-wave2.hsaco,mh_attention_project_fast_scalar,False,1412,1429,17,6984,7044,32,32,21,21,4608,4608,0,0,32,32,44,44
gfx1200,c64-wave2.hsaco,mh_attention_project_fast_scalar_fp8,False,1378,1395,17,6748,6808,33,33,21,21,4608,4608,0,0,32,32,44,44
gfx1200,c64-wave2.hsaco,mh_attention_project_frag_c512,False,1283,643,-640,6812,3364,80,79,28,30,0,0,0,0,32,32,60,60
gfx1200,c64-wave2.hsaco,mh_ffn_contract_fast,False,399,406,7,2192,2216,27,27,17,17,4608,4608,0,0,32,32,32,32
gfx1200,c64-wave2.hsaco,mh_ffn_contract_fast_fp8,False,383,389,6,2084,2104,28,28,17,17,4608,4608,0,0,32,32,32,32
gfx1200,c64-wave2.hsaco,mh_ffn_contract_fast_fp8_out,False,349,354,5,1900,1916,28,28,17,17,4608,4608,0,0,32,32,32,32
gfx1200,c64-wave2.hsaco,mh_ffn_contract_fast_pre,False,296,310,14,1564,1616,27,27,17,17,4608,4608,0,0,32,32,32,32
gfx1200,c64-wave2.hsaco,mh_ffn_contract_fast_rne,False,399,406,7,2192,2216,27,27,17,17,4608,4608,0,0,32,32,32,32
gfx1200,c64-wave2.hsaco,mh_ffn_contract_fast_rtz,False,399,406,7,2192,2216,27,27,17,17,4608,4608,0,0,32,32,32,32
gfx1200,c64-wave2.hsaco,mh_ffn_expand_fast,False,461,465,4,2632,2644,29,29,16,16,4608,4608,0,0,32,32,32,32
gfx1200,c64-wave2.hsaco,mh_ffn_expand_fast_fp8,False,425,433,8,2456,2480,29,29,16,16,4608,4608,0,0,32,32,32,32
gfx1200,c64-wave2.hsaco,mh_ffn_fused_c128,False,840,893,53,6012,6212,101,103,12,12,8256,8256,0,0,32,32,28,28
gfx1200,c64-wave2.hsaco,mh_ffn_fused_c128_frag_project_g128_qkv,False,1475,1470,-5,9768,9740,99,100,16,16,10816,10816,0,0,32,32,64,64
gfx1200,c64-wave2.hsaco,mh_ffn_fused_c128_frag_project_mapped_g128_qkv,False,1650,1643,-7,10660,10664,98,99,25,25,10816,10816,0,0,32,32,64,64
gfx1200,c64-wave2.hsaco,mh_ffn_fused_c128_project,False,1026,1075,49,7160,7360,101,103,14,12,8256,8256,0,0,32,32,28,28
gfx1200,c64-wave2.hsaco,mh_ffn_fused_c128_project_g128,False,940,992,52,6436,6656,102,103,15,12,8256,8256,0,0,32,32,28,28
gfx1200,c64-wave2.hsaco,mh_ffn_fused_c128_project_g128_qkv,False,1424,1438,14,9352,9568,99,99,16,22,10816,10816,0,0,32,32,64,64
gfx1200,c64-wave2.hsaco,mh_ffn_fused_c128_project_g128_qkv_bn,False,1248,1301,53,8704,8784,126,126,16,16,19520,19520,0,0,32,32,64,64
gfx1200,c64-wave2.hsaco,mh_ffn_fused_c128_project_g128_qkv_bytein_fb,False,1362,1383,21,9016,9244,96,98,15,22,10816,10816,0,0,32,32,64,64
gfx1200,c64-wave2.hsaco,mh_ffn_fused_c128_project_g128_qkv_fb,False,1402,1420,18,9244,9448,99,100,16,22,10816,10816,0,0,32,32,64,64
gfx1200,c64-wave2.hsaco,mh_ffn_fused_c128_project_mapped,False,1538,1567,29,9724,9864,102,104,28,22,8256,8256,0,0,32,32,48,48
gfx1200,c64-wave2.hsaco,mh_ffn_fused_c128_project_mapped_g128,False,1441,1489,48,8992,9164,102,104,28,22,8256,8256,0,0,32,32,48,48
gfx1200,c64-wave2.hsaco,mh_ffn_fused_c128_project_mapped_g128_qkv,False,1573,1619,46,10224,10488,99,100,25,27,10816,10816,0,0,32,32,64,64
gfx1200,c64-wave2.hsaco,mh_ffn_fused_c128_project_mapped_g128_qkv_bn,False,1445,1466,21,9720,9700,126,126,25,25,19520,19520,0,0,32,32,64,64
gfx1200,c64-wave2.hsaco,mh_ffn_fused_c128_project_mapped_g128_qkv_bytein_fb,False,1534,1596,62,10320,10564,100,101,21,21,10816,10816,0,0,32,32,64,64
gfx1200,c64-wave2.hsaco,mh_ffn_fused_c128_project_mapped_g128_qkv_fb,False,1606,1661,55,10432,10724,99,100,26,28,10816,10816,0,0,32,32,64,64
gfx1200,c64-wave2.hsaco,mh_ffn_fused_c128_tiled,False,922,963,41,6212,6436,75,80,12,12,8256,8256,0,0,32,32,28,28
gfx1200,c64-wave2.hsaco,mh_ffn_fused_c128_tiled_project_g128_qkv,False,1617,1698,81,10752,11176,82,85,32,16,10816,10816,0,0,32,32,64,64
gfx1200,c64-wave2.hsaco,mh_ffn_fused_c128_tiled_project_mapped_g128_qkv,False,1776,1869,93,11620,12008,83,86,38,24,10816,10816,0,0,32,32,64,64
gfx1200,c64-wave2.hsaco,mh_ffn_fused_c256,False,1003,1067,64,6676,7208,73,87,11,11,16448,16448,0,0,32,32,28,28
gfx1200,c64-wave2.hsaco,mh_ffn_fused_c256_frag_project_g128_qkv,False,1778,1723,-55,12036,11636,97,95,15,15,21568,21568,0,0,32,32,64,64
gfx1200,c64-wave2.hsaco,mh_ffn_fused_c256_frag_project_g128_qkv_bytein_fb,False,1717,1670,-47,11760,11336,97,97,15,15,21568,21568,0,0,32,32,64,64
gfx1200,c64-wave2.hsaco,mh_ffn_fused_c256_frag_project_g128_qkv_fb,False,1750,1689,-61,11900,11508,97,95,15,15,21568,21568,0,0,32,32,64,64
gfx1200,c64-wave2.hsaco,mh_ffn_fused_c256_frag_project_mapped_g128_qkv,False,1915,1862,-53,12812,12432,97,95,23,23,21568,21568,0,0,32,32,64,64
gfx1200,c64-wave2.hsaco,mh_ffn_fused_c256_frag_project_mapped_g128_qkv_bytein_fb,False,1918,1871,-47,13128,12792,99,100,21,21,21568,21568,0,0,32,32,64,64
gfx1200,c64-wave2.hsaco,mh_ffn_fused_c256_frag_project_mapped_g128_qkv_fb,False,1952,1900,-52,13044,12672,97,95,24,24,21568,21568,0,0,32,32,64,64
gfx1200,c64-wave2.hsaco,mh_ffn_fused_c256_tiled,False,911,899,-12,6088,6060,74,71,11,11,16448,16448,0,0,32,32,28,28
gfx1200,c64-wave2.hsaco,mh_ffn_fused_c256_tiled_project,False,1102,1074,-28,7380,7280,74,71,13,13,16448,16448,0,0,32,32,28,28
gfx1200,c64-wave2.hsaco,mh_ffn_fused_c256_tiled_project_g128,False,1193,1172,-21,8120,8016,77,77,26,11,16448,16448,0,0,32,32,28,28
gfx1200,c64-wave2.hsaco,mh_ffn_fused_c256_tiled_project_g128_qkv,False,1802,1776,-26,12020,11980,81,84,30,15,21568,21568,0,0,32,32,64,64
gfx1200,c64-wave2.hsaco,mh_ffn_fused_c256_tiled_project_g128_qkv_bytein_fb,False,1743,1724,-19,11716,11616,80,83,30,15,21568,21568,0,0,32,32,64,64
gfx1200,c64-wave2.hsaco,mh_ffn_fused_c256_tiled_project_g128_qkv_fb,False,1786,1761,-25,11928,11892,81,84,30,15,21568,21568,0,0,32,32,64,64
gfx1200,c64-wave2.hsaco,mh_ffn_fused_c256_tiled_project_mapped,False,1585,1547,-38,9844,9704,74,71,26,20,16448,16448,0,0,32,32,48,48
gfx1200,c64-wave2.hsaco,mh_ffn_fused_c256_tiled_project_mapped_g128,False,1679,1655,-24,10576,10460,77,77,32,20,16448,16448,0,0,32,32,48,48
gfx1200,c64-wave2.hsaco,mh_ffn_fused_c256_tiled_project_mapped_g128_qkv,False,1950,1929,-21,12792,12760,81,84,37,23,21568,21568,0,0,32,32,64,64
gfx1200,c64-wave2.hsaco,mh_ffn_fused_c256_tiled_project_mapped_g128_qkv_bytein_fb,False,1915,1908,-7,12920,12892,81,84,30,21,21568,21568,0,0,32,32,64,64
gfx1200,c64-wave2.hsaco,mh_ffn_fused_c256_tiled_project_mapped_g128_qkv_fb,False,1988,1965,-23,13024,12988,81,84,38,24,21568,21568,0,0,32,32,64,64
gfx1200,c64-wave2.hsaco,mh_ffn_fused_c64,False,721,749,28,5084,5220,100,97,15,15,4160,4160,0,0,32,32,28,28
gfx1200,c64-wave2.hsaco,mh_ffn_fused_c64_frag_project_g128_qkv,False,1352,1359,7,8772,8840,96,97,16,16,5440,5440,0,0,32,32,64,64
gfx1200,c64-wave2.hsaco,mh_ffn_fused_c64_frag_project_mapped_g128_qkv,False,1469,1467,-2,9436,9456,97,97,25,25,5440,5440,0,0,32,32,64,64
gfx1200,c64-wave2.hsaco,mh_ffn_fused_c64_project,False,904,931,27,6268,6380,100,98,18,18,4160,4160,0,0,32,32,28,28
gfx1200,c64-wave2.hsaco,mh_ffn_fused_c64_project_g128,False,884,919,35,6072,6196,100,98,19,18,4160,4160,0,0,32,32,28,28
gfx1200,c64-wave2.hsaco,mh_ffn_fused_c64_project_g128_qkv,False,1283,1308,25,8364,8520,98,99,16,21,5440,5440,0,0,32,32,64,64
gfx1200,c64-wave2.hsaco,mh_ffn_fused_c64_project_g128_qkv_bn,False,1153,1181,28,7784,7872,98,99,16,21,9792,9792,0,0,32,32,64,64
gfx1200,c64-wave2.hsaco,mh_ffn_fused_c64_project_g128_qkv_bytein_fb,False,1237,1250,13,8064,8176,96,97,15,22,5440,5440,0,0,32,32,64,64
gfx1200,c64-wave2.hsaco,mh_ffn_fused_c64_project_g128_qkv_fb,False,1261,1287,26,8232,8392,98,99,16,21,5440,5440,0,0,32,32,64,64
gfx1200,c64-wave2.hsaco,mh_ffn_fused_c64_project_mapped,False,1380,1407,27,8608,8704,101,98,28,23,4160,4160,0,0,32,32,48,48
gfx1200,c64-wave2.hsaco,mh_ffn_fused_c64_project_mapped_g128,False,1354,1391,37,8404,8536,100,99,28,23,4160,4160,0,0,32,32,48,48
gfx1200,c64-wave2.hsaco,mh_ffn_fused_c64_project_mapped_g128_qkv,False,1393,1422,29,8964,9184,96,97,25,27,5440,5440,0,0,32,32,64,64
gfx1200,c64-wave2.hsaco,mh_ffn_fused_c64_project_mapped_g128_qkv_bn,False,1262,1294,32,8420,8508,98,99,25,26,9792,9792,0,0,32,32,64,64
gfx1200,c64-wave2.hsaco,mh_ffn_fused_c64_project_mapped_g128_qkv_bytein_fb,False,1304,1361,57,8712,8904,97,98,20,20,5440,5440,0,0,32,32,64,64
gfx1200,c64-wave2.hsaco,mh_ffn_fused_c64_project_mapped_g128_qkv_fb,False,1373,1395,22,8856,9040,96,97,25,27,5440,5440,0,0,32,32,64,64
gfx1200,c64-wave2.hsaco,mh_ffn_fused_c64_tiled,False,939,967,28,6252,6464,75,80,12,12,4160,4160,0,0,32,32,28,28
gfx1200,c64-wave2.hsaco,mh_ffn_fused_c64_tiled_project_g128_qkv,False,1565,1629,64,10280,10628,81,85,32,16,5440,5440,0,0,32,32,64,64
gfx1200,c64-wave2.hsaco,mh_ffn_fused_c64_tiled_project_mapped_g128_qkv,False,1660,1736,76,10780,11224,82,86,38,24,5440,5440,0,0,32,32,64,64
gfx1200,c64-wave2.hsaco,mh_ffn_project_fast,False,585,590,5,3212,3236,32,32,18,18,4608,4608,0,0,32,32,40,40
gfx1200,c64-wave2.hsaco,mh_ffn_project_fast_fp8,False,552,557,5,2980,3004,33,33,18,18,4608,4608,0,0,32,32,40,40
gfx1200,c64-wave2.hsaco,mh_pool_project_fused_c128,False,3445,7226,3781,17628,35872,152,145,22,21,0,0,144,0,32,32,44,44
gfx1200,c64-wave2.hsaco,mh_pool_project_fused_c256,False,3884,3877,-7,20332,20300,192,192,22,21,0,0,272,272,32,32,44,44
gfx1200,c64-wave2.hsaco,mh_pool_project_fused_c64,False,6334,4785,-1549,32732,24644,128,118,80,21,0,0,0,0,32,32,44,44
gfx1200,c64-wave2.hsaco,mh_pool_project_group_c128,False,2289,2283,-6,11568,11540,98,98,29,28,4352,4352,0,0,32,32,44,44
gfx1200,c64-wave2.hsaco,mh_pool_project_group_c256,False,2283,2279,-4,11540,11520,98,98,29,28,8448,8448,0,0,32,32,44,44
gfx1200,c64-wave2.hsaco,mh_pool_project_group_c64,False,2331,2376,45,11768,11944,100,102,29,28,2304,2304,0,0,32,32,44,44
gfx1200,c64-wave2.hsaco,mh_pool_project_production,False,1314,1338,24,6656,6752,48,48,21,21,0,0,0,0,32,32,44,44
gfx1200,c64-wave2.hsaco,mh_pool_project_production_h16w,False,1387,1413,26,7040,7160,62,62,20,20,0,0,0,0,32,32,44,44
gfx1200,c64-wave2.hsaco,mh_probabilities_fast,False,572,577,5,3284,3304,50,50,12,12,0,0,0,0,32,32,24,24
gfx1200,c64-wave2.hsaco,mh_qkv_fast,False,340,342,2,1796,1808,26,26,16,16,4608,4608,0,0,32,32,32,32
gfx1200,c64-wave2.hsaco,mh_qkv_normalize_fast,False,1115,1117,2,6532,6548,110,110,11,11,0,0,0,0,32,32,32,32
gfx1200,c64-wave2.hsaco,mh_qkv_normalize_fast_wave,False,395,396,1,2080,2084,9,9,11,11,0,0,0,0,32,32,32,32
gfx1200,c64-wave2.hsaco,mh_qkv_normalize_fast_wave_fp8,False,396,397,1,2072,2076,7,7,11,11,0,0,0,0,32,32,32,32
gfx1200,c64-wave2.hsaco,mh_qkv_normalize_frag_c512,False,1249,1259,10,7672,7784,90,122,18,18,4420,4420,0,0,32,32,28,28
gfx1200,c64-wave2.hsaco,mh_qkv_normalize_fused,False,2335,2354,19,13492,13584,45,45,18,18,21760,21760,0,0,32,32,32,32
gfx1200,c64-wave2.hsaco,mh_qkv_normalize_wave_c512,False,1146,1182,36,6876,6980,72,82,14,14,17680,17680,0,0,32,32,28,28
gfx1200,c64-wave2.hsaco,mh_scores_exp_fast,False,1108,1113,5,6156,6196,67,67,16,15,0,0,0,0,32,32,36,36
gfx1200,deep_fast-packed.hsaco,decoder_project2x,False,587,602,15,3168,3228,40,40,25,25,0,0,0,0,32,32,56,56
gfx1200,deep_fast-packed.hsaco,decoder_project2x_h16w,False,5940,5964,24,32664,32780,64,64,34,30,0,0,0,0,32,32,56,56
gfx1200,deep_fast-packed.hsaco,decoder_project2x_h16w_byteout,False,5978,6001,23,32788,32904,64,64,34,28,0,0,0,0,32,32,56,56
gfx1200,deep_fast-packed.hsaco,reuse_decide,False,396,398,2,2020,2028,14,14,17,17,0,0,0,0,32,32,60,60
gfx1200,deep_fast-packed.hsaco,reuse_finish,False,646,655,9,3864,3900,11,11,27,27,0,0,0,0,32,32,84,84
gfx1200,deep_fast-packed.hsaco,reuse_image_commit,False,161,168,7,968,996,5,5,8,8,0,0,0,0,32,32,28,28
gfx1200,deep_fast-packed.hsaco,reuse_image_stats,False,250,248,-2,1360,1348,14,13,22,22,0,0,0,0,32,32,48,48
gfx1200,deep_fast-packed.hsaco,reuse_token_stats,False,218,218,0,1180,1180,14,13,17,17,0,0,0,0,32,32,48,48
gfx1200,deep_fast-packed.hsaco,split_contract,False,198,193,-5,1156,1140,33,32,12,12,0,0,0,0,32,32,28,28
gfx1200,deep_fast-packed.hsaco,split_contract_fp8,False,202,203,1,1176,1196,31,30,12,12,0,0,0,0,32,32,28,28
gfx1200,deep_fast-packed.hsaco,split_expand,False,238,237,-1,1452,1464,33,32,12,12,0,0,0,0,32,32,28,28
gfx1200,deep_fast-packed.hsaco,split_expand_fp8,False,254,243,-11,1556,1528,33,32,12,12,0,0,0,0,32,32,28,28
gfx1200,deep_fast-packed.hsaco,split_ffn_fused,False,1078,510,-568,6560,2992,60,73,15,25,4160,4160,0,0,32,32,28,28
gfx1200,deep_fast-packed.hsaco,split_ffn_fused_fp8,False,855,498,-357,5580,3236,102,95,11,15,4160,4160,0,0,32,32,28,28
gfx1200,deep_fast-packed.hsaco,split_ffn_fused_fp8_mix,False,980,628,-352,6280,4004,103,93,13,14,6464,6464,0,0,32,32,28,28
gfx1200,deep_fast-packed.hsaco,split_ffn_fused_fp8_t8,False,919,568,-351,6140,3764,111,95,14,18,4160,4160,0,0,32,32,36,36
gfx1200,deep_fast-packed.hsaco,split_mix,False,200,200,0,1160,1160,35,35,11,11,0,0,0,0,32,32,28,28
gfx1200,deep_fast-packed.hsaco,split_mix_blocked,False,514,278,-236,3084,1672,80,80,11,12,0,0,0,0,32,32,28,28
gfx1200,deep_fast-packed.hsaco,split_mix_blocked_h16w,False,497,263,-234,3032,1628,91,90,11,12,0,0,0,0,32,32,28,28
gfx1200,deep_fast-packed.hsaco,split_projection,False,245,240,-5,1500,1488,32,32,12,12,0,0,0,0,32,32,36,36
gfx1200,deep_fast-packed.hsaco,split_projection_blocked,False,667,445,-222,4048,2744,68,70,12,14,0,0,0,0,32,32,36,36
gfx1200,deep_fast-packed.hsaco,split_projection_blocked_t8,False,878,527,-351,5528,3340,74,91,16,17,0,0,0,0,32,32,44,44
gfx1200,deep_fast-packed.hsaco,split_projection_frag,False,859,529,-330,5348,3504,83,110,17,18,0,0,0,0,32,32,44,44
gfx1200,deep_fast-packed.hsaco,vit_attention_av_fast,False,486,485,-1,3092,3064,48,48,17,17,0,0,0,0,32,32,48,48
gfx1200,deep_fast-packed.hsaco,vit_attention_fused_256,False,1197,1238,41,7588,7912,91,91,16,16,1536,1536,0,0,32,32,32,32
gfx1200,deep_fast-packed.hsaco,vit_attention_fused_256_bytein,False,938,969,31,5568,5776,75,75,17,17,1536,1536,0,0,32,32,32,32
gfx1200,deep_fast-packed.hsaco,vit_attention_fused_256_bytein_bout,False,958,984,26,5732,5888,75,75,17,17,1536,1536,0,0,32,32,32,32
gfx1200,deep_fast-packed.hsaco,vit_attention_fused_400,False,1197,1238,41,7588,7912,91,91,16,16,1536,1536,0,0,32,32,32,32
gfx1200,deep_fast-packed.hsaco,vit_attention_fused_400_bytein,False,938,969,31,5568,5776,75,75,17,17,1536,1536,0,0,32,32,32,32
gfx1200,deep_fast-packed.hsaco,vit_attention_fused_400_bytein_bout,False,942,961,19,5600,5728,72,72,16,16,0,0,0,0,32,32,32,32
gfx1200,deep_fast-packed.hsaco,vit_attention_fused_640,False,1197,1238,41,7588,7912,91,91,16,16,1536,1536,0,0,32,32,32,32
gfx1200,deep_fast-packed.hsaco,vit_attention_fused_640_bytein,False,938,969,31,5568,5776,75,75,17,17,1536,1536,0,0,32,32,32,32
gfx1200,deep_fast-packed.hsaco,vit_attention_fused_640_bytein_bout,False,942,961,19,5600,5728,72,72,16,16,0,0,0,0,32,32,32,32
gfx1200,deep_fast-packed.hsaco,vit_attention_inverse_fast,False,265,266,1,1584,1588,34,34,10,10,0,0,0,0,32,32,32,32
gfx1200,deep_fast-packed.hsaco,vit_attention_scores_fast,False,771,772,1,4552,4556,66,66,13,13,0,0,0,0,32,32,32,32
gfx1200,deep_fast-packed.hsaco,vit_contract_blocked_fp8,False,1830,1493,-337,12132,10144,235,237,26,26,0,0,0,0,32,32,56,56
gfx1200,deep_fast-packed.hsaco,vit_contract_blocked_fp8_bstream,False,1872,1522,-350,12488,10252,234,237,26,26,0,0,0,0,32,32,56,56
gfx1200,deep_fast-packed.hsaco,vit_contract_blocked_fp8_frag,False,1077,832,-245,7160,5732,205,207,12,14,0,0,0,0,32,32,56,56
gfx1200,deep_fast-packed.hsaco,vit_contract_blocked_fp8_hstream,False,1862,1520,-342,12272,10192,235,237,26,26,0,0,0,0,32,32,56,56
gfx1200,deep_fast-packed.hsaco,vit_contract_blocked_fp8_tiled,False,743,522,-221,4632,3288,104,109,21,16,0,0,0,0,32,32,56,56
gfx1200,deep_fast-packed.hsaco,vit_contract_blocked_fp8_tiled_bstream,False,822,536,-286,5052,3356,103,109,21,16,0,0,0,0,32,32,56,56
gfx1200,deep_fast-packed.hsaco,vit_contract_blocked_fp8_tiled_hstream,False,789,536,-253,4760,3308,103,109,21,16,0,0,0,0,32,32,56,56
gfx1200,deep_fast-packed.hsaco,vit_contract_combine,False,96,97,1,556,560,14,14,11,11,0,0,0,0,32,32,48,48
gfx1200,deep_fast-packed.hsaco,vit_contract_parts_blocked_fp8,False,312,198,-114,2032,1352,53,48,14,14,0,0,0,0,32,32,40,40
gfx1200,deep_fast-packed.hsaco,vit_contract_parts_blocked_fp8_tiled,False,406,281,-125,2720,1968,71,70,16,14,0,0,0,0,32,32,40,40
gfx1200,deep_fast-packed.hsaco,vit_contract_parts_fp8,False,157,159,2,864,876,23,23,14,14,0,0,0,0,32,32,40,40
gfx1200,deep_fast-packed.hsaco,vit_expand,False,356,355,-1,2200,2200,32,32,14,14,0,0,0,0,32,32,48,48
gfx1200,deep_fast-packed.hsaco,vit_expand_blocked_fp8,False,810,411,-399,5244,2628,69,84,14,16,0,0,0,0,32,32,48,48
gfx1200,deep_fast-packed.hsaco,vit_expand_blocked_fp8_bytein,False,723,315,-408,4592,1944,55,84,14,16,0,0,0,0,32,32,48,48
gfx1200,deep_fast-packed.hsaco,vit_expand_blocked_fp8_frag_bytein,False,1329,644,-685,8804,4216,77,92,23,23,0,0,0,0,32,32,48,48
gfx1200,deep_fast-packed.hsaco,vit_expand_blocked_fp8_frag_bytein_m2,False,1335,1333,-2,8696,8696,86,84,22,23,0,0,0,0,32,32,48,48
gfx1200,deep_fast-packed.hsaco,vit_expand_blocked_fp8_frag_bytein_m4,False,2595,2606,11,17012,17032,154,154,27,27,0,0,0,0,32,32,48,48
gfx1200,deep_fast-packed.hsaco,vit_expand_blocked_fp8_frag_tiledin,False,711,336,-375,4572,2092,46,84,23,23,0,0,0,0,32,32,48,48
gfx1200,deep_fast-packed.hsaco,vit_expand_blocked_fp8_tiled,False,883,480,-403,5804,3216,95,95,20,19,0,0,0,0,32,32,48,48
gfx1200,deep_fast-packed.hsaco,vit_expand_blocked_fp8_tiled_bytein,False,782,409,-373,5132,2644,73,84,18,18,0,0,0,0,32,32,48,48
gfx1200,deep_fast-packed.hsaco,vit_expand_blocked_fp8_tiled_bytein_m4,False,2668,2669,1,17556,17544,153,153,25,24,0,0,0,0,32,32,48,48
gfx1200,deep_fast-packed.hsaco,vit_expand_fp8,False,351,350,-1,2156,2156,32,32,14,14,0,0,0,0,32,32,48,48
gfx1200,deep_fast-packed.hsaco,vit_ffn_fused,False,1493,975,-518,9660,6552,151,189,14,15,16640,16640,0,0,32,32,56,56
gfx1200,deep_fast-packed.hsaco,vit_pack_input,False,57,57,0,340,340,7,7,7,7,0,0,0,0,32,32,32,32
gfx1200,deep_fast-packed.hsaco,vit_pack_input_tiled,False,57,57,0,352,352,10,10,7,7,0,0,0,0,32,32,32,32
gfx1200,deep_fast-packed.hsaco,vit_project,False,1285,1284,-1,8192,8216,77,77,20,20,0,0,0,0,32,32,56,56
gfx1200,deep_fast-packed.hsaco,vit_project_bytein_bout,False,586,597,11,4088,4136,98,98,14,14,0,0,0,0,32,32,56,56
gfx1200,deep_fast-packed.hsaco,vit_project_bytein_bout_hskip,False,593,605,12,4128,4180,99,99,14,14,0,0,0,0,32,32,56,56
gfx1200,deep_fast-packed.hsaco,vit_project_fp8,False,1310,1248,-62,8336,7992,90,90,20,19,0,0,0,0,32,32,56,56
gfx1200,deep_fast-packed.hsaco,vit_project_frag,False,1850,1863,13,11692,11772,79,79,34,34,0,0,0,0,32,32,56,56
gfx1200,deep_fast-packed.hsaco,vit_qkv_normalize,False,478,476,-2,2724,2716,31,31,18,18,0,0,0,0,32,32,40,40
gfx1200,deep_fast-packed.hsaco,vit_qkv_project,False,215,221,6,1204,1228,32,32,14,14,0,0,0,0,32,32,40,40
gfx1200,deep_fast-packed.hsaco,vit_qkv_project_blocked,False,266,223,-43,1604,1368,48,48,13,13,0,0,0,0,32,32,40,40
gfx1200,deep_fast-packed.hsaco,vit_qkv_project_normalize_fused,False,848,942,94,4768,5240,51,50,22,18,2112,2112,0,0,32,32,40,40
gfx1200,deep_fast-packed.hsaco,vit_qkv_project_normalize_fused_f16compact,False,853,947,94,4868,5312,60,58,22,22,2112,2112,0,0,32,32,40,40
gfx1200,deep_fast-packed.hsaco,vit_qkv_project_normalize_fused_f16compact_fp8,False,777,759,-18,4516,4304,60,58,22,22,2112,2112,0,0,32,32,40,40
gfx1200,deep_fast-packed.hsaco,vit_qkv_project_normalize_fused_f16compact_fp8_bytein,False,776,810,34,4488,4632,58,91,22,22,2112,2112,0,0,32,32,40,40
gfx1200,deep_fast-packed.hsaco,vit_qkv_project_normalize_fused_f16compact_fp8_frag,False,766,757,-9,4440,4292,59,58,22,22,2112,2112,0,0,32,32,40,40
gfx1200,deep_fast-packed.hsaco,vit_qkv_project_normalize_fused_f16compact_fp8_h16in,False,1164,1190,26,7860,7860,96,95,22,22,2112,2112,0,0,32,32,40,40
gfx1200,deep_fast-packed.hsaco,vit_qkv_project_normalize_fused_f16compact_fp8_h16in_n4,False,1392,1395,3,8424,8172,192,192,22,22,4160,4160,0,0,32,32,40,40
gfx1200,deep_fast-packed.hsaco,vit_qkv_project_normalize_fused_f16weight,False,854,949,95,4876,5324,60,58,22,22,2112,2112,0,0,32,32,40,40
gfx1200,deep_fast.hsaco,decoder_project2x,False,587,602,15,3168,3228,40,40,25,25,0,0,0,0,32,32,56,56
gfx1200,deep_fast.hsaco,decoder_project2x_h16w,False,5940,5964,24,32664,32780,64,64,34,30,0,0,0,0,32,32,56,56
gfx1200,deep_fast.hsaco,decoder_project2x_h16w_byteout,False,5978,6001,23,32788,32904,64,64,34,28,0,0,0,0,32,32,56,56
gfx1200,deep_fast.hsaco,reuse_decide,False,396,398,2,2020,2028,14,14,17,17,0,0,0,0,32,32,60,60
gfx1200,deep_fast.hsaco,reuse_finish,False,646,655,9,3864,3900,11,11,27,27,0,0,0,0,32,32,84,84
gfx1200,deep_fast.hsaco,reuse_image_commit,False,161,168,7,968,996,5,5,8,8,0,0,0,0,32,32,28,28
gfx1200,deep_fast.hsaco,reuse_image_stats,False,250,248,-2,1360,1348,14,13,22,22,0,0,0,0,32,32,48,48
gfx1200,deep_fast.hsaco,reuse_token_stats,False,218,218,0,1180,1180,14,13,17,17,0,0,0,0,32,32,48,48
gfx1200,deep_fast.hsaco,split_contract,False,198,193,-5,1156,1140,33,32,12,12,0,0,0,0,32,32,28,28
gfx1200,deep_fast.hsaco,split_contract_fp8,False,202,203,1,1176,1196,31,30,12,12,0,0,0,0,32,32,28,28
gfx1200,deep_fast.hsaco,split_expand,False,238,237,-1,1452,1464,33,32,12,12,0,0,0,0,32,32,28,28
gfx1200,deep_fast.hsaco,split_expand_fp8,False,254,243,-11,1556,1528,33,32,12,12,0,0,0,0,32,32,28,28
gfx1200,deep_fast.hsaco,split_ffn_fused,False,1078,510,-568,6560,2992,60,73,15,25,4160,4160,0,0,32,32,28,28
gfx1200,deep_fast.hsaco,split_ffn_fused_fp8,False,855,498,-357,5580,3236,102,95,11,15,4160,4160,0,0,32,32,28,28
gfx1200,deep_fast.hsaco,split_ffn_fused_fp8_mix,False,980,628,-352,6280,4004,103,93,13,14,6464,6464,0,0,32,32,28,28
gfx1200,deep_fast.hsaco,split_ffn_fused_fp8_t8,False,919,568,-351,6140,3764,111,95,14,18,4160,4160,0,0,32,32,36,36
gfx1200,deep_fast.hsaco,split_mix,False,200,200,0,1160,1160,35,35,11,11,0,0,0,0,32,32,28,28
gfx1200,deep_fast.hsaco,split_mix_blocked,False,514,278,-236,3084,1672,80,80,11,12,0,0,0,0,32,32,28,28
gfx1200,deep_fast.hsaco,split_mix_blocked_h16w,False,497,263,-234,3032,1628,91,90,11,12,0,0,0,0,32,32,28,28
gfx1200,deep_fast.hsaco,split_projection,False,291,289,-2,1884,1880,48,48,12,12,0,0,0,0,32,32,36,36
gfx1200,deep_fast.hsaco,split_projection_blocked,False,798,572,-226,5104,3800,93,95,12,12,0,0,0,0,32,32,36,36
gfx1200,deep_fast.hsaco,split_projection_blocked_t8,False,1011,654,-357,6628,4388,98,95,16,16,0,0,0,0,32,32,44,44
gfx1200,deep_fast.hsaco,split_projection_frag,False,859,529,-330,5348,3504,83,110,17,18,0,0,0,0,32,32,44,44
gfx1200,deep_fast.hsaco,vit_attention_av_fast,False,486,485,-1,3092,3064,48,48,17,17,0,0,0,0,32,32,48,48
gfx1200,deep_fast.hsaco,vit_attention_fused_256,False,1197,1238,41,7588,7912,91,91,16,16,1536,1536,0,0,32,32,32,32
gfx1200,deep_fast.hsaco,vit_attention_fused_256_bytein,False,938,969,31,5568,5776,75,75,17,17,1536,1536,0,0,32,32,32,32
gfx1200,deep_fast.hsaco,vit_attention_fused_256_bytein_bout,False,958,984,26,5732,5888,75,75,17,17,1536,1536,0,0,32,32,32,32
gfx1200,deep_fast.hsaco,vit_attention_fused_400,False,1197,1238,41,7588,7912,91,91,16,16,1536,1536,0,0,32,32,32,32
gfx1200,deep_fast.hsaco,vit_attention_fused_400_bytein,False,938,969,31,5568,5776,75,75,17,17,1536,1536,0,0,32,32,32,32
gfx1200,deep_fast.hsaco,vit_attention_fused_400_bytein_bout,False,958,984,26,5732,5888,75,75,17,17,1536,1536,0,0,32,32,32,32
gfx1200,deep_fast.hsaco,vit_attention_fused_640,False,1197,1238,41,7588,7912,91,91,16,16,1536,1536,0,0,32,32,32,32
gfx1200,deep_fast.hsaco,vit_attention_fused_640_bytein,False,938,969,31,5568,5776,75,75,17,17,1536,1536,0,0,32,32,32,32
gfx1200,deep_fast.hsaco,vit_attention_fused_640_bytein_bout,False,958,984,26,5732,5888,75,75,17,17,1536,1536,0,0,32,32,32,32
gfx1200,deep_fast.hsaco,vit_attention_inverse_fast,False,265,266,1,1584,1588,34,34,10,10,0,0,0,0,32,32,32,32
gfx1200,deep_fast.hsaco,vit_attention_scores_fast,False,771,772,1,4552,4556,66,66,13,13,0,0,0,0,32,32,32,32
gfx1200,deep_fast.hsaco,vit_contract_blocked_fp8,False,1830,1493,-337,12132,10144,235,237,26,26,0,0,0,0,32,32,56,56
gfx1200,deep_fast.hsaco,vit_contract_blocked_fp8_bstream,False,1872,1522,-350,12488,10252,234,237,26,26,0,0,0,0,32,32,56,56
gfx1200,deep_fast.hsaco,vit_contract_blocked_fp8_frag,False,1077,832,-245,7160,5732,205,207,12,14,0,0,0,0,32,32,56,56
gfx1200,deep_fast.hsaco,vit_contract_blocked_fp8_hstream,False,1862,1520,-342,12272,10192,235,237,26,26,0,0,0,0,32,32,56,56
gfx1200,deep_fast.hsaco,vit_contract_blocked_fp8_tiled,False,743,522,-221,4632,3288,104,109,21,16,0,0,0,0,32,32,56,56
gfx1200,deep_fast.hsaco,vit_contract_blocked_fp8_tiled_bstream,False,822,536,-286,5052,3356,103,109,21,16,0,0,0,0,32,32,56,56
gfx1200,deep_fast.hsaco,vit_contract_blocked_fp8_tiled_hstream,False,789,536,-253,4760,3308,103,109,21,16,0,0,0,0,32,32,56,56
gfx1200,deep_fast.hsaco,vit_contract_combine,False,96,97,1,556,560,14,14,11,11,0,0,0,0,32,32,48,48
gfx1200,deep_fast.hsaco,vit_contract_parts_blocked_fp8,False,312,198,-114,2032,1352,53,48,14,14,0,0,0,0,32,32,40,40
gfx1200,deep_fast.hsaco,vit_contract_parts_blocked_fp8_tiled,False,406,281,-125,2720,1968,71,70,16,14,0,0,0,0,32,32,40,40
gfx1200,deep_fast.hsaco,vit_contract_parts_fp8,False,207,212,5,1240,1260,32,32,15,15,0,0,0,0,32,32,40,40
gfx1200,deep_fast.hsaco,vit_expand,False,432,435,3,2812,2808,48,49,14,14,0,0,0,0,32,32,48,48
gfx1200,deep_fast.hsaco,vit_expand_blocked_fp8,False,810,411,-399,5244,2628,69,84,14,16,0,0,0,0,32,32,48,48
gfx1200,deep_fast.hsaco,vit_expand_blocked_fp8_bytein,False,723,315,-408,4592,1944,55,84,14,16,0,0,0,0,32,32,48,48
gfx1200,deep_fast.hsaco,vit_expand_blocked_fp8_frag_bytein,False,1329,644,-685,8804,4216,77,92,23,23,0,0,0,0,32,32,48,48
gfx1200,deep_fast.hsaco,vit_expand_blocked_fp8_frag_bytein_m2,False,1335,1333,-2,8696,8696,86,84,22,23,0,0,0,0,32,32,48,48
gfx1200,deep_fast.hsaco,vit_expand_blocked_fp8_frag_bytein_m4,False,2595,2606,11,17012,17032,154,154,27,27,0,0,0,0,32,32,48,48
gfx1200,deep_fast.hsaco,vit_expand_blocked_fp8_frag_tiledin,False,711,336,-375,4572,2092,46,84,23,23,0,0,0,0,32,32,48,48
gfx1200,deep_fast.hsaco,vit_expand_blocked_fp8_tiled,False,883,480,-403,5804,3216,95,95,20,19,0,0,0,0,32,32,48,48
gfx1200,deep_fast.hsaco,vit_expand_blocked_fp8_tiled_bytein,False,782,409,-373,5132,2644,73,84,18,18,0,0,0,0,32,32,48,48
gfx1200,deep_fast.hsaco,vit_expand_blocked_fp8_tiled_bytein_m4,False,2668,2669,1,17556,17544,153,153,25,24,0,0,0,0,32,32,48,48
gfx1200,deep_fast.hsaco,vit_expand_fp8,False,427,430,3,2768,2764,48,49,14,14,0,0,0,0,32,32,48,48
gfx1200,deep_fast.hsaco,vit_ffn_fused,False,1493,975,-518,9660,6552,151,189,14,15,16640,16640,0,0,32,32,56,56
gfx1200,deep_fast.hsaco,vit_pack_input,False,57,57,0,340,340,7,7,7,7,0,0,0,0,32,32,32,32
gfx1200,deep_fast.hsaco,vit_pack_input_tiled,False,57,57,0,352,352,10,10,7,7,0,0,0,0,32,32,32,32
gfx1200,deep_fast.hsaco,vit_project,False,1443,1437,-6,9372,9360,90,90,32,32,0,0,0,0,32,32,56,56
gfx1200,deep_fast.hsaco,vit_project_bytein_bout,False,644,643,-1,4024,4036,55,55,14,14,0,0,0,0,32,32,56,56
gfx1200,deep_fast.hsaco,vit_project_bytein_bout_hskip,False,650,649,-1,4056,4068,55,55,14,14,0,0,0,0,32,32,56,56
gfx1200,deep_fast.hsaco,vit_project_fp8,False,1274,1273,-1,8140,8136,77,77,19,19,0,0,0,0,32,32,56,56
gfx1200,deep_fast.hsaco,vit_project_frag,False,1850,1863,13,11692,11772,79,79,34,34,0,0,0,0,32,32,56,56
gfx1200,deep_fast.hsaco,vit_qkv_normalize,False,478,476,-2,2724,2716,31,31,18,18,0,0,0,0,32,32,40,40
gfx1200,deep_fast.hsaco,vit_qkv_project,False,215,221,6,1204,1228,32,32,14,14,0,0,0,0,32,32,40,40
gfx1200,deep_fast.hsaco,vit_qkv_project_blocked,False,266,223,-43,1604,1368,48,48,13,13,0,0,0,0,32,32,40,40
gfx1200,deep_fast.hsaco,vit_qkv_project_normalize_fused,False,848,942,94,4768,5240,51,50,22,18,2112,2112,0,0,32,32,40,40
gfx1200,deep_fast.hsaco,vit_qkv_project_normalize_fused_f16compact,False,853,947,94,4868,5312,60,58,22,22,2112,2112,0,0,32,32,40,40
gfx1200,deep_fast.hsaco,vit_qkv_project_normalize_fused_f16compact_fp8,False,777,759,-18,4516,4304,60,58,22,22,2112,2112,0,0,32,32,40,40
gfx1200,deep_fast.hsaco,vit_qkv_project_normalize_fused_f16compact_fp8_bytein,False,776,810,34,4488,4632,58,91,22,22,2112,2112,0,0,32,32,40,40
gfx1200,deep_fast.hsaco,vit_qkv_project_normalize_fused_f16compact_fp8_frag,False,766,757,-9,4440,4292,59,58,22,22,2112,2112,0,0,32,32,40,40
gfx1200,deep_fast.hsaco,vit_qkv_project_normalize_fused_f16compact_fp8_h16in,False,1164,1190,26,7860,7860,96,95,22,22,2112,2112,0,0,32,32,40,40
gfx1200,deep_fast.hsaco,vit_qkv_project_normalize_fused_f16compact_fp8_h16in_n4,False,1392,1395,3,8424,8172,192,192,22,22,4160,4160,0,0,32,32,40,40
gfx1200,deep_fast.hsaco,vit_qkv_project_normalize_fused_f16weight,False,854,949,95,4876,5324,60,58,22,22,2112,2112,0,0,32,32,40,40
gfx1200,deep_reference.hsaco,decoder_project2x,False,1315,1334,19,7484,7560,15,15,20,20,0,0,0,0,32,32,56,56
gfx1200,deep_reference.hsaco,split_contract,False,202,209,7,1176,1204,70,70,10,10,0,0,0,0,32,32,28,28
gfx1200,deep_reference.hsaco,split_expand,False,224,274,50,1236,1644,70,99,10,10,0,0,0,0,32,32,28,28
gfx1200,deep_reference.hsaco,split_mix,False,196,202,6,1140,1160,71,71,10,10,0,0,0,0,32,32,28,28
gfx1200,deep_reference.hsaco,split_projection,False,205,211,6,1212,1240,71,71,10,10,0,0,0,0,32,32,36,36
gfx1200,deep_reference.hsaco,vit_attention_av,False,261,261,0,1440,1440,16,16,19,19,0,0,0,0,32,32,36,36
gfx1200,deep_reference.hsaco,vit_attention_av_fast,False,176,176,0,968,968,11,11,17,17,0,0,0,0,32,32,36,36
gfx1200,deep_reference.hsaco,vit_attention_inverse,False,419,432,13,2256,2308,51,51,14,14,0,0,0,0,32,32,20,20
gfx1200,deep_reference.hsaco,vit_attention_inverse_fast,False,57,58,1,304,308,7,7,7,7,0,0,0,0,32,32,20,20
gfx1200,deep_reference.hsaco,vit_attention_scores,False,309,311,2,1684,1692,66,66,9,9,0,0,0,0,32,32,20,20
gfx1200,deep_reference.hsaco,vit_attention_scores_fast,False,303,305,2,1660,1668,66,66,9,9,0,0,0,0,32,32,20,20
gfx1200,deep_reference.hsaco,vit_expand,False,748,765,17,4312,4380,11,11,13,13,0,0,0,0,32,32,36,36
gfx1200,deep_reference.hsaco,vit_gather,False,29,30,1,180,184,6,6,10,10,0,0,0,0,32,32,28,28
gfx1200,deep_reference.hsaco,vit_project,False,750,767,17,4448,4516,17,17,13,13,0,0,0,0,32,32,44,44
gfx1200,deep_reference.hsaco,vit_qkv_normalize,False,2495,2482,-13,13944,13796,57,68,23,22,0,0,144,0,32,32,28,28
gfx1200,deep_reference.hsaco,vit_qkv_project,False,223,230,7,1212,1240,76,76,12,12,0,0,0,0,32,32,28,28
gfx1200,deep_wmma.hsaco,decoder_project2x,False,5671,5702,31,30744,30868,56,56,25,25,0,0,0,0,32,32,56,56
gfx1200,deep_wmma.hsaco,split_contract,False,635,632,-3,3556,3540,53,52,13,13,0,0,0,0,32,32,28,28
gfx1200,deep_wmma.hsaco,split_expand,False,767,763,-4,4232,4204,50,49,14,12,0,0,0,0,32,32,28,28
gfx1200,deep_wmma.hsaco,split_mix,False,624,623,-1,3472,3472,50,50,11,11,0,0,0,0,32,32,28,28
gfx1200,deep_wmma.hsaco,split_projection,False,660,662,2,3684,3696,50,50,12,12,0,0,0,0,32,32,36,36
gfx1200,deep_wmma.hsaco,vit_expand,False,1142,1174,32,6360,6488,49,49,16,16,0,0,0,0,32,32,36,36
gfx1200,deep_wmma.hsaco,vit_project,False,2478,2602,124,14048,14548,73,73,18,18,0,0,0,0,32,32,44,44
gfx1200,deep_wmma.hsaco,vit_qkv_project,False,420,424,4,2368,2388,62,62,14,14,0,0,0,0,32,32,28,28
gfx1200,multihead-fast-packed.hsaco,mh_attention_av_fast,False,564,550,-14,3072,2976,52,52,22,20,0,0,0,0,32,32,36,36
gfx1200,multihead-fast-packed.hsaco,mh_attention_project_fast_matrix,False,2596,2609,13,13924,13980,95,95,52,52,4096,4096,0,0,32,32,44,44
gfx1200,multihead-fast-packed.hsaco,mh_attention_project_fast_scalar,False,1784,1799,15,8776,8836,32,32,21,21,4096,4096,0,0,32,32,44,44
gfx1200,multihead-fast-packed.hsaco,mh_ffn_contract_fast,False,482,495,13,2548,2596,27,27,17,17,4096,4096,0,0,32,32,32,32
gfx1200,multihead-fast-packed.hsaco,mh_ffn_contract_fast_pre,False,289,303,14,1528,1580,27,27,17,17,4096,4096,0,0,32,32,32,32
gfx1200,multihead-fast-packed.hsaco,mh_ffn_contract_fast_rne,False,482,495,13,2548,2596,27,27,17,17,4096,4096,0,0,32,32,32,32
gfx1200,multihead-fast-packed.hsaco,mh_ffn_contract_fast_rtz,False,482,495,13,2548,2596,27,27,17,17,4096,4096,0,0,32,32,32,32
gfx1200,multihead-fast-packed.hsaco,mh_ffn_expand_fast,False,545,560,15,3036,3092,29,29,16,16,4096,4096,0,0,32,32,32,32
gfx1200,multihead-fast-packed.hsaco,mh_ffn_project_fast,False,663,675,12,3568,3624,32,32,18,18,4096,4096,0,0,32,32,40,40
gfx1200,multihead-fast-packed.hsaco,mh_pool_project_production,False,1410,1434,24,7136,7232,48,48,21,21,0,0,0,0,32,32,44,44
gfx1200,multihead-fast-packed.hsaco,mh_probabilities_fast,False,678,692,14,3716,3772,50,50,12,12,0,0,0,0,32,32,24,24
gfx1200,multihead-fast-packed.hsaco,mh_qkv_fast,False,334,340,6,1760,1780,26,26,16,16,4096,4096,0,0,32,32,32,32
gfx1200,multihead-fast-packed.hsaco,mh_qkv_normalize_fast,False,3520,3556,36,20560,20700,148,148,11,11,0,0,0,0,32,32,32,32
gfx1200,multihead-fast-packed.hsaco,mh_scores_exp_fast,False,1108,1113,5,6156,6196,67,67,16,15,0,0,0,0,32,32,36,36
gfx1200,multihead-fast-padded-wave-packed.hsaco,mh_attention_av_fast,False,444,435,-9,2472,2412,52,52,22,20,0,0,0,0,32,32,36,36
gfx1200,multihead-fast-padded-wave-packed.hsaco,mh_attention_crop,False,2625,2660,35,13160,13304,33,33,36,36,4608,4608,0,0,32,32,64,64
gfx1200,multihead-fast-padded-wave-packed.hsaco,mh_attention_project_fast_matrix,False,2102,2132,30,10684,10796,34,34,28,28,4608,4608,0,0,32,32,44,44
gfx1200,multihead-fast-padded-wave-packed.hsaco,mh_attention_project_fast_matrix_fp8,False,2068,2098,30,10448,10560,34,34,28,28,4608,4608,0,0,32,32,44,44
gfx1200,multihead-fast-padded-wave-packed.hsaco,mh_attention_project_fast_scalar,False,1412,1429,17,6984,7044,32,32,21,21,4608,4608,0,0,32,32,44,44
gfx1200,multihead-fast-padded-wave-packed.hsaco,mh_attention_project_fast_scalar_fp8,False,1378,1395,17,6748,6808,33,33,21,21,4608,4608,0,0,32,32,44,44
gfx1200,multihead-fast-padded-wave-packed.hsaco,mh_attention_project_frag_c512,False,1283,643,-640,6812,3364,80,79,28,30,0,0,0,0,32,32,60,60
gfx1200,multihead-fast-padded-wave-packed.hsaco,mh_ffn_contract_fast,False,399,406,7,2192,2216,27,27,17,17,4608,4608,0,0,32,32,32,32
gfx1200,multihead-fast-padded-wave-packed.hsaco,mh_ffn_contract_fast_fp8,False,383,389,6,2084,2104,28,28,17,17,4608,4608,0,0,32,32,32,32
gfx1200,multihead-fast-padded-wave-packed.hsaco,mh_ffn_contract_fast_fp8_out,False,349,354,5,1900,1916,28,28,17,17,4608,4608,0,0,32,32,32,32
gfx1200,multihead-fast-padded-wave-packed.hsaco,mh_ffn_contract_fast_pre,False,296,310,14,1564,1616,27,27,17,17,4608,4608,0,0,32,32,32,32
gfx1200,multihead-fast-padded-wave-packed.hsaco,mh_ffn_contract_fast_rne,False,399,406,7,2192,2216,27,27,17,17,4608,4608,0,0,32,32,32,32
gfx1200,multihead-fast-padded-wave-packed.hsaco,mh_ffn_contract_fast_rtz,False,399,406,7,2192,2216,27,27,17,17,4608,4608,0,0,32,32,32,32
gfx1200,multihead-fast-padded-wave-packed.hsaco,mh_ffn_expand_fast,False,461,465,4,2632,2644,29,29,16,16,4608,4608,0,0,32,32,32,32
gfx1200,multihead-fast-padded-wave-packed.hsaco,mh_ffn_expand_fast_fp8,False,425,433,8,2456,2480,29,29,16,16,4608,4608,0,0,32,32,32,32
gfx1200,multihead-fast-padded-wave-packed.hsaco,mh_ffn_fused_c128,False,840,893,53,6012,6212,101,103,12,12,8256,8256,0,0,32,32,28,28
gfx1200,multihead-fast-padded-wave-packed.hsaco,mh_ffn_fused_c128_frag_project_g128_qkv,False,1510,1506,-4,9976,9972,100,101,16,16,15168,15168,0,0,32,32,64,64
gfx1200,multihead-fast-padded-wave-packed.hsaco,mh_ffn_fused_c128_frag_project_mapped_g128_qkv,False,1669,1695,26,10868,10980,99,100,25,25,15168,15168,0,0,32,32,64,64
gfx1200,multihead-fast-padded-wave-packed.hsaco,mh_ffn_fused_c128_project,False,1026,1075,49,7160,7360,101,103,14,12,8256,8256,0,0,32,32,28,28
gfx1200,multihead-fast-padded-wave-packed.hsaco,mh_ffn_fused_c128_project_g128,False,940,992,52,6436,6656,102,103,15,12,8256,8256,0,0,32,32,28,28
gfx1200,multihead-fast-padded-wave-packed.hsaco,mh_ffn_fused_c128_project_g128_qkv,False,1439,1460,21,9540,9728,99,100,16,22,15168,15168,0,0,32,32,64,64
gfx1200,multihead-fast-padded-wave-packed.hsaco,mh_ffn_fused_c128_project_g128_qkv_bn,False,1283,1317,34,8924,8956,142,143,16,16,23872,23872,0,0,32,32,64,64
gfx1200,multihead-fast-padded-wave-packed.hsaco,mh_ffn_fused_c128_project_g128_qkv_bytein_fb,False,1397,1423,26,9356,9504,97,100,15,22,15168,15168,0,0,32,32,64,64
gfx1200,multihead-fast-padded-wave-packed.hsaco,mh_ffn_fused_c128_project_g128_qkv_bytein_fb_pdl,False,1521,1554,33,9928,10132,97,100,17,22,15168,15168,0,0,32,32,100,100
gfx1200,multihead-fast-padded-wave-packed.hsaco,mh_ffn_fused_c128_project_g128_qkv_fb,False,1430,1453,23,9508,9732,99,99,16,22,15168,15168,0,0,32,32,64,64
gfx1200,multihead-fast-padded-wave-packed.hsaco,mh_ffn_fused_c128_project_g128_qkv_fb_pdl,False,1556,1592,36,10104,10356,99,99,18,24,15168,15168,0,0,32,32,100,100
gfx1200,multihead-fast-padded-wave-packed.hsaco,mh_ffn_fused_c128_project_mapped,False,1538,1567,29,9724,9864,102,104,28,22,8256,8256,0,0,32,32,48,48
gfx1200,multihead-fast-padded-wave-packed.hsaco,mh_ffn_fused_c128_project_mapped_g128,False,1441,1489,48,8992,9164,102,104,28,22,8256,8256,0,0,32,32,48,48
gfx1200,multihead-fast-padded-wave-packed.hsaco,mh_ffn_fused_c128_project_mapped_g128_qkv,False,1592,1658,66,10464,10768,99,100,25,27,15168,15168,0,0,32,32,64,64
gfx1200,multihead-fast-padded-wave-packed.hsaco,mh_ffn_fused_c128_project_mapped_g128_qkv_bn,False,1460,1484,24,9880,9852,144,145,25,25,23872,23872,0,0,32,32,64,64
gfx1200,multihead-fast-padded-wave-packed.hsaco,mh_ffn_fused_c128_project_mapped_g128_qkv_bytein_fb,False,1570,1625,55,10592,10872,99,100,21,21,15168,15168,0,0,32,32,64,64
gfx1200,multihead-fast-padded-wave-packed.hsaco,mh_ffn_fused_c128_project_mapped_g128_qkv_bytein_fb_pdl,False,1695,1750,55,11172,11452,99,100,23,23,15168,15168,0,0,32,32,100,100
gfx1200,multihead-fast-padded-wave-packed.hsaco,mh_ffn_fused_c128_project_mapped_g128_qkv_fb,False,1638,1687,49,10764,10984,99,100,26,28,15168,15168,0,0,32,32,64,64
gfx1200,multihead-fast-padded-wave-packed.hsaco,mh_ffn_fused_c128_project_mapped_g128_qkv_fb_pdl,False,1763,1813,50,11344,11568,99,100,28,30,15168,15168,0,0,32,32,100,100
gfx1200,multihead-fast-padded-wave-packed.hsaco,mh_ffn_fused_c128_tiled,False,922,963,41,6212,6436,75,80,12,12,8256,8256,0,0,32,32,28,28
gfx1200,multihead-fast-padded-wave-packed.hsaco,mh_ffn_fused_c128_tiled_project_g128_qkv,False,1631,1711,80,10920,11300,82,85,32,16,15168,15168,0,0,32,32,64,64
gfx1200,multihead-fast-padded-wave-packed.hsaco,mh_ffn_fused_c128_tiled_project_mapped_g128_qkv,False,1816,1900,84,11864,12260,83,86,38,24,15168,15168,0,0,32,32,64,64
gfx1200,multihead-fast-padded-wave-packed.hsaco,mh_ffn_fused_c256,False,1003,1067,64,6676,7208,73,87,11,11,16448,16448,0,0,32,32,28,28
gfx1200,multihead-fast-padded-wave-packed.hsaco,mh_ffn_fused_c256_frag_project_g128_qkv,False,1738,1763,25,11852,11880,96,96,15,15,30016,30016,0,0,32,32,64,64
gfx1200,multihead-fast-padded-wave-packed.hsaco,mh_ffn_fused_c256_frag_project_g128_qkv_bytein_fb,False,1720,1704,-16,11752,11692,97,97,15,15,30016,30016,0,0,32,32,64,64
gfx1200,multihead-fast-padded-wave-packed.hsaco,mh_ffn_fused_c256_frag_project_g128_qkv_bytein_fb_pdl,False,1838,1833,-5,12324,12280,97,97,17,17,30016,30016,0,0,32,32,100,100
gfx1200,multihead-fast-padded-wave-packed.hsaco,mh_ffn_fused_c256_frag_project_g128_qkv_fb,False,1746,1737,-9,11860,11812,98,96,15,15,30016,30016,0,0,32,32,64,64
gfx1200,multihead-fast-padded-wave-packed.hsaco,mh_ffn_fused_c256_frag_project_g128_qkv_fb_pdl,False,1882,1867,-15,12492,12388,98,96,17,17,30016,30016,0,0,32,32,100,100
gfx1200,multihead-fast-padded-wave-packed.hsaco,mh_ffn_fused_c256_frag_project_mapped_g128_qkv,False,1886,1900,14,12680,12680,97,96,23,23,30016,30016,0,0,32,32,64,64
gfx1200,multihead-fast-padded-wave-packed.hsaco,mh_ffn_fused_c256_frag_project_mapped_g128_qkv_bytein_fb,False,1894,1891,-3,13016,13020,101,100,21,21,30016,30016,0,0,32,32,64,64
gfx1200,multihead-fast-padded-wave-packed.hsaco,mh_ffn_fused_c256_frag_project_mapped_g128_qkv_bytein_fb_pdl,False,2019,2014,-5,13596,13592,101,100,23,23,30016,30016,0,0,32,32,100,100
gfx1200,multihead-fast-padded-wave-packed.hsaco,mh_ffn_fused_c256_frag_project_mapped_g128_qkv_fb,False,1952,1954,2,13008,12968,98,96,24,24,30016,30016,0,0,32,32,64,64
gfx1200,multihead-fast-padded-wave-packed.hsaco,mh_ffn_fused_c256_frag_project_mapped_g128_qkv_fb_pdl,False,2077,2079,2,13588,13548,98,96,26,26,30016,30016,0,0,32,32,100,100
gfx1200,multihead-fast-padded-wave-packed.hsaco,mh_ffn_fused_c256_tiled,False,911,899,-12,6088,6060,74,71,11,11,16448,16448,0,0,32,32,28,28
gfx1200,multihead-fast-padded-wave-packed.hsaco,mh_ffn_fused_c256_tiled_project,False,1102,1074,-28,7380,7280,74,71,13,13,16448,16448,0,0,32,32,28,28
gfx1200,multihead-fast-padded-wave-packed.hsaco,mh_ffn_fused_c256_tiled_project_g128,False,1193,1172,-21,8120,8016,77,77,26,11,16448,16448,0,0,32,32,28,28
gfx1200,multihead-fast-padded-wave-packed.hsaco,mh_ffn_fused_c256_tiled_project_g128_qkv,False,1813,1807,-6,12192,12192,93,93,30,15,30016,30016,0,0,32,32,64,64
gfx1200,multihead-fast-padded-wave-packed.hsaco,mh_ffn_fused_c256_tiled_project_g128_qkv_bytein_fb,False,1746,1750,4,11920,11872,93,92,30,15,30016,30016,0,0,32,32,64,64
gfx1200,multihead-fast-padded-wave-packed.hsaco,mh_ffn_fused_c256_tiled_project_g128_qkv_fb,False,1813,1795,-18,12172,12144,93,92,30,15,30016,30016,0,0,32,32,64,64
gfx1200,multihead-fast-padded-wave-packed.hsaco,mh_ffn_fused_c256_tiled_project_mapped,False,1585,1547,-38,9844,9704,74,71,26,20,16448,16448,0,0,32,32,48,48
gfx1200,multihead-fast-padded-wave-packed.hsaco,mh_ffn_fused_c256_tiled_project_mapped_g128,False,1679,1655,-24,10576,10460,77,77,32,20,16448,16448,0,0,32,32,48,48
gfx1200,multihead-fast-padded-wave-packed.hsaco,mh_ffn_fused_c256_tiled_project_mapped_g128_qkv,False,1970,1955,-15,12992,12956,94,94,37,23,30016,30016,0,0,32,32,64,64
gfx1200,multihead-fast-padded-wave-packed.hsaco,mh_ffn_fused_c256_tiled_project_mapped_g128_qkv_bytein_fb,False,1936,1938,2,13184,13096,94,93,31,21,30016,30016,0,0,32,32,64,64
gfx1200,multihead-fast-padded-wave-packed.hsaco,mh_ffn_fused_c256_tiled_project_mapped_g128_qkv_fb,False,2015,1995,-20,13320,13248,94,93,38,24,30016,30016,0,0,32,32,64,64
gfx1200,multihead-fast-padded-wave-packed.hsaco,mh_ffn_fused_c64,False,721,749,28,5084,5220,100,97,15,15,4160,4160,0,0,32,32,28,28
gfx1200,multihead-fast-padded-wave-packed.hsaco,mh_ffn_fused_c64_frag_project_g128_qkv,False,1359,1379,20,8952,9020,96,97,16,16,7744,7744,0,0,32,32,64,64
gfx1200,multihead-fast-padded-wave-packed.hsaco,mh_ffn_fused_c64_frag_project_mapped_g128_qkv,False,1476,1482,6,9564,9608,97,97,25,25,7744,7744,0,0,32,32,64,64
gfx1200,multihead-fast-padded-wave-packed.hsaco,mh_ffn_fused_c64_project,False,904,931,27,6268,6380,100,98,18,18,4160,4160,0,0,32,32,28,28
gfx1200,multihead-fast-padded-wave-packed.hsaco,mh_ffn_fused_c64_project_g128,False,884,919,35,6072,6196,100,98,19,18,4160,4160,0,0,32,32,28,28
gfx1200,multihead-fast-padded-wave-packed.hsaco,mh_ffn_fused_c64_project_g128_qkv,False,1304,1353,49,8548,8744,98,99,16,21,7744,7744,0,0,32,32,64,64
gfx1200,multihead-fast-padded-wave-packed.hsaco,mh_ffn_fused_c64_project_g128_qkv_bn,False,1180,1187,7,7932,7968,139,132,16,16,12096,12096,0,0,32,32,64,64
gfx1200,multihead-fast-padded-wave-packed.hsaco,mh_ffn_fused_c64_project_g128_qkv_bytein_fb,False,1266,1296,30,8336,8472,97,98,15,22,7744,7744,0,0,32,32,64,64
gfx1200,multihead-fast-padded-wave-packed.hsaco,mh_ffn_fused_c64_project_g128_qkv_bytein_fb_pdl,False,1397,1419,22,8928,9072,97,98,17,22,7744,7744,0,0,32,32,100,100
gfx1200,multihead-fast-padded-wave-packed.hsaco,mh_ffn_fused_c64_project_g128_qkv_fb,False,1288,1321,33,8500,8692,99,100,16,21,7744,7744,0,0,32,32,64,64
gfx1200,multihead-fast-padded-wave-packed.hsaco,mh_ffn_fused_c64_project_g128_qkv_fb_pdl,False,1416,1451,35,9116,9296,99,100,18,23,7744,7744,0,0,32,32,100,100
gfx1200,multihead-fast-padded-wave-packed.hsaco,mh_ffn_fused_c64_project_mapped,False,1380,1407,27,8608,8704,101,98,28,23,4160,4160,0,0,32,32,48,48
gfx1200,multihead-fast-padded-wave-packed.hsaco,mh_ffn_fused_c64_project_mapped_g128,False,1354,1391,37,8404,8536,100,99,28,23,4160,4160,0,0,32,32,48,48
gfx1200,multihead-fast-padded-wave-packed.hsaco,mh_ffn_fused_c64_project_mapped_g128_qkv,False,1411,1466,55,9160,9384,96,97,25,26,7744,7744,0,0,32,32,64,64
gfx1200,multihead-fast-padded-wave-packed.hsaco,mh_ffn_fused_c64_project_mapped_g128_qkv_bn,False,1284,1302,18,8544,8584,141,134,25,25,12096,12096,0,0,32,32,64,64
gfx1200,multihead-fast-padded-wave-packed.hsaco,mh_ffn_fused_c64_project_mapped_g128_qkv_bytein_fb,False,1326,1383,57,8956,9136,97,98,21,21,7744,7744,0,0,32,32,64,64
gfx1200,multihead-fast-padded-wave-packed.hsaco,mh_ffn_fused_c64_project_mapped_g128_qkv_bytein_fb_pdl,False,1452,1499,47,9540,9704,97,98,22,22,7744,7744,0,0,32,32,100,100
gfx1200,multihead-fast-padded-wave-packed.hsaco,mh_ffn_fused_c64_project_mapped_g128_qkv_fb,False,1402,1453,51,9120,9384,96,98,25,27,7744,7744,0,0,32,32,64,64
gfx1200,multihead-fast-padded-wave-packed.hsaco,mh_ffn_fused_c64_project_mapped_g128_qkv_fb_pdl,False,1526,1568,42,9708,9940,96,98,27,30,7744,7744,0,0,32,32,100,100
gfx1200,multihead-fast-padded-wave-packed.hsaco,mh_ffn_fused_c64_tiled,False,939,967,28,6252,6464,75,80,12,12,4160,4160,0,0,32,32,28,28
gfx1200,multihead-fast-padded-wave-packed.hsaco,mh_ffn_fused_c64_tiled_project_g128_qkv,False,1589,1646,57,10484,10760,81,85,32,16,7744,7744,0,0,32,32,64,64
gfx1200,multihead-fast-padded-wave-packed.hsaco,mh_ffn_fused_c64_tiled_project_mapped_g128_qkv,False,1688,1775,87,10988,11420,82,86,38,24,7744,7744,0,0,32,32,64,64
gfx1200,multihead-fast-padded-wave-packed.hsaco,mh_ffn_project_fast,False,585,590,5,3212,3236,32,32,18,18,4608,4608,0,0,32,32,40,40
gfx1200,multihead-fast-padded-wave-packed.hsaco,mh_ffn_project_fast_fp8,False,552,557,5,2980,3004,33,33,18,18,4608,4608,0,0,32,32,40,40
gfx1200,multihead-fast-padded-wave-packed.hsaco,mh_pool_project_fused_c128,False,3445,7226,3781,17628,35872,152,145,22,21,0,0,144,0,32,32,44,44
gfx1200,multihead-fast-padded-wave-packed.hsaco,mh_pool_project_fused_c256,False,3884,3877,-7,20332,20300,192,192,22,21,0,0,272,272,32,32,44,44
gfx1200,multihead-fast-padded-wave-packed.hsaco,mh_pool_project_fused_c64,False,6334,4785,-1549,32732,24644,128,118,80,21,0,0,0,0,32,32,44,44
gfx1200,multihead-fast-padded-wave-packed.hsaco,mh_pool_project_group_c128,False,2289,2283,-6,11568,11540,98,98,29,28,4352,4352,0,0,32,32,44,44
gfx1200,multihead-fast-padded-wave-packed.hsaco,mh_pool_project_group_c256,False,2283,2279,-4,11540,11520,98,98,29,28,8448,8448,0,0,32,32,44,44
gfx1200,multihead-fast-padded-wave-packed.hsaco,mh_pool_project_group_c512,False,2287,2286,-1,11564,11556,98,98,29,28,16640,16640,0,0,32,32,44,44
gfx1200,multihead-fast-padded-wave-packed.hsaco,mh_pool_project_group_c64,False,2331,2376,45,11768,11944,100,102,29,28,2304,2304,0,0,32,32,44,44
gfx1200,multihead-fast-padded-wave-packed.hsaco,mh_pool_project_production,False,1314,1338,24,6656,6752,48,48,21,21,0,0,0,0,32,32,44,44
gfx1200,multihead-fast-padded-wave-packed.hsaco,mh_pool_project_production_h16w,False,1387,1413,26,7040,7160,62,62,20,20,0,0,0,0,32,32,44,44
gfx1200,multihead-fast-padded-wave-packed.hsaco,mh_probabilities_fast,False,572,577,5,3284,3304,50,50,12,12,0,0,0,0,32,32,24,24
gfx1200,multihead-fast-padded-wave-packed.hsaco,mh_qkv_fast,False,340,342,2,1796,1808,26,26,16,16,4608,4608,0,0,32,32,32,32
gfx1200,multihead-fast-padded-wave-packed.hsaco,mh_qkv_normalize_fast,False,1115,1117,2,6532,6548,110,110,11,11,0,0,0,0,32,32,32,32
gfx1200,multihead-fast-padded-wave-packed.hsaco,mh_qkv_normalize_fast_wave,False,395,396,1,2080,2084,9,9,11,11,0,0,0,0,32,32,32,32
gfx1200,multihead-fast-padded-wave-packed.hsaco,mh_qkv_normalize_fast_wave_fp8,False,396,397,1,2072,2076,7,7,11,11,0,0,0,0,32,32,32,32
gfx1200,multihead-fast-padded-wave-packed.hsaco,mh_qkv_normalize_frag_c512,False,1249,1259,10,7672,7784,90,122,18,18,4420,4420,0,0,32,32,28,28
gfx1200,multihead-fast-padded-wave-packed.hsaco,mh_qkv_normalize_fused,False,2335,2354,19,13492,13584,45,45,18,18,21760,21760,0,0,32,32,32,32
gfx1200,multihead-fast-padded-wave-packed.hsaco,mh_qkv_normalize_wave_c512,False,1146,1182,36,6876,6980,72,82,14,14,17680,17680,0,0,32,32,28,28
gfx1200,multihead-fast-padded-wave-packed.hsaco,mh_scores_exp_fast,False,1108,1113,5,6156,6196,67,67,16,15,0,0,0,0,32,32,36,36
gfx1200,multihead-fast-padded-wave.hsaco,mh_attention_av_fast,False,444,435,-9,2472,2412,52,52,22,20,0,0,0,0,32,32,36,36
gfx1200,multihead-fast-padded-wave.hsaco,mh_attention_crop,False,2649,2682,33,13352,13484,32,32,34,34,4608,4608,0,0,32,32,64,64
gfx1200,multihead-fast-padded-wave.hsaco,mh_attention_project_fast_matrix,False,2131,2161,30,10856,10976,38,38,27,27,4608,4608,0,0,32,32,44,44
gfx1200,multihead-fast-padded-wave.hsaco,mh_attention_project_fast_matrix_fp8,False,2094,2123,29,10640,10752,34,34,27,27,4608,4608,0,0,32,32,44,44
gfx1200,multihead-fast-padded-wave.hsaco,mh_attention_project_fast_scalar,False,1433,1449,16,7144,7204,38,38,20,20,4608,4608,0,0,32,32,44,44
gfx1200,multihead-fast-padded-wave.hsaco,mh_attention_project_fast_scalar_fp8,False,1399,1414,15,6928,6976,32,32,20,20,4608,4608,0,0,32,32,44,44
gfx1200,multihead-fast-padded-wave.hsaco,mh_attention_project_frag_c512,False,1283,643,-640,6812,3364,80,79,28,30,0,0,0,0,32,32,60,60
gfx1200,multihead-fast-padded-wave.hsaco,mh_ffn_contract_fast,False,401,409,8,2232,2252,30,30,16,16,4608,4608,0,0,32,32,32,32
gfx1200,multihead-fast-padded-wave.hsaco,mh_ffn_contract_fast_fp8,False,387,394,7,2132,2156,27,27,16,16,4608,4608,0,0,32,32,32,32
gfx1200,multihead-fast-padded-wave.hsaco,mh_ffn_contract_fast_fp8_out,False,354,360,6,1940,1964,27,27,16,16,4608,4608,0,0,32,32,32,32
gfx1200,multihead-fast-padded-wave.hsaco,mh_ffn_contract_fast_pre,False,298,313,15,1604,1652,30,30,16,16,4608,4608,0,0,32,32,32,32
gfx1200,multihead-fast-padded-wave.hsaco,mh_ffn_contract_fast_rne,False,401,409,8,2232,2252,30,30,16,16,4608,4608,0,0,32,32,32,32
gfx1200,multihead-fast-padded-wave.hsaco,mh_ffn_contract_fast_rtz,False,401,409,8,2232,2252,30,30,16,16,4608,4608,0,0,32,32,32,32
gfx1200,multihead-fast-padded-wave.hsaco,mh_ffn_expand_fast,False,495,494,-1,2848,2836,32,32,16,16,4608,4608,0,0,32,32,32,32
gfx1200,multihead-fast-padded-wave.hsaco,mh_ffn_expand_fast_fp8,False,456,463,7,2656,2680,32,32,16,16,4608,4608,0,0,32,32,32,32
gfx1200,multihead-fast-padded-wave.hsaco,mh_ffn_fused_c128,False,840,893,53,6012,6212,101,103,12,12,8256,8256,0,0,32,32,28,28
gfx1200,multihead-fast-padded-wave.hsaco,mh_ffn_fused_c128_frag_project_g128_qkv,False,1475,1470,-5,9768,9740,99,100,16,16,10816,10816,0,0,32,32,64,64
gfx1200,multihead-fast-padded-wave.hsaco,mh_ffn_fused_c128_frag_project_mapped_g128_qkv,False,1650,1643,-7,10660,10664,98,99,25,25,10816,10816,0,0,32,32,64,64
gfx1200,multihead-fast-padded-wave.hsaco,mh_ffn_fused_c128_project,False,1026,1075,49,7160,7360,101,103,14,12,8256,8256,0,0,32,32,28,28
gfx1200,multihead-fast-padded-wave.hsaco,mh_ffn_fused_c128_project_g128,False,940,992,52,6436,6656,102,103,15,12,8256,8256,0,0,32,32,28,28
gfx1200,multihead-fast-padded-wave.hsaco,mh_ffn_fused_c128_project_g128_qkv,False,1424,1438,14,9352,9568,99,99,16,22,10816,10816,0,0,32,32,64,64
gfx1200,multihead-fast-padded-wave.hsaco,mh_ffn_fused_c128_project_g128_qkv_bn,False,1248,1301,53,8704,8784,126,126,16,16,19520,19520,0,0,32,32,64,64
gfx1200,multihead-fast-padded-wave.hsaco,mh_ffn_fused_c128_project_g128_qkv_bytein_fb,False,1362,1383,21,9016,9244,96,98,15,22,10816,10816,0,0,32,32,64,64
gfx1200,multihead-fast-padded-wave.hsaco,mh_ffn_fused_c128_project_g128_qkv_bytein_fb_pdl,False,1477,1524,47,9612,9856,96,98,17,22,10816,10816,0,0,32,32,100,100
gfx1200,multihead-fast-padded-wave.hsaco,mh_ffn_fused_c128_project_g128_qkv_fb,False,1402,1420,18,9244,9448,99,100,16,22,10816,10816,0,0,32,32,64,64
gfx1200,multihead-fast-padded-wave.hsaco,mh_ffn_fused_c128_project_g128_qkv_fb_pdl,False,1528,1552,24,9828,10052,99,100,18,24,10816,10816,0,0,32,32,100,100
gfx1200,multihead-fast-padded-wave.hsaco,mh_ffn_fused_c128_project_mapped,False,1538,1567,29,9724,9864,102,104,28,22,8256,8256,0,0,32,32,48,48
gfx1200,multihead-fast-padded-wave.hsaco,mh_ffn_fused_c128_project_mapped_g128,False,1441,1489,48,8992,9164,102,104,28,22,8256,8256,0,0,32,32,48,48
gfx1200,multihead-fast-padded-wave.hsaco,mh_ffn_fused_c128_project_mapped_g128_qkv,False,1573,1619,46,10224,10488,99,100,25,27,10816,10816,0,0,32,32,64,64
gfx1200,multihead-fast-padded-wave.hsaco,mh_ffn_fused_c128_project_mapped_g128_qkv_bn,False,1445,1466,21,9720,9700,126,126,25,25,19520,19520,0,0,32,32,64,64
gfx1200,multihead-fast-padded-wave.hsaco,mh_ffn_fused_c128_project_mapped_g128_qkv_bytein_fb,False,1534,1596,62,10320,10564,100,101,21,21,10816,10816,0,0,32,32,64,64
gfx1200,multihead-fast-padded-wave.hsaco,mh_ffn_fused_c128_project_mapped_g128_qkv_bytein_fb_pdl,False,1658,1720,62,10896,11140,100,101,23,23,10816,10816,0,0,32,32,100,100
gfx1200,multihead-fast-padded-wave.hsaco,mh_ffn_fused_c128_project_mapped_g128_qkv_fb,False,1606,1661,55,10432,10724,99,100,26,28,10816,10816,0,0,32,32,64,64
gfx1200,multihead-fast-padded-wave.hsaco,mh_ffn_fused_c128_project_mapped_g128_qkv_fb_pdl,False,1731,1787,56,11012,11308,99,100,28,30,10816,10816,0,0,32,32,100,100
gfx1200,multihead-fast-padded-wave.hsaco,mh_ffn_fused_c128_tiled,False,922,963,41,6212,6436,75,80,12,12,8256,8256,0,0,32,32,28,28
gfx1200,multihead-fast-padded-wave.hsaco,mh_ffn_fused_c128_tiled_project_g128_qkv,False,1617,1698,81,10752,11176,82,85,32,16,10816,10816,0,0,32,32,64,64
gfx1200,multihead-fast-padded-wave.hsaco,mh_ffn_fused_c128_tiled_project_mapped_g128_qkv,False,1776,1869,93,11620,12008,83,86,38,24,10816,10816,0,0,32,32,64,64
gfx1200,multihead-fast-padded-wave.hsaco,mh_ffn_fused_c256,False,1003,1067,64,6676,7208,73,87,11,11,16448,16448,0,0,32,32,28,28
gfx1200,multihead-fast-padded-wave.hsaco,mh_ffn_fused_c256_frag_project_g128_qkv,False,1778,1723,-55,12036,11636,97,95,15,15,21568,21568,0,0,32,32,64,64
gfx1200,multihead-fast-padded-wave.hsaco,mh_ffn_fused_c256_frag_project_g128_qkv_bytein_fb,False,1717,1670,-47,11760,11336,97,97,15,15,21568,21568,0,0,32,32,64,64
gfx1200,multihead-fast-padded-wave.hsaco,mh_ffn_fused_c256_frag_project_g128_qkv_bytein_fb_pdl,False,1846,1793,-53,12356,11944,97,97,17,17,21568,21568,0,0,32,32,100,100
gfx1200,multihead-fast-padded-wave.hsaco,mh_ffn_fused_c256_frag_project_g128_qkv_fb,False,1750,1689,-61,11900,11508,97,95,15,15,21568,21568,0,0,32,32,64,64
gfx1200,multihead-fast-padded-wave.hsaco,mh_ffn_fused_c256_frag_project_g128_qkv_fb_pdl,False,1878,1818,-60,12500,12096,97,95,17,17,21568,21568,0,0,32,32,100,100
gfx1200,multihead-fast-padded-wave.hsaco,mh_ffn_fused_c256_frag_project_mapped_g128_qkv,False,1915,1862,-53,12812,12432,97,95,23,23,21568,21568,0,0,32,32,64,64
gfx1200,multihead-fast-padded-wave.hsaco,mh_ffn_fused_c256_frag_project_mapped_g128_qkv_bytein_fb,False,1918,1871,-47,13128,12792,99,100,21,21,21568,21568,0,0,32,32,64,64
gfx1200,multihead-fast-padded-wave.hsaco,mh_ffn_fused_c256_frag_project_mapped_g128_qkv_bytein_fb_pdl,False,2041,1995,-46,13700,13368,99,100,23,23,21568,21568,0,0,32,32,100,100
gfx1200,multihead-fast-padded-wave.hsaco,mh_ffn_fused_c256_frag_project_mapped_g128_qkv_fb,False,1952,1900,-52,13044,12672,97,95,24,24,21568,21568,0,0,32,32,64,64
gfx1200,multihead-fast-padded-wave.hsaco,mh_ffn_fused_c256_frag_project_mapped_g128_qkv_fb_pdl,False,2077,2025,-52,13624,13252,97,95,26,26,21568,21568,0,0,32,32,100,100
gfx1200,multihead-fast-padded-wave.hsaco,mh_ffn_fused_c256_tiled,False,911,899,-12,6088,6060,74,71,11,11,16448,16448,0,0,32,32,28,28
gfx1200,multihead-fast-padded-wave.hsaco,mh_ffn_fused_c256_tiled_project,False,1102,1074,-28,7380,7280,74,71,13,13,16448,16448,0,0,32,32,28,28
gfx1200,multihead-fast-padded-wave.hsaco,mh_ffn_fused_c256_tiled_project_g128,False,1193,1172,-21,8120,8016,77,77,26,11,16448,16448,0,0,32,32,28,28
gfx1200,multihead-fast-padded-wave.hsaco,mh_ffn_fused_c256_tiled_project_g128_qkv,False,1802,1776,-26,12020,11980,81,84,30,15,21568,21568,0,0,32,32,64,64
gfx1200,multihead-fast-padded-wave.hsaco,mh_ffn_fused_c256_tiled_project_g128_qkv_bytein_fb,False,1743,1724,-19,11716,11616,80,83,30,15,21568,21568,0,0,32,32,64,64
gfx1200,multihead-fast-padded-wave.hsaco,mh_ffn_fused_c256_tiled_project_g128_qkv_fb,False,1786,1761,-25,11928,11892,81,84,30,15,21568,21568,0,0,32,32,64,64
gfx1200,multihead-fast-padded-wave.hsaco,mh_ffn_fused_c256_tiled_project_mapped,False,1585,1547,-38,9844,9704,74,71,26,20,16448,16448,0,0,32,32,48,48
gfx1200,multihead-fast-padded-wave.hsaco,mh_ffn_fused_c256_tiled_project_mapped_g128,False,1679,1655,-24,10576,10460,77,77,32,20,16448,16448,0,0,32,32,48,48
gfx1200,multihead-fast-padded-wave.hsaco,mh_ffn_fused_c256_tiled_project_mapped_g128_qkv,False,1950,1929,-21,12792,12760,81,84,37,23,21568,21568,0,0,32,32,64,64
gfx1200,multihead-fast-padded-wave.hsaco,mh_ffn_fused_c256_tiled_project_mapped_g128_qkv_bytein_fb,False,1915,1908,-7,12920,12892,81,84,30,21,21568,21568,0,0,32,32,64,64
gfx1200,multihead-fast-padded-wave.hsaco,mh_ffn_fused_c256_tiled_project_mapped_g128_qkv_fb,False,1988,1965,-23,13024,12988,81,84,38,24,21568,21568,0,0,32,32,64,64
gfx1200,multihead-fast-padded-wave.hsaco,mh_ffn_fused_c64,False,721,749,28,5084,5220,100,97,15,15,4160,4160,0,0,32,32,28,28
gfx1200,multihead-fast-padded-wave.hsaco,mh_ffn_fused_c64_frag_project_g128_qkv,False,1352,1359,7,8772,8840,96,97,16,16,5440,5440,0,0,32,32,64,64
gfx1200,multihead-fast-padded-wave.hsaco,mh_ffn_fused_c64_frag_project_mapped_g128_qkv,False,1469,1467,-2,9436,9456,97,97,25,25,5440,5440,0,0,32,32,64,64
gfx1200,multihead-fast-padded-wave.hsaco,mh_ffn_fused_c64_project,False,904,931,27,6268,6380,100,98,18,18,4160,4160,0,0,32,32,28,28
gfx1200,multihead-fast-padded-wave.hsaco,mh_ffn_fused_c64_project_g128,False,884,919,35,6072,6196,100,98,19,18,4160,4160,0,0,32,32,28,28
gfx1200,multihead-fast-padded-wave.hsaco,mh_ffn_fused_c64_project_g128_qkv,False,1283,1308,25,8364,8520,98,99,16,21,5440,5440,0,0,32,32,64,64
gfx1200,multihead-fast-padded-wave.hsaco,mh_ffn_fused_c64_project_g128_qkv_bn,False,1153,1181,28,7784,7872,98,99,16,21,9792,9792,0,0,32,32,64,64
gfx1200,multihead-fast-padded-wave.hsaco,mh_ffn_fused_c64_project_g128_qkv_bytein_fb,False,1237,1250,13,8064,8176,96,97,15,22,5440,5440,0,0,32,32,64,64
gfx1200,multihead-fast-padded-wave.hsaco,mh_ffn_fused_c64_project_g128_qkv_bytein_fb_pdl,False,1362,1387,25,8656,8800,96,97,17,22,5440,5440,0,0,32,32,100,100
gfx1200,multihead-fast-padded-wave.hsaco,mh_ffn_fused_c64_project_g128_qkv_fb,False,1261,1287,26,8232,8392,98,99,16,21,5440,5440,0,0,32,32,64,64
gfx1200,multihead-fast-padded-wave.hsaco,mh_ffn_fused_c64_project_g128_qkv_fb_pdl,False,1380,1413,33,8820,9012,98,99,18,23,5440,5440,0,0,32,32,100,100
gfx1200,multihead-fast-padded-wave.hsaco,mh_ffn_fused_c64_project_mapped,False,1380,1407,27,8608,8704,101,98,28,23,4160,4160,0,0,32,32,48,48
gfx1200,multihead-fast-padded-wave.hsaco,mh_ffn_fused_c64_project_mapped_g128,False,1354,1391,37,8404,8536,100,99,28,23,4160,4160,0,0,32,32,48,48
gfx1200,multihead-fast-padded-wave.hsaco,mh_ffn_fused_c64_project_mapped_g128_qkv,False,1393,1422,29,8964,9184,96,97,25,27,5440,5440,0,0,32,32,64,64
gfx1200,multihead-fast-padded-wave.hsaco,mh_ffn_fused_c64_project_mapped_g128_qkv_bn,False,1262,1294,32,8420,8508,98,99,25,26,9792,9792,0,0,32,32,64,64
gfx1200,multihead-fast-padded-wave.hsaco,mh_ffn_fused_c64_project_mapped_g128_qkv_bytein_fb,False,1304,1361,57,8712,8904,97,98,20,20,5440,5440,0,0,32,32,64,64
gfx1200,multihead-fast-padded-wave.hsaco,mh_ffn_fused_c64_project_mapped_g128_qkv_bytein_fb_pdl,False,1425,1461,36,9272,9416,97,98,22,22,5440,5440,0,0,32,32,100,100
gfx1200,multihead-fast-padded-wave.hsaco,mh_ffn_fused_c64_project_mapped_g128_qkv_fb,False,1373,1395,22,8856,9040,96,97,25,27,5440,5440,0,0,32,32,64,64
gfx1200,multihead-fast-padded-wave.hsaco,mh_ffn_fused_c64_project_mapped_g128_qkv_fb_pdl,False,1488,1541,53,9416,9624,96,97,27,30,5440,5440,0,0,32,32,100,100
gfx1200,multihead-fast-padded-wave.hsaco,mh_ffn_fused_c64_tiled,False,939,967,28,6252,6464,75,80,12,12,4160,4160,0,0,32,32,28,28
gfx1200,multihead-fast-padded-wave.hsaco,mh_ffn_fused_c64_tiled_project_g128_qkv,False,1565,1629,64,10280,10628,81,85,32,16,5440,5440,0,0,32,32,64,64
gfx1200,multihead-fast-padded-wave.hsaco,mh_ffn_fused_c64_tiled_project_mapped_g128_qkv,False,1660,1736,76,10780,11224,82,86,38,24,5440,5440,0,0,32,32,64,64
gfx1200,multihead-fast-padded-wave.hsaco,mh_ffn_project_fast,False,605,618,13,3372,3428,38,38,17,17,4608,4608,0,0,32,32,40,40
gfx1200,multihead-fast-padded-wave.hsaco,mh_ffn_project_fast_fp8,False,570,585,15,3144,3200,32,35,17,17,4608,4608,0,0,32,32,40,40
gfx1200,multihead-fast-padded-wave.hsaco,mh_pool_project_fused_c128,False,3445,7226,3781,17628,35872,152,145,22,21,0,0,144,0,32,32,44,44
gfx1200,multihead-fast-padded-wave.hsaco,mh_pool_project_fused_c256,False,3884,3877,-7,20332,20300,192,192,22,21,0,0,272,272,32,32,44,44
gfx1200,multihead-fast-padded-wave.hsaco,mh_pool_project_fused_c64,False,6334,4785,-1549,32732,24644,128,118,80,21,0,0,0,0,32,32,44,44
gfx1200,multihead-fast-padded-wave.hsaco,mh_pool_project_group_c128,False,2289,2283,-6,11568,11540,98,98,29,28,4352,4352,0,0,32,32,44,44
gfx1200,multihead-fast-padded-wave.hsaco,mh_pool_project_group_c256,False,2283,2279,-4,11540,11520,98,98,29,28,8448,8448,0,0,32,32,44,44
gfx1200,multihead-fast-padded-wave.hsaco,mh_pool_project_group_c64,False,2331,2376,45,11768,11944,100,102,29,28,2304,2304,0,0,32,32,44,44
gfx1200,multihead-fast-padded-wave.hsaco,mh_pool_project_production,False,1314,1338,24,6656,6752,48,48,21,21,0,0,0,0,32,32,44,44
gfx1200,multihead-fast-padded-wave.hsaco,mh_pool_project_production_h16w,False,1387,1413,26,7040,7160,62,62,20,20,0,0,0,0,32,32,44,44
gfx1200,multihead-fast-padded-wave.hsaco,mh_probabilities_fast,False,572,577,5,3284,3304,50,50,12,12,0,0,0,0,32,32,24,24
gfx1200,multihead-fast-padded-wave.hsaco,mh_qkv_fast,False,369,373,4,2000,2020,32,32,16,16,4608,4608,0,0,32,32,32,32
gfx1200,multihead-fast-padded-wave.hsaco,mh_qkv_normalize_fast,False,1115,1117,2,6532,6548,110,110,11,11,0,0,0,0,32,32,32,32
gfx1200,multihead-fast-padded-wave.hsaco,mh_qkv_normalize_fast_wave,False,395,396,1,2080,2084,9,9,11,11,0,0,0,0,32,32,32,32
gfx1200,multihead-fast-padded-wave.hsaco,mh_qkv_normalize_fast_wave_fp8,False,396,397,1,2072,2076,7,7,11,11,0,0,0,0,32,32,32,32
gfx1200,multihead-fast-padded-wave.hsaco,mh_qkv_normalize_frag_c512,False,1249,1259,10,7672,7784,90,122,18,18,4420,4420,0,0,32,32,28,28
gfx1200,multihead-fast-padded-wave.hsaco,mh_qkv_normalize_fused,False,2497,2528,31,14508,14628,45,45,20,18,21760,21760,0,0,32,32,32,32
gfx1200,multihead-fast-padded-wave.hsaco,mh_qkv_normalize_wave_c512,False,1146,1182,36,6876,6980,72,82,14,14,17680,17680,0,0,32,32,28,28
gfx1200,multihead-fast-padded-wave.hsaco,mh_scores_exp_fast,False,1108,1113,5,6156,6196,67,67,16,15,0,0,0,0,32,32,36,36
gfx1200,multihead-fast.hsaco,mh_attention_av_fast,False,564,550,-14,3072,2976,52,52,22,20,0,0,0,0,32,32,36,36
gfx1200,multihead-fast.hsaco,mh_attention_project_fast_matrix,False,2624,2637,13,14104,14160,95,95,51,51,4096,4096,0,0,32,32,44,44
gfx1200,multihead-fast.hsaco,mh_attention_project_fast_scalar,False,1805,1820,15,8936,8996,38,38,20,20,4096,4096,0,0,32,32,44,44
gfx1200,multihead-fast.hsaco,mh_ffn_contract_fast,False,488,501,13,2584,2636,30,30,16,16,4096,4096,0,0,32,32,32,32
gfx1200,multihead-fast.hsaco,mh_ffn_contract_fast_pre,False,295,309,14,1564,1620,30,30,16,16,4096,4096,0,0,32,32,32,32
gfx1200,multihead-fast.hsaco,mh_ffn_contract_fast_rne,False,488,501,13,2584,2636,30,30,16,16,4096,4096,0,0,32,32,32,32
gfx1200,multihead-fast.hsaco,mh_ffn_contract_fast_rtz,False,488,501,13,2584,2636,30,30,16,16,4096,4096,0,0,32,32,32,32
gfx1200,multihead-fast.hsaco,mh_ffn_expand_fast,False,580,593,13,3248,3300,32,32,16,16,4096,4096,0,0,32,32,32,32
gfx1200,multihead-fast.hsaco,mh_ffn_project_fast,False,684,703,19,3728,3812,38,38,17,17,4096,4096,0,0,32,32,40,40
gfx1200,multihead-fast.hsaco,mh_pool_project_production,False,1410,1434,24,7136,7232,48,48,21,21,0,0,0,0,32,32,44,44
gfx1200,multihead-fast.hsaco,mh_probabilities_fast,False,678,692,14,3716,3772,50,50,12,12,0,0,0,0,32,32,24,24
gfx1200,multihead-fast.hsaco,mh_qkv_fast,False,364,368,4,1964,1984,32,32,16,16,4096,4096,0,0,32,32,32,32
gfx1200,multihead-fast.hsaco,mh_qkv_normalize_fast,False,3520,3556,36,20560,20700,148,148,11,11,0,0,0,0,32,32,32,32
gfx1200,multihead-fast.hsaco,mh_scores_exp_fast,False,1108,1113,5,6156,6196,67,67,16,15,0,0,0,0,32,32,36,36
gfx1200,multihead-reference.hsaco,mh_attention_av,False,580,586,6,3092,3112,18,19,17,17,0,0,0,0,32,32,36,36
gfx1200,multihead-reference.hsaco,mh_attention_project,False,778,796,18,4460,4532,12,12,15,15,0,0,0,0,32,32,44,44
gfx1200,multihead-reference.hsaco,mh_ffn_contract,False,338,340,2,1856,1864,70,70,13,13,0,0,0,0,32,32,32,32
gfx1200,multihead-reference.hsaco,mh_ffn_expand,False,771,788,17,4420,4488,12,12,12,12,0,0,0,0,32,32,32,32
gfx1200,multihead-reference.hsaco,mh_ffn_project,False,783,800,17,4484,4552,12,12,12,12,0,0,0,0,32,32,40,40
gfx1200,multihead-reference.hsaco,mh_normalize,False,519,522,3,2612,2624,32,32,23,23,0,0,0,0,32,32,32,32
gfx1200,multihead-reference.hsaco,mh_pool,False,279,279,0,1380,1380,12,12,12,12,0,0,0,0,32,32,40,40
gfx1200,multihead-reference.hsaco,mh_pool_project,False,855,872,17,4764,4832,12,12,16,16,0,0,0,0,32,32,44,44
gfx1200,multihead-reference.hsaco,mh_probabilities,False,363,365,2,2044,2052,37,37,10,10,0,0,0,0,32,32,24,24
gfx1200,multihead-reference.hsaco,mh_qkv,False,691,737,46,4264,4332,13,12,12,12,0,0,0,0,32,32,32,32
gfx1200,multihead-reference.hsaco,mh_scores_exp,False,694,694,0,4008,4008,75,75,13,13,0,0,0,0,32,32,36,36
gfx1200,multihead-reference.hsaco,mh_shift_crop,False,156,157,1,728,732,6,6,11,11,0,0,0,0,32,32,40,40
gfx1200,multihead-reference.hsaco,mh_shift_pack,False,184,185,1,848,852,6,6,18,18,0,0,0,0,32,32,48,48
gfx1200,multihead-reference.hsaco,mh_split_project,False,769,786,17,4416,4484,12,12,12,12,0,0,0,0,32,32,40,40
gfx1200,multihead-tiled.hsaco,mh_attention_project_tiled,False,1040,1056,16,5584,5648,42,42,20,20,4096,4096,0,0,32,32,44,44
gfx1200,multihead-tiled.hsaco,mh_dense_tiled_probe,False,973,989,16,5192,5256,41,41,20,20,4096,4096,0,0,32,32,52,52
gfx1200,multihead-tiled.hsaco,mh_ffn_contract_tiled,False,784,800,16,4328,4392,35,35,16,16,4096,4096,0,0,32,32,32,32
gfx1200,multihead-tiled.hsaco,mh_ffn_expand_tiled,False,949,957,8,5256,5288,36,36,16,16,4096,4096,0,0,32,32,32,32
gfx1200,multihead-tiled.hsaco,mh_ffn_project_tiled,False,997,1019,22,5512,5608,42,42,17,17,4096,4096,0,0,32,32,40,40
gfx1200,multihead-tiled.hsaco,mh_pool_project_tiled,False,1450,1457,7,7264,7296,36,36,24,24,4096,4096,0,0,32,32,44,44
gfx1200,multihead-tiled.hsaco,mh_qkv_tiled,False,379,385,6,2064,2088,36,36,16,16,4096,4096,0,0,32,32,32,32
gfx1200,multihead-wmma.hsaco,mh_attention_av_wmma,False,3197,3094,-103,18096,17492,50,50,24,18,0,0,0,0,32,32,36,36
gfx1200,multihead-wmma.hsaco,mh_attention_project_wmma,False,1356,1402,46,7564,7748,85,85,25,25,0,0,0,0,32,32,44,44
gfx1200,multihead-wmma.hsaco,mh_ffn_contract_wmma,False,1104,1143,39,6376,6532,77,77,15,15,0,0,0,0,32,32,32,32
gfx1200,multihead-wmma.hsaco,mh_ffn_expand_wmma,False,1229,1268,39,7044,7200,77,77,15,15,0,0,0,0,32,32,32,32
gfx1200,multihead-wmma.hsaco,mh_ffn_project_wmma,False,1290,1335,45,7424,7604,85,85,23,23,0,0,0,0,32,32,40,40
gfx1200,multihead-wmma.hsaco,mh_pool_project_wmma,False,1928,1952,24,9956,10048,77,77,25,25,0,0,0,0,32,32,44,44
gfx1200,multihead-wmma.hsaco,mh_qkv_wmma,False,661,699,38,3920,4072,77,77,16,16,0,0,0,0,32,32,32,32
gfx1200,multihead-wmma.hsaco,mh_scores_exp_wmma,False,1594,1591,-3,8764,8728,69,69,15,15,0,0,0,0,32,32,36,36
gfx1200,multihead-wmma.hsaco,mh_split_project_wmma,False,1300,1345,45,7460,7640,85,85,23,23,0,0,0,0,32,32,40,40
gfx1200,multihead_fused_attention.hsaco,c128_attention_project,False,2032,2071,39,12920,13160,94,96,28,28,17664,17664,0,0,32,32,60,60
gfx1200,multihead_fused_attention.hsaco,c128_attention_project_diag,False,1583,1631,48,10508,10692,91,91,28,25,17664,17664,0,0,32,32,60,60
gfx1200,multihead_fused_attention.hsaco,c128_attention_project_fb,False,1874,1917,43,11432,11652,95,94,36,33,17664,17664,0,0,32,32,60,60
gfx1200,multihead_fused_attention.hsaco,c128_attention_project_fb_bout,False,1871,1911,40,11444,11644,95,94,36,33,17664,17664,0,0,32,32,60,60
gfx1200,multihead_fused_attention.hsaco,c128_attention_project_fb_bout_diag,False,1495,1535,40,9832,10004,92,91,28,25,17664,17664,0,0,32,32,60,60
gfx1200,multihead_fused_attention.hsaco,c128_attention_project_fb_bout_diag_pdl,False,1589,1627,38,10276,10440,92,91,28,26,17664,17664,0,0,32,32,92,92
gfx1200,multihead_fused_attention.hsaco,c128_attention_project_fb_diag,False,1489,1511,22,9800,9884,92,91,28,25,17664,17664,0,0,32,32,60,60
gfx1200,multihead_fused_attention.hsaco,c128_attention_project_fb_diag_pdl,False,1584,1604,20,10252,10316,92,91,28,26,17664,17664,0,0,32,32,92,92
gfx1200,multihead_fused_attention.hsaco,c256_attention_project,False,2334,2163,-171,14928,13712,107,126,34,34,25856,25856,0,0,32,32,60,60
gfx1200,multihead_fused_attention.hsaco,c256_attention_project_diag,False,1890,1728,-162,12520,11284,119,122,34,30,25856,25856,0,0,32,32,60,60
gfx1200,multihead_fused_attention.hsaco,c256_attention_project_fb,False,2220,2021,-199,13564,12248,106,120,39,39,25856,25856,0,0,32,32,60,60
gfx1200,multihead_fused_attention.hsaco,c256_attention_project_fb_bout,False,2221,2021,-200,13580,12264,106,120,39,39,25856,25856,0,0,32,32,60,60
gfx1200,multihead_fused_attention.hsaco,c256_attention_project_fb_bout_diag,False,1818,1639,-179,11908,10636,118,122,34,30,25856,25856,0,0,32,32,60,60
gfx1200,multihead_fused_attention.hsaco,c256_attention_project_fb_bout_diag_pdl,False,1912,1735,-177,12360,11100,119,122,34,34,25856,25856,0,0,32,32,92,92
gfx1200,multihead_fused_attention.hsaco,c256_attention_project_fb_diag,False,1818,1642,-176,11896,10636,120,122,34,30,25856,25856,0,0,32,32,60,60
gfx1200,multihead_fused_attention.hsaco,c256_attention_project_fb_diag_pdl,False,1916,1738,-178,12364,11096,121,122,34,34,25856,25856,0,0,32,32,92,92
gfx1200,multihead_fused_attention.hsaco,c64_attention_project,False,1959,2027,68,12500,12816,95,96,28,28,8960,8960,0,0,32,32,60,60
gfx1200,multihead_fused_attention.hsaco,c64_attention_project_diag,False,1540,1573,33,10192,10340,91,91,28,25,8960,8960,0,0,32,32,60,60
gfx1200,multihead_fused_attention.hsaco,c64_attention_project_fb,False,1839,1881,42,11124,11356,96,94,36,33,8960,8960,0,0,32,32,60,60
gfx1200,multihead_fused_attention.hsaco,c64_attention_project_fb_bout,False,1838,1879,41,11140,11364,96,94,36,33,8960,8960,0,0,32,32,60,60
gfx1200,multihead_fused_attention.hsaco,c64_attention_project_fb_bout_diag,False,1445,1466,21,9512,9588,92,91,28,25,8960,8960,0,0,32,32,60,60
gfx1200,multihead_fused_attention.hsaco,c64_attention_project_fb_bout_diag_pdl,False,1541,1558,17,9964,10020,92,91,28,26,8960,8960,0,0,32,32,92,92
gfx1200,multihead_fused_attention.hsaco,c64_attention_project_fb_diag,False,1456,1478,22,9536,9608,92,91,28,25,8960,8960,0,0,32,32,60,60
gfx1200,multihead_fused_attention.hsaco,c64_attention_project_fb_diag_pdl,False,1551,1574,23,9984,10040,92,91,28,26,8960,8960,0,0,32,32,92,92
gfx1200,multihead_fused_attention.hsaco,c64_attention_project_w16,False,1293,1341,48,8180,8512,90,90,30,30,22528,22528,0,0,32,32,60,60
gfx1200,multihead_fused_attention.hsaco,mh_attention_fused,False,1442,1514,72,9524,9924,103,106,18,18,15360,15360,0,0,32,32,36,36
gfx1200,multihead_fused_attention.hsaco,mh_attention_fused_fp8,False,1438,1508,70,9500,9888,103,106,20,20,15360,15360,0,0,32,32,36,36
gfx1200,multihead_fused_attention.hsaco,mh_attention_fused_fp8_out,False,1433,1504,71,9568,9956,103,106,20,20,15360,15360,0,0,32,32,36,36
gfx1200,prefix_fast.hsaco,dlss5_prefix_fast_features,False,2499,2499,0,12840,12840,22,22,14,14,0,0,0,0,32,32,40,40
gfx1200,prefix_fast.hsaco,dlss5_prefix_fast_fused,False,4634,4655,21,23996,24084,32,32,23,23,1024,1024,0,0,32,32,48,48
gfx1200,prefix_fast.hsaco,dlss5_prefix_fast_fused_raster,False,4633,4654,21,23988,24076,32,32,23,23,1024,1024,0,0,32,32,48,48
gfx1200,prefix_fast.hsaco,dlss5_prefix_fast_project,False,1348,1362,14,7104,7160,28,28,13,13,0,0,0,0,32,32,28,28
gfx1200,vit-stream.hsaco,decoder_project2x,False,587,602,15,3168,3228,40,40,25,25,0,0,0,0,32,32,56,56
gfx1200,vit-stream.hsaco,decoder_project2x_h16w,False,5940,5964,24,32664,32780,64,64,34,30,0,0,0,0,32,32,56,56
gfx1200,vit-stream.hsaco,decoder_project2x_h16w_byteout,False,5978,6001,23,32788,32904,64,64,34,28,0,0,0,0,32,32,56,56
gfx1200,vit-stream.hsaco,reuse_decide,False,396,398,2,2020,2028,14,14,17,17,0,0,0,0,32,32,60,60
gfx1200,vit-stream.hsaco,reuse_finish,False,646,655,9,3864,3900,11,11,27,27,0,0,0,0,32,32,84,84
gfx1200,vit-stream.hsaco,reuse_image_commit,False,161,168,7,968,996,5,5,8,8,0,0,0,0,32,32,28,28
gfx1200,vit-stream.hsaco,reuse_image_stats,False,250,248,-2,1360,1348,14,13,22,22,0,0,0,0,32,32,48,48
gfx1200,vit-stream.hsaco,reuse_token_stats,False,218,218,0,1180,1180,14,13,17,17,0,0,0,0,32,32,48,48
gfx1200,vit-stream.hsaco,split_contract,False,198,193,-5,1156,1140,33,32,12,12,0,0,0,0,32,32,28,28
gfx1200,vit-stream.hsaco,split_contract_fp8,False,202,203,1,1176,1196,31,30,12,12,0,0,0,0,32,32,28,28
gfx1200,vit-stream.hsaco,split_expand,False,238,237,-1,1452,1464,33,32,12,12,0,0,0,0,32,32,28,28
gfx1200,vit-stream.hsaco,split_expand_fp8,False,254,243,-11,1556,1528,33,32,12,12,0,0,0,0,32,32,28,28
gfx1200,vit-stream.hsaco,split_ffn_fused,False,1078,510,-568,6560,2992,60,73,15,25,4160,4160,0,0,32,32,28,28
gfx1200,vit-stream.hsaco,split_ffn_fused_fp8,False,855,498,-357,5580,3236,102,95,11,15,4160,4160,0,0,32,32,28,28
gfx1200,vit-stream.hsaco,split_ffn_fused_fp8_mix,False,980,628,-352,6280,4004,103,93,13,14,6464,6464,0,0,32,32,28,28
gfx1200,vit-stream.hsaco,split_ffn_fused_fp8_t8,False,919,568,-351,6140,3764,111,95,14,18,4160,4160,0,0,32,32,36,36
gfx1200,vit-stream.hsaco,split_mix,False,200,200,0,1160,1160,35,35,11,11,0,0,0,0,32,32,28,28
gfx1200,vit-stream.hsaco,split_mix_blocked,False,514,278,-236,3084,1672,80,80,11,12,0,0,0,0,32,32,28,28
gfx1200,vit-stream.hsaco,split_mix_blocked_h16w,False,497,263,-234,3032,1628,91,90,11,12,0,0,0,0,32,32,28,28
gfx1200,vit-stream.hsaco,split_projection,False,245,240,-5,1500,1488,32,32,12,12,0,0,0,0,32,32,36,36
gfx1200,vit-stream.hsaco,split_projection_blocked,False,667,445,-222,4048,2744,68,70,12,14,0,0,0,0,32,32,36,36
gfx1200,vit-stream.hsaco,split_projection_blocked_t8,False,878,527,-351,5528,3340,74,91,16,17,0,0,0,0,32,32,44,44
gfx1200,vit-stream.hsaco,split_projection_frag,False,859,529,-330,5348,3504,83,110,17,18,0,0,0,0,32,32,44,44
gfx1200,vit-stream.hsaco,vit_attention_av_fast,False,486,485,-1,3092,3064,48,48,17,17,0,0,0,0,32,32,48,48
gfx1200,vit-stream.hsaco,vit_attention_fused_256,False,1197,1238,41,7588,7912,91,91,16,16,1536,1536,0,0,32,32,32,32
gfx1200,vit-stream.hsaco,vit_attention_fused_256_bytein,False,938,969,31,5568,5776,75,75,17,17,1536,1536,0,0,32,32,32,32
gfx1200,vit-stream.hsaco,vit_attention_fused_256_bytein_bout,False,958,984,26,5732,5888,75,75,17,17,1536,1536,0,0,32,32,32,32
gfx1200,vit-stream.hsaco,vit_attention_fused_400,False,1197,1238,41,7588,7912,91,91,16,16,1536,1536,0,0,32,32,32,32
gfx1200,vit-stream.hsaco,vit_attention_fused_400_bytein,False,938,969,31,5568,5776,75,75,17,17,1536,1536,0,0,32,32,32,32
gfx1200,vit-stream.hsaco,vit_attention_fused_400_bytein_bout,False,958,984,26,5732,5888,75,75,17,17,1536,1536,0,0,32,32,32,32
gfx1200,vit-stream.hsaco,vit_attention_fused_640,False,1197,1238,41,7588,7912,91,91,16,16,1536,1536,0,0,32,32,32,32
gfx1200,vit-stream.hsaco,vit_attention_fused_640_bytein,False,938,969,31,5568,5776,75,75,17,17,1536,1536,0,0,32,32,32,32
gfx1200,vit-stream.hsaco,vit_attention_fused_640_bytein_bout,False,958,984,26,5732,5888,75,75,17,17,1536,1536,0,0,32,32,32,32
gfx1200,vit-stream.hsaco,vit_attention_inverse_fast,False,265,266,1,1584,1588,34,34,10,10,0,0,0,0,32,32,32,32
gfx1200,vit-stream.hsaco,vit_attention_scores_fast,False,771,772,1,4552,4556,66,66,13,13,0,0,0,0,32,32,32,32
gfx1200,vit-stream.hsaco,vit_contract_blocked_fp8,False,1830,1493,-337,12132,10144,235,237,26,26,0,0,0,0,32,32,56,56
gfx1200,vit-stream.hsaco,vit_contract_blocked_fp8_bstream,False,1872,1522,-350,12488,10252,234,237,26,26,0,0,0,0,32,32,56,56
gfx1200,vit-stream.hsaco,vit_contract_blocked_fp8_frag,False,1077,832,-245,7160,5732,205,207,12,14,0,0,0,0,32,32,56,56
gfx1200,vit-stream.hsaco,vit_contract_blocked_fp8_hstream,False,1862,1520,-342,12272,10192,235,237,26,26,0,0,0,0,32,32,56,56
gfx1200,vit-stream.hsaco,vit_contract_blocked_fp8_tiled,False,743,522,-221,4632,3288,104,109,21,16,0,0,0,0,32,32,56,56
gfx1200,vit-stream.hsaco,vit_contract_blocked_fp8_tiled_bstream,False,822,536,-286,5052,3356,103,109,21,16,0,0,0,0,32,32,56,56
gfx1200,vit-stream.hsaco,vit_contract_blocked_fp8_tiled_hstream,False,789,536,-253,4760,3308,103,109,21,16,0,0,0,0,32,32,56,56
gfx1200,vit-stream.hsaco,vit_contract_combine,False,96,97,1,556,560,14,14,11,11,0,0,0,0,32,32,48,48
gfx1200,vit-stream.hsaco,vit_contract_parts_blocked_fp8,False,312,198,-114,2032,1352,53,48,14,14,0,0,0,0,32,32,40,40
gfx1200,vit-stream.hsaco,vit_contract_parts_blocked_fp8_tiled,False,406,281,-125,2720,1968,71,70,16,14,0,0,0,0,32,32,40,40
gfx1200,vit-stream.hsaco,vit_contract_parts_fp8,False,157,159,2,864,876,23,23,14,14,0,0,0,0,32,32,40,40
gfx1200,vit-stream.hsaco,vit_expand,False,356,355,-1,2200,2200,32,32,14,14,0,0,0,0,32,32,48,48
gfx1200,vit-stream.hsaco,vit_expand_blocked_fp8,False,810,411,-399,5244,2628,69,84,14,16,0,0,0,0,32,32,48,48
gfx1200,vit-stream.hsaco,vit_expand_blocked_fp8_bytein,False,723,315,-408,4592,1944,55,84,14,16,0,0,0,0,32,32,48,48
gfx1200,vit-stream.hsaco,vit_expand_blocked_fp8_frag_bytein,False,1329,644,-685,8804,4216,77,92,23,23,0,0,0,0,32,32,48,48
gfx1200,vit-stream.hsaco,vit_expand_blocked_fp8_frag_bytein_m2,False,1335,1333,-2,8696,8696,86,84,22,23,0,0,0,0,32,32,48,48
gfx1200,vit-stream.hsaco,vit_expand_blocked_fp8_frag_bytein_m4,False,2595,2606,11,17012,17032,154,154,27,27,0,0,0,0,32,32,48,48
gfx1200,vit-stream.hsaco,vit_expand_blocked_fp8_frag_tiledin,False,711,336,-375,4572,2092,46,84,23,23,0,0,0,0,32,32,48,48
gfx1200,vit-stream.hsaco,vit_expand_blocked_fp8_tiled,False,883,480,-403,5804,3216,95,95,20,19,0,0,0,0,32,32,48,48
gfx1200,vit-stream.hsaco,vit_expand_blocked_fp8_tiled_bytein,False,782,409,-373,5132,2644,73,84,18,18,0,0,0,0,32,32,48,48
gfx1200,vit-stream.hsaco,vit_expand_blocked_fp8_tiled_bytein_m4,False,2668,2669,1,17556,17544,153,153,25,24,0,0,0,0,32,32,48,48
gfx1200,vit-stream.hsaco,vit_expand_fp8,False,351,350,-1,2156,2156,32,32,14,14,0,0,0,0,32,32,48,48
gfx1200,vit-stream.hsaco,vit_ffn_fused,False,1493,975,-518,9660,6552,151,189,14,15,16640,16640,0,0,32,32,56,56
gfx1200,vit-stream.hsaco,vit_pack_input,False,57,57,0,340,340,7,7,7,7,0,0,0,0,32,32,32,32
gfx1200,vit-stream.hsaco,vit_pack_input_tiled,False,57,57,0,352,352,10,10,7,7,0,0,0,0,32,32,32,32
gfx1200,vit-stream.hsaco,vit_project,False,1285,1284,-1,8192,8216,77,77,20,20,0,0,0,0,32,32,56,56
gfx1200,vit-stream.hsaco,vit_project_bytein_bout,False,586,597,11,4088,4136,98,98,14,14,0,0,0,0,32,32,56,56
gfx1200,vit-stream.hsaco,vit_project_bytein_bout_hskip,False,593,605,12,4128,4180,99,99,14,14,0,0,0,0,32,32,56,56
gfx1200,vit-stream.hsaco,vit_project_fp8,False,1310,1248,-62,8336,7992,90,90,20,19,0,0,0,0,32,32,56,56
gfx1200,vit-stream.hsaco,vit_project_frag,False,1850,1863,13,11692,11772,79,79,34,34,0,0,0,0,32,32,56,56
gfx1200,vit-stream.hsaco,vit_qkv_normalize,False,478,476,-2,2724,2716,31,31,18,18,0,0,0,0,32,32,40,40
gfx1200,vit-stream.hsaco,vit_qkv_project,False,215,221,6,1204,1228,32,32,14,14,0,0,0,0,32,32,40,40
gfx1200,vit-stream.hsaco,vit_qkv_project_blocked,False,266,223,-43,1604,1368,48,48,13,13,0,0,0,0,32,32,40,40
gfx1200,vit-stream.hsaco,vit_qkv_project_normalize_fused,False,848,942,94,4768,5240,51,50,22,18,2112,2112,0,0,32,32,40,40
gfx1200,vit-stream.hsaco,vit_qkv_project_normalize_fused_f16compact,False,853,947,94,4868,5312,60,58,22,22,2112,2112,0,0,32,32,40,40
gfx1200,vit-stream.hsaco,vit_qkv_project_normalize_fused_f16compact_fp8,False,777,759,-18,4516,4304,60,58,22,22,2112,2112,0,0,32,32,40,40
gfx1200,vit-stream.hsaco,vit_qkv_project_normalize_fused_f16compact_fp8_bytein,False,776,810,34,4488,4632,58,91,22,22,2112,2112,0,0,32,32,40,40
gfx1200,vit-stream.hsaco,vit_qkv_project_normalize_fused_f16compact_fp8_frag,False,766,757,-9,4440,4292,59,58,22,22,2112,2112,0,0,32,32,40,40
gfx1200,vit-stream.hsaco,vit_qkv_project_normalize_fused_f16compact_fp8_h16in,False,1164,1190,26,7860,7860,96,95,22,22,2112,2112,0,0,32,32,40,40
gfx1200,vit-stream.hsaco,vit_qkv_project_normalize_fused_f16compact_fp8_h16in_n4,False,1392,1395,3,8424,8172,192,192,22,22,4160,4160,0,0,32,32,40,40
gfx1200,vit-stream.hsaco,vit_qkv_project_normalize_fused_f16weight,False,854,949,95,4876,5324,60,58,22,22,2112,2112,0,0,32,32,40,40
gfx1200,vit-stream.hsaco,vit_stream_contract_frag_hout,False,1099,840,-259,7292,5764,205,207,12,14,0,0,0,0,32,32,56,56
gfx1200,vit-stream.hsaco,vit_stream_project_n64_b,False,745,766,21,4576,4768,120,134,13,12,0,0,0,0,32,32,56,56
gfx1200,vit-stream.hsaco,vit_stream_project_n64_bh,False,758,792,34,4688,4888,120,134,13,12,0,0,0,0,32,32,56,56
gfx1200,vit-stream.hsaco,vit_stream_project_n64_h,False,1648,826,-822,11620,5064,160,114,14,25,0,0,0,0,32,32,56,56
gfx1200,vit-stream.hsaco,vit_stream_qkv_frag_hin,False,775,779,4,4608,4504,96,94,22,18,2112,2112,0,0,32,32,40,40
gfx1200,vit-wide-deep.hsaco,decoder_project2x,False,587,602,15,3168,3228,40,40,25,25,0,0,0,0,32,32,56,56
gfx1200,vit-wide-deep.hsaco,decoder_project2x_h16w,False,5940,5964,24,32664,32780,64,64,34,30,0,0,0,0,32,32,56,56
gfx1200,vit-wide-deep.hsaco,decoder_project2x_h16w_byteout,False,5978,6001,23,32788,32904,64,64,34,28,0,0,0,0,32,32,56,56
gfx1200,vit-wide-deep.hsaco,reuse_decide,False,396,398,2,2020,2028,14,14,17,17,0,0,0,0,32,32,60,60
gfx1200,vit-wide-deep.hsaco,reuse_finish,False,646,655,9,3864,3900,11,11,27,27,0,0,0,0,32,32,84,84
gfx1200,vit-wide-deep.hsaco,reuse_image_commit,False,161,168,7,968,996,5,5,8,8,0,0,0,0,32,32,28,28
gfx1200,vit-wide-deep.hsaco,reuse_image_stats,False,250,248,-2,1360,1348,14,13,22,22,0,0,0,0,32,32,48,48
gfx1200,vit-wide-deep.hsaco,reuse_token_stats,False,218,218,0,1180,1180,14,13,17,17,0,0,0,0,32,32,48,48
gfx1200,vit-wide-deep.hsaco,split_contract,False,198,193,-5,1156,1140,33,32,12,12,0,0,0,0,32,32,28,28
gfx1200,vit-wide-deep.hsaco,split_contract_fp8,False,202,203,1,1176,1196,31,30,12,12,0,0,0,0,32,32,28,28
gfx1200,vit-wide-deep.hsaco,split_expand,False,238,237,-1,1452,1464,33,32,12,12,0,0,0,0,32,32,28,28
gfx1200,vit-wide-deep.hsaco,split_expand_fp8,False,254,243,-11,1556,1528,33,32,12,12,0,0,0,0,32,32,28,28
gfx1200,vit-wide-deep.hsaco,split_ffn_fused,False,1078,510,-568,6560,2992,60,73,15,25,4160,4160,0,0,32,32,28,28
gfx1200,vit-wide-deep.hsaco,split_ffn_fused_fp8,False,855,498,-357,5580,3236,102,95,11,15,4160,4160,0,0,32,32,28,28
gfx1200,vit-wide-deep.hsaco,split_ffn_fused_fp8_mix,False,980,628,-352,6280,4004,103,93,13,14,6464,6464,0,0,32,32,28,28
gfx1200,vit-wide-deep.hsaco,split_ffn_fused_fp8_t8,False,919,568,-351,6140,3764,111,95,14,18,4160,4160,0,0,32,32,36,36
gfx1200,vit-wide-deep.hsaco,split_mix,False,200,200,0,1160,1160,35,35,11,11,0,0,0,0,32,32,28,28
gfx1200,vit-wide-deep.hsaco,split_mix_blocked,False,514,278,-236,3084,1672,80,80,11,12,0,0,0,0,32,32,28,28
gfx1200,vit-wide-deep.hsaco,split_mix_blocked_h16w,False,497,263,-234,3032,1628,91,90,11,12,0,0,0,0,32,32,28,28
gfx1200,vit-wide-deep.hsaco,split_projection,False,245,240,-5,1500,1488,32,32,12,12,0,0,0,0,32,32,36,36
gfx1200,vit-wide-deep.hsaco,split_projection_blocked,False,667,445,-222,4048,2744,68,70,12,14,0,0,0,0,32,32,36,36
gfx1200,vit-wide-deep.hsaco,split_projection_blocked_t8,False,878,527,-351,5528,3340,74,91,16,17,0,0,0,0,32,32,44,44
gfx1200,vit-wide-deep.hsaco,split_projection_frag,False,859,529,-330,5348,3504,83,110,17,18,0,0,0,0,32,32,44,44
gfx1200,vit-wide-deep.hsaco,vit_attention_av_fast,False,486,485,-1,3092,3064,48,48,17,17,0,0,0,0,32,32,48,48
gfx1200,vit-wide-deep.hsaco,vit_attention_fused_256,False,1197,1238,41,7588,7912,91,91,16,16,1536,1536,0,0,32,32,32,32
gfx1200,vit-wide-deep.hsaco,vit_attention_fused_256_bytein,False,938,969,31,5568,5776,75,75,17,17,1536,1536,0,0,32,32,32,32
gfx1200,vit-wide-deep.hsaco,vit_attention_fused_256_bytein_bout,False,958,984,26,5732,5888,75,75,17,17,1536,1536,0,0,32,32,32,32
gfx1200,vit-wide-deep.hsaco,vit_attention_fused_400,False,1197,1238,41,7588,7912,91,91,16,16,1536,1536,0,0,32,32,32,32
gfx1200,vit-wide-deep.hsaco,vit_attention_fused_400_bytein,False,938,969,31,5568,5776,75,75,17,17,1536,1536,0,0,32,32,32,32
gfx1200,vit-wide-deep.hsaco,vit_attention_fused_400_bytein_bout,False,958,984,26,5732,5888,75,75,17,17,1536,1536,0,0,32,32,32,32
gfx1200,vit-wide-deep.hsaco,vit_attention_fused_640,False,1197,1238,41,7588,7912,91,91,16,16,1536,1536,0,0,32,32,32,32
gfx1200,vit-wide-deep.hsaco,vit_attention_fused_640_bytein,False,938,969,31,5568,5776,75,75,17,17,1536,1536,0,0,32,32,32,32
gfx1200,vit-wide-deep.hsaco,vit_attention_fused_640_bytein_bout,False,958,984,26,5732,5888,75,75,17,17,1536,1536,0,0,32,32,32,32
gfx1200,vit-wide-deep.hsaco,vit_attention_inverse_fast,False,265,266,1,1584,1588,34,34,10,10,0,0,0,0,32,32,32,32
gfx1200,vit-wide-deep.hsaco,vit_attention_scores_fast,False,771,772,1,4552,4556,66,66,13,13,0,0,0,0,32,32,32,32
gfx1200,vit-wide-deep.hsaco,vit_contract_blocked_fp8,False,1830,1493,-337,12132,10144,235,237,26,26,0,0,0,0,32,32,56,56
gfx1200,vit-wide-deep.hsaco,vit_contract_blocked_fp8_bstream,False,1872,1522,-350,12488,10252,234,237,26,26,0,0,0,0,32,32,56,56
gfx1200,vit-wide-deep.hsaco,vit_contract_blocked_fp8_frag,False,1077,832,-245,7160,5732,205,207,12,14,0,0,0,0,32,32,56,56
gfx1200,vit-wide-deep.hsaco,vit_contract_blocked_fp8_hstream,False,1862,1520,-342,12272,10192,235,237,26,26,0,0,0,0,32,32,56,56
gfx1200,vit-wide-deep.hsaco,vit_contract_blocked_fp8_tiled,False,743,522,-221,4632,3288,104,109,21,16,0,0,0,0,32,32,56,56
gfx1200,vit-wide-deep.hsaco,vit_contract_blocked_fp8_tiled_bstream,False,822,536,-286,5052,3356,103,109,21,16,0,0,0,0,32,32,56,56
gfx1200,vit-wide-deep.hsaco,vit_contract_blocked_fp8_tiled_hstream,False,789,536,-253,4760,3308,103,109,21,16,0,0,0,0,32,32,56,56
gfx1200,vit-wide-deep.hsaco,vit_contract_combine,False,96,97,1,556,560,14,14,11,11,0,0,0,0,32,32,48,48
gfx1200,vit-wide-deep.hsaco,vit_contract_parts_blocked_fp8,False,312,198,-114,2032,1352,53,48,14,14,0,0,0,0,32,32,40,40
gfx1200,vit-wide-deep.hsaco,vit_contract_parts_blocked_fp8_tiled,False,406,281,-125,2720,1968,71,70,16,14,0,0,0,0,32,32,40,40
gfx1200,vit-wide-deep.hsaco,vit_contract_parts_fp8,False,157,159,2,864,876,23,23,14,14,0,0,0,0,32,32,40,40
gfx1200,vit-wide-deep.hsaco,vit_expand,False,356,355,-1,2200,2200,32,32,14,14,0,0,0,0,32,32,48,48
gfx1200,vit-wide-deep.hsaco,vit_expand_blocked_fp8,False,810,411,-399,5244,2628,69,84,14,16,0,0,0,0,32,32,48,48
gfx1200,vit-wide-deep.hsaco,vit_expand_blocked_fp8_bytein,False,723,315,-408,4592,1944,55,84,14,16,0,0,0,0,32,32,48,48
gfx1200,vit-wide-deep.hsaco,vit_expand_blocked_fp8_frag_bytein,False,1329,644,-685,8804,4216,77,92,23,23,0,0,0,0,32,32,48,48
gfx1200,vit-wide-deep.hsaco,vit_expand_blocked_fp8_frag_bytein_m2,False,1335,1333,-2,8696,8696,86,84,22,23,0,0,0,0,32,32,48,48
gfx1200,vit-wide-deep.hsaco,vit_expand_blocked_fp8_frag_bytein_m4,False,2595,2606,11,17012,17032,154,154,27,27,0,0,0,0,32,32,48,48
gfx1200,vit-wide-deep.hsaco,vit_expand_blocked_fp8_frag_tiledin,False,711,336,-375,4572,2092,46,84,23,23,0,0,0,0,32,32,48,48
gfx1200,vit-wide-deep.hsaco,vit_expand_blocked_fp8_tiled,False,883,480,-403,5804,3216,95,95,20,19,0,0,0,0,32,32,48,48
gfx1200,vit-wide-deep.hsaco,vit_expand_blocked_fp8_tiled_bytein,False,782,409,-373,5132,2644,73,84,18,18,0,0,0,0,32,32,48,48
gfx1200,vit-wide-deep.hsaco,vit_expand_blocked_fp8_tiled_bytein_m4,False,2668,2669,1,17556,17544,153,153,25,24,0,0,0,0,32,32,48,48
gfx1200,vit-wide-deep.hsaco,vit_expand_fp8,False,351,350,-1,2156,2156,32,32,14,14,0,0,0,0,32,32,48,48
gfx1200,vit-wide-deep.hsaco,vit_ffn_fused,False,1493,975,-518,9660,6552,151,189,14,15,16640,16640,0,0,32,32,56,56
gfx1200,vit-wide-deep.hsaco,vit_pack_input,False,57,57,0,340,340,7,7,7,7,0,0,0,0,32,32,32,32
gfx1200,vit-wide-deep.hsaco,vit_pack_input_tiled,False,57,57,0,352,352,10,10,7,7,0,0,0,0,32,32,32,32
gfx1200,vit-wide-deep.hsaco,vit_project,False,1285,1284,-1,8192,8216,77,77,20,20,0,0,0,0,32,32,56,56
gfx1200,vit-wide-deep.hsaco,vit_project_bytein_bout,False,586,597,11,4088,4136,98,98,14,14,0,0,0,0,32,32,56,56
gfx1200,vit-wide-deep.hsaco,vit_project_bytein_bout_hskip,False,593,605,12,4128,4180,99,99,14,14,0,0,0,0,32,32,56,56
gfx1200,vit-wide-deep.hsaco,vit_project_fp8,False,1310,1248,-62,8336,7992,90,90,20,19,0,0,0,0,32,32,56,56
gfx1200,vit-wide-deep.hsaco,vit_project_frag,False,1850,1863,13,11692,11772,79,79,34,34,0,0,0,0,32,32,56,56
gfx1200,vit-wide-deep.hsaco,vit_project_frag_n64,False,1637,797,-840,11476,4892,160,114,14,25,0,0,0,0,32,32,56,56
gfx1200,vit-wide-deep.hsaco,vit_qkv_normalize,False,478,476,-2,2724,2716,31,31,18,18,0,0,0,0,32,32,40,40
gfx1200,vit-wide-deep.hsaco,vit_qkv_project,False,215,221,6,1204,1228,32,32,14,14,0,0,0,0,32,32,40,40
gfx1200,vit-wide-deep.hsaco,vit_qkv_project_blocked,False,266,223,-43,1604,1368,48,48,13,13,0,0,0,0,32,32,40,40
gfx1200,vit-wide-deep.hsaco,vit_qkv_project_normalize_fused,False,848,942,94,4768,5240,51,50,22,18,2112,2112,0,0,32,32,40,40
gfx1200,vit-wide-deep.hsaco,vit_qkv_project_normalize_fused_f16compact,False,853,947,94,4868,5312,60,58,22,22,2112,2112,0,0,32,32,40,40
gfx1200,vit-wide-deep.hsaco,vit_qkv_project_normalize_fused_f16compact_fp8,False,777,759,-18,4516,4304,60,58,22,22,2112,2112,0,0,32,32,40,40
gfx1200,vit-wide-deep.hsaco,vit_qkv_project_normalize_fused_f16compact_fp8_bytein,False,776,810,34,4488,4632,58,91,22,22,2112,2112,0,0,32,32,40,40
gfx1200,vit-wide-deep.hsaco,vit_qkv_project_normalize_fused_f16compact_fp8_frag,False,766,757,-9,4440,4292,59,58,22,22,2112,2112,0,0,32,32,40,40
gfx1200,vit-wide-deep.hsaco,vit_qkv_project_normalize_fused_f16compact_fp8_h16in,False,1164,1190,26,7860,7860,96,95,22,22,2112,2112,0,0,32,32,40,40
gfx1200,vit-wide-deep.hsaco,vit_qkv_project_normalize_fused_f16compact_fp8_h16in_n4,False,1392,1395,3,8424,8172,192,192,22,22,4160,4160,0,0,32,32,40,40
gfx1200,vit-wide-deep.hsaco,vit_qkv_project_normalize_fused_f16weight,False,854,949,95,4876,5324,60,58,22,22,2112,2112,0,0,32,32,40,40
gfx1200,wave-pointwise.hsaco,c32_attn_av,False,431,464,33,2668,2776,74,93,11,10,0,0,0,0,32,32,28,28
gfx1200,wave-pointwise.hsaco,c32_attn_normalize,False,439,440,1,2256,2260,31,31,26,26,0,0,0,0,32,32,28,28
gfx1200,wave-pointwise.hsaco,c32_attn_normalize_wave,False,714,716,2,3692,3700,16,16,18,18,0,0,0,0,32,32,28,28
gfx1200,wave-pointwise.hsaco,c32_attn_probabilities,False,331,333,2,1896,1904,37,37,10,10,0,0,0,0,32,32,20,20
gfx1200,wave-pointwise.hsaco,c32_attn_probabilities_wave,False,234,238,4,1304,1312,15,15,9,9,0,0,0,0,32,32,20,20
gfx1200,wave-pointwise.hsaco,c32_attn_project,False,219,227,8,1276,1300,71,71,12,12,0,0,0,0,32,32,40,40
gfx1200,wave-pointwise.hsaco,c32_attn_qkv,False,281,281,0,1512,1516,17,17,12,12,0,0,0,0,32,32,28,28
gfx1200,wave-pointwise.hsaco,c32_attn_scores,False,261,261,0,1428,1432,68,68,10,10,0,0,0,0,32,32,28,28
gfx1200,wave-pointwise.hsaco,c32_ffn_contract,False,203,213,10,1192,1232,71,71,12,12,0,0,0,0,32,32,40,40
gfx1200,wave-pointwise.hsaco,c32_ffn_expand,False,248,248,0,1380,1380,16,16,12,12,0,0,0,0,32,32,28,28
gfx1200,wave-pointwise.hsaco,c32_finish,False,255,258,3,1380,1392,16,16,14,14,0,0,0,0,32,32,32,32
gfx1200,wave-pointwise.hsaco,mh_normalize_wave,False,769,774,5,3956,3972,16,16,19,19,0,0,0,0,32,32,32,32
gfx1200,wave-pointwise.hsaco,mh_probabilities_wave,False,236,240,4,1312,1320,15,15,9,9,0,0,0,0,32,32,24,24
