group_id,blocks,ours_dispatch_ids,daniel_dispatch_ids,ours_job_ids,daniel_job_ids,ours_kernels,daniel_kernels,ours_shapes_json,daniel_shapes_json,ours_dispatches,daniel_dispatches,comparison_policy,area_ours_over_daniel,area_ratio_by_block_json,actual_window_work_ratio,matched_shape_plan,ours_us,daniel_us,delta_us,eligible_exact_shape_rank,status,note,family,measurement_status,daniel_area_estimate_us,delta_area_estimate_us,refresh_scope
b000.core,0,O001,D045,ours.1080.b000.core.0,daniel.native1080.b000.core.0,c32_wave1_prefix,_Z12k_reg_swin32ILi20ELb0EEv9VarParams,"[{""actual_window_count"": 34560, ""attention_work_h"": 1152, ""attention_work_w"": 1920, ""channels"": 32, ""shift_x"": 0, ""shift_y"": 0, ""valid_h"": 1152, ""valid_w"": 1920, ""window_token_capacity"": 2211840}]","[{""actual_window_count"": 32640, ""channels"": 32, ""host_shift_index"": 0, ""valid_h"": 1088, ""valid_w"": 1920, ""window_token_capacity"": 2088960}]",1,1,native_area_estimate_only,1.0588235294117647,"{""0"": 1.0588235294117647}",1.0588235294117647,"native timing first; optional reconfigure Daniel per its ABI to ours shape, recompute grid; post shift still differs",943.629384,884.221971,59.407412999999906,0,valid,"all listed kernels form one indivisible comparison group; sum per-dispatch medians, not frame latency; no output-equality claim",C32,valid,936.2350281176472,7.394355882352784,baseline_group_reused
b001.core,1,O002,D001,ours.1080.b001.core.0,daniel.native1080.b001.core.0,c32_wave1_mapped,_Z12k_reg_swin32ILi1ELb0EEv9VarParams,"[{""actual_window_count"": 8640, ""attention_work_h"": 576, ""attention_work_w"": 960, ""channels"": 32, ""shift_x"": 0, ""shift_y"": 0, ""valid_h"": 576, ""valid_w"": 960, ""window_token_capacity"": 552960}]","[{""actual_window_count"": 8160, ""channels"": 32, ""host_shift_index"": 0, ""valid_h"": 544, ""valid_w"": 960, ""window_token_capacity"": 522240}]",1,1,native_area_estimate_only,1.0588235294117647,"{""1"": 1.0588235294117647}",1.0588235294117647,"native timing first; optional reconfigure Daniel per its ABI to ours shape, recompute grid; post shift still differs",184.935153,157.67312,27.262033000000002,0,valid,"all listed kernels form one indivisible comparison group; sum per-dispatch medians, not frame latency; no output-equality claim",C32,valid,166.94800941176473,17.987143588235284,baseline_group_reused
b002.core,2,O003,D002,ours.1080.b002.core.0,daniel.native1080.b002.core.0,c32_wave1_chain,_Z12k_reg_swin32ILi0ELb0EEv9VarParams,"[{""actual_window_count"": 8833, ""attention_work_h"": 584, ""attention_work_w"": 968, ""channels"": 32, ""shift_x"": -4, ""shift_y"": -4, ""valid_h"": 576, ""valid_w"": 960, ""window_token_capacity"": 565312}]","[{""actual_window_count"": 8349, ""channels"": 32, ""host_shift_index"": 1, ""valid_h"": 544, ""valid_w"": 960, ""window_token_capacity"": 534336}]",1,1,native_area_estimate_only,1.0588235294117647,"{""2"": 1.0588235294117647}",1.0579710144927537,"native timing first; optional reconfigure Daniel per its ABI to ours shape, recompute grid; post shift still differs",177.652657,160.680473,16.972184,0,valid,"all listed kernels form one indivisible comparison group; sum per-dispatch medians, not frame latency; no output-equality claim",C32,valid,170.13226552941177,7.520391470588237,baseline_group_reused
b003.core,3,O004,D003,ours.1080.b003.core.0,daniel.native1080.b003.core.0,c32_wave1_chain,_Z12k_reg_swin32ILi0ELb0EEv9VarParams,"[{""actual_window_count"": 8712, ""attention_work_h"": 576, ""attention_work_w"": 968, ""channels"": 32, ""shift_x"": -4, ""shift_y"": 0, ""valid_h"": 576, ""valid_w"": 960, ""window_token_capacity"": 557568}]","[{""actual_window_count"": 8228, ""channels"": 32, ""host_shift_index"": 2, ""valid_h"": 544, ""valid_w"": 960, ""window_token_capacity"": 526592}]",1,1,native_area_estimate_only,1.0588235294117647,"{""3"": 1.0588235294117647}",1.0588235294117647,"native timing first; optional reconfigure Daniel per its ABI to ours shape, recompute grid; post shift still differs",175.434694,158.379063,17.055631000000005,0,valid,"all listed kernels form one indivisible comparison group; sum per-dispatch medians, not frame latency; no output-equality claim",C32,valid,167.69547847058823,7.73921552941178,baseline_group_reused
b004-005.boundary,4;5,O005;O006;O007,D004;D009,ours.1080.b004.core.0;ours.1080.b004.down_projection.0;ours.1080.b005.core.0,daniel.native1080.b004.core.0;daniel.native1080.b005.core.0,c32_wave1_finish_dcrop + mh_pool_project_production_h16w + c64_wave2_bo,_Z12k_reg_swin32ILi4ELb0EEv9VarParams + _Z13k_reg_swin_mhILi64ELi1ELb0EEv9VarParams,"[{""actual_window_count"": 8760, ""attention_work_h"": 584, ""attention_work_w"": 960, ""channels"": 32, ""shift_x"": 0, ""shift_y"": -4, ""valid_h"": 576, ""valid_w"": 960, ""window_token_capacity"": 560640}, {""attention_work_h"": 584, ""attention_work_w"": 960, ""channels"": 32, ""input_channels"": 32, ""output_channels"": 64, ""output_h"": 288, ""output_w"": 480, ""shift_x"": 0, ""shift_y"": -4, ""valid_h"": 576, ""valid_w"": 960}, {""actual_window_count"": 2160, ""attention_work_h"": 288, ""attention_work_w"": 480, ""channels"": 64, ""shift_x"": 0, ""shift_y"": 0, ""valid_h"": 288, ""valid_w"": 480, ""window_token_capacity"": 138240}]","[{""actual_window_count"": 8280, ""channels"": 32, ""host_shift_index"": 3, ""valid_h"": 544, ""valid_w"": 960, ""window_token_capacity"": 529920}, {""actual_window_count"": 2040, ""channels"": 64, ""host_shift_index"": 0, ""valid_h"": 272, ""valid_w"": 480, ""window_token_capacity"": 130560}]",3,2,native_area_estimate_only,1.0588235294117647,"{""4"": 1.0588235294117647, ""5"": 1.0588235294117647}",,"native timing first; optional reconfigure Daniel per its ABI to ours shape, recompute grid; post shift still differs",378.02609,298.061557,79.96453300000002,0,valid,"all listed kernels form one indivisible comparison group; sum per-dispatch medians, not frame latency; no output-equality claim",boundary_groups,valid,315.5945897647059,62.431500235294095,baseline_group_reused
b006.core,6,O008,D010,ours.1080.b006.core.0,daniel.native1080.b006.core.0,c64_wave2_bi_bo,_Z13k_reg_swin_mhILi64ELi0ELb0EEv9VarParams,"[{""actual_window_count"": 2257, ""attention_work_h"": 296, ""attention_work_w"": 488, ""channels"": 64, ""shift_x"": -4, ""shift_y"": -4, ""valid_h"": 288, ""valid_w"": 480, ""window_token_capacity"": 144448}]","[{""actual_window_count"": 2135, ""channels"": 64, ""host_shift_index"": 1, ""valid_h"": 272, ""valid_w"": 480, ""window_token_capacity"": 136640}]",1,1,native_area_estimate_only,1.0588235294117647,"{""6"": 1.0588235294117647}",1.0571428571428572,"native timing first; optional reconfigure Daniel per its ABI to ours shape, recompute grid; post shift still differs",118.162028,120.385937,-2.223908999999992,0,valid,"all listed kernels form one indivisible comparison group; sum per-dispatch medians, not frame latency; no output-equality claim",C64,valid,127.46746270588235,-9.305434705882348,baseline_group_reused
b007.core,7,O009,D011,ours.1080.b007.core.0,daniel.native1080.b007.core.0,c64_wave2_bi_bo,_Z13k_reg_swin_mhILi64ELi0ELb0EEv9VarParams,"[{""actual_window_count"": 2196, ""attention_work_h"": 288, ""attention_work_w"": 488, ""channels"": 64, ""shift_x"": -4, ""shift_y"": 0, ""valid_h"": 288, ""valid_w"": 480, ""window_token_capacity"": 140544}]","[{""actual_window_count"": 2074, ""channels"": 64, ""host_shift_index"": 2, ""valid_h"": 272, ""valid_w"": 480, ""window_token_capacity"": 132736}]",1,1,native_area_estimate_only,1.0588235294117647,"{""7"": 1.0588235294117647}",1.0588235294117647,"native timing first; optional reconfigure Daniel per its ABI to ours shape, recompute grid; post shift still differs",115.589842,117.298283,-1.7084409999999934,0,valid,"all listed kernels form one indivisible comparison group; sum per-dispatch medians, not frame latency; no output-equality claim",C64,valid,124.198182,-8.608339999999998,baseline_group_reused
b008-009.boundary,8;9,O010;O011;O012,D012;D017,ours.1080.b008.core.0;ours.1080.b008.down_projection.0;ours.1080.b009.core.0,daniel.native1080.b008.core.0;daniel.native1080.b009.core.0,c64_wave2_bi + mh_pool_project_group_c64 + c128_wave2_bo,_Z13k_reg_swin_mhILi64ELi4ELb0EEv9VarParams + _Z13k_reg_swin_mhILi128ELi1ELb0EEv9VarParams,"[{""actual_window_count"": 2220, ""attention_work_h"": 296, ""attention_work_w"": 480, ""channels"": 64, ""shift_x"": 0, ""shift_y"": -4, ""valid_h"": 288, ""valid_w"": 480, ""window_token_capacity"": 142080}, {""attention_work_h"": 296, ""attention_work_w"": 480, ""channels"": 64, ""input_channels"": 64, ""output_channels"": 128, ""output_h"": 144, ""output_w"": 240, ""shift_x"": 0, ""shift_y"": -4, ""valid_h"": 288, ""valid_w"": 480}, {""actual_window_count"": 540, ""attention_work_h"": 144, ""attention_work_w"": 240, ""channels"": 128, ""shift_x"": 0, ""shift_y"": 0, ""valid_h"": 144, ""valid_w"": 240, ""window_token_capacity"": 34560}]","[{""actual_window_count"": 2100, ""channels"": 64, ""host_shift_index"": 3, ""valid_h"": 272, ""valid_w"": 480, ""window_token_capacity"": 134400}, {""actual_window_count"": 510, ""channels"": 128, ""host_shift_index"": 0, ""valid_h"": 136, ""valid_w"": 240, ""window_token_capacity"": 32640}]",3,2,native_area_estimate_only,1.0588235294117647,"{""8"": 1.0588235294117647, ""9"": 1.0588235294117647}",,"native timing first; optional reconfigure Daniel per its ABI to ours shape, recompute grid; post shift still differs",277.170166,238.45359,38.716576,0,valid,"all listed kernels form one indivisible comparison group; sum per-dispatch medians, not frame latency; no output-equality claim",boundary_groups,valid,252.4802717647059,24.689894235294105,baseline_group_reused
b010.core,10,O013,D018,ours.1080.b010.core.0,daniel.native1080.b010.core.0,c128_wave2_bi_bo,_Z13k_reg_swin_mhILi128ELi0ELb0EEv9VarParams,"[{""actual_window_count"": 589, ""attention_work_h"": 152, ""attention_work_w"": 248, ""channels"": 128, ""shift_x"": -4, ""shift_y"": -4, ""valid_h"": 144, ""valid_w"": 240, ""window_token_capacity"": 37696}]","[{""actual_window_count"": 558, ""channels"": 128, ""host_shift_index"": 1, ""valid_h"": 136, ""valid_w"": 240, ""window_token_capacity"": 35712}]",1,1,native_area_estimate_only,1.0588235294117647,"{""10"": 1.0588235294117647}",1.0555555555555556,"native timing first; optional reconfigure Daniel per its ABI to ours shape, recompute grid; post shift still differs",85.142344,98.622657,-13.48031300000001,0,valid,"all listed kernels form one indivisible comparison group; sum per-dispatch medians, not frame latency; no output-equality claim",C128,valid,104.4239897647059,-19.2816457647059,baseline_group_reused
b011.core,11,O014,D019,ours.1080.b011.core.0,daniel.native1080.b011.core.0,c128_wave2_bi_bo,_Z13k_reg_swin_mhILi128ELi0ELb0EEv9VarParams,"[{""actual_window_count"": 558, ""attention_work_h"": 144, ""attention_work_w"": 248, ""channels"": 128, ""shift_x"": -4, ""shift_y"": 0, ""valid_h"": 144, ""valid_w"": 240, ""window_token_capacity"": 35712}]","[{""actual_window_count"": 527, ""channels"": 128, ""host_shift_index"": 2, ""valid_h"": 136, ""valid_w"": 240, ""window_token_capacity"": 33728}]",1,1,native_area_estimate_only,1.0588235294117647,"{""11"": 1.0588235294117647}",1.0588235294117647,"native timing first; optional reconfigure Daniel per its ABI to ours shape, recompute grid; post shift still differs",84.519997,95.252343,-10.732345999999993,0,valid,"all listed kernels form one indivisible comparison group; sum per-dispatch medians, not frame latency; no output-equality claim",C128,valid,100.85542199999999,-16.335424999999987,baseline_group_reused
b012.core,12,O015,D020,ours.1080.b012.core.0,daniel.native1080.b012.core.0,c128_wave2_bi_bo,_Z13k_reg_swin_mhILi128ELi0ELb0EEv9VarParams,"[{""actual_window_count"": 570, ""attention_work_h"": 152, ""attention_work_w"": 240, ""channels"": 128, ""shift_x"": 0, ""shift_y"": -4, ""valid_h"": 144, ""valid_w"": 240, ""window_token_capacity"": 36480}]","[{""actual_window_count"": 540, ""channels"": 128, ""host_shift_index"": 3, ""valid_h"": 136, ""valid_w"": 240, ""window_token_capacity"": 34560}]",1,1,native_area_estimate_only,1.0588235294117647,"{""12"": 1.0588235294117647}",1.0555555555555556,"native timing first; optional reconfigure Daniel per its ABI to ours shape, recompute grid; post shift still differs",82.539842,94.609059,-12.069217000000009,0,valid,"all listed kernels form one indivisible comparison group; sum per-dispatch medians, not frame latency; no output-equality claim",C128,valid,100.17429776470588,-17.63445576470589,baseline_group_reused
b013.core,13,O016,D021,ours.1080.b013.core.0,daniel.native1080.b013.core.0,c128_wave2_bi_bo,_Z13k_reg_swin_mhILi128ELi0ELb0EEv9VarParams,"[{""actual_window_count"": 540, ""attention_work_h"": 144, ""attention_work_w"": 240, ""channels"": 128, ""shift_x"": 0, ""shift_y"": 0, ""valid_h"": 144, ""valid_w"": 240, ""window_token_capacity"": 34560}]","[{""actual_window_count"": 510, ""channels"": 128, ""host_shift_index"": 0, ""valid_h"": 136, ""valid_w"": 240, ""window_token_capacity"": 32640}]",1,1,native_area_estimate_only,1.0588235294117647,"{""13"": 1.0588235294117647}",1.0588235294117647,"native timing first; optional reconfigure Daniel per its ABI to ours shape, recompute grid; post shift still differs",94.387345,89.129999,5.257345999999998,0,valid,"all listed kernels form one indivisible comparison group; sum per-dispatch medians, not frame latency; no output-equality claim",C128,valid,94.37294011764706,0.014404882352934578,baseline_group_reused
b014-015.boundary,14;15,O017;O018;O019,D022;D029,ours.1080.b014.core.0;ours.1080.b014.down_projection.0;ours.1080.b015.core.0,daniel.native1080.b014.core.0;daniel.native1080.b015.core.0,c128_wave2_bi + mh_pool_project_group_c128 + c256_wave2_bo,_Z13k_reg_swin_mhILi128ELi4ELb0EEv9VarParams + _Z13k_reg_swin_mhILi256ELi1ELb0EEv9VarParams,"[{""actual_window_count"": 589, ""attention_work_h"": 152, ""attention_work_w"": 248, ""channels"": 128, ""shift_x"": -4, ""shift_y"": -4, ""valid_h"": 144, ""valid_w"": 240, ""window_token_capacity"": 37696}, {""attention_work_h"": 152, ""attention_work_w"": 248, ""channels"": 128, ""input_channels"": 128, ""output_channels"": 256, ""output_h"": 72, ""output_w"": 120, ""shift_x"": -4, ""shift_y"": -4, ""valid_h"": 144, ""valid_w"": 240}, {""actual_window_count"": 135, ""attention_work_h"": 72, ""attention_work_w"": 120, ""channels"": 256, ""shift_x"": 0, ""shift_y"": 0, ""valid_h"": 72, ""valid_w"": 120, ""window_token_capacity"": 8640}]","[{""actual_window_count"": 558, ""channels"": 128, ""host_shift_index"": 1, ""valid_h"": 136, ""valid_w"": 240, ""window_token_capacity"": 35712}, {""actual_window_count"": 135, ""channels"": 256, ""host_shift_index"": 0, ""valid_h"": 68, ""valid_w"": 120, ""window_token_capacity"": 8640}]",3,2,native_area_estimate_only,1.0588235294117647,"{""14"": 1.0588235294117647, ""15"": 1.0588235294117647}",,"native timing first; optional reconfigure Daniel per its ABI to ours shape, recompute grid; post shift still differs",193.445153,227.907814,-34.462661,0,valid,"all listed kernels form one indivisible comparison group; sum per-dispatch medians, not frame latency; no output-equality claim",boundary_groups,valid,241.31415600000003,-47.86900300000002,baseline_group_reused
b016.core,16,O020,D030,ours.1080.b016.core.0,daniel.native1080.b016.core.0,c256_wave2_bi_bo,_Z13k_reg_swin_mhILi256ELi0ELb0EEv9VarParams,"[{""actual_window_count"": 160, ""attention_work_h"": 80, ""attention_work_w"": 128, ""channels"": 256, ""shift_x"": -4, ""shift_y"": -4, ""valid_h"": 72, ""valid_w"": 120, ""window_token_capacity"": 10240}]","[{""actual_window_count"": 144, ""channels"": 256, ""host_shift_index"": 1, ""valid_h"": 68, ""valid_w"": 120, ""window_token_capacity"": 9216}]",1,1,native_area_estimate_only,1.0588235294117647,"{""16"": 1.0588235294117647}",1.1111111111111112,"native timing first; optional reconfigure Daniel per its ABI to ours shape, recompute grid; post shift still differs",73.823906,107.053906,-33.230000000000004,0,valid,"all listed kernels form one indivisible comparison group; sum per-dispatch medians, not frame latency; no output-equality claim",C256,valid,113.35119458823529,-39.527288588235294,baseline_group_reused
b017.core,17,O021,D031,ours.1080.b017.core.0,daniel.native1080.b017.core.0,c256_wave2_bi_bo,_Z13k_reg_swin_mhILi256ELi0ELb0EEv9VarParams,"[{""actual_window_count"": 144, ""attention_work_h"": 72, ""attention_work_w"": 128, ""channels"": 256, ""shift_x"": -4, ""shift_y"": 0, ""valid_h"": 72, ""valid_w"": 120, ""window_token_capacity"": 9216}]","[{""actual_window_count"": 144, ""channels"": 256, ""host_shift_index"": 2, ""valid_h"": 68, ""valid_w"": 120, ""window_token_capacity"": 9216}]",1,1,native_area_estimate_only,1.0588235294117647,"{""17"": 1.0588235294117647}",1.0,"native timing first; optional reconfigure Daniel per its ABI to ours shape, recompute grid; post shift still differs",67.424059,106.783122,-39.359063000000006,0,valid,"all listed kernels form one indivisible comparison group; sum per-dispatch medians, not frame latency; no output-equality claim",C256,valid,113.06448211764706,-45.64042311764706,baseline_group_reused
b018.core,18,O022,D032,ours.1080.b018.core.0,daniel.native1080.b018.core.0,c256_wave2_bi_bo,_Z13k_reg_swin_mhILi256ELi0ELb0EEv9VarParams,"[{""actual_window_count"": 150, ""attention_work_h"": 80, ""attention_work_w"": 120, ""channels"": 256, ""shift_x"": 0, ""shift_y"": -4, ""valid_h"": 72, ""valid_w"": 120, ""window_token_capacity"": 9600}]","[{""actual_window_count"": 135, ""channels"": 256, ""host_shift_index"": 3, ""valid_h"": 68, ""valid_w"": 120, ""window_token_capacity"": 8640}]",1,1,native_area_estimate_only,1.0588235294117647,"{""18"": 1.0588235294117647}",1.1111111111111112,"native timing first; optional reconfigure Daniel per its ABI to ours shape, recompute grid; post shift still differs",70.220783,107.365154,-37.14437100000001,0,valid,"all listed kernels form one indivisible comparison group; sum per-dispatch medians, not frame latency; no output-equality claim",C256,valid,113.68075129411766,-43.45996829411766,baseline_group_reused
b019.core,19,O023,D033,ours.1080.b019.core.0,daniel.native1080.b019.core.0,c256_wave2_bi_bo,_Z13k_reg_swin_mhILi256ELi0ELb0EEv9VarParams,"[{""actual_window_count"": 135, ""attention_work_h"": 72, ""attention_work_w"": 120, ""channels"": 256, ""shift_x"": 0, ""shift_y"": 0, ""valid_h"": 72, ""valid_w"": 120, ""window_token_capacity"": 8640}]","[{""actual_window_count"": 135, ""channels"": 256, ""host_shift_index"": 0, ""valid_h"": 68, ""valid_w"": 120, ""window_token_capacity"": 8640}]",1,1,native_area_estimate_only,1.0588235294117647,"{""19"": 1.0588235294117647}",1.0,"native timing first; optional reconfigure Daniel per its ABI to ours shape, recompute grid; post shift still differs",65.672189,107.08344,-41.41125099999999,0,valid,"all listed kernels form one indivisible comparison group; sum per-dispatch medians, not frame latency; no output-equality claim",C256,valid,113.38246588235293,-47.71027688235293,baseline_group_reused
b020.core,20,O024,D034,ours.1080.b020.core.0,daniel.native1080.b020.core.0,c256_wave2_bi_bo,_Z13k_reg_swin_mhILi256ELi0ELb0EEv9VarParams,"[{""actual_window_count"": 160, ""attention_work_h"": 80, ""attention_work_w"": 128, ""channels"": 256, ""shift_x"": -4, ""shift_y"": -4, ""valid_h"": 72, ""valid_w"": 120, ""window_token_capacity"": 10240}]","[{""actual_window_count"": 144, ""channels"": 256, ""host_shift_index"": 1, ""valid_h"": 68, ""valid_w"": 120, ""window_token_capacity"": 9216}]",1,1,native_area_estimate_only,1.0588235294117647,"{""20"": 1.0588235294117647}",1.1111111111111112,"native timing first; optional reconfigure Daniel per its ABI to ours shape, recompute grid; post shift still differs",72.644688,107.56328,-34.918592000000004,0,valid,"all listed kernels form one indivisible comparison group; sum per-dispatch medians, not frame latency; no output-equality claim",C256,valid,113.89053176470588,-41.24584376470588,baseline_group_reused
b021.core,21,O025,D035,ours.1080.b021.core.0,daniel.native1080.b021.core.0,c256_wave2_bi_bo,_Z13k_reg_swin_mhILi256ELi0ELb0EEv9VarParams,"[{""actual_window_count"": 144, ""attention_work_h"": 72, ""attention_work_w"": 128, ""channels"": 256, ""shift_x"": -4, ""shift_y"": 0, ""valid_h"": 72, ""valid_w"": 120, ""window_token_capacity"": 9216}]","[{""actual_window_count"": 144, ""channels"": 256, ""host_shift_index"": 2, ""valid_h"": 68, ""valid_w"": 120, ""window_token_capacity"": 9216}]",1,1,native_area_estimate_only,1.0588235294117647,"{""21"": 1.0588235294117647}",1.0,"native timing first; optional reconfigure Daniel per its ABI to ours shape, recompute grid; post shift still differs",67.995466,107.70344,-39.70797400000001,0,valid,"all listed kernels form one indivisible comparison group; sum per-dispatch medians, not frame latency; no output-equality claim",C256,valid,114.03893647058824,-46.04347047058825,baseline_group_reused
b022-023.boundary,22;23,O026;O027;O028;O029;O030;O031;O032,D036;D047;D048;D049;D050,ours.1080.b022.core.0;ours.1080.b022.down_projection.0;ours.1080.b023.ffwd.0;ours.1080.b023.ffwd.1;ours.1080.b023.ffn_projection.0;ours.1080.b023.qkv_attention.0;ours.1080.b023.attention_projection.0,daniel.native1080.b022.core.0;daniel.native1080.b023.ffwd.0;daniel.native1080.b023.ffn_projection.0;daniel.native1080.b023.qkv_attention.0;daniel.native1080.b023.attention_projection.0,c256_wave2_bi + mh_pool_project_group_c256 + split_mix_blocked_h16w_m32 + split_ffn_fused_fp8_t8 + split_projection_frag + c512_qkv_attention_compact + mh_attention_project_frag_c512,_Z13k_reg_swin_mhILi256ELi4ELb0EEv9VarParams + _Z14k_reg_vit_ffwdILi2ELb1ELb0EEv13VitFfwdParams + _Z14k_reg_vit_convILi2ELi1ELb0EEv13VitConvParams + _Z15k_reg_vit_attn3ILb0EEv10AttnParams + _Z14k_reg_vit_convILi2ELi0ELb0EEv13VitConvParams,"[{""actual_window_count"": 150, ""attention_work_h"": 80, ""attention_work_w"": 120, ""channels"": 256, ""shift_x"": 0, ""shift_y"": -4, ""valid_h"": 72, ""valid_w"": 120, ""window_token_capacity"": 9600}, {""attention_work_h"": 80, ""attention_work_w"": 120, ""channels"": 256, ""input_channels"": 256, ""output_channels"": 512, ""output_h"": 36, ""output_w"": 60, ""shift_x"": 0, ""shift_y"": -4, ""valid_h"": 72, ""valid_w"": 120}, {""attention_work_h"": 40, ""attention_work_w"": 64, ""channels"": 512, ""ffn_grouped_channels"": 64, ""pointwise_tokens"": 2160, ""shift_x"": 0, ""shift_y"": 0, ""valid_h"": 36, ""valid_w"": 60}, {""attention_work_h"": 40, ""attention_work_w"": 64, ""channels"": 512, ""ffn_grouped_channels"": 64, ""pointwise_tokens"": 2160, ""shift_x"": 0, ""shift_y"": 0, ""valid_h"": 36, ""valid_w"": 60}, {""attention_work_h"": 40, ""attention_work_w"": 64, ""channels"": 512, ""ffn_grouped_channels"": 64, ""pointwise_tokens"": 2160, ""shift_x"": 0, ""shift_y"": 0, ""valid_h"": 36, ""valid_w"": 60}, {""attention_heads"": 16, ""attention_work_h"": 40, ""attention_work_w"": 64, ""channels"": 512, ""ffn_grouped_channels"": 64, ""keys_per_window"": 64, ""pointwise_tokens"": 2160, ""shift_x"": 0, ""shift_y"": 0, ""valid_h"": 36, ""valid_w"": 60, ""window_h"": 8, ""window_w"": 8}, {""attention_work_h"": 40, ""attention_work_w"": 64, ""channels"": 512, ""ffn_grouped_channels"": 64, ""pointwise_tokens"": 2160, ""shift_x"": 0, ""shift_y"": 0, ""valid_h"": 36, ""valid_w"": 60}]","[{""actual_window_count"": 135, ""channels"": 256, ""host_shift_index"": 3, ""valid_h"": 68, ""valid_w"": 120, ""window_token_capacity"": 8640}, {""channels"": 512, ""ffn_grouped_channels"": 64, ""pointwise_tokens"": 2160, ""valid_h"": 36, ""valid_w"": 60}, {""channels"": 512, ""ffn_grouped_channels"": 64, ""pointwise_tokens"": 2160, ""valid_h"": 36, ""valid_w"": 60}, {""attention_heads"": 16, ""channels"": 512, ""ffn_grouped_channels"": 64, ""keys_per_window"": 64, ""pointwise_tokens"": 2160, ""valid_h"": 36, ""valid_w"": 60, ""window_h"": 8, ""window_w"": 8}, {""channels"": 512, ""ffn_grouped_channels"": 64, ""pointwise_tokens"": 2160, ""valid_h"": 36, ""valid_w"": 60}]",7,5,native_area_estimate_only,,"{""22"": 1.0588235294117647, ""23"": 1.0}",,"native timing first; optional reconfigure Daniel per its ABI to ours shape, recompute grid; post shift still differs",250.370782,238.476567,11.894215000000003,0,valid,"all listed kernels form one indivisible comparison group; sum per-dispatch medians, not frame latency; no output-equality claim",boundary_groups,valid,245.6895174705882,4.681264529411777,baseline_group_reused
b024.attention_projection,24,O037,D054,ours.1080.b024.attention_projection.0,daniel.native1080.b024.attention_projection.0,mh_attention_project_frag_c512,_Z14k_reg_vit_convILi2ELi0ELb0EEv13VitConvParams,"[{""attention_work_h"": 40, ""attention_work_w"": 64, ""channels"": 512, ""ffn_grouped_channels"": 64, ""pointwise_tokens"": 2160, ""shift_x"": -4, ""shift_y"": -4, ""valid_h"": 36, ""valid_w"": 60}]","[{""channels"": 512, ""ffn_grouped_channels"": 64, ""pointwise_tokens"": 2160, ""valid_h"": 36, ""valid_w"": 60}]",1,1,same_valid_shape_check_work_abi,1.0,"{""24"": 1.0}",,time both at recorded shape; retain own grid and mathematical path,23.74828,12.706875,11.041405000000001,1,valid,"all listed kernels form one indivisible comparison group; sum per-dispatch medians, not frame latency; no output-equality claim",C512,valid,12.706875,11.041405000000001,baseline_group_reused
b024.ffn_projection,24,O035,D052,ours.1080.b024.ffn_projection.0,daniel.native1080.b024.ffn_projection.0,split_projection_frag,_Z14k_reg_vit_convILi2ELi0ELb0EEv13VitConvParams,"[{""attention_work_h"": 40, ""attention_work_w"": 64, ""channels"": 512, ""ffn_grouped_channels"": 64, ""pointwise_tokens"": 2160, ""shift_x"": -4, ""shift_y"": -4, ""valid_h"": 36, ""valid_w"": 60}]","[{""channels"": 512, ""ffn_grouped_channels"": 64, ""pointwise_tokens"": 2160, ""valid_h"": 36, ""valid_w"": 60}]",1,1,same_valid_shape_check_work_abi,1.0,"{""24"": 1.0}",,time both at recorded shape; retain own grid and mathematical path,15.976874,11.730312,4.246562000000001,1,valid,"all listed kernels form one indivisible comparison group; sum per-dispatch medians, not frame latency; no output-equality claim",C512,valid,11.730312,4.246562000000001,baseline_group_reused
b024.ffwd,24,O033;O034,D051,ours.1080.b024.ffwd.0;ours.1080.b024.ffwd.1,daniel.native1080.b024.ffwd.0,split_mix_blocked_h16w_m32 + split_ffn_fused_fp8_t8,_Z14k_reg_vit_ffwdILi2ELb0ELb0EEv13VitFfwdParams,"[{""attention_work_h"": 40, ""attention_work_w"": 64, ""channels"": 512, ""ffn_grouped_channels"": 64, ""pointwise_tokens"": 2160, ""shift_x"": -4, ""shift_y"": -4, ""valid_h"": 36, ""valid_w"": 60}, {""attention_work_h"": 40, ""attention_work_w"": 64, ""channels"": 512, ""ffn_grouped_channels"": 64, ""pointwise_tokens"": 2160, ""shift_x"": -4, ""shift_y"": -4, ""valid_h"": 36, ""valid_w"": 60}]","[{""channels"": 512, ""ffn_grouped_channels"": 64, ""pointwise_tokens"": 2160, ""valid_h"": 36, ""valid_w"": 60}]",2,1,same_valid_shape_check_work_abi,1.0,"{""24"": 1.0}",,time both at recorded shape; retain own grid and mathematical path,40.323282,36.467344,3.855938000000002,1,valid,"all listed kernels form one indivisible comparison group; sum per-dispatch medians, not frame latency; no output-equality claim",C512,valid,36.467344,3.855938000000002,baseline_group_reused
b024.qkv_attention,24,O036,D053,ours.1080.b024.qkv_attention.0,daniel.native1080.b024.qkv_attention.0,c512_qkv_attention_compact,_Z15k_reg_vit_attn3ILb0EEv10AttnParams,"[{""attention_heads"": 16, ""attention_work_h"": 40, ""attention_work_w"": 64, ""channels"": 512, ""ffn_grouped_channels"": 64, ""keys_per_window"": 64, ""pointwise_tokens"": 2160, ""shift_x"": -4, ""shift_y"": -4, ""valid_h"": 36, ""valid_w"": 60, ""window_h"": 8, ""window_w"": 8}]","[{""attention_heads"": 16, ""channels"": 512, ""ffn_grouped_channels"": 64, ""keys_per_window"": 64, ""pointwise_tokens"": 2160, ""valid_h"": 36, ""valid_w"": 60, ""window_h"": 8, ""window_w"": 8}]",1,1,same_valid_shape_check_work_abi,1.0,"{""24"": 1.0}",,time both at recorded shape; retain own grid and mathematical path,54.482345,51.221561,3.260784000000001,1,valid,"all listed kernels form one indivisible comparison group; sum per-dispatch medians, not frame latency; no output-equality claim",C512,valid,51.221561,3.260784000000001,baseline_group_reused
b025.attention_projection,25,O042,D058,ours.1080.b025.attention_projection.0,daniel.native1080.b025.attention_projection.0,mh_attention_project_frag_c512,_Z14k_reg_vit_convILi2ELi0ELb0EEv13VitConvParams,"[{""attention_work_h"": 40, ""attention_work_w"": 64, ""channels"": 512, ""ffn_grouped_channels"": 64, ""pointwise_tokens"": 2160, ""shift_x"": -4, ""shift_y"": 0, ""valid_h"": 36, ""valid_w"": 60}]","[{""channels"": 512, ""ffn_grouped_channels"": 64, ""pointwise_tokens"": 2160, ""valid_h"": 36, ""valid_w"": 60}]",1,1,same_valid_shape_check_work_abi,1.0,"{""25"": 1.0}",,time both at recorded shape; retain own grid and mathematical path,23.588751,12.720313,10.868437999999998,1,valid,"all listed kernels form one indivisible comparison group; sum per-dispatch medians, not frame latency; no output-equality claim",C512,valid,12.720313,10.868437999999998,baseline_group_reused
b025.ffn_projection,25,O040,D056,ours.1080.b025.ffn_projection.0,daniel.native1080.b025.ffn_projection.0,split_projection_frag,_Z14k_reg_vit_convILi2ELi0ELb0EEv13VitConvParams,"[{""attention_work_h"": 40, ""attention_work_w"": 64, ""channels"": 512, ""ffn_grouped_channels"": 64, ""pointwise_tokens"": 2160, ""shift_x"": -4, ""shift_y"": 0, ""valid_h"": 36, ""valid_w"": 60}]","[{""channels"": 512, ""ffn_grouped_channels"": 64, ""pointwise_tokens"": 2160, ""valid_h"": 36, ""valid_w"": 60}]",1,1,same_valid_shape_check_work_abi,1.0,"{""25"": 1.0}",,time both at recorded shape; retain own grid and mathematical path,15.976563,12.751563,3.2249999999999996,1,valid,"all listed kernels form one indivisible comparison group; sum per-dispatch medians, not frame latency; no output-equality claim",C512,valid,12.751563,3.2249999999999996,baseline_group_reused
b025.ffwd,25,O038;O039,D055,ours.1080.b025.ffwd.0;ours.1080.b025.ffwd.1,daniel.native1080.b025.ffwd.0,split_mix_blocked_h16w_m32 + split_ffn_fused_fp8_t8,_Z14k_reg_vit_ffwdILi2ELb0ELb0EEv13VitFfwdParams,"[{""attention_work_h"": 40, ""attention_work_w"": 64, ""channels"": 512, ""ffn_grouped_channels"": 64, ""pointwise_tokens"": 2160, ""shift_x"": -4, ""shift_y"": 0, ""valid_h"": 36, ""valid_w"": 60}, {""attention_work_h"": 40, ""attention_work_w"": 64, ""channels"": 512, ""ffn_grouped_channels"": 64, ""pointwise_tokens"": 2160, ""shift_x"": -4, ""shift_y"": 0, ""valid_h"": 36, ""valid_w"": 60}]","[{""channels"": 512, ""ffn_grouped_channels"": 64, ""pointwise_tokens"": 2160, ""valid_h"": 36, ""valid_w"": 60}]",2,1,same_valid_shape_check_work_abi,1.0,"{""25"": 1.0}",,time both at recorded shape; retain own grid and mathematical path,39.123282,34.863282,4.260000000000005,1,valid,"all listed kernels form one indivisible comparison group; sum per-dispatch medians, not frame latency; no output-equality claim",C512,valid,34.863282,4.260000000000005,baseline_group_reused
b025.qkv_attention,25,O041,D057,ours.1080.b025.qkv_attention.0,daniel.native1080.b025.qkv_attention.0,c512_qkv_attention_compact,_Z15k_reg_vit_attn3ILb0EEv10AttnParams,"[{""attention_heads"": 16, ""attention_work_h"": 40, ""attention_work_w"": 64, ""channels"": 512, ""ffn_grouped_channels"": 64, ""keys_per_window"": 64, ""pointwise_tokens"": 2160, ""shift_x"": -4, ""shift_y"": 0, ""valid_h"": 36, ""valid_w"": 60, ""window_h"": 8, ""window_w"": 8}]","[{""attention_heads"": 16, ""channels"": 512, ""ffn_grouped_channels"": 64, ""keys_per_window"": 64, ""pointwise_tokens"": 2160, ""valid_h"": 36, ""valid_w"": 60, ""window_h"": 8, ""window_w"": 8}]",1,1,same_valid_shape_check_work_abi,1.0,"{""25"": 1.0}",,time both at recorded shape; retain own grid and mathematical path,54.305781,51.166408,3.139373000000006,1,valid,"all listed kernels form one indivisible comparison group; sum per-dispatch medians, not frame latency; no output-equality claim",C512,valid,51.166408,3.139373000000006,baseline_group_reused
b026.attention_projection,26,O047,D062,ours.1080.b026.attention_projection.0,daniel.native1080.b026.attention_projection.0,mh_attention_project_frag_c512,_Z14k_reg_vit_convILi2ELi0ELb0EEv13VitConvParams,"[{""attention_work_h"": 40, ""attention_work_w"": 64, ""channels"": 512, ""ffn_grouped_channels"": 64, ""pointwise_tokens"": 2160, ""shift_x"": 0, ""shift_y"": -4, ""valid_h"": 36, ""valid_w"": 60}]","[{""channels"": 512, ""ffn_grouped_channels"": 64, ""pointwise_tokens"": 2160, ""valid_h"": 36, ""valid_w"": 60}]",1,1,same_valid_shape_check_work_abi,1.0,"{""26"": 1.0}",,time both at recorded shape; retain own grid and mathematical path,22.460001,12.543437,9.916563999999997,1,valid,"all listed kernels form one indivisible comparison group; sum per-dispatch medians, not frame latency; no output-equality claim",C512,valid,12.543437,9.916563999999997,baseline_group_reused
b026.ffn_projection,26,O045,D060,ours.1080.b026.ffn_projection.0,daniel.native1080.b026.ffn_projection.0,split_projection_frag,_Z14k_reg_vit_convILi2ELi0ELb0EEv13VitConvParams,"[{""attention_work_h"": 40, ""attention_work_w"": 64, ""channels"": 512, ""ffn_grouped_channels"": 64, ""pointwise_tokens"": 2160, ""shift_x"": 0, ""shift_y"": -4, ""valid_h"": 36, ""valid_w"": 60}]","[{""channels"": 512, ""ffn_grouped_channels"": 64, ""pointwise_tokens"": 2160, ""valid_h"": 36, ""valid_w"": 60}]",1,1,same_valid_shape_check_work_abi,1.0,"{""26"": 1.0}",,time both at recorded shape; retain own grid and mathematical path,16.060937,12.621718,3.4392189999999996,1,valid,"all listed kernels form one indivisible comparison group; sum per-dispatch medians, not frame latency; no output-equality claim",C512,valid,12.621718,3.4392189999999996,baseline_group_reused
b026.ffwd,26,O043;O044,D059,ours.1080.b026.ffwd.0;ours.1080.b026.ffwd.1,daniel.native1080.b026.ffwd.0,split_mix_blocked_h16w_m32 + split_ffn_fused_fp8_t8,_Z14k_reg_vit_ffwdILi2ELb0ELb0EEv13VitFfwdParams,"[{""attention_work_h"": 40, ""attention_work_w"": 64, ""channels"": 512, ""ffn_grouped_channels"": 64, ""pointwise_tokens"": 2160, ""shift_x"": 0, ""shift_y"": -4, ""valid_h"": 36, ""valid_w"": 60}, {""attention_work_h"": 40, ""attention_work_w"": 64, ""channels"": 512, ""ffn_grouped_channels"": 64, ""pointwise_tokens"": 2160, ""shift_x"": 0, ""shift_y"": -4, ""valid_h"": 36, ""valid_w"": 60}]","[{""channels"": 512, ""ffn_grouped_channels"": 64, ""pointwise_tokens"": 2160, ""valid_h"": 36, ""valid_w"": 60}]",2,1,same_valid_shape_check_work_abi,1.0,"{""26"": 1.0}",,time both at recorded shape; retain own grid and mathematical path,39.166092000000006,35.375156,3.790936000000009,1,valid,"all listed kernels form one indivisible comparison group; sum per-dispatch medians, not frame latency; no output-equality claim",C512,valid,35.375156,3.790936000000009,baseline_group_reused
b026.qkv_attention,26,O046,D061,ours.1080.b026.qkv_attention.0,daniel.native1080.b026.qkv_attention.0,c512_qkv_attention_compact,_Z15k_reg_vit_attn3ILb0EEv10AttnParams,"[{""attention_heads"": 16, ""attention_work_h"": 40, ""attention_work_w"": 64, ""channels"": 512, ""ffn_grouped_channels"": 64, ""keys_per_window"": 64, ""pointwise_tokens"": 2160, ""shift_x"": 0, ""shift_y"": -4, ""valid_h"": 36, ""valid_w"": 60, ""window_h"": 8, ""window_w"": 8}]","[{""attention_heads"": 16, ""channels"": 512, ""ffn_grouped_channels"": 64, ""keys_per_window"": 64, ""pointwise_tokens"": 2160, ""valid_h"": 36, ""valid_w"": 60, ""window_h"": 8, ""window_w"": 8}]",1,1,same_valid_shape_check_work_abi,1.0,"{""26"": 1.0}",,time both at recorded shape; retain own grid and mathematical path,55.162031,52.544218,2.617812999999998,1,valid,"all listed kernels form one indivisible comparison group; sum per-dispatch medians, not frame latency; no output-equality claim",C512,valid,52.544218,2.617812999999998,baseline_group_reused
b027.attention_projection,27,O052,D066,ours.1080.b027.attention_projection.0,daniel.native1080.b027.attention_projection.0,mh_attention_project_frag_c512,_Z14k_reg_vit_convILi2ELi0ELb0EEv13VitConvParams,"[{""attention_work_h"": 40, ""attention_work_w"": 64, ""channels"": 512, ""ffn_grouped_channels"": 64, ""pointwise_tokens"": 2160, ""shift_x"": 0, ""shift_y"": 0, ""valid_h"": 36, ""valid_w"": 60}]","[{""channels"": 512, ""ffn_grouped_channels"": 64, ""pointwise_tokens"": 2160, ""valid_h"": 36, ""valid_w"": 60}]",1,1,same_valid_shape_check_work_abi,1.0,"{""27"": 1.0}",,time both at recorded shape; retain own grid and mathematical path,23.280781,11.266875,12.013906,1,valid,"all listed kernels form one indivisible comparison group; sum per-dispatch medians, not frame latency; no output-equality claim",C512,valid,11.266875,12.013906,baseline_group_reused
b027.ffn_projection,27,O050,D064,ours.1080.b027.ffn_projection.0,daniel.native1080.b027.ffn_projection.0,split_projection_frag,_Z14k_reg_vit_convILi2ELi0ELb0EEv13VitConvParams,"[{""attention_work_h"": 40, ""attention_work_w"": 64, ""channels"": 512, ""ffn_grouped_channels"": 64, ""pointwise_tokens"": 2160, ""shift_x"": 0, ""shift_y"": 0, ""valid_h"": 36, ""valid_w"": 60}]","[{""channels"": 512, ""ffn_grouped_channels"": 64, ""pointwise_tokens"": 2160, ""valid_h"": 36, ""valid_w"": 60}]",1,1,same_valid_shape_check_work_abi,1.0,"{""27"": 1.0}",,time both at recorded shape; retain own grid and mathematical path,16.096719,11.678594,4.418125,1,valid,"all listed kernels form one indivisible comparison group; sum per-dispatch medians, not frame latency; no output-equality claim",C512,valid,11.678594,4.418125,baseline_group_reused
b027.ffwd,27,O048;O049,D063,ours.1080.b027.ffwd.0;ours.1080.b027.ffwd.1,daniel.native1080.b027.ffwd.0,split_mix_blocked_h16w_m32 + split_ffn_fused_fp8_t8,_Z14k_reg_vit_ffwdILi2ELb0ELb0EEv13VitFfwdParams,"[{""attention_work_h"": 40, ""attention_work_w"": 64, ""channels"": 512, ""ffn_grouped_channels"": 64, ""pointwise_tokens"": 2160, ""shift_x"": 0, ""shift_y"": 0, ""valid_h"": 36, ""valid_w"": 60}, {""attention_work_h"": 40, ""attention_work_w"": 64, ""channels"": 512, ""ffn_grouped_channels"": 64, ""pointwise_tokens"": 2160, ""shift_x"": 0, ""shift_y"": 0, ""valid_h"": 36, ""valid_w"": 60}]","[{""channels"": 512, ""ffn_grouped_channels"": 64, ""pointwise_tokens"": 2160, ""valid_h"": 36, ""valid_w"": 60}]",2,1,same_valid_shape_check_work_abi,1.0,"{""27"": 1.0}",,time both at recorded shape; retain own grid and mathematical path,40.359843,36.415,3.9448429999999988,1,valid,"all listed kernels form one indivisible comparison group; sum per-dispatch medians, not frame latency; no output-equality claim",C512,valid,36.415,3.9448429999999988,baseline_group_reused
b027.qkv_attention,27,O051,D065,ours.1080.b027.qkv_attention.0,daniel.native1080.b027.qkv_attention.0,c512_qkv_attention_compact,_Z15k_reg_vit_attn3ILb0EEv10AttnParams,"[{""attention_heads"": 16, ""attention_work_h"": 40, ""attention_work_w"": 64, ""channels"": 512, ""ffn_grouped_channels"": 64, ""keys_per_window"": 64, ""pointwise_tokens"": 2160, ""shift_x"": 0, ""shift_y"": 0, ""valid_h"": 36, ""valid_w"": 60, ""window_h"": 8, ""window_w"": 8}]","[{""attention_heads"": 16, ""channels"": 512, ""ffn_grouped_channels"": 64, ""keys_per_window"": 64, ""pointwise_tokens"": 2160, ""valid_h"": 36, ""valid_w"": 60, ""window_h"": 8, ""window_w"": 8}]",1,1,same_valid_shape_check_work_abi,1.0,"{""27"": 1.0}",,time both at recorded shape; retain own grid and mathematical path,53.642344,49.964845,3.6774990000000045,1,valid,"all listed kernels form one indivisible comparison group; sum per-dispatch medians, not frame latency; no output-equality claim",C512,valid,49.964845,3.6774990000000045,baseline_group_reused
b028.attention_projection,28,O057,D070,ours.1080.b028.attention_projection.0,daniel.native1080.b028.attention_projection.0,mh_attention_project_frag_c512,_Z14k_reg_vit_convILi2ELi0ELb0EEv13VitConvParams,"[{""attention_work_h"": 40, ""attention_work_w"": 64, ""channels"": 512, ""ffn_grouped_channels"": 64, ""pointwise_tokens"": 2160, ""shift_x"": -4, ""shift_y"": -4, ""valid_h"": 36, ""valid_w"": 60}]","[{""channels"": 512, ""ffn_grouped_channels"": 64, ""pointwise_tokens"": 2160, ""valid_h"": 36, ""valid_w"": 60}]",1,1,same_valid_shape_check_work_abi,1.0,"{""28"": 1.0}",,time both at recorded shape; retain own grid and mathematical path,23.066094,11.849219,11.216875,1,valid,"all listed kernels form one indivisible comparison group; sum per-dispatch medians, not frame latency; no output-equality claim",C512,valid,11.849219,11.216875,baseline_group_reused
b028.ffn_projection,28,O055,D068,ours.1080.b028.ffn_projection.0,daniel.native1080.b028.ffn_projection.0,split_projection_frag,_Z14k_reg_vit_convILi2ELi0ELb0EEv13VitConvParams,"[{""attention_work_h"": 40, ""attention_work_w"": 64, ""channels"": 512, ""ffn_grouped_channels"": 64, ""pointwise_tokens"": 2160, ""shift_x"": -4, ""shift_y"": -4, ""valid_h"": 36, ""valid_w"": 60}]","[{""channels"": 512, ""ffn_grouped_channels"": 64, ""pointwise_tokens"": 2160, ""valid_h"": 36, ""valid_w"": 60}]",1,1,same_valid_shape_check_work_abi,1.0,"{""28"": 1.0}",,time both at recorded shape; retain own grid and mathematical path,17.451562,12.094531,5.357030999999999,1,valid,"all listed kernels form one indivisible comparison group; sum per-dispatch medians, not frame latency; no output-equality claim",C512,valid,12.094531,5.357030999999999,baseline_group_reused
b028.ffwd,28,O053;O054,D067,ours.1080.b028.ffwd.0;ours.1080.b028.ffwd.1,daniel.native1080.b028.ffwd.0,split_mix_blocked_h16w_m32 + split_ffn_fused_fp8_t8,_Z14k_reg_vit_ffwdILi2ELb0ELb0EEv13VitFfwdParams,"[{""attention_work_h"": 40, ""attention_work_w"": 64, ""channels"": 512, ""ffn_grouped_channels"": 64, ""pointwise_tokens"": 2160, ""shift_x"": -4, ""shift_y"": -4, ""valid_h"": 36, ""valid_w"": 60}, {""attention_work_h"": 40, ""attention_work_w"": 64, ""channels"": 512, ""ffn_grouped_channels"": 64, ""pointwise_tokens"": 2160, ""shift_x"": -4, ""shift_y"": -4, ""valid_h"": 36, ""valid_w"": 60}]","[{""channels"": 512, ""ffn_grouped_channels"": 64, ""pointwise_tokens"": 2160, ""valid_h"": 36, ""valid_w"": 60}]",2,1,same_valid_shape_check_work_abi,1.0,"{""28"": 1.0}",,time both at recorded shape; retain own grid and mathematical path,40.797187,34.029376,6.767811000000002,1,valid,"all listed kernels form one indivisible comparison group; sum per-dispatch medians, not frame latency; no output-equality claim",C512,valid,34.029376,6.767811000000002,baseline_group_reused
b028.qkv_attention,28,O056,D069,ours.1080.b028.qkv_attention.0,daniel.native1080.b028.qkv_attention.0,c512_qkv_attention_compact,_Z15k_reg_vit_attn3ILb0EEv10AttnParams,"[{""attention_heads"": 16, ""attention_work_h"": 40, ""attention_work_w"": 64, ""channels"": 512, ""ffn_grouped_channels"": 64, ""keys_per_window"": 64, ""pointwise_tokens"": 2160, ""shift_x"": -4, ""shift_y"": -4, ""valid_h"": 36, ""valid_w"": 60, ""window_h"": 8, ""window_w"": 8}]","[{""attention_heads"": 16, ""channels"": 512, ""ffn_grouped_channels"": 64, ""keys_per_window"": 64, ""pointwise_tokens"": 2160, ""valid_h"": 36, ""valid_w"": 60, ""window_h"": 8, ""window_w"": 8}]",1,1,same_valid_shape_check_work_abi,1.0,"{""28"": 1.0}",,time both at recorded shape; retain own grid and mathematical path,55.089999,53.99625,1.0937489999999954,1,valid,"all listed kernels form one indivisible comparison group; sum per-dispatch medians, not frame latency; no output-equality claim",C512,valid,53.99625,1.0937489999999954,baseline_group_reused
b029.attention_projection,29,O062,D074,ours.1080.b029.attention_projection.0,daniel.native1080.b029.attention_projection.0,mh_attention_project_frag_c512,_Z14k_reg_vit_convILi2ELi0ELb0EEv13VitConvParams,"[{""attention_work_h"": 40, ""attention_work_w"": 64, ""channels"": 512, ""ffn_grouped_channels"": 64, ""pointwise_tokens"": 2160, ""shift_x"": -4, ""shift_y"": 0, ""valid_h"": 36, ""valid_w"": 60}]","[{""channels"": 512, ""ffn_grouped_channels"": 64, ""pointwise_tokens"": 2160, ""valid_h"": 36, ""valid_w"": 60}]",1,1,same_valid_shape_check_work_abi,1.0,"{""29"": 1.0}",,time both at recorded shape; retain own grid and mathematical path,23.565156,12.590156,10.975000000000001,1,valid,"all listed kernels form one indivisible comparison group; sum per-dispatch medians, not frame latency; no output-equality claim",C512,valid,12.590156,10.975000000000001,baseline_group_reused
b029.ffn_projection,29,O060,D072,ours.1080.b029.ffn_projection.0,daniel.native1080.b029.ffn_projection.0,split_projection_frag,_Z14k_reg_vit_convILi2ELi0ELb0EEv13VitConvParams,"[{""attention_work_h"": 40, ""attention_work_w"": 64, ""channels"": 512, ""ffn_grouped_channels"": 64, ""pointwise_tokens"": 2160, ""shift_x"": -4, ""shift_y"": 0, ""valid_h"": 36, ""valid_w"": 60}]","[{""channels"": 512, ""ffn_grouped_channels"": 64, ""pointwise_tokens"": 2160, ""valid_h"": 36, ""valid_w"": 60}]",1,1,same_valid_shape_check_work_abi,1.0,"{""29"": 1.0}",,time both at recorded shape; retain own grid and mathematical path,16.113125,12.666406,3.446719,1,valid,"all listed kernels form one indivisible comparison group; sum per-dispatch medians, not frame latency; no output-equality claim",C512,valid,12.666406,3.446719,baseline_group_reused
b029.ffwd,29,O058;O059,D071,ours.1080.b029.ffwd.0;ours.1080.b029.ffwd.1,daniel.native1080.b029.ffwd.0,split_mix_blocked_h16w_m32 + split_ffn_fused_fp8_t8,_Z14k_reg_vit_ffwdILi2ELb0ELb0EEv13VitFfwdParams,"[{""attention_work_h"": 40, ""attention_work_w"": 64, ""channels"": 512, ""ffn_grouped_channels"": 64, ""pointwise_tokens"": 2160, ""shift_x"": -4, ""shift_y"": 0, ""valid_h"": 36, ""valid_w"": 60}, {""attention_work_h"": 40, ""attention_work_w"": 64, ""channels"": 512, ""ffn_grouped_channels"": 64, ""pointwise_tokens"": 2160, ""shift_x"": -4, ""shift_y"": 0, ""valid_h"": 36, ""valid_w"": 60}]","[{""channels"": 512, ""ffn_grouped_channels"": 64, ""pointwise_tokens"": 2160, ""valid_h"": 36, ""valid_w"": 60}]",2,1,same_valid_shape_check_work_abi,1.0,"{""29"": 1.0}",,time both at recorded shape; retain own grid and mathematical path,37.538906,34.230158,3.3087479999999942,1,valid,"all listed kernels form one indivisible comparison group; sum per-dispatch medians, not frame latency; no output-equality claim",C512,valid,34.230158,3.3087479999999942,baseline_group_reused
b029.qkv_attention,29,O061,D073,ours.1080.b029.qkv_attention.0,daniel.native1080.b029.qkv_attention.0,c512_qkv_attention_compact,_Z15k_reg_vit_attn3ILb0EEv10AttnParams,"[{""attention_heads"": 16, ""attention_work_h"": 40, ""attention_work_w"": 64, ""channels"": 512, ""ffn_grouped_channels"": 64, ""keys_per_window"": 64, ""pointwise_tokens"": 2160, ""shift_x"": -4, ""shift_y"": 0, ""valid_h"": 36, ""valid_w"": 60, ""window_h"": 8, ""window_w"": 8}]","[{""attention_heads"": 16, ""channels"": 512, ""ffn_grouped_channels"": 64, ""keys_per_window"": 64, ""pointwise_tokens"": 2160, ""valid_h"": 36, ""valid_w"": 60, ""window_h"": 8, ""window_w"": 8}]",1,1,same_valid_shape_check_work_abi,1.0,"{""29"": 1.0}",,time both at recorded shape; retain own grid and mathematical path,54.216877,51.022656,3.194220999999999,1,valid,"all listed kernels form one indivisible comparison group; sum per-dispatch medians, not frame latency; no output-equality claim",C512,valid,51.022656,3.194220999999999,baseline_group_reused
b030.head_boundary,30,O063;O064;O065;O066;O067;AHEAD001,D075;D076;D077;D078;D153,ours.1080.b030.ffwd.0;ours.1080.b030.ffwd.1;ours.1080.b030.ffn_projection.0;ours.1080.b030.qkv_attention.0;ours.1080.b030.attention_projection.0;ours.1080.b030.head_fused.0,daniel.native1080.b030.ffwd.0;daniel.native1080.b030.ffn_projection.0;daniel.native1080.b030.qkv_attention.0;daniel.native1080.b030.attention_projection.0;daniel.native1080.b030.head.0,split_mix_blocked_h16w_m32 + split_ffn_fused_fp8_t8 + split_projection_frag + c512_qkv_attention_compact + mh_attention_project_frag_c512 + mh_pool_project_group_c512,_Z14k_reg_vit_ffwdILi2ELb0ELb0EEv13VitFfwdParams + _Z14k_reg_vit_convILi2ELi0ELb0EEv13VitConvParams + _Z15k_reg_vit_attn3ILb0EEv10AttnParams + _Z14k_reg_vit_convILi2ELi4ELb0EEv13VitConvParams + _Z10k_reg_headILi4EEv13HeadRegParams,"[{""attention_work_h"": 40, ""attention_work_w"": 64, ""channels"": 512, ""ffn_grouped_channels"": 64, ""pointwise_tokens"": 2160, ""shift_x"": 0, ""shift_y"": -4, ""valid_h"": 36, ""valid_w"": 60}, {""attention_work_h"": 40, ""attention_work_w"": 64, ""channels"": 512, ""ffn_grouped_channels"": 64, ""pointwise_tokens"": 2160, ""shift_x"": 0, ""shift_y"": -4, ""valid_h"": 36, ""valid_w"": 60}, {""attention_work_h"": 40, ""attention_work_w"": 64, ""channels"": 512, ""ffn_grouped_channels"": 64, ""pointwise_tokens"": 2160, ""shift_x"": 0, ""shift_y"": -4, ""valid_h"": 36, ""valid_w"": 60}, {""attention_heads"": 16, ""attention_work_h"": 40, ""attention_work_w"": 64, ""channels"": 512, ""ffn_grouped_channels"": 64, ""keys_per_window"": 64, ""pointwise_tokens"": 2160, ""shift_x"": 0, ""shift_y"": -4, ""valid_h"": 36, ""valid_w"": 60, ""window_h"": 8, ""window_w"": 8}, {""attention_work_h"": 40, ""attention_work_w"": 64, ""channels"": 512, ""ffn_grouped_channels"": 64, ""pointwise_tokens"": 2160, ""shift_x"": 0, ""shift_y"": -4, ""valid_h"": 36, ""valid_w"": 60}, {""channels"": 512, ""input_channels"": 512, ""input_h"": 36, ""input_w"": 60, ""output_channels"": 1024, ""output_h"": 20, ""output_w"": 32, ""token_grid_h"": 20, ""token_grid_w"": 32, ""tokens"": 640, ""valid_h"": 36, ""valid_w"": 60, ""vit_padded_tokens"": 640, ""vit_valid_tokens"": 640}]","[{""channels"": 512, ""ffn_grouped_channels"": 64, ""pointwise_tokens"": 2160, ""valid_h"": 36, ""valid_w"": 60}, {""channels"": 512, ""ffn_grouped_channels"": 64, ""pointwise_tokens"": 2160, ""valid_h"": 36, ""valid_w"": 60}, {""attention_heads"": 16, ""channels"": 512, ""ffn_grouped_channels"": 64, ""keys_per_window"": 64, ""pointwise_tokens"": 2160, ""valid_h"": 36, ""valid_w"": 60, ""window_h"": 8, ""window_w"": 8}, {""channels"": 512, ""ffn_grouped_channels"": 64, ""pointwise_tokens"": 2160, ""valid_h"": 36, ""valid_w"": 60}, {""channels"": 512, ""input_channels"": 512, ""input_h"": 36, ""input_w"": 60, ""output_channels"": 1024, ""output_h"": 20, ""output_w"": 32, ""token_grid_h"": 20, ""token_grid_w"": 32, ""tokens"": 640, ""valid_h"": 36, ""valid_w"": 60, ""vit_padded_tokens"": 640, ""vit_valid_tokens"": 640}]",6,5,same_valid_shape_check_work_abi,1.0,"{""30"": 1.0}",,time both at recorded shape; retain own grid and mathematical path,158.17249900000002,123.72125,34.45124900000002,1,valid,"all listed kernels form one indivisible comparison group; sum per-dispatch medians, not frame latency; no output-equality claim",boundary_groups,valid,123.72125,34.45124900000002,partially_refreshed_group
vit.entry,30,O070,D151,ours.1080.b030.entry_gather.0,daniel.native1080.b030.entry_gather.0,vit_gather,_Z8k_repack12RepackParams,"[{""channels"": 1024, ""ffn_grouped_channels"": 64, ""pointwise_tokens"": 2160, ""token_grid_h"": 20, ""token_grid_w"": 32, ""tokens"": 640, ""valid_h"": 20, ""valid_w"": 32, ""vit_padded_tokens"": 640, ""vit_valid_tokens"": 640}]","[{""channels"": 1024, ""ffn_grouped_channels"": 64, ""pointwise_tokens"": 2160, ""token_grid_h"": 20, ""token_grid_w"": 32, ""tokens"": 640, ""valid_h"": 20, ""valid_w"": 32, ""vit_padded_tokens"": 640, ""vit_valid_tokens"": 640}]",1,1,same_valid_shape_check_work_abi,1.0,"{""30"": 1.0}",,time both at recorded shape; retain own grid and mathematical path,5.821875,9.648125,-3.82625,1,valid,"all listed kernels form one indivisible comparison group; sum per-dispatch medians, not frame latency; no output-equality claim",ViT_repack,valid,9.648125,-3.82625,baseline_group_reused
b031.attention,31,O075,D114,ours.1080.b031.attention.0,daniel.native1080.b031.attention.0,vit_attention_fused_640_bytein_bout,_Z12k_reg1d_attnILi1ELb0EEv15Reg1dAttnParams,"[{""channels"": 1024, ""head_channels"": 32, ""heads"": 32, ""keys"": 640, ""token_grid_h"": 20, ""token_grid_w"": 32, ""tokens"": 640, ""valid_h"": 20, ""valid_w"": 32, ""vit_padded_tokens"": 640, ""vit_valid_tokens"": 640}]","[{""channels"": 1024, ""head_channels"": 32, ""heads"": 32, ""keys"": 640, ""token_grid_h"": 20, ""token_grid_w"": 32, ""tokens"": 640, ""valid_h"": 20, ""valid_w"": 32, ""vit_padded_tokens"": 640, ""vit_valid_tokens"": 640}]",1,1,same_valid_shape_check_work_abi,1.0,"{""31"": 1.0}",,time both at recorded shape; retain own grid and mathematical path,70.900157,22.553282,48.346875,1,valid,"all listed kernels form one indivisible comparison group; sum per-dispatch medians, not frame latency; no output-equality claim",ViT,valid,22.553282,48.346875,partially_refreshed_group
b031.contract,31,O073,D112,ours.1080.b031.contract.0,daniel.native1080.b031.contract.0,vit_stream_contract_frag_hout,_Z12k_reg1d_convILi1ELb0ELb0EEv12ConvParams1d,"[{""channels"": 1024, ""matrix_k"": 4096, ""matrix_n"": 1024, ""token_grid_h"": 20, ""token_grid_w"": 32, ""tokens"": 640, ""valid_h"": 20, ""valid_w"": 32, ""vit_padded_tokens"": 640, ""vit_valid_tokens"": 640}]","[{""channels"": 1024, ""matrix_k"": 4096, ""matrix_n"": 1024, ""token_grid_h"": 20, ""token_grid_w"": 32, ""tokens"": 640, ""valid_h"": 20, ""valid_w"": 32, ""vit_padded_tokens"": 640, ""vit_valid_tokens"": 640}]",1,1,same_valid_shape_check_work_abi,1.0,"{""31"": 1.0}",,time both at recorded shape; retain own grid and mathematical path,31.436406,59.260782,-27.824375999999997,1,valid,"all listed kernels form one indivisible comparison group; sum per-dispatch medians, not frame latency; no output-equality claim",ViT,valid,59.260782,-27.824375999999997,baseline_group_reused
b031.expand,31,O071;O072,D111,ours.1080.b031.expand.0;ours.1080.b031.expand.1,daniel.native1080.b031.expand.0,vit_pack_input + vit_expand_blocked_fp8_frag_bytein,_Z9k_expand2ILi1ELb1ELb0EEv12ExpandParams,"[{""channels"": 1024, ""matrix_k"": 1024, ""matrix_n"": 4096, ""token_grid_h"": 20, ""token_grid_w"": 32, ""tokens"": 640, ""valid_h"": 20, ""valid_w"": 32, ""vit_padded_tokens"": 640, ""vit_valid_tokens"": 640}, {""channels"": 1024, ""matrix_k"": 1024, ""matrix_n"": 4096, ""token_grid_h"": 20, ""token_grid_w"": 32, ""tokens"": 640, ""valid_h"": 20, ""valid_w"": 32, ""vit_padded_tokens"": 640, ""vit_valid_tokens"": 640}]","[{""channels"": 1024, ""matrix_k"": 1024, ""matrix_n"": 4096, ""token_grid_h"": 20, ""token_grid_w"": 32, ""tokens"": 640, ""valid_h"": 20, ""valid_w"": 32, ""vit_padded_tokens"": 640, ""vit_valid_tokens"": 640}]",2,1,same_valid_shape_check_work_abi,1.0,"{""31"": 1.0}",,time both at recorded shape; retain own grid and mathematical path,35.336719,34.136876,1.1998430000000013,1,valid,"all listed kernels form one indivisible comparison group; sum per-dispatch medians, not frame latency; no output-equality claim",ViT,valid,34.136876,1.1998430000000013,baseline_group_reused
b031.projection,31,O076,D115,ours.1080.b031.projection.0,daniel.native1080.b031.projection.0,vit_stream_project_n64_bh,_Z12k_reg1d_convILi1ELb0ELb0EEv12ConvParams1d,"[{""channels"": 1024, ""matrix_k"": 1024, ""matrix_n"": 1024, ""token_grid_h"": 20, ""token_grid_w"": 32, ""tokens"": 640, ""valid_h"": 20, ""valid_w"": 32, ""vit_padded_tokens"": 640, ""vit_valid_tokens"": 640}]","[{""channels"": 1024, ""matrix_k"": 1024, ""matrix_n"": 1024, ""token_grid_h"": 20, ""token_grid_w"": 32, ""tokens"": 640, ""valid_h"": 20, ""valid_w"": 32, ""vit_padded_tokens"": 640, ""vit_valid_tokens"": 640}]",1,1,same_valid_shape_check_work_abi,1.0,"{""31"": 1.0}",,time both at recorded shape; retain own grid and mathematical path,11.283281,40.320624,-29.037343,1,valid,"all listed kernels form one indivisible comparison group; sum per-dispatch medians, not frame latency; no output-equality claim",ViT,valid,40.320624,-29.037343,baseline_group_reused
b031.qkv,31,O074,D113,ours.1080.b031.qkv.0,daniel.native1080.b031.qkv.0,vit_stream_qkv_frag_hin,_Z11k_reg1d_qkvILb0ELb0EEv14Reg1dQkvParams,"[{""channels"": 1024, ""matrix_k"": 1024, ""matrix_n"": 3072, ""token_grid_h"": 20, ""token_grid_w"": 32, ""tokens"": 640, ""valid_h"": 20, ""valid_w"": 32, ""vit_padded_tokens"": 640, ""vit_valid_tokens"": 640}]","[{""channels"": 1024, ""matrix_k"": 1024, ""matrix_n"": 3072, ""token_grid_h"": 20, ""token_grid_w"": 32, ""tokens"": 640, ""valid_h"": 20, ""valid_w"": 32, ""vit_padded_tokens"": 640, ""vit_valid_tokens"": 640}]",1,1,same_valid_shape_check_work_abi,1.0,"{""31"": 1.0}",,time both at recorded shape; retain own grid and mathematical path,49.007811,31.799845,17.207965999999995,1,valid,"all listed kernels form one indivisible comparison group; sum per-dispatch medians, not frame latency; no output-equality claim",ViT,valid,31.799845,17.207965999999995,baseline_group_reused
b032.attention,32,O081,D119,ours.1080.b032.attention.0,daniel.native1080.b032.attention.0,vit_attention_fused_640_bytein_bout,_Z12k_reg1d_attnILi1ELb0EEv15Reg1dAttnParams,"[{""channels"": 1024, ""head_channels"": 32, ""heads"": 32, ""keys"": 640, ""token_grid_h"": 20, ""token_grid_w"": 32, ""tokens"": 640, ""valid_h"": 20, ""valid_w"": 32, ""vit_padded_tokens"": 640, ""vit_valid_tokens"": 640}]","[{""channels"": 1024, ""head_channels"": 32, ""heads"": 32, ""keys"": 640, ""token_grid_h"": 20, ""token_grid_w"": 32, ""tokens"": 640, ""valid_h"": 20, ""valid_w"": 32, ""vit_padded_tokens"": 640, ""vit_valid_tokens"": 640}]",1,1,same_valid_shape_check_work_abi,1.0,"{""32"": 1.0}",,time both at recorded shape; retain own grid and mathematical path,70.508122,24.277344,46.230778,1,valid,"all listed kernels form one indivisible comparison group; sum per-dispatch medians, not frame latency; no output-equality claim",ViT,valid,24.277344,46.230778,partially_refreshed_group
b032.contract,32,O079,D117,ours.1080.b032.contract.0,daniel.native1080.b032.contract.0,vit_stream_contract_frag_hout,_Z12k_reg1d_convILi1ELb0ELb0EEv12ConvParams1d,"[{""channels"": 1024, ""matrix_k"": 4096, ""matrix_n"": 1024, ""token_grid_h"": 20, ""token_grid_w"": 32, ""tokens"": 640, ""valid_h"": 20, ""valid_w"": 32, ""vit_padded_tokens"": 640, ""vit_valid_tokens"": 640}]","[{""channels"": 1024, ""matrix_k"": 4096, ""matrix_n"": 1024, ""token_grid_h"": 20, ""token_grid_w"": 32, ""tokens"": 640, ""valid_h"": 20, ""valid_w"": 32, ""vit_padded_tokens"": 640, ""vit_valid_tokens"": 640}]",1,1,same_valid_shape_check_work_abi,1.0,"{""32"": 1.0}",,time both at recorded shape; retain own grid and mathematical path,31.453595,59.15422,-27.700625000000002,1,valid,"all listed kernels form one indivisible comparison group; sum per-dispatch medians, not frame latency; no output-equality claim",ViT,valid,59.15422,-27.700625000000002,baseline_group_reused
b032.expand,32,O077;O078,D116,ours.1080.b032.expand.0;ours.1080.b032.expand.1,daniel.native1080.b032.expand.0,vit_pack_input + vit_expand_blocked_fp8_frag_bytein,_Z9k_expand2ILi1ELb1ELb0EEv12ExpandParams,"[{""channels"": 1024, ""matrix_k"": 1024, ""matrix_n"": 4096, ""token_grid_h"": 20, ""token_grid_w"": 32, ""tokens"": 640, ""valid_h"": 20, ""valid_w"": 32, ""vit_padded_tokens"": 640, ""vit_valid_tokens"": 640}, {""channels"": 1024, ""matrix_k"": 1024, ""matrix_n"": 4096, ""token_grid_h"": 20, ""token_grid_w"": 32, ""tokens"": 640, ""valid_h"": 20, ""valid_w"": 32, ""vit_padded_tokens"": 640, ""vit_valid_tokens"": 640}]","[{""channels"": 1024, ""matrix_k"": 1024, ""matrix_n"": 4096, ""token_grid_h"": 20, ""token_grid_w"": 32, ""tokens"": 640, ""valid_h"": 20, ""valid_w"": 32, ""vit_padded_tokens"": 640, ""vit_valid_tokens"": 640}]",2,1,same_valid_shape_check_work_abi,1.0,"{""32"": 1.0}",,time both at recorded shape; retain own grid and mathematical path,34.04375,34.117967,-0.07421699999999731,1,valid,"all listed kernels form one indivisible comparison group; sum per-dispatch medians, not frame latency; no output-equality claim",ViT,valid,34.117967,-0.07421699999999731,baseline_group_reused
b032.projection,32,O082,D120,ours.1080.b032.projection.0,daniel.native1080.b032.projection.0,vit_stream_project_n64_bh,_Z12k_reg1d_convILi1ELb0ELb0EEv12ConvParams1d,"[{""channels"": 1024, ""matrix_k"": 1024, ""matrix_n"": 1024, ""token_grid_h"": 20, ""token_grid_w"": 32, ""tokens"": 640, ""valid_h"": 20, ""valid_w"": 32, ""vit_padded_tokens"": 640, ""vit_valid_tokens"": 640}]","[{""channels"": 1024, ""matrix_k"": 1024, ""matrix_n"": 1024, ""token_grid_h"": 20, ""token_grid_w"": 32, ""tokens"": 640, ""valid_h"": 20, ""valid_w"": 32, ""vit_padded_tokens"": 640, ""vit_valid_tokens"": 640}]",1,1,same_valid_shape_check_work_abi,1.0,"{""32"": 1.0}",,time both at recorded shape; retain own grid and mathematical path,11.366094,43.304842,-31.938748,1,valid,"all listed kernels form one indivisible comparison group; sum per-dispatch medians, not frame latency; no output-equality claim",ViT,valid,43.304842,-31.938748,baseline_group_reused
b032.qkv,32,O080,D118,ours.1080.b032.qkv.0,daniel.native1080.b032.qkv.0,vit_stream_qkv_frag_hin,_Z11k_reg1d_qkvILb0ELb0EEv14Reg1dQkvParams,"[{""channels"": 1024, ""matrix_k"": 1024, ""matrix_n"": 3072, ""token_grid_h"": 20, ""token_grid_w"": 32, ""tokens"": 640, ""valid_h"": 20, ""valid_w"": 32, ""vit_padded_tokens"": 640, ""vit_valid_tokens"": 640}]","[{""channels"": 1024, ""matrix_k"": 1024, ""matrix_n"": 3072, ""token_grid_h"": 20, ""token_grid_w"": 32, ""tokens"": 640, ""valid_h"": 20, ""valid_w"": 32, ""vit_padded_tokens"": 640, ""vit_valid_tokens"": 640}]",1,1,same_valid_shape_check_work_abi,1.0,"{""32"": 1.0}",,time both at recorded shape; retain own grid and mathematical path,48.859842,32.513905,16.345937,1,valid,"all listed kernels form one indivisible comparison group; sum per-dispatch medians, not frame latency; no output-equality claim",ViT,valid,32.513905,16.345937,baseline_group_reused
b033.attention,33,O087,D124,ours.1080.b033.attention.0,daniel.native1080.b033.attention.0,vit_attention_fused_640_bytein_bout,_Z12k_reg1d_attnILi1ELb0EEv15Reg1dAttnParams,"[{""channels"": 1024, ""head_channels"": 32, ""heads"": 32, ""keys"": 640, ""token_grid_h"": 20, ""token_grid_w"": 32, ""tokens"": 640, ""valid_h"": 20, ""valid_w"": 32, ""vit_padded_tokens"": 640, ""vit_valid_tokens"": 640}]","[{""channels"": 1024, ""head_channels"": 32, ""heads"": 32, ""keys"": 640, ""token_grid_h"": 20, ""token_grid_w"": 32, ""tokens"": 640, ""valid_h"": 20, ""valid_w"": 32, ""vit_padded_tokens"": 640, ""vit_valid_tokens"": 640}]",1,1,same_valid_shape_check_work_abi,1.0,"{""33"": 1.0}",,time both at recorded shape; retain own grid and mathematical path,70.744999,22.423593,48.32140600000001,1,valid,"all listed kernels form one indivisible comparison group; sum per-dispatch medians, not frame latency; no output-equality claim",ViT,valid,22.423593,48.32140600000001,partially_refreshed_group
b033.contract,33,O085,D122,ours.1080.b033.contract.0,daniel.native1080.b033.contract.0,vit_stream_contract_frag_hout,_Z12k_reg1d_convILi1ELb0ELb0EEv12ConvParams1d,"[{""channels"": 1024, ""matrix_k"": 4096, ""matrix_n"": 1024, ""token_grid_h"": 20, ""token_grid_w"": 32, ""tokens"": 640, ""valid_h"": 20, ""valid_w"": 32, ""vit_padded_tokens"": 640, ""vit_valid_tokens"": 640}]","[{""channels"": 1024, ""matrix_k"": 4096, ""matrix_n"": 1024, ""token_grid_h"": 20, ""token_grid_w"": 32, ""tokens"": 640, ""valid_h"": 20, ""valid_w"": 32, ""vit_padded_tokens"": 640, ""vit_valid_tokens"": 640}]",1,1,same_valid_shape_check_work_abi,1.0,"{""33"": 1.0}",,time both at recorded shape; retain own grid and mathematical path,31.4725,59.454687,-27.982187,1,valid,"all listed kernels form one indivisible comparison group; sum per-dispatch medians, not frame latency; no output-equality claim",ViT,valid,59.454687,-27.982187,baseline_group_reused
b033.expand,33,O083;O084,D121,ours.1080.b033.expand.0;ours.1080.b033.expand.1,daniel.native1080.b033.expand.0,vit_pack_input + vit_expand_blocked_fp8_frag_bytein,_Z9k_expand2ILi1ELb1ELb0EEv12ExpandParams,"[{""channels"": 1024, ""matrix_k"": 1024, ""matrix_n"": 4096, ""token_grid_h"": 20, ""token_grid_w"": 32, ""tokens"": 640, ""valid_h"": 20, ""valid_w"": 32, ""vit_padded_tokens"": 640, ""vit_valid_tokens"": 640}, {""channels"": 1024, ""matrix_k"": 1024, ""matrix_n"": 4096, ""token_grid_h"": 20, ""token_grid_w"": 32, ""tokens"": 640, ""valid_h"": 20, ""valid_w"": 32, ""vit_padded_tokens"": 640, ""vit_valid_tokens"": 640}]","[{""channels"": 1024, ""matrix_k"": 1024, ""matrix_n"": 4096, ""token_grid_h"": 20, ""token_grid_w"": 32, ""tokens"": 640, ""valid_h"": 20, ""valid_w"": 32, ""vit_padded_tokens"": 640, ""vit_valid_tokens"": 640}]",2,1,same_valid_shape_check_work_abi,1.0,"{""33"": 1.0}",,time both at recorded shape; retain own grid and mathematical path,35.582344,34.100626,1.4817180000000008,1,valid,"all listed kernels form one indivisible comparison group; sum per-dispatch medians, not frame latency; no output-equality claim",ViT,valid,34.100626,1.4817180000000008,baseline_group_reused
b033.projection,33,O088,D125,ours.1080.b033.projection.0,daniel.native1080.b033.projection.0,vit_stream_project_n64_bh,_Z12k_reg1d_convILi1ELb0ELb0EEv12ConvParams1d,"[{""channels"": 1024, ""matrix_k"": 1024, ""matrix_n"": 1024, ""token_grid_h"": 20, ""token_grid_w"": 32, ""tokens"": 640, ""valid_h"": 20, ""valid_w"": 32, ""vit_padded_tokens"": 640, ""vit_valid_tokens"": 640}]","[{""channels"": 1024, ""matrix_k"": 1024, ""matrix_n"": 1024, ""token_grid_h"": 20, ""token_grid_w"": 32, ""tokens"": 640, ""valid_h"": 20, ""valid_w"": 32, ""vit_padded_tokens"": 640, ""vit_valid_tokens"": 640}]",1,1,same_valid_shape_check_work_abi,1.0,"{""33"": 1.0}",,time both at recorded shape; retain own grid and mathematical path,11.2775,42.10297,-30.82547,1,valid,"all listed kernels form one indivisible comparison group; sum per-dispatch medians, not frame latency; no output-equality claim",ViT,valid,42.10297,-30.82547,baseline_group_reused
b033.qkv,33,O086,D123,ours.1080.b033.qkv.0,daniel.native1080.b033.qkv.0,vit_stream_qkv_frag_hin,_Z11k_reg1d_qkvILb0ELb0EEv14Reg1dQkvParams,"[{""channels"": 1024, ""matrix_k"": 1024, ""matrix_n"": 3072, ""token_grid_h"": 20, ""token_grid_w"": 32, ""tokens"": 640, ""valid_h"": 20, ""valid_w"": 32, ""vit_padded_tokens"": 640, ""vit_valid_tokens"": 640}]","[{""channels"": 1024, ""matrix_k"": 1024, ""matrix_n"": 3072, ""token_grid_h"": 20, ""token_grid_w"": 32, ""tokens"": 640, ""valid_h"": 20, ""valid_w"": 32, ""vit_padded_tokens"": 640, ""vit_valid_tokens"": 640}]",1,1,same_valid_shape_check_work_abi,1.0,"{""33"": 1.0}",,time both at recorded shape; retain own grid and mathematical path,49.231406,31.846564,17.384842,1,valid,"all listed kernels form one indivisible comparison group; sum per-dispatch medians, not frame latency; no output-equality claim",ViT,valid,31.846564,17.384842,baseline_group_reused
b034.attention,34,O093,D129,ours.1080.b034.attention.0,daniel.native1080.b034.attention.0,vit_attention_fused_640_bytein_bout,_Z12k_reg1d_attnILi1ELb0EEv15Reg1dAttnParams,"[{""channels"": 1024, ""head_channels"": 32, ""heads"": 32, ""keys"": 640, ""token_grid_h"": 20, ""token_grid_w"": 32, ""tokens"": 640, ""valid_h"": 20, ""valid_w"": 32, ""vit_padded_tokens"": 640, ""vit_valid_tokens"": 640}]","[{""channels"": 1024, ""head_channels"": 32, ""heads"": 32, ""keys"": 640, ""token_grid_h"": 20, ""token_grid_w"": 32, ""tokens"": 640, ""valid_h"": 20, ""valid_w"": 32, ""vit_padded_tokens"": 640, ""vit_valid_tokens"": 640}]",1,1,same_valid_shape_check_work_abi,1.0,"{""34"": 1.0}",,time both at recorded shape; retain own grid and mathematical path,72.658904,24.444062,48.214842000000004,1,valid,"all listed kernels form one indivisible comparison group; sum per-dispatch medians, not frame latency; no output-equality claim",ViT,valid,24.444062,48.214842000000004,partially_refreshed_group
b034.contract,34,O091,D127,ours.1080.b034.contract.0,daniel.native1080.b034.contract.0,vit_stream_contract_frag_hout,_Z12k_reg1d_convILi1ELb0ELb0EEv12ConvParams1d,"[{""channels"": 1024, ""matrix_k"": 4096, ""matrix_n"": 1024, ""token_grid_h"": 20, ""token_grid_w"": 32, ""tokens"": 640, ""valid_h"": 20, ""valid_w"": 32, ""vit_padded_tokens"": 640, ""vit_valid_tokens"": 640}]","[{""channels"": 1024, ""matrix_k"": 4096, ""matrix_n"": 1024, ""token_grid_h"": 20, ""token_grid_w"": 32, ""tokens"": 640, ""valid_h"": 20, ""valid_w"": 32, ""vit_padded_tokens"": 640, ""vit_valid_tokens"": 640}]",1,1,same_valid_shape_check_work_abi,1.0,"{""34"": 1.0}",,time both at recorded shape; retain own grid and mathematical path,35.915311,59.165936,-23.250625,1,valid,"all listed kernels form one indivisible comparison group; sum per-dispatch medians, not frame latency; no output-equality claim",ViT,valid,59.165936,-23.250625,baseline_group_reused
b034.expand,34,O089;O090,D126,ours.1080.b034.expand.0;ours.1080.b034.expand.1,daniel.native1080.b034.expand.0,vit_pack_input + vit_expand_blocked_fp8_frag_bytein,_Z9k_expand2ILi1ELb1ELb0EEv12ExpandParams,"[{""channels"": 1024, ""matrix_k"": 1024, ""matrix_n"": 4096, ""token_grid_h"": 20, ""token_grid_w"": 32, ""tokens"": 640, ""valid_h"": 20, ""valid_w"": 32, ""vit_padded_tokens"": 640, ""vit_valid_tokens"": 640}, {""channels"": 1024, ""matrix_k"": 1024, ""matrix_n"": 4096, ""token_grid_h"": 20, ""token_grid_w"": 32, ""tokens"": 640, ""valid_h"": 20, ""valid_w"": 32, ""vit_padded_tokens"": 640, ""vit_valid_tokens"": 640}]","[{""channels"": 1024, ""matrix_k"": 1024, ""matrix_n"": 4096, ""token_grid_h"": 20, ""token_grid_w"": 32, ""tokens"": 640, ""valid_h"": 20, ""valid_w"": 32, ""vit_padded_tokens"": 640, ""vit_valid_tokens"": 640}]",2,1,same_valid_shape_check_work_abi,1.0,"{""34"": 1.0}",,time both at recorded shape; retain own grid and mathematical path,35.805,33.789061,2.015939000000003,1,valid,"all listed kernels form one indivisible comparison group; sum per-dispatch medians, not frame latency; no output-equality claim",ViT,valid,33.789061,2.015939000000003,baseline_group_reused
b034.projection,34,O094,D130,ours.1080.b034.projection.0,daniel.native1080.b034.projection.0,vit_stream_project_n64_bh,_Z12k_reg1d_convILi1ELb0ELb0EEv12ConvParams1d,"[{""channels"": 1024, ""matrix_k"": 1024, ""matrix_n"": 1024, ""token_grid_h"": 20, ""token_grid_w"": 32, ""tokens"": 640, ""valid_h"": 20, ""valid_w"": 32, ""vit_padded_tokens"": 640, ""vit_valid_tokens"": 640}]","[{""channels"": 1024, ""matrix_k"": 1024, ""matrix_n"": 1024, ""token_grid_h"": 20, ""token_grid_w"": 32, ""tokens"": 640, ""valid_h"": 20, ""valid_w"": 32, ""vit_padded_tokens"": 640, ""vit_valid_tokens"": 640}]",1,1,same_valid_shape_check_work_abi,1.0,"{""34"": 1.0}",,time both at recorded shape; retain own grid and mathematical path,10.525469,43.596093,-33.070624,1,valid,"all listed kernels form one indivisible comparison group; sum per-dispatch medians, not frame latency; no output-equality claim",ViT,valid,43.596093,-33.070624,baseline_group_reused
b034.qkv,34,O092,D128,ours.1080.b034.qkv.0,daniel.native1080.b034.qkv.0,vit_stream_qkv_frag_hin,_Z11k_reg1d_qkvILb0ELb0EEv14Reg1dQkvParams,"[{""channels"": 1024, ""matrix_k"": 1024, ""matrix_n"": 3072, ""token_grid_h"": 20, ""token_grid_w"": 32, ""tokens"": 640, ""valid_h"": 20, ""valid_w"": 32, ""vit_padded_tokens"": 640, ""vit_valid_tokens"": 640}]","[{""channels"": 1024, ""matrix_k"": 1024, ""matrix_n"": 3072, ""token_grid_h"": 20, ""token_grid_w"": 32, ""tokens"": 640, ""valid_h"": 20, ""valid_w"": 32, ""vit_padded_tokens"": 640, ""vit_valid_tokens"": 640}]",1,1,same_valid_shape_check_work_abi,1.0,"{""34"": 1.0}",,time both at recorded shape; retain own grid and mathematical path,48.893593,32.158282,16.735311000000003,1,valid,"all listed kernels form one indivisible comparison group; sum per-dispatch medians, not frame latency; no output-equality claim",ViT,valid,32.158282,16.735311000000003,baseline_group_reused
b035.attention,35,O099,D134,ours.1080.b035.attention.0,daniel.native1080.b035.attention.0,vit_attention_fused_640_bytein_bout,_Z12k_reg1d_attnILi1ELb0EEv15Reg1dAttnParams,"[{""channels"": 1024, ""head_channels"": 32, ""heads"": 32, ""keys"": 640, ""token_grid_h"": 20, ""token_grid_w"": 32, ""tokens"": 640, ""valid_h"": 20, ""valid_w"": 32, ""vit_padded_tokens"": 640, ""vit_valid_tokens"": 640}]","[{""channels"": 1024, ""head_channels"": 32, ""heads"": 32, ""keys"": 640, ""token_grid_h"": 20, ""token_grid_w"": 32, ""tokens"": 640, ""valid_h"": 20, ""valid_w"": 32, ""vit_padded_tokens"": 640, ""vit_valid_tokens"": 640}]",1,1,same_valid_shape_check_work_abi,1.0,"{""35"": 1.0}",,time both at recorded shape; retain own grid and mathematical path,72.426252,22.932969,49.493283000000005,1,valid,"all listed kernels form one indivisible comparison group; sum per-dispatch medians, not frame latency; no output-equality claim",ViT,valid,22.932969,49.493283000000005,partially_refreshed_group
b035.contract,35,O097,D132,ours.1080.b035.contract.0,daniel.native1080.b035.contract.0,vit_stream_contract_frag_hout,_Z12k_reg1d_convILi1ELb0ELb0EEv12ConvParams1d,"[{""channels"": 1024, ""matrix_k"": 4096, ""matrix_n"": 1024, ""token_grid_h"": 20, ""token_grid_w"": 32, ""tokens"": 640, ""valid_h"": 20, ""valid_w"": 32, ""vit_padded_tokens"": 640, ""vit_valid_tokens"": 640}]","[{""channels"": 1024, ""matrix_k"": 4096, ""matrix_n"": 1024, ""token_grid_h"": 20, ""token_grid_w"": 32, ""tokens"": 640, ""valid_h"": 20, ""valid_w"": 32, ""vit_padded_tokens"": 640, ""vit_valid_tokens"": 640}]",1,1,same_valid_shape_check_work_abi,1.0,"{""35"": 1.0}",,time both at recorded shape; retain own grid and mathematical path,31.203907,59.534218,-28.330311000000002,1,valid,"all listed kernels form one indivisible comparison group; sum per-dispatch medians, not frame latency; no output-equality claim",ViT,valid,59.534218,-28.330311000000002,baseline_group_reused
b035.expand,35,O095;O096,D131,ours.1080.b035.expand.0;ours.1080.b035.expand.1,daniel.native1080.b035.expand.0,vit_pack_input + vit_expand_blocked_fp8_frag_bytein,_Z9k_expand2ILi1ELb1ELb0EEv12ExpandParams,"[{""channels"": 1024, ""matrix_k"": 1024, ""matrix_n"": 4096, ""token_grid_h"": 20, ""token_grid_w"": 32, ""tokens"": 640, ""valid_h"": 20, ""valid_w"": 32, ""vit_padded_tokens"": 640, ""vit_valid_tokens"": 640}, {""channels"": 1024, ""matrix_k"": 1024, ""matrix_n"": 4096, ""token_grid_h"": 20, ""token_grid_w"": 32, ""tokens"": 640, ""valid_h"": 20, ""valid_w"": 32, ""vit_padded_tokens"": 640, ""vit_valid_tokens"": 640}]","[{""channels"": 1024, ""matrix_k"": 1024, ""matrix_n"": 4096, ""token_grid_h"": 20, ""token_grid_w"": 32, ""tokens"": 640, ""valid_h"": 20, ""valid_w"": 32, ""vit_padded_tokens"": 640, ""vit_valid_tokens"": 640}]",2,1,same_valid_shape_check_work_abi,1.0,"{""35"": 1.0}",,time both at recorded shape; retain own grid and mathematical path,33.658907,34.16875,-0.5098430000000036,1,valid,"all listed kernels form one indivisible comparison group; sum per-dispatch medians, not frame latency; no output-equality claim",ViT,valid,34.16875,-0.5098430000000036,baseline_group_reused
b035.projection,35,O100,D135,ours.1080.b035.projection.0,daniel.native1080.b035.projection.0,vit_stream_project_n64_bh,_Z12k_reg1d_convILi1ELb0ELb0EEv12ConvParams1d,"[{""channels"": 1024, ""matrix_k"": 1024, ""matrix_n"": 1024, ""token_grid_h"": 20, ""token_grid_w"": 32, ""tokens"": 640, ""valid_h"": 20, ""valid_w"": 32, ""vit_padded_tokens"": 640, ""vit_valid_tokens"": 640}]","[{""channels"": 1024, ""matrix_k"": 1024, ""matrix_n"": 1024, ""token_grid_h"": 20, ""token_grid_w"": 32, ""tokens"": 640, ""valid_h"": 20, ""valid_w"": 32, ""vit_padded_tokens"": 640, ""vit_valid_tokens"": 640}]",1,1,same_valid_shape_check_work_abi,1.0,"{""35"": 1.0}",,time both at recorded shape; retain own grid and mathematical path,11.239062,42.825937,-31.586875000000003,1,valid,"all listed kernels form one indivisible comparison group; sum per-dispatch medians, not frame latency; no output-equality claim",ViT,valid,42.825937,-31.586875000000003,baseline_group_reused
b035.qkv,35,O098,D133,ours.1080.b035.qkv.0,daniel.native1080.b035.qkv.0,vit_stream_qkv_frag_hin,_Z11k_reg1d_qkvILb0ELb0EEv14Reg1dQkvParams,"[{""channels"": 1024, ""matrix_k"": 1024, ""matrix_n"": 3072, ""token_grid_h"": 20, ""token_grid_w"": 32, ""tokens"": 640, ""valid_h"": 20, ""valid_w"": 32, ""vit_padded_tokens"": 640, ""vit_valid_tokens"": 640}]","[{""channels"": 1024, ""matrix_k"": 1024, ""matrix_n"": 3072, ""token_grid_h"": 20, ""token_grid_w"": 32, ""tokens"": 640, ""valid_h"": 20, ""valid_w"": 32, ""vit_padded_tokens"": 640, ""vit_valid_tokens"": 640}]",1,1,same_valid_shape_check_work_abi,1.0,"{""35"": 1.0}",,time both at recorded shape; retain own grid and mathematical path,49.143907,31.977657,17.166249999999998,1,valid,"all listed kernels form one indivisible comparison group; sum per-dispatch medians, not frame latency; no output-equality claim",ViT,valid,31.977657,17.166249999999998,baseline_group_reused
b036.attention,36,O105,D139,ours.1080.b036.attention.0,daniel.native1080.b036.attention.0,vit_attention_fused_640_bytein_bout,_Z12k_reg1d_attnILi1ELb0EEv15Reg1dAttnParams,"[{""channels"": 1024, ""head_channels"": 32, ""heads"": 32, ""keys"": 640, ""token_grid_h"": 20, ""token_grid_w"": 32, ""tokens"": 640, ""valid_h"": 20, ""valid_w"": 32, ""vit_padded_tokens"": 640, ""vit_valid_tokens"": 640}]","[{""channels"": 1024, ""head_channels"": 32, ""heads"": 32, ""keys"": 640, ""token_grid_h"": 20, ""token_grid_w"": 32, ""tokens"": 640, ""valid_h"": 20, ""valid_w"": 32, ""vit_padded_tokens"": 640, ""vit_valid_tokens"": 640}]",1,1,same_valid_shape_check_work_abi,1.0,"{""36"": 1.0}",,time both at recorded shape; retain own grid and mathematical path,70.908278,23.023751,47.88452699999999,1,valid,"all listed kernels form one indivisible comparison group; sum per-dispatch medians, not frame latency; no output-equality claim",ViT,valid,23.023751,47.88452699999999,partially_refreshed_group
b036.contract,36,O103,D137,ours.1080.b036.contract.0,daniel.native1080.b036.contract.0,vit_stream_contract_frag_hout,_Z12k_reg1d_convILi1ELb0ELb0EEv12ConvParams1d,"[{""channels"": 1024, ""matrix_k"": 4096, ""matrix_n"": 1024, ""token_grid_h"": 20, ""token_grid_w"": 32, ""tokens"": 640, ""valid_h"": 20, ""valid_w"": 32, ""vit_padded_tokens"": 640, ""vit_valid_tokens"": 640}]","[{""channels"": 1024, ""matrix_k"": 4096, ""matrix_n"": 1024, ""token_grid_h"": 20, ""token_grid_w"": 32, ""tokens"": 640, ""valid_h"": 20, ""valid_w"": 32, ""vit_padded_tokens"": 640, ""vit_valid_tokens"": 640}]",1,1,same_valid_shape_check_work_abi,1.0,"{""36"": 1.0}",,time both at recorded shape; retain own grid and mathematical path,31.48922,59.210781,-27.721560999999998,1,valid,"all listed kernels form one indivisible comparison group; sum per-dispatch medians, not frame latency; no output-equality claim",ViT,valid,59.210781,-27.721560999999998,baseline_group_reused
b036.expand,36,O101;O102,D136,ours.1080.b036.expand.0;ours.1080.b036.expand.1,daniel.native1080.b036.expand.0,vit_pack_input + vit_expand_blocked_fp8_frag_bytein,_Z9k_expand2ILi1ELb1ELb0EEv12ExpandParams,"[{""channels"": 1024, ""matrix_k"": 1024, ""matrix_n"": 4096, ""token_grid_h"": 20, ""token_grid_w"": 32, ""tokens"": 640, ""valid_h"": 20, ""valid_w"": 32, ""vit_padded_tokens"": 640, ""vit_valid_tokens"": 640}, {""channels"": 1024, ""matrix_k"": 1024, ""matrix_n"": 4096, ""token_grid_h"": 20, ""token_grid_w"": 32, ""tokens"": 640, ""valid_h"": 20, ""valid_w"": 32, ""vit_padded_tokens"": 640, ""vit_valid_tokens"": 640}]","[{""channels"": 1024, ""matrix_k"": 1024, ""matrix_n"": 4096, ""token_grid_h"": 20, ""token_grid_w"": 32, ""tokens"": 640, ""valid_h"": 20, ""valid_w"": 32, ""vit_padded_tokens"": 640, ""vit_valid_tokens"": 640}]",2,1,same_valid_shape_check_work_abi,1.0,"{""36"": 1.0}",,time both at recorded shape; retain own grid and mathematical path,35.863282,34.061406,1.801876,1,valid,"all listed kernels form one indivisible comparison group; sum per-dispatch medians, not frame latency; no output-equality claim",ViT,valid,34.061406,1.801876,baseline_group_reused
b036.projection,36,O106,D140,ours.1080.b036.projection.0,daniel.native1080.b036.projection.0,vit_stream_project_n64_bh,_Z12k_reg1d_convILi1ELb0ELb0EEv12ConvParams1d,"[{""channels"": 1024, ""matrix_k"": 1024, ""matrix_n"": 1024, ""token_grid_h"": 20, ""token_grid_w"": 32, ""tokens"": 640, ""valid_h"": 20, ""valid_w"": 32, ""vit_padded_tokens"": 640, ""vit_valid_tokens"": 640}]","[{""channels"": 1024, ""matrix_k"": 1024, ""matrix_n"": 1024, ""token_grid_h"": 20, ""token_grid_w"": 32, ""tokens"": 640, ""valid_h"": 20, ""valid_w"": 32, ""vit_padded_tokens"": 640, ""vit_valid_tokens"": 640}]",1,1,same_valid_shape_check_work_abi,1.0,"{""36"": 1.0}",,time both at recorded shape; retain own grid and mathematical path,11.159531,38.065314,-26.905783,1,valid,"all listed kernels form one indivisible comparison group; sum per-dispatch medians, not frame latency; no output-equality claim",ViT,valid,38.065314,-26.905783,baseline_group_reused
b036.qkv,36,O104,D138,ours.1080.b036.qkv.0,daniel.native1080.b036.qkv.0,vit_stream_qkv_frag_hin,_Z11k_reg1d_qkvILb0ELb0EEv14Reg1dQkvParams,"[{""channels"": 1024, ""matrix_k"": 1024, ""matrix_n"": 3072, ""token_grid_h"": 20, ""token_grid_w"": 32, ""tokens"": 640, ""valid_h"": 20, ""valid_w"": 32, ""vit_padded_tokens"": 640, ""vit_valid_tokens"": 640}]","[{""channels"": 1024, ""matrix_k"": 1024, ""matrix_n"": 3072, ""token_grid_h"": 20, ""token_grid_w"": 32, ""tokens"": 640, ""valid_h"": 20, ""valid_w"": 32, ""vit_padded_tokens"": 640, ""vit_valid_tokens"": 640}]",1,1,same_valid_shape_check_work_abi,1.0,"{""36"": 1.0}",,time both at recorded shape; retain own grid and mathematical path,48.837658,31.870313,16.967344999999998,1,valid,"all listed kernels form one indivisible comparison group; sum per-dispatch medians, not frame latency; no output-equality claim",ViT,valid,31.870313,16.967344999999998,baseline_group_reused
b037.attention,37,O111,D144,ours.1080.b037.attention.0,daniel.native1080.b037.attention.0,vit_attention_fused_640_bytein_bout,_Z12k_reg1d_attnILi1ELb0EEv15Reg1dAttnParams,"[{""channels"": 1024, ""head_channels"": 32, ""heads"": 32, ""keys"": 640, ""token_grid_h"": 20, ""token_grid_w"": 32, ""tokens"": 640, ""valid_h"": 20, ""valid_w"": 32, ""vit_padded_tokens"": 640, ""vit_valid_tokens"": 640}]","[{""channels"": 1024, ""head_channels"": 32, ""heads"": 32, ""keys"": 640, ""token_grid_h"": 20, ""token_grid_w"": 32, ""tokens"": 640, ""valid_h"": 20, ""valid_w"": 32, ""vit_padded_tokens"": 640, ""vit_valid_tokens"": 640}]",1,1,same_valid_shape_check_work_abi,1.0,"{""37"": 1.0}",,time both at recorded shape; retain own grid and mathematical path,71.855471,22.713594,49.141876999999994,1,valid,"all listed kernels form one indivisible comparison group; sum per-dispatch medians, not frame latency; no output-equality claim",ViT,valid,22.713594,49.141876999999994,partially_refreshed_group
b037.contract,37,O109,D142,ours.1080.b037.contract.0,daniel.native1080.b037.contract.0,vit_stream_contract_frag_hout,_Z12k_reg1d_convILi1ELb0ELb0EEv12ConvParams1d,"[{""channels"": 1024, ""matrix_k"": 4096, ""matrix_n"": 1024, ""token_grid_h"": 20, ""token_grid_w"": 32, ""tokens"": 640, ""valid_h"": 20, ""valid_w"": 32, ""vit_padded_tokens"": 640, ""vit_valid_tokens"": 640}]","[{""channels"": 1024, ""matrix_k"": 4096, ""matrix_n"": 1024, ""token_grid_h"": 20, ""token_grid_w"": 32, ""tokens"": 640, ""valid_h"": 20, ""valid_w"": 32, ""vit_padded_tokens"": 640, ""vit_valid_tokens"": 640}]",1,1,same_valid_shape_check_work_abi,1.0,"{""37"": 1.0}",,time both at recorded shape; retain own grid and mathematical path,31.279217,59.259843,-27.980625999999997,1,valid,"all listed kernels form one indivisible comparison group; sum per-dispatch medians, not frame latency; no output-equality claim",ViT,valid,59.259843,-27.980625999999997,baseline_group_reused
b037.expand,37,O107;O108,D141,ours.1080.b037.expand.0;ours.1080.b037.expand.1,daniel.native1080.b037.expand.0,vit_pack_input + vit_expand_blocked_fp8_frag_bytein,_Z9k_expand2ILi1ELb1ELb0EEv12ExpandParams,"[{""channels"": 1024, ""matrix_k"": 1024, ""matrix_n"": 4096, ""token_grid_h"": 20, ""token_grid_w"": 32, ""tokens"": 640, ""valid_h"": 20, ""valid_w"": 32, ""vit_padded_tokens"": 640, ""vit_valid_tokens"": 640}, {""channels"": 1024, ""matrix_k"": 1024, ""matrix_n"": 4096, ""token_grid_h"": 20, ""token_grid_w"": 32, ""tokens"": 640, ""valid_h"": 20, ""valid_w"": 32, ""vit_padded_tokens"": 640, ""vit_valid_tokens"": 640}]","[{""channels"": 1024, ""matrix_k"": 1024, ""matrix_n"": 4096, ""token_grid_h"": 20, ""token_grid_w"": 32, ""tokens"": 640, ""valid_h"": 20, ""valid_w"": 32, ""vit_padded_tokens"": 640, ""vit_valid_tokens"": 640}]",2,1,same_valid_shape_check_work_abi,1.0,"{""37"": 1.0}",,time both at recorded shape; retain own grid and mathematical path,33.351251000000005,34.138437,-0.7871859999999984,1,valid,"all listed kernels form one indivisible comparison group; sum per-dispatch medians, not frame latency; no output-equality claim",ViT,valid,34.138437,-0.7871859999999984,baseline_group_reused
b037.projection,37,O112,D145,ours.1080.b037.projection.0,daniel.native1080.b037.projection.0,vit_stream_project_n64_bh,_Z12k_reg1d_convILi1ELb0ELb0EEv12ConvParams1d,"[{""channels"": 1024, ""matrix_k"": 1024, ""matrix_n"": 1024, ""token_grid_h"": 20, ""token_grid_w"": 32, ""tokens"": 640, ""valid_h"": 20, ""valid_w"": 32, ""vit_padded_tokens"": 640, ""vit_valid_tokens"": 640}]","[{""channels"": 1024, ""matrix_k"": 1024, ""matrix_n"": 1024, ""token_grid_h"": 20, ""token_grid_w"": 32, ""tokens"": 640, ""valid_h"": 20, ""valid_w"": 32, ""vit_padded_tokens"": 640, ""vit_valid_tokens"": 640}]",1,1,same_valid_shape_check_work_abi,1.0,"{""37"": 1.0}",,time both at recorded shape; retain own grid and mathematical path,11.250469,39.744373,-28.493904,1,valid,"all listed kernels form one indivisible comparison group; sum per-dispatch medians, not frame latency; no output-equality claim",ViT,valid,39.744373,-28.493904,baseline_group_reused
b037.qkv,37,O110,D143,ours.1080.b037.qkv.0,daniel.native1080.b037.qkv.0,vit_stream_qkv_frag_hin,_Z11k_reg1d_qkvILb0ELb0EEv14Reg1dQkvParams,"[{""channels"": 1024, ""matrix_k"": 1024, ""matrix_n"": 3072, ""token_grid_h"": 20, ""token_grid_w"": 32, ""tokens"": 640, ""valid_h"": 20, ""valid_w"": 32, ""vit_padded_tokens"": 640, ""vit_valid_tokens"": 640}]","[{""channels"": 1024, ""matrix_k"": 1024, ""matrix_n"": 3072, ""token_grid_h"": 20, ""token_grid_w"": 32, ""tokens"": 640, ""valid_h"": 20, ""valid_w"": 32, ""vit_padded_tokens"": 640, ""vit_valid_tokens"": 640}]",1,1,same_valid_shape_check_work_abi,1.0,"{""37"": 1.0}",,time both at recorded shape; retain own grid and mathematical path,48.766252,31.948127,16.818125000000002,1,valid,"all listed kernels form one indivisible comparison group; sum per-dispatch medians, not frame latency; no output-equality claim",ViT,valid,31.948127,16.818125000000002,baseline_group_reused
b038.attention,38,O117,D149,ours.1080.b038.attention.0,daniel.native1080.b038.attention.0,vit_attention_fused_640_bytein_bout,_Z12k_reg1d_attnILi1ELb0EEv15Reg1dAttnParams,"[{""channels"": 1024, ""head_channels"": 32, ""heads"": 32, ""keys"": 640, ""token_grid_h"": 20, ""token_grid_w"": 32, ""tokens"": 640, ""valid_h"": 20, ""valid_w"": 32, ""vit_padded_tokens"": 640, ""vit_valid_tokens"": 640}]","[{""channels"": 1024, ""head_channels"": 32, ""heads"": 32, ""keys"": 640, ""token_grid_h"": 20, ""token_grid_w"": 32, ""tokens"": 640, ""valid_h"": 20, ""valid_w"": 32, ""vit_padded_tokens"": 640, ""vit_valid_tokens"": 640}]",1,1,same_valid_shape_check_work_abi,1.0,"{""38"": 1.0}",,time both at recorded shape; retain own grid and mathematical path,71.308278,22.767968,48.540310000000005,1,valid,"all listed kernels form one indivisible comparison group; sum per-dispatch medians, not frame latency; no output-equality claim",ViT,valid,22.767968,48.540310000000005,partially_refreshed_group
b038.contract,38,O115,D147,ours.1080.b038.contract.0,daniel.native1080.b038.contract.0,vit_stream_contract_frag_hout,_Z12k_reg1d_convILi1ELb0ELb0EEv12ConvParams1d,"[{""channels"": 1024, ""matrix_k"": 4096, ""matrix_n"": 1024, ""token_grid_h"": 20, ""token_grid_w"": 32, ""tokens"": 640, ""valid_h"": 20, ""valid_w"": 32, ""vit_padded_tokens"": 640, ""vit_valid_tokens"": 640}]","[{""channels"": 1024, ""matrix_k"": 4096, ""matrix_n"": 1024, ""token_grid_h"": 20, ""token_grid_w"": 32, ""tokens"": 640, ""valid_h"": 20, ""valid_w"": 32, ""vit_padded_tokens"": 640, ""vit_valid_tokens"": 640}]",1,1,same_valid_shape_check_work_abi,1.0,"{""38"": 1.0}",,time both at recorded shape; retain own grid and mathematical path,31.326875,60.744844,-29.417969,1,valid,"all listed kernels form one indivisible comparison group; sum per-dispatch medians, not frame latency; no output-equality claim",ViT,valid,60.744844,-29.417969,baseline_group_reused
b038.expand,38,O113;O114,D146,ours.1080.b038.expand.0;ours.1080.b038.expand.1,daniel.native1080.b038.expand.0,vit_pack_input + vit_expand_blocked_fp8_frag_bytein,_Z9k_expand2ILi1ELb1ELb0EEv12ExpandParams,"[{""channels"": 1024, ""matrix_k"": 1024, ""matrix_n"": 4096, ""token_grid_h"": 20, ""token_grid_w"": 32, ""tokens"": 640, ""valid_h"": 20, ""valid_w"": 32, ""vit_padded_tokens"": 640, ""vit_valid_tokens"": 640}, {""channels"": 1024, ""matrix_k"": 1024, ""matrix_n"": 4096, ""token_grid_h"": 20, ""token_grid_w"": 32, ""tokens"": 640, ""valid_h"": 20, ""valid_w"": 32, ""vit_padded_tokens"": 640, ""vit_valid_tokens"": 640}]","[{""channels"": 1024, ""matrix_k"": 1024, ""matrix_n"": 4096, ""token_grid_h"": 20, ""token_grid_w"": 32, ""tokens"": 640, ""valid_h"": 20, ""valid_w"": 32, ""vit_padded_tokens"": 640, ""vit_valid_tokens"": 640}]",2,1,same_valid_shape_check_work_abi,1.0,"{""38"": 1.0}",,time both at recorded shape; retain own grid and mathematical path,33.411407,34.132499,-0.7210920000000058,1,valid,"all listed kernels form one indivisible comparison group; sum per-dispatch medians, not frame latency; no output-equality claim",ViT,valid,34.132499,-0.7210920000000058,baseline_group_reused
b038.projection,38,O118,D150,ours.1080.b038.projection.0,daniel.native1080.b038.projection.0,vit_stream_project_n64_bh,_Z12k_reg1d_convILi1ELb0ELb0EEv12ConvParams1d,"[{""channels"": 1024, ""matrix_k"": 1024, ""matrix_n"": 1024, ""token_grid_h"": 20, ""token_grid_w"": 32, ""tokens"": 640, ""valid_h"": 20, ""valid_w"": 32, ""vit_padded_tokens"": 640, ""vit_valid_tokens"": 640}]","[{""channels"": 1024, ""matrix_k"": 1024, ""matrix_n"": 1024, ""token_grid_h"": 20, ""token_grid_w"": 32, ""tokens"": 640, ""valid_h"": 20, ""valid_w"": 32, ""vit_padded_tokens"": 640, ""vit_valid_tokens"": 640}]",1,1,same_valid_shape_check_work_abi,1.0,"{""38"": 1.0}",,time both at recorded shape; retain own grid and mathematical path,11.22375,37.310939,-26.087188999999995,1,valid,"all listed kernels form one indivisible comparison group; sum per-dispatch medians, not frame latency; no output-equality claim",ViT,valid,37.310939,-26.087188999999995,baseline_group_reused
b038.qkv,38,O116,D148,ours.1080.b038.qkv.0,daniel.native1080.b038.qkv.0,vit_stream_qkv_frag_hin,_Z11k_reg1d_qkvILb0ELb0EEv14Reg1dQkvParams,"[{""channels"": 1024, ""matrix_k"": 1024, ""matrix_n"": 3072, ""token_grid_h"": 20, ""token_grid_w"": 32, ""tokens"": 640, ""valid_h"": 20, ""valid_w"": 32, ""vit_padded_tokens"": 640, ""vit_valid_tokens"": 640}]","[{""channels"": 1024, ""matrix_k"": 1024, ""matrix_n"": 3072, ""token_grid_h"": 20, ""token_grid_w"": 32, ""tokens"": 640, ""valid_h"": 20, ""valid_w"": 32, ""vit_padded_tokens"": 640, ""vit_valid_tokens"": 640}]",1,1,same_valid_shape_check_work_abi,1.0,"{""38"": 1.0}",,time both at recorded shape; retain own grid and mathematical path,48.746251,32.043125,16.703125999999997,1,valid,"all listed kernels form one indivisible comparison group; sum per-dispatch medians, not frame latency; no output-equality claim",ViT,valid,32.043125,16.703125999999997,baseline_group_reused
vit.exit,38,O119,D152,ours.1080.b038.exit_gather.0,daniel.native1080.b038.exit_gather.0,vit_gather,_Z8k_repack12RepackParams,"[{""channels"": 1024, ""token_grid_h"": 20, ""token_grid_w"": 32, ""tokens"": 640, ""valid_h"": 20, ""valid_w"": 32, ""vit_padded_tokens"": 640, ""vit_valid_tokens"": 640}]","[{""channels"": 1024, ""token_grid_h"": 20, ""token_grid_w"": 32, ""tokens"": 640, ""valid_h"": 20, ""valid_w"": 32, ""vit_padded_tokens"": 640, ""vit_valid_tokens"": 640}]",1,1,same_valid_shape_check_work_abi,1.0,"{""38"": 1.0}",,time both at recorded shape; retain own grid and mathematical path,5.817812,9.807032,-3.9892199999999995,1,valid,"all listed kernels form one indivisible comparison group; sum per-dispatch medians, not frame latency; no output-equality claim",ViT_repack,valid,9.807032,-3.9892199999999995,baseline_group_reused
b039.up,39,O120,D154,ours.1080.b039.up.0,daniel.native1080.b039.up.0,decoder_project2x_h16w,_Z11k_reg_decupILb0EEv14DecUpRegParams,"[{""channels"": 512, ""input_channels"": 1024, ""input_grid_h"": 20, ""input_grid_w"": 32, ""output_channels"": 512, ""output_grid_h"": 36, ""output_grid_w"": 60, ""valid_h"": 36, ""valid_w"": 60}]","[{""channels"": 512, ""input_channels"": 1024, ""input_grid_h"": 20, ""input_grid_w"": 32, ""output_channels"": 512, ""output_grid_h"": 36, ""output_grid_w"": 60, ""valid_h"": 36, ""valid_w"": 60}]",1,1,same_valid_shape_check_work_abi,1.0,"{""39"": 1.0}",,time both at recorded shape; retain own grid and mathematical path,24.682343,9.914063,14.768279999999999,1,valid,"all listed kernels form one indivisible comparison group; sum per-dispatch medians, not frame latency; no output-equality claim",decoder39,valid,9.914063,14.768279999999999,baseline_group_reused
b040.attention_projection,40,O125,D082,ours.1080.b040.attention_projection.0,daniel.native1080.b040.attention_projection.0,mh_attention_project_frag_c512,_Z14k_reg_vit_convILi2ELi0ELb0EEv13VitConvParams,"[{""attention_work_h"": 40, ""attention_work_w"": 64, ""channels"": 512, ""ffn_grouped_channels"": 64, ""pointwise_tokens"": 2160, ""shift_x"": 0, ""shift_y"": 0, ""valid_h"": 36, ""valid_w"": 60}]","[{""channels"": 512, ""ffn_grouped_channels"": 64, ""pointwise_tokens"": 2160, ""valid_h"": 36, ""valid_w"": 60}]",1,1,same_valid_shape_check_work_abi,1.0,"{""40"": 1.0}",,time both at recorded shape; retain own grid and mathematical path,21.716874,12.346094,9.37078,1,valid,"all listed kernels form one indivisible comparison group; sum per-dispatch medians, not frame latency; no output-equality claim",C512,valid,12.346094,9.37078,baseline_group_reused
b040.ffn_projection,40,O123,D080,ours.1080.b040.ffn_projection.0,daniel.native1080.b040.ffn_projection.0,split_projection_frag,_Z14k_reg_vit_convILi2ELi0ELb0EEv13VitConvParams,"[{""attention_work_h"": 40, ""attention_work_w"": 64, ""channels"": 512, ""ffn_grouped_channels"": 64, ""pointwise_tokens"": 2160, ""shift_x"": 0, ""shift_y"": 0, ""valid_h"": 36, ""valid_w"": 60}]","[{""channels"": 512, ""ffn_grouped_channels"": 64, ""pointwise_tokens"": 2160, ""valid_h"": 36, ""valid_w"": 60}]",1,1,same_valid_shape_check_work_abi,1.0,"{""40"": 1.0}",,time both at recorded shape; retain own grid and mathematical path,15.96297,12.642968,3.3200020000000006,1,valid,"all listed kernels form one indivisible comparison group; sum per-dispatch medians, not frame latency; no output-equality claim",C512,valid,12.642968,3.3200020000000006,baseline_group_reused
b040.ffwd,40,O121;O122,D079,ours.1080.b040.ffwd.0;ours.1080.b040.ffwd.1,daniel.native1080.b040.ffwd.0,split_mix_blocked_h16w_m32 + split_ffn_fused_fp8_t8,_Z14k_reg_vit_ffwdILi2ELb0ELb0EEv13VitFfwdParams,"[{""attention_work_h"": 40, ""attention_work_w"": 64, ""channels"": 512, ""ffn_grouped_channels"": 64, ""pointwise_tokens"": 2160, ""shift_x"": 0, ""shift_y"": 0, ""valid_h"": 36, ""valid_w"": 60}, {""attention_work_h"": 40, ""attention_work_w"": 64, ""channels"": 512, ""ffn_grouped_channels"": 64, ""pointwise_tokens"": 2160, ""shift_x"": 0, ""shift_y"": 0, ""valid_h"": 36, ""valid_w"": 60}]","[{""channels"": 512, ""ffn_grouped_channels"": 64, ""pointwise_tokens"": 2160, ""valid_h"": 36, ""valid_w"": 60}]",2,1,same_valid_shape_check_work_abi,1.0,"{""40"": 1.0}",,time both at recorded shape; retain own grid and mathematical path,38.534688,36.057189,2.4774990000000017,1,valid,"all listed kernels form one indivisible comparison group; sum per-dispatch medians, not frame latency; no output-equality claim",C512,valid,36.057189,2.4774990000000017,baseline_group_reused
b040.qkv_attention,40,O124,D081,ours.1080.b040.qkv_attention.0,daniel.native1080.b040.qkv_attention.0,c512_qkv_attention_compact,_Z15k_reg_vit_attn3ILb0EEv10AttnParams,"[{""attention_heads"": 16, ""attention_work_h"": 40, ""attention_work_w"": 64, ""channels"": 512, ""ffn_grouped_channels"": 64, ""keys_per_window"": 64, ""pointwise_tokens"": 2160, ""shift_x"": 0, ""shift_y"": 0, ""valid_h"": 36, ""valid_w"": 60, ""window_h"": 8, ""window_w"": 8}]","[{""attention_heads"": 16, ""channels"": 512, ""ffn_grouped_channels"": 64, ""keys_per_window"": 64, ""pointwise_tokens"": 2160, ""valid_h"": 36, ""valid_w"": 60, ""window_h"": 8, ""window_w"": 8}]",1,1,same_valid_shape_check_work_abi,1.0,"{""40"": 1.0}",,time both at recorded shape; retain own grid and mathematical path,54.795783,51.858123,2.937660000000001,1,valid,"all listed kernels form one indivisible comparison group; sum per-dispatch medians, not frame latency; no output-equality claim",C512,valid,51.858123,2.937660000000001,baseline_group_reused
b041.attention_projection,41,O130,D086,ours.1080.b041.attention_projection.0,daniel.native1080.b041.attention_projection.0,mh_attention_project_frag_c512,_Z14k_reg_vit_convILi2ELi0ELb0EEv13VitConvParams,"[{""attention_work_h"": 40, ""attention_work_w"": 64, ""channels"": 512, ""ffn_grouped_channels"": 64, ""pointwise_tokens"": 2160, ""shift_x"": -4, ""shift_y"": -4, ""valid_h"": 36, ""valid_w"": 60}]","[{""channels"": 512, ""ffn_grouped_channels"": 64, ""pointwise_tokens"": 2160, ""valid_h"": 36, ""valid_w"": 60}]",1,1,same_valid_shape_check_work_abi,1.0,"{""41"": 1.0}",,time both at recorded shape; retain own grid and mathematical path,22.470625,12.705469,9.765155999999998,1,valid,"all listed kernels form one indivisible comparison group; sum per-dispatch medians, not frame latency; no output-equality claim",C512,valid,12.705469,9.765155999999998,baseline_group_reused
b041.ffn_projection,41,O128,D084,ours.1080.b041.ffn_projection.0,daniel.native1080.b041.ffn_projection.0,split_projection_frag,_Z14k_reg_vit_convILi2ELi0ELb0EEv13VitConvParams,"[{""attention_work_h"": 40, ""attention_work_w"": 64, ""channels"": 512, ""ffn_grouped_channels"": 64, ""pointwise_tokens"": 2160, ""shift_x"": -4, ""shift_y"": -4, ""valid_h"": 36, ""valid_w"": 60}]","[{""channels"": 512, ""ffn_grouped_channels"": 64, ""pointwise_tokens"": 2160, ""valid_h"": 36, ""valid_w"": 60}]",1,1,same_valid_shape_check_work_abi,1.0,"{""41"": 1.0}",,time both at recorded shape; retain own grid and mathematical path,15.858905,12.459531,3.399374,1,valid,"all listed kernels form one indivisible comparison group; sum per-dispatch medians, not frame latency; no output-equality claim",C512,valid,12.459531,3.399374,baseline_group_reused
b041.ffwd,41,O126;O127,D083,ours.1080.b041.ffwd.0;ours.1080.b041.ffwd.1,daniel.native1080.b041.ffwd.0,split_mix_blocked_h16w_m32 + split_ffn_fused_fp8_t8,_Z14k_reg_vit_ffwdILi2ELb0ELb0EEv13VitFfwdParams,"[{""attention_work_h"": 40, ""attention_work_w"": 64, ""channels"": 512, ""ffn_grouped_channels"": 64, ""pointwise_tokens"": 2160, ""shift_x"": -4, ""shift_y"": -4, ""valid_h"": 36, ""valid_w"": 60}, {""attention_work_h"": 40, ""attention_work_w"": 64, ""channels"": 512, ""ffn_grouped_channels"": 64, ""pointwise_tokens"": 2160, ""shift_x"": -4, ""shift_y"": -4, ""valid_h"": 36, ""valid_w"": 60}]","[{""channels"": 512, ""ffn_grouped_channels"": 64, ""pointwise_tokens"": 2160, ""valid_h"": 36, ""valid_w"": 60}]",2,1,same_valid_shape_check_work_abi,1.0,"{""41"": 1.0}",,time both at recorded shape; retain own grid and mathematical path,37.958751,34.011874,3.9468770000000006,1,valid,"all listed kernels form one indivisible comparison group; sum per-dispatch medians, not frame latency; no output-equality claim",C512,valid,34.011874,3.9468770000000006,baseline_group_reused
b041.qkv_attention,41,O129,D085,ours.1080.b041.qkv_attention.0,daniel.native1080.b041.qkv_attention.0,c512_qkv_attention_compact,_Z15k_reg_vit_attn3ILb0EEv10AttnParams,"[{""attention_heads"": 16, ""attention_work_h"": 40, ""attention_work_w"": 64, ""channels"": 512, ""ffn_grouped_channels"": 64, ""keys_per_window"": 64, ""pointwise_tokens"": 2160, ""shift_x"": -4, ""shift_y"": -4, ""valid_h"": 36, ""valid_w"": 60, ""window_h"": 8, ""window_w"": 8}]","[{""attention_heads"": 16, ""channels"": 512, ""ffn_grouped_channels"": 64, ""keys_per_window"": 64, ""pointwise_tokens"": 2160, ""valid_h"": 36, ""valid_w"": 60, ""window_h"": 8, ""window_w"": 8}]",1,1,same_valid_shape_check_work_abi,1.0,"{""41"": 1.0}",,time both at recorded shape; retain own grid and mathematical path,54.659374,53.76875,0.8906240000000025,1,valid,"all listed kernels form one indivisible comparison group; sum per-dispatch medians, not frame latency; no output-equality claim",C512,valid,53.76875,0.8906240000000025,baseline_group_reused
b042.attention_projection,42,,D090,,daniel.native1080.b042.attention_projection.0,,_Z14k_reg_vit_convILi2ELi0ELb0EEv13VitConvParams,[],"[{""channels"": 512, ""ffn_grouped_channels"": 64, ""pointwise_tokens"": 2160, ""valid_h"": 36, ""valid_w"": 60}]",0,1,skip_difference_exclude_implementation_rank,1.0,"{""42"": 1.0}",,time both at recorded shape; retain own grid and mathematical path,0,12.653125,-12.653125,0,valid,"all listed kernels form one indivisible comparison group; sum per-dispatch medians, not frame latency; no output-equality claim",C512_skipped,valid,12.653125,-12.653125,baseline_group_reused
b042.ffn_projection,42,,D088,,daniel.native1080.b042.ffn_projection.0,,_Z14k_reg_vit_convILi2ELi0ELb0EEv13VitConvParams,[],"[{""channels"": 512, ""ffn_grouped_channels"": 64, ""pointwise_tokens"": 2160, ""valid_h"": 36, ""valid_w"": 60}]",0,1,skip_difference_exclude_implementation_rank,1.0,"{""42"": 1.0}",,time both at recorded shape; retain own grid and mathematical path,0,11.675312,-11.675312,0,valid,"all listed kernels form one indivisible comparison group; sum per-dispatch medians, not frame latency; no output-equality claim",C512_skipped,valid,11.675312,-11.675312,baseline_group_reused
b042.ffwd,42,,D087,,daniel.native1080.b042.ffwd.0,,_Z14k_reg_vit_ffwdILi2ELb0ELb0EEv13VitFfwdParams,[],"[{""channels"": 512, ""ffn_grouped_channels"": 64, ""pointwise_tokens"": 2160, ""valid_h"": 36, ""valid_w"": 60}]",0,1,skip_difference_exclude_implementation_rank,1.0,"{""42"": 1.0}",,time both at recorded shape; retain own grid and mathematical path,0,35.194844,-35.194844,0,valid,"all listed kernels form one indivisible comparison group; sum per-dispatch medians, not frame latency; no output-equality claim",C512_skipped,valid,35.194844,-35.194844,baseline_group_reused
b042.qkv_attention,42,,D089,,daniel.native1080.b042.qkv_attention.0,,_Z15k_reg_vit_attn3ILb0EEv10AttnParams,[],"[{""attention_heads"": 16, ""channels"": 512, ""ffn_grouped_channels"": 64, ""keys_per_window"": 64, ""pointwise_tokens"": 2160, ""valid_h"": 36, ""valid_w"": 60, ""window_h"": 8, ""window_w"": 8}]",0,1,skip_difference_exclude_implementation_rank,1.0,"{""42"": 1.0}",,time both at recorded shape; retain own grid and mathematical path,0,53.804219,-53.804219,0,valid,"all listed kernels form one indivisible comparison group; sum per-dispatch medians, not frame latency; no output-equality claim",C512_skipped,valid,53.804219,-53.804219,baseline_group_reused
b043.attention_projection,43,,D094,,daniel.native1080.b043.attention_projection.0,,_Z14k_reg_vit_convILi2ELi0ELb0EEv13VitConvParams,[],"[{""channels"": 512, ""ffn_grouped_channels"": 64, ""pointwise_tokens"": 2160, ""valid_h"": 36, ""valid_w"": 60}]",0,1,skip_difference_exclude_implementation_rank,1.0,"{""43"": 1.0}",,time both at recorded shape; retain own grid and mathematical path,0,12.717969,-12.717969,0,valid,"all listed kernels form one indivisible comparison group; sum per-dispatch medians, not frame latency; no output-equality claim",C512_skipped,valid,12.717969,-12.717969,baseline_group_reused
b043.ffn_projection,43,,D092,,daniel.native1080.b043.ffn_projection.0,,_Z14k_reg_vit_convILi2ELi0ELb0EEv13VitConvParams,[],"[{""channels"": 512, ""ffn_grouped_channels"": 64, ""pointwise_tokens"": 2160, ""valid_h"": 36, ""valid_w"": 60}]",0,1,skip_difference_exclude_implementation_rank,1.0,"{""43"": 1.0}",,time both at recorded shape; retain own grid and mathematical path,0,12.688594,-12.688594,0,valid,"all listed kernels form one indivisible comparison group; sum per-dispatch medians, not frame latency; no output-equality claim",C512_skipped,valid,12.688594,-12.688594,baseline_group_reused
b043.ffwd,43,,D091,,daniel.native1080.b043.ffwd.0,,_Z14k_reg_vit_ffwdILi2ELb0ELb0EEv13VitFfwdParams,[],"[{""channels"": 512, ""ffn_grouped_channels"": 64, ""pointwise_tokens"": 2160, ""valid_h"": 36, ""valid_w"": 60}]",0,1,skip_difference_exclude_implementation_rank,1.0,"{""43"": 1.0}",,time both at recorded shape; retain own grid and mathematical path,0,34.509845,-34.509845,0,valid,"all listed kernels form one indivisible comparison group; sum per-dispatch medians, not frame latency; no output-equality claim",C512_skipped,valid,34.509845,-34.509845,baseline_group_reused
b043.qkv_attention,43,,D093,,daniel.native1080.b043.qkv_attention.0,,_Z15k_reg_vit_attn3ILb0EEv10AttnParams,[],"[{""attention_heads"": 16, ""channels"": 512, ""ffn_grouped_channels"": 64, ""keys_per_window"": 64, ""pointwise_tokens"": 2160, ""valid_h"": 36, ""valid_w"": 60, ""window_h"": 8, ""window_w"": 8}]",0,1,skip_difference_exclude_implementation_rank,1.0,"{""43"": 1.0}",,time both at recorded shape; retain own grid and mathematical path,0,51.840626,-51.840626,0,valid,"all listed kernels form one indivisible comparison group; sum per-dispatch medians, not frame latency; no output-equality claim",C512_skipped,valid,51.840626,-51.840626,baseline_group_reused
b044.attention_projection,44,O135,D098,ours.1080.b044.attention_projection.0,daniel.native1080.b044.attention_projection.0,mh_attention_project_frag_c512,_Z14k_reg_vit_convILi2ELi0ELb0EEv13VitConvParams,"[{""attention_work_h"": 40, ""attention_work_w"": 64, ""channels"": 512, ""ffn_grouped_channels"": 64, ""pointwise_tokens"": 2160, ""shift_x"": 0, ""shift_y"": 0, ""valid_h"": 36, ""valid_w"": 60}]","[{""channels"": 512, ""ffn_grouped_channels"": 64, ""pointwise_tokens"": 2160, ""valid_h"": 36, ""valid_w"": 60}]",1,1,same_valid_shape_check_work_abi,1.0,"{""44"": 1.0}",,time both at recorded shape; retain own grid and mathematical path,21.638906,12.80875,8.830155999999999,1,valid,"all listed kernels form one indivisible comparison group; sum per-dispatch medians, not frame latency; no output-equality claim",C512,valid,12.80875,8.830155999999999,baseline_group_reused
b044.ffn_projection,44,O133,D096,ours.1080.b044.ffn_projection.0,daniel.native1080.b044.ffn_projection.0,split_projection_frag,_Z14k_reg_vit_convILi2ELi0ELb0EEv13VitConvParams,"[{""attention_work_h"": 40, ""attention_work_w"": 64, ""channels"": 512, ""ffn_grouped_channels"": 64, ""pointwise_tokens"": 2160, ""shift_x"": 0, ""shift_y"": 0, ""valid_h"": 36, ""valid_w"": 60}]","[{""channels"": 512, ""ffn_grouped_channels"": 64, ""pointwise_tokens"": 2160, ""valid_h"": 36, ""valid_w"": 60}]",1,1,same_valid_shape_check_work_abi,1.0,"{""44"": 1.0}",,time both at recorded shape; retain own grid and mathematical path,19.975156,12.676562,7.298593999999998,1,valid,"all listed kernels form one indivisible comparison group; sum per-dispatch medians, not frame latency; no output-equality claim",C512,valid,12.676562,7.298593999999998,baseline_group_reused
b044.ffwd,44,O131;O132,D095,ours.1080.b044.ffwd.0;ours.1080.b044.ffwd.1,daniel.native1080.b044.ffwd.0,split_mix_blocked_h16w_m32 + split_ffn_fused_fp8_t8,_Z14k_reg_vit_ffwdILi2ELb0ELb0EEv13VitFfwdParams,"[{""attention_work_h"": 40, ""attention_work_w"": 64, ""channels"": 512, ""ffn_grouped_channels"": 64, ""pointwise_tokens"": 2160, ""shift_x"": 0, ""shift_y"": 0, ""valid_h"": 36, ""valid_w"": 60}, {""attention_work_h"": 40, ""attention_work_w"": 64, ""channels"": 512, ""ffn_grouped_channels"": 64, ""pointwise_tokens"": 2160, ""shift_x"": 0, ""shift_y"": 0, ""valid_h"": 36, ""valid_w"": 60}]","[{""channels"": 512, ""ffn_grouped_channels"": 64, ""pointwise_tokens"": 2160, ""valid_h"": 36, ""valid_w"": 60}]",2,1,same_valid_shape_check_work_abi,1.0,"{""44"": 1.0}",,time both at recorded shape; retain own grid and mathematical path,39.673125,34.352187,5.320937999999998,1,valid,"all listed kernels form one indivisible comparison group; sum per-dispatch medians, not frame latency; no output-equality claim",C512,valid,34.352187,5.320937999999998,baseline_group_reused
b044.qkv_attention,44,O134,D097,ours.1080.b044.qkv_attention.0,daniel.native1080.b044.qkv_attention.0,c512_qkv_attention_compact,_Z15k_reg_vit_attn3ILb0EEv10AttnParams,"[{""attention_heads"": 16, ""attention_work_h"": 40, ""attention_work_w"": 64, ""channels"": 512, ""ffn_grouped_channels"": 64, ""keys_per_window"": 64, ""pointwise_tokens"": 2160, ""shift_x"": 0, ""shift_y"": 0, ""valid_h"": 36, ""valid_w"": 60, ""window_h"": 8, ""window_w"": 8}]","[{""attention_heads"": 16, ""channels"": 512, ""ffn_grouped_channels"": 64, ""keys_per_window"": 64, ""pointwise_tokens"": 2160, ""valid_h"": 36, ""valid_w"": 60, ""window_h"": 8, ""window_w"": 8}]",1,1,same_valid_shape_check_work_abi,1.0,"{""44"": 1.0}",,time both at recorded shape; retain own grid and mathematical path,54.612342,53.113438,1.498903999999996,1,valid,"all listed kernels form one indivisible comparison group; sum per-dispatch medians, not frame latency; no output-equality claim",C512,valid,53.113438,1.498903999999996,baseline_group_reused
b045.attention_projection,45,O140,D102,ours.1080.b045.attention_projection.0,daniel.native1080.b045.attention_projection.0,mh_attention_project_frag_c512,_Z14k_reg_vit_convILi2ELi0ELb0EEv13VitConvParams,"[{""attention_work_h"": 40, ""attention_work_w"": 64, ""channels"": 512, ""ffn_grouped_channels"": 64, ""pointwise_tokens"": 2160, ""shift_x"": -4, ""shift_y"": -4, ""valid_h"": 36, ""valid_w"": 60}]","[{""channels"": 512, ""ffn_grouped_channels"": 64, ""pointwise_tokens"": 2160, ""valid_h"": 36, ""valid_w"": 60}]",1,1,same_valid_shape_check_work_abi,1.0,"{""45"": 1.0}",,time both at recorded shape; retain own grid and mathematical path,22.635937,12.63125,10.004686999999999,1,valid,"all listed kernels form one indivisible comparison group; sum per-dispatch medians, not frame latency; no output-equality claim",C512,valid,12.63125,10.004686999999999,baseline_group_reused
b045.ffn_projection,45,O138,D100,ours.1080.b045.ffn_projection.0,daniel.native1080.b045.ffn_projection.0,split_projection_frag,_Z14k_reg_vit_convILi2ELi0ELb0EEv13VitConvParams,"[{""attention_work_h"": 40, ""attention_work_w"": 64, ""channels"": 512, ""ffn_grouped_channels"": 64, ""pointwise_tokens"": 2160, ""shift_x"": -4, ""shift_y"": -4, ""valid_h"": 36, ""valid_w"": 60}]","[{""channels"": 512, ""ffn_grouped_channels"": 64, ""pointwise_tokens"": 2160, ""valid_h"": 36, ""valid_w"": 60}]",1,1,same_valid_shape_check_work_abi,1.0,"{""45"": 1.0}",,time both at recorded shape; retain own grid and mathematical path,15.921719,12.674531,3.2471879999999995,1,valid,"all listed kernels form one indivisible comparison group; sum per-dispatch medians, not frame latency; no output-equality claim",C512,valid,12.674531,3.2471879999999995,baseline_group_reused
b045.ffwd,45,O136;O137,D099,ours.1080.b045.ffwd.0;ours.1080.b045.ffwd.1,daniel.native1080.b045.ffwd.0,split_mix_blocked_h16w_m32 + split_ffn_fused_fp8_t8,_Z14k_reg_vit_ffwdILi2ELb0ELb0EEv13VitFfwdParams,"[{""attention_work_h"": 40, ""attention_work_w"": 64, ""channels"": 512, ""ffn_grouped_channels"": 64, ""pointwise_tokens"": 2160, ""shift_x"": -4, ""shift_y"": -4, ""valid_h"": 36, ""valid_w"": 60}, {""attention_work_h"": 40, ""attention_work_w"": 64, ""channels"": 512, ""ffn_grouped_channels"": 64, ""pointwise_tokens"": 2160, ""shift_x"": -4, ""shift_y"": -4, ""valid_h"": 36, ""valid_w"": 60}]","[{""channels"": 512, ""ffn_grouped_channels"": 64, ""pointwise_tokens"": 2160, ""valid_h"": 36, ""valid_w"": 60}]",2,1,same_valid_shape_check_work_abi,1.0,"{""45"": 1.0}",,time both at recorded shape; retain own grid and mathematical path,39.8925,35.808437,4.084063,1,valid,"all listed kernels form one indivisible comparison group; sum per-dispatch medians, not frame latency; no output-equality claim",C512,valid,35.808437,4.084063,baseline_group_reused
b045.qkv_attention,45,O139,D101,ours.1080.b045.qkv_attention.0,daniel.native1080.b045.qkv_attention.0,c512_qkv_attention_compact,_Z15k_reg_vit_attn3ILb0EEv10AttnParams,"[{""attention_heads"": 16, ""attention_work_h"": 40, ""attention_work_w"": 64, ""channels"": 512, ""ffn_grouped_channels"": 64, ""keys_per_window"": 64, ""pointwise_tokens"": 2160, ""shift_x"": -4, ""shift_y"": -4, ""valid_h"": 36, ""valid_w"": 60, ""window_h"": 8, ""window_w"": 8}]","[{""attention_heads"": 16, ""channels"": 512, ""ffn_grouped_channels"": 64, ""keys_per_window"": 64, ""pointwise_tokens"": 2160, ""valid_h"": 36, ""valid_w"": 60, ""window_h"": 8, ""window_w"": 8}]",1,1,same_valid_shape_check_work_abi,1.0,"{""45"": 1.0}",,time both at recorded shape; retain own grid and mathematical path,53.874217,52.405313,1.468904000000002,1,valid,"all listed kernels form one indivisible comparison group; sum per-dispatch medians, not frame latency; no output-equality claim",C512,valid,52.405313,1.468904000000002,baseline_group_reused
b046.attention_projection,46,,D106,,daniel.native1080.b046.attention_projection.0,,_Z14k_reg_vit_convILi2ELi0ELb0EEv13VitConvParams,[],"[{""channels"": 512, ""ffn_grouped_channels"": 64, ""pointwise_tokens"": 2160, ""valid_h"": 36, ""valid_w"": 60}]",0,1,skip_difference_exclude_implementation_rank,1.0,"{""46"": 1.0}",,time both at recorded shape; retain own grid and mathematical path,0,12.67375,-12.67375,0,valid,"all listed kernels form one indivisible comparison group; sum per-dispatch medians, not frame latency; no output-equality claim",C512_skipped,valid,12.67375,-12.67375,baseline_group_reused
b046.ffn_projection,46,,D104,,daniel.native1080.b046.ffn_projection.0,,_Z14k_reg_vit_convILi2ELi0ELb0EEv13VitConvParams,[],"[{""channels"": 512, ""ffn_grouped_channels"": 64, ""pointwise_tokens"": 2160, ""valid_h"": 36, ""valid_w"": 60}]",0,1,skip_difference_exclude_implementation_rank,1.0,"{""46"": 1.0}",,time both at recorded shape; retain own grid and mathematical path,0,12.80625,-12.80625,0,valid,"all listed kernels form one indivisible comparison group; sum per-dispatch medians, not frame latency; no output-equality claim",C512_skipped,valid,12.80625,-12.80625,baseline_group_reused
b046.ffwd,46,,D103,,daniel.native1080.b046.ffwd.0,,_Z14k_reg_vit_ffwdILi2ELb0ELb0EEv13VitFfwdParams,[],"[{""channels"": 512, ""ffn_grouped_channels"": 64, ""pointwise_tokens"": 2160, ""valid_h"": 36, ""valid_w"": 60}]",0,1,skip_difference_exclude_implementation_rank,1.0,"{""46"": 1.0}",,time both at recorded shape; retain own grid and mathematical path,0,35.229217,-35.229217,0,valid,"all listed kernels form one indivisible comparison group; sum per-dispatch medians, not frame latency; no output-equality claim",C512_skipped,valid,35.229217,-35.229217,baseline_group_reused
b046.qkv_attention,46,,D105,,daniel.native1080.b046.qkv_attention.0,,_Z15k_reg_vit_attn3ILb0EEv10AttnParams,[],"[{""attention_heads"": 16, ""channels"": 512, ""ffn_grouped_channels"": 64, ""keys_per_window"": 64, ""pointwise_tokens"": 2160, ""valid_h"": 36, ""valid_w"": 60, ""window_h"": 8, ""window_w"": 8}]",0,1,skip_difference_exclude_implementation_rank,1.0,"{""46"": 1.0}",,time both at recorded shape; retain own grid and mathematical path,0,51.572654,-51.572654,0,valid,"all listed kernels form one indivisible comparison group; sum per-dispatch medians, not frame latency; no output-equality claim",C512_skipped,valid,51.572654,-51.572654,baseline_group_reused
b047-048.boundary,47;48,O141;O142;O143;O144;O145;O146;O147,D037;D107;D108;D109;D110,ours.1080.b047.ffwd.0;ours.1080.b047.ffwd.1;ours.1080.b047.ffn_projection.0;ours.1080.b047.qkv_attention.0;ours.1080.b047.attention_projection.0;ours.1080.b048.up.0;ours.1080.b048.core.0,daniel.native1080.b048.core.0;daniel.native1080.b047.ffwd.0;daniel.native1080.b047.ffn_projection.0;daniel.native1080.b047.qkv_attention.0;daniel.native1080.b047.attention_projection.0,split_mix_blocked_h16w_m32 + split_ffn_fused_fp8_t8 + split_projection_frag + c512_qkv_attention_compact + mh_attention_project_frag_c512 + decoder_project2x_h16w_byteout + c256_wave2_bi_bo,_Z13k_reg_swin_mhILi256ELi8ELb0EEv9VarParams + _Z14k_reg_vit_ffwdILi2ELb0ELb0EEv13VitFfwdParams + _Z14k_reg_vit_convILi2ELi0ELb0EEv13VitConvParams + _Z15k_reg_vit_attn3ILb0EEv10AttnParams + _Z14k_reg_vit_convILi2ELi2ELb0EEv13VitConvParams,"[{""attention_work_h"": 40, ""attention_work_w"": 64, ""channels"": 512, ""ffn_grouped_channels"": 64, ""pointwise_tokens"": 2160, ""shift_x"": 0, ""shift_y"": -4, ""valid_h"": 36, ""valid_w"": 60}, {""attention_work_h"": 40, ""attention_work_w"": 64, ""channels"": 512, ""ffn_grouped_channels"": 64, ""pointwise_tokens"": 2160, ""shift_x"": 0, ""shift_y"": -4, ""valid_h"": 36, ""valid_w"": 60}, {""attention_work_h"": 40, ""attention_work_w"": 64, ""channels"": 512, ""ffn_grouped_channels"": 64, ""pointwise_tokens"": 2160, ""shift_x"": 0, ""shift_y"": -4, ""valid_h"": 36, ""valid_w"": 60}, {""attention_heads"": 16, ""attention_work_h"": 40, ""attention_work_w"": 64, ""channels"": 512, ""ffn_grouped_channels"": 64, ""keys_per_window"": 64, ""pointwise_tokens"": 2160, ""shift_x"": 0, ""shift_y"": -4, ""valid_h"": 36, ""valid_w"": 60, ""window_h"": 8, ""window_w"": 8}, {""attention_work_h"": 40, ""attention_work_w"": 64, ""channels"": 512, ""ffn_grouped_channels"": 64, ""pointwise_tokens"": 2160, ""shift_x"": 0, ""shift_y"": -4, ""valid_h"": 36, ""valid_w"": 60}, {""attention_work_h"": 72, ""attention_work_w"": 120, ""channels"": 256, ""shift_x"": 0, ""shift_y"": 0, ""upstream_channels"": 512, ""upstream_h"": 36, ""upstream_w"": 60, ""valid_h"": 72, ""valid_w"": 120}, {""actual_window_count"": 135, ""attention_work_h"": 72, ""attention_work_w"": 120, ""channels"": 256, ""shift_x"": 0, ""shift_y"": 0, ""upstream_channels"": 512, ""upstream_h"": 36, ""upstream_w"": 60, ""valid_h"": 72, ""valid_w"": 120, ""window_token_capacity"": 8640}]","[{""actual_window_count"": 135, ""channels"": 256, ""host_shift_index"": 0, ""upstream_channels"": 512, ""upstream_h"": 36, ""upstream_w"": 60, ""valid_h"": 68, ""valid_w"": 120, ""window_token_capacity"": 8640}, {""channels"": 512, ""ffn_grouped_channels"": 64, ""pointwise_tokens"": 2160, ""valid_h"": 36, ""valid_w"": 60}, {""channels"": 512, ""ffn_grouped_channels"": 64, ""pointwise_tokens"": 2160, ""valid_h"": 36, ""valid_w"": 60}, {""attention_heads"": 16, ""channels"": 512, ""ffn_grouped_channels"": 64, ""keys_per_window"": 64, ""pointwise_tokens"": 2160, ""valid_h"": 36, ""valid_w"": 60, ""window_h"": 8, ""window_w"": 8}, {""channels"": 512, ""ffn_grouped_channels"": 64, ""pointwise_tokens"": 2160, ""valid_h"": 36, ""valid_w"": 60}]",7,5,native_area_estimate_only,,"{""47"": 1.0, ""48"": 1.0588235294117647}",,"native timing first; optional reconfigure Daniel per its ABI to ours shape, recompute grid; post shift still differs",230.972655,226.022342,4.950312999999994,0,valid,"all listed kernels form one indivisible comparison group; sum per-dispatch medians, not frame latency; no output-equality claim",boundary_groups,valid,232.72010847058823,-1.7474534705882263,baseline_group_reused
b049.core,49,O148,D038,ours.1080.b049.core.0,daniel.native1080.b049.core.0,c256_wave2_bi_bo,_Z13k_reg_swin_mhILi256ELi0ELb0EEv9VarParams,"[{""actual_window_count"": 160, ""attention_work_h"": 80, ""attention_work_w"": 128, ""channels"": 256, ""shift_x"": -4, ""shift_y"": -4, ""valid_h"": 72, ""valid_w"": 120, ""window_token_capacity"": 10240}]","[{""actual_window_count"": 144, ""channels"": 256, ""host_shift_index"": 1, ""valid_h"": 68, ""valid_w"": 120, ""window_token_capacity"": 9216}]",1,1,native_area_estimate_only,1.0588235294117647,"{""49"": 1.0588235294117647}",1.1111111111111112,"native timing first; optional reconfigure Daniel per its ABI to ours shape, recompute grid; post shift still differs",75.515628,106.900938,-31.38530999999999,0,valid,"all listed kernels form one indivisible comparison group; sum per-dispatch medians, not frame latency; no output-equality claim",C256,valid,113.18922847058823,-37.67360047058823,baseline_group_reused
b050.core,50,O149,D039,ours.1080.b050.core.0,daniel.native1080.b050.core.0,c256_wave2_bi_bo,_Z13k_reg_swin_mhILi256ELi0ELb0EEv9VarParams,"[{""actual_window_count"": 144, ""attention_work_h"": 72, ""attention_work_w"": 128, ""channels"": 256, ""shift_x"": -4, ""shift_y"": 0, ""valid_h"": 72, ""valid_w"": 120, ""window_token_capacity"": 9216}]","[{""actual_window_count"": 144, ""channels"": 256, ""host_shift_index"": 2, ""valid_h"": 68, ""valid_w"": 120, ""window_token_capacity"": 9216}]",1,1,native_area_estimate_only,1.0588235294117647,"{""50"": 1.0588235294117647}",1.0,"native timing first; optional reconfigure Daniel per its ABI to ours shape, recompute grid; post shift still differs",67.389533,107.447967,-40.058434000000005,0,valid,"all listed kernels form one indivisible comparison group; sum per-dispatch medians, not frame latency; no output-equality claim",C256,valid,113.76843564705884,-46.37890264705884,baseline_group_reused
b051.core,51,O150,D040,ours.1080.b051.core.0,daniel.native1080.b051.core.0,c256_wave2_bi_bo,_Z13k_reg_swin_mhILi256ELi0ELb0EEv9VarParams,"[{""actual_window_count"": 150, ""attention_work_h"": 80, ""attention_work_w"": 120, ""channels"": 256, ""shift_x"": 0, ""shift_y"": -4, ""valid_h"": 72, ""valid_w"": 120, ""window_token_capacity"": 9600}]","[{""actual_window_count"": 135, ""channels"": 256, ""host_shift_index"": 3, ""valid_h"": 68, ""valid_w"": 120, ""window_token_capacity"": 8640}]",1,1,native_area_estimate_only,1.0588235294117647,"{""51"": 1.0588235294117647}",1.1111111111111112,"native timing first; optional reconfigure Daniel per its ABI to ours shape, recompute grid; post shift still differs",70.035778,106.793284,-36.75750600000001,0,valid,"all listed kernels form one indivisible comparison group; sum per-dispatch medians, not frame latency; no output-equality claim",C256,valid,113.07524188235294,-43.03946388235295,baseline_group_reused
b052.core,52,O151,D041,ours.1080.b052.core.0,daniel.native1080.b052.core.0,c256_wave2_bi_bo,_Z13k_reg_swin_mhILi256ELi0ELb0EEv9VarParams,"[{""actual_window_count"": 135, ""attention_work_h"": 72, ""attention_work_w"": 120, ""channels"": 256, ""shift_x"": 0, ""shift_y"": 0, ""valid_h"": 72, ""valid_w"": 120, ""window_token_capacity"": 8640}]","[{""actual_window_count"": 135, ""channels"": 256, ""host_shift_index"": 0, ""valid_h"": 68, ""valid_w"": 120, ""window_token_capacity"": 8640}]",1,1,native_area_estimate_only,1.0588235294117647,"{""52"": 1.0588235294117647}",1.0,"native timing first; optional reconfigure Daniel per its ABI to ours shape, recompute grid; post shift still differs",66.440001,107.465625,-41.02562400000001,0,valid,"all listed kernels form one indivisible comparison group; sum per-dispatch medians, not frame latency; no output-equality claim",C256,valid,113.78713235294119,-47.34713135294119,baseline_group_reused
b053.core,53,O152,D042,ours.1080.b053.core.0,daniel.native1080.b053.core.0,c256_wave2_bi_bo,_Z13k_reg_swin_mhILi256ELi0ELb0EEv9VarParams,"[{""actual_window_count"": 160, ""attention_work_h"": 80, ""attention_work_w"": 128, ""channels"": 256, ""shift_x"": -4, ""shift_y"": -4, ""valid_h"": 72, ""valid_w"": 120, ""window_token_capacity"": 10240}]","[{""actual_window_count"": 144, ""channels"": 256, ""host_shift_index"": 1, ""valid_h"": 68, ""valid_w"": 120, ""window_token_capacity"": 9216}]",1,1,native_area_estimate_only,1.0588235294117647,"{""53"": 1.0588235294117647}",1.1111111111111112,"native timing first; optional reconfigure Daniel per its ABI to ours shape, recompute grid; post shift still differs",74.947342,107.328594,-32.38125199999999,0,valid,"all listed kernels form one indivisible comparison group; sum per-dispatch medians, not frame latency; no output-equality claim",C256,valid,113.64204070588235,-38.694698705882345,baseline_group_reused
b054.core,54,O153,D043,ours.1080.b054.core.0,daniel.native1080.b054.core.0,c256_wave2_bi_bo,_Z13k_reg_swin_mhILi256ELi0ELb0EEv9VarParams,"[{""actual_window_count"": 144, ""attention_work_h"": 72, ""attention_work_w"": 128, ""channels"": 256, ""shift_x"": -4, ""shift_y"": 0, ""valid_h"": 72, ""valid_w"": 120, ""window_token_capacity"": 9216}]","[{""actual_window_count"": 144, ""channels"": 256, ""host_shift_index"": 2, ""valid_h"": 68, ""valid_w"": 120, ""window_token_capacity"": 9216}]",1,1,native_area_estimate_only,1.0588235294117647,"{""54"": 1.0588235294117647}",1.0,"native timing first; optional reconfigure Daniel per its ABI to ours shape, recompute grid; post shift still differs",66.954844,106.911719,-39.95687500000001,0,valid,"all listed kernels form one indivisible comparison group; sum per-dispatch medians, not frame latency; no output-equality claim",C256,valid,113.20064364705883,-46.24579964705883,baseline_group_reused
b055-056.boundary,55;56,O154;O155,D023;D044,ours.1080.b055.core.0;ours.1080.b056.core.0,daniel.native1080.b056.core.0;daniel.native1080.b055.core.0,c256_wave2_bi + c128_wave2_up,_Z13k_reg_swin_mhILi128ELi8ELb0EEv9VarParams + _Z13k_reg_swin_mhILi256ELi2ELb0EEv9VarParams,"[{""actual_window_count"": 150, ""attention_work_h"": 80, ""attention_work_w"": 120, ""channels"": 256, ""shift_x"": 0, ""shift_y"": -4, ""valid_h"": 72, ""valid_w"": 120, ""window_token_capacity"": 9600}, {""actual_window_count"": 558, ""attention_work_h"": 144, ""attention_work_w"": 248, ""channels"": 128, ""shift_x"": -4, ""shift_y"": 0, ""upstream_channels"": 256, ""upstream_h"": 72, ""upstream_w"": 120, ""valid_h"": 144, ""valid_w"": 240, ""window_token_capacity"": 35712}]","[{""actual_window_count"": 527, ""channels"": 128, ""host_shift_index"": 2, ""upstream_channels"": 256, ""upstream_h"": 68, ""upstream_w"": 120, ""valid_h"": 136, ""valid_w"": 240, ""window_token_capacity"": 33728}, {""actual_window_count"": 135, ""channels"": 256, ""host_shift_index"": 3, ""valid_h"": 68, ""valid_w"": 120, ""window_token_capacity"": 8640}]",2,2,native_area_estimate_only,1.0588235294117647,"{""55"": 1.0588235294117647, ""56"": 1.0588235294117647}",,"native timing first; optional reconfigure Daniel per its ABI to ours shape, recompute grid; post shift still differs",212.840624,227.590159,-14.749535000000009,0,valid,"all listed kernels form one indivisible comparison group; sum per-dispatch medians, not frame latency; no output-equality claim",boundary_groups,valid,240.9778154117647,-28.137191411764718,baseline_group_reused
b057.core,57,O156,D024,ours.1080.b057.core.0,daniel.native1080.b057.core.0,c128_wave2_bi_bo,_Z13k_reg_swin_mhILi128ELi0ELb0EEv9VarParams,"[{""actual_window_count"": 570, ""attention_work_h"": 152, ""attention_work_w"": 240, ""channels"": 128, ""shift_x"": 0, ""shift_y"": -4, ""valid_h"": 144, ""valid_w"": 240, ""window_token_capacity"": 36480}]","[{""actual_window_count"": 540, ""channels"": 128, ""host_shift_index"": 3, ""valid_h"": 136, ""valid_w"": 240, ""window_token_capacity"": 34560}]",1,1,native_area_estimate_only,1.0588235294117647,"{""57"": 1.0588235294117647}",1.0555555555555556,"native timing first; optional reconfigure Daniel per its ABI to ours shape, recompute grid; post shift still differs",82.980469,95.327653,-12.347183999999999,0,valid,"all listed kernels form one indivisible comparison group; sum per-dispatch medians, not frame latency; no output-equality claim",C128,valid,100.935162,-17.954693000000006,baseline_group_reused
b058.core,58,O157,D025,ours.1080.b058.core.0,daniel.native1080.b058.core.0,c128_wave2_bi_bo,_Z13k_reg_swin_mhILi128ELi0ELb0EEv9VarParams,"[{""actual_window_count"": 540, ""attention_work_h"": 144, ""attention_work_w"": 240, ""channels"": 128, ""shift_x"": 0, ""shift_y"": 0, ""valid_h"": 144, ""valid_w"": 240, ""window_token_capacity"": 34560}]","[{""actual_window_count"": 510, ""channels"": 128, ""host_shift_index"": 0, ""valid_h"": 136, ""valid_w"": 240, ""window_token_capacity"": 32640}]",1,1,native_area_estimate_only,1.0588235294117647,"{""58"": 1.0588235294117647}",1.0588235294117647,"native timing first; optional reconfigure Daniel per its ABI to ours shape, recompute grid; post shift still differs",93.344063,89.465156,3.8789070000000123,0,valid,"all listed kernels form one indivisible comparison group; sum per-dispatch medians, not frame latency; no output-equality claim",C128,valid,94.72781223529411,-1.383749235294104,baseline_group_reused
b059.core,59,O158,D026,ours.1080.b059.core.0,daniel.native1080.b059.core.0,c128_wave2_bi_bo,_Z13k_reg_swin_mhILi128ELi0ELb0EEv9VarParams,"[{""actual_window_count"": 589, ""attention_work_h"": 152, ""attention_work_w"": 248, ""channels"": 128, ""shift_x"": -4, ""shift_y"": -4, ""valid_h"": 144, ""valid_w"": 240, ""window_token_capacity"": 37696}]","[{""actual_window_count"": 558, ""channels"": 128, ""host_shift_index"": 1, ""valid_h"": 136, ""valid_w"": 240, ""window_token_capacity"": 35712}]",1,1,native_area_estimate_only,1.0588235294117647,"{""59"": 1.0588235294117647}",1.0555555555555556,"native timing first; optional reconfigure Daniel per its ABI to ours shape, recompute grid; post shift still differs",84.960468,99.394999,-14.434530999999993,0,valid,"all listed kernels form one indivisible comparison group; sum per-dispatch medians, not frame latency; no output-equality claim",C128,valid,105.24176364705882,-20.281295647058812,baseline_group_reused
b060.core,60,O159,D027,ours.1080.b060.core.0,daniel.native1080.b060.core.0,c128_wave2_bi_bo,_Z13k_reg_swin_mhILi128ELi0ELb0EEv9VarParams,"[{""actual_window_count"": 558, ""attention_work_h"": 144, ""attention_work_w"": 248, ""channels"": 128, ""shift_x"": -4, ""shift_y"": 0, ""valid_h"": 144, ""valid_w"": 240, ""window_token_capacity"": 35712}]","[{""actual_window_count"": 527, ""channels"": 128, ""host_shift_index"": 2, ""valid_h"": 136, ""valid_w"": 240, ""window_token_capacity"": 33728}]",1,1,native_area_estimate_only,1.0588235294117647,"{""60"": 1.0588235294117647}",1.0588235294117647,"native timing first; optional reconfigure Daniel per its ABI to ours shape, recompute grid; post shift still differs",82.788281,93.960002,-11.171721000000005,0,valid,"all listed kernels form one indivisible comparison group; sum per-dispatch medians, not frame latency; no output-equality claim",C128,valid,99.48706094117648,-16.698779941176483,baseline_group_reused
b061-062.boundary,61;62,O160;O161,D013;D028,ours.1080.b061.core.0;ours.1080.b062.core.0,daniel.native1080.b062.core.0;daniel.native1080.b061.core.0,c128_wave2_bi + c64_wave2_up,_Z13k_reg_swin_mhILi64ELi8ELb0EEv9VarParams + _Z13k_reg_swin_mhILi128ELi2ELb0EEv9VarParams,"[{""actual_window_count"": 570, ""attention_work_h"": 152, ""attention_work_w"": 240, ""channels"": 128, ""shift_x"": 0, ""shift_y"": -4, ""valid_h"": 144, ""valid_w"": 240, ""window_token_capacity"": 36480}, {""actual_window_count"": 2160, ""attention_work_h"": 288, ""attention_work_w"": 480, ""channels"": 64, ""shift_x"": 0, ""shift_y"": 0, ""upstream_channels"": 128, ""upstream_h"": 144, ""upstream_w"": 240, ""valid_h"": 288, ""valid_w"": 480, ""window_token_capacity"": 138240}]","[{""actual_window_count"": 2040, ""channels"": 64, ""host_shift_index"": 0, ""upstream_channels"": 128, ""upstream_h"": 136, ""upstream_w"": 240, ""valid_h"": 272, ""valid_w"": 480, ""window_token_capacity"": 130560}, {""actual_window_count"": 540, ""channels"": 128, ""host_shift_index"": 3, ""valid_h"": 136, ""valid_w"": 240, ""window_token_capacity"": 34560}]",2,2,native_area_estimate_only,1.0588235294117647,"{""61"": 1.0588235294117647, ""62"": 1.0588235294117647}",,"native timing first; optional reconfigure Daniel per its ABI to ours shape, recompute grid; post shift still differs",261.984535,234.525778,27.45875699999999,0,valid,"all listed kernels form one indivisible comparison group; sum per-dispatch medians, not frame latency; no output-equality claim",boundary_groups,valid,248.321412,13.663122999999985,baseline_group_reused
b063.core,63,O162,D014,ours.1080.b063.core.0,daniel.native1080.b063.core.0,c64_wave2_bi_bo,_Z13k_reg_swin_mhILi64ELi0ELb0EEv9VarParams,"[{""actual_window_count"": 2257, ""attention_work_h"": 296, ""attention_work_w"": 488, ""channels"": 64, ""shift_x"": -4, ""shift_y"": -4, ""valid_h"": 288, ""valid_w"": 480, ""window_token_capacity"": 144448}]","[{""actual_window_count"": 2135, ""channels"": 64, ""host_shift_index"": 1, ""valid_h"": 272, ""valid_w"": 480, ""window_token_capacity"": 136640}]",1,1,native_area_estimate_only,1.0588235294117647,"{""63"": 1.0588235294117647}",1.0571428571428572,"native timing first; optional reconfigure Daniel per its ABI to ours shape, recompute grid; post shift still differs",117.894061,120.194532,-2.3004710000000017,0,valid,"all listed kernels form one indivisible comparison group; sum per-dispatch medians, not frame latency; no output-equality claim",C64,valid,127.2647985882353,-9.3707375882353,baseline_group_reused
b064.core,64,O163,D015,ours.1080.b064.core.0,daniel.native1080.b064.core.0,c64_wave2_bi_bo,_Z13k_reg_swin_mhILi64ELi0ELb0EEv9VarParams,"[{""actual_window_count"": 2196, ""attention_work_h"": 288, ""attention_work_w"": 488, ""channels"": 64, ""shift_x"": -4, ""shift_y"": 0, ""valid_h"": 288, ""valid_w"": 480, ""window_token_capacity"": 140544}]","[{""actual_window_count"": 2074, ""channels"": 64, ""host_shift_index"": 2, ""valid_h"": 272, ""valid_w"": 480, ""window_token_capacity"": 132736}]",1,1,native_area_estimate_only,1.0588235294117647,"{""64"": 1.0588235294117647}",1.0588235294117647,"native timing first; optional reconfigure Daniel per its ABI to ours shape, recompute grid; post shift still differs",115.219221,117.506407,-2.2871859999999913,0,valid,"all listed kernels form one indivisible comparison group; sum per-dispatch medians, not frame latency; no output-equality claim",C64,valid,124.4185485882353,-9.199327588235292,baseline_group_reused
b065-066.boundary,65;66,O164;O165,D005;D016,ours.1080.b065.core.0;ours.1080.b066.core.0,daniel.native1080.b066.core.0;daniel.native1080.b065.core.0,c64_wave2_bi + c32_wave1_up,_Z12k_reg_swin32ILi8ELb0EEv9VarParams + _Z13k_reg_swin_mhILi64ELi2ELb0EEv9VarParams,"[{""actual_window_count"": 2220, ""attention_work_h"": 296, ""attention_work_w"": 480, ""channels"": 64, ""shift_x"": 0, ""shift_y"": -4, ""valid_h"": 288, ""valid_w"": 480, ""window_token_capacity"": 142080}, {""actual_window_count"": 8640, ""attention_work_h"": 576, ""attention_work_w"": 960, ""channels"": 32, ""shift_x"": 0, ""shift_y"": 0, ""upstream_channels"": 64, ""upstream_h"": 288, ""upstream_w"": 480, ""valid_h"": 576, ""valid_w"": 960, ""window_token_capacity"": 552960}]","[{""actual_window_count"": 8160, ""channels"": 32, ""host_shift_index"": 0, ""upstream_channels"": 64, ""upstream_h"": 272, ""upstream_w"": 480, ""valid_h"": 544, ""valid_w"": 960, ""window_token_capacity"": 522240}, {""actual_window_count"": 2100, ""channels"": 64, ""host_shift_index"": 3, ""valid_h"": 272, ""valid_w"": 480, ""window_token_capacity"": 134400}]",2,2,native_area_estimate_only,1.0588235294117647,"{""65"": 1.0588235294117647, ""66"": 1.0588235294117647}",,"native timing first; optional reconfigure Daniel per its ABI to ours shape, recompute grid; post shift still differs",410.244838,286.814227,123.430611,0,valid,"all listed kernels form one indivisible comparison group; sum per-dispatch medians, not frame latency; no output-equality claim",boundary_groups,valid,303.6856521176471,106.55918588235289,baseline_group_reused
b067.core,67,O166,D006,ours.1080.b067.core.0,daniel.native1080.b067.core.0,c32_wave1_chain,_Z12k_reg_swin32ILi0ELb0EEv9VarParams,"[{""actual_window_count"": 8833, ""attention_work_h"": 584, ""attention_work_w"": 968, ""channels"": 32, ""shift_x"": -4, ""shift_y"": -4, ""valid_h"": 576, ""valid_w"": 960, ""window_token_capacity"": 565312}]","[{""actual_window_count"": 8349, ""channels"": 32, ""host_shift_index"": 1, ""valid_h"": 544, ""valid_w"": 960, ""window_token_capacity"": 534336}]",1,1,native_area_estimate_only,1.0588235294117647,"{""67"": 1.0588235294117647}",1.0579710144927537,"native timing first; optional reconfigure Daniel per its ABI to ours shape, recompute grid; post shift still differs",177.595004,161.087662,16.507341999999994,0,valid,"all listed kernels form one indivisible comparison group; sum per-dispatch medians, not frame latency; no output-equality claim",C32,valid,170.56340682352942,7.031597176470569,baseline_group_reused
b068.core,68,O167,D007,ours.1080.b068.core.0,daniel.native1080.b068.core.0,c32_wave1_chain,_Z12k_reg_swin32ILi0ELb0EEv9VarParams,"[{""actual_window_count"": 8712, ""attention_work_h"": 576, ""attention_work_w"": 968, ""channels"": 32, ""shift_x"": -4, ""shift_y"": 0, ""valid_h"": 576, ""valid_w"": 960, ""window_token_capacity"": 557568}]","[{""actual_window_count"": 8228, ""channels"": 32, ""host_shift_index"": 2, ""valid_h"": 544, ""valid_w"": 960, ""window_token_capacity"": 526592}]",1,1,native_area_estimate_only,1.0588235294117647,"{""68"": 1.0588235294117647}",1.0588235294117647,"native timing first; optional reconfigure Daniel per its ABI to ours shape, recompute grid; post shift still differs",175.539374,158.56953,16.969844000000023,0,valid,"all listed kernels form one indivisible comparison group; sum per-dispatch medians, not frame latency; no output-equality claim",C32,valid,167.8971494117647,7.642224588235308,baseline_group_reused
b069.core,69,O168,D008,ours.1080.b069.core.0,daniel.native1080.b069.core.0,c32_wave1_finish,_Z12k_reg_swin32ILi2ELb0EEv9VarParams,"[{""actual_window_count"": 8760, ""attention_work_h"": 584, ""attention_work_w"": 960, ""channels"": 32, ""shift_x"": 0, ""shift_y"": -4, ""valid_h"": 576, ""valid_w"": 960, ""window_token_capacity"": 560640}]","[{""actual_window_count"": 8280, ""channels"": 32, ""host_shift_index"": 3, ""valid_h"": 544, ""valid_w"": 960, ""window_token_capacity"": 529920}]",1,1,native_area_estimate_only,1.0588235294117647,"{""69"": 1.0588235294117647}",1.0579710144927537,"native timing first; optional reconfigure Daniel per its ABI to ours shape, recompute grid; post shift still differs",204.531714,159.362182,45.169532000000004,0,valid,"all listed kernels form one indivisible comparison group; sum per-dispatch medians, not frame latency; no output-equality claim",C32,valid,168.736428,35.795286000000004,baseline_group_reused
b070.core,70,O169,D046,ours.1080.b070.core.0,daniel.native1080.b070.core.0,c32_wave1_post,_Z12k_reg_swin32ILi32ELb0EEv9VarParams,"[{""actual_window_count"": 34945, ""attention_work_h"": 1160, ""attention_work_w"": 1928, ""channels"": 32, ""post_shift_policy"": ""(-4,-4)"", ""shift_x"": -4, ""shift_y"": -4, ""valid_h"": 1152, ""valid_w"": 1920, ""window_token_capacity"": 2236480}]","[{""actual_window_count"": 32640, ""channels"": 32, ""host_shift_index"": 0, ""post_shift_policy"": ""(0,0)"", ""valid_h"": 1088, ""valid_w"": 1920, ""window_token_capacity"": 2088960}]",1,1,post_shift_mismatch_separate,1.0588235294117647,"{""70"": 1.0588235294117647}",1.0706188725490196,"native timing first; optional reconfigure Daniel per its ABI to ours shape, recompute grid; post shift still differs",853.692651,740.587175,113.10547599999995,0,valid,"all listed kernels form one indivisible comparison group; sum per-dispatch medians, not frame latency; no output-equality claim",C32,valid,784.1511264705882,69.54152452941173,baseline_group_reused
