dispatch_id,job_id,backend,resolution,group_id,block,phase,module,kernel,shape_json,grid_x,grid_y,grid_z,threads,host_count,calls_per_frame,evidence,median_us,measurement_job_id
O001,ours.1080.b000.core.0,ours,1080,b000.core,0,core,c32_wave1,c32_wave1_prefix,"{""actual_window_count"": 34560, ""attention_work_h"": 1152, ""attention_work_w"": 1920, ""channels"": 32, ""shift_x"": 0, ""shift_y"": 0, ""valid_h"": 1152, ""valid_w"": 1920, ""window_token_capacity"": 2211840}",34560,1,1,32,34560,1,deep-layers topology-1080.csv line 1,,
O002,ours.1080.b001.core.0,ours,1080,b001.core,1,core,c32_wave1,c32_wave1_mapped,"{""actual_window_count"": 8640, ""attention_work_h"": 576, ""attention_work_w"": 960, ""channels"": 32, ""shift_x"": 0, ""shift_y"": 0, ""valid_h"": 576, ""valid_w"": 960, ""window_token_capacity"": 552960}",8640,1,1,32,8640,1,deep-layers topology-1080.csv line 2,,
O003,ours.1080.b002.core.0,ours,1080,b002.core,2,core,c32_wave1,c32_wave1_chain,"{""actual_window_count"": 8833, ""attention_work_h"": 584, ""attention_work_w"": 968, ""channels"": 32, ""shift_x"": -4, ""shift_y"": -4, ""valid_h"": 576, ""valid_w"": 960, ""window_token_capacity"": 565312}",8833,1,1,32,8833,1,deep-layers topology-1080.csv line 3,,
O004,ours.1080.b003.core.0,ours,1080,b003.core,3,core,c32_wave1,c32_wave1_chain,"{""actual_window_count"": 8712, ""attention_work_h"": 576, ""attention_work_w"": 968, ""channels"": 32, ""shift_x"": -4, ""shift_y"": 0, ""valid_h"": 576, ""valid_w"": 960, ""window_token_capacity"": 557568}",8712,1,1,32,8712,1,deep-layers topology-1080.csv line 4,,
O005,ours.1080.b004.core.0,ours,1080,b004-005.boundary,4,core,c32_wave1,c32_wave1_finish_dcrop,"{""actual_window_count"": 8760, ""attention_work_h"": 584, ""attention_work_w"": 960, ""channels"": 32, ""shift_x"": 0, ""shift_y"": -4, ""valid_h"": 576, ""valid_w"": 960, ""window_token_capacity"": 560640}",8760,1,1,32,8760,1,deep-layers topology-1080.csv line 5,,
O006,ours.1080.b004.down_projection.0,ours,1080,b004-005.boundary,4,down_projection,mh_fast,mh_pool_project_production_h16w,"{""attention_work_h"": 584, ""attention_work_w"": 960, ""channels"": 32, ""input_channels"": 32, ""output_channels"": 64, ""output_h"": 288, ""output_w"": 480, ""shift_x"": 0, ""shift_y"": -4, ""valid_h"": 576, ""valid_w"": 960}",34560,1,1,32,8847360,1,deep-layers topology-1080.csv line 6,,
O007,ours.1080.b005.core.0,ours,1080,b004-005.boundary,5,core,c64_wave2,c64_wave2_bo,"{""actual_window_count"": 2160, ""attention_work_h"": 288, ""attention_work_w"": 480, ""channels"": 64, ""shift_x"": 0, ""shift_y"": 0, ""valid_h"": 288, ""valid_w"": 480, ""window_token_capacity"": 138240}",2160,1,1,64,2160,1,deep-layers topology-1080.csv line 7,,
O008,ours.1080.b006.core.0,ours,1080,b006.core,6,core,c64_wave2,c64_wave2_bi_bo,"{""actual_window_count"": 2257, ""attention_work_h"": 296, ""attention_work_w"": 488, ""channels"": 64, ""shift_x"": -4, ""shift_y"": -4, ""valid_h"": 288, ""valid_w"": 480, ""window_token_capacity"": 144448}",2257,1,1,64,2257,1,deep-layers topology-1080.csv line 8,,
O009,ours.1080.b007.core.0,ours,1080,b007.core,7,core,c64_wave2,c64_wave2_bi_bo,"{""actual_window_count"": 2196, ""attention_work_h"": 288, ""attention_work_w"": 488, ""channels"": 64, ""shift_x"": -4, ""shift_y"": 0, ""valid_h"": 288, ""valid_w"": 480, ""window_token_capacity"": 140544}",2196,1,1,64,2196,1,deep-layers topology-1080.csv line 9,,
O010,ours.1080.b008.core.0,ours,1080,b008-009.boundary,8,core,c64_wave2,c64_wave2_bi,"{""actual_window_count"": 2220, ""attention_work_h"": 296, ""attention_work_w"": 480, ""channels"": 64, ""shift_x"": 0, ""shift_y"": -4, ""valid_h"": 288, ""valid_w"": 480, ""window_token_capacity"": 142080}",2220,1,1,64,2220,1,deep-layers topology-1080.csv line 10,,
O011,ours.1080.b008.down_projection.0,ours,1080,b008-009.boundary,8,down_projection,mh_fast,mh_pool_project_group_c64,"{""attention_work_h"": 296, ""attention_work_w"": 480, ""channels"": 64, ""input_channels"": 64, ""output_channels"": 128, ""output_h"": 144, ""output_w"": 240, ""shift_x"": 0, ""shift_y"": -4, ""valid_h"": 288, ""valid_w"": 480}",2160,1,1,64,4423680,1,deep-layers topology-1080.csv line 11,,
O012,ours.1080.b009.core.0,ours,1080,b008-009.boundary,9,core,c64_wave2,c128_wave2_bo,"{""actual_window_count"": 540, ""attention_work_h"": 144, ""attention_work_w"": 240, ""channels"": 128, ""shift_x"": 0, ""shift_y"": 0, ""valid_h"": 144, ""valid_w"": 240, ""window_token_capacity"": 34560}",540,1,1,128,540,1,deep-layers topology-1080.csv line 12,,
O013,ours.1080.b010.core.0,ours,1080,b010.core,10,core,c64_wave2,c128_wave2_bi_bo,"{""actual_window_count"": 589, ""attention_work_h"": 152, ""attention_work_w"": 248, ""channels"": 128, ""shift_x"": -4, ""shift_y"": -4, ""valid_h"": 144, ""valid_w"": 240, ""window_token_capacity"": 37696}",589,1,1,128,589,1,deep-layers topology-1080.csv line 13,,
O014,ours.1080.b011.core.0,ours,1080,b011.core,11,core,c64_wave2,c128_wave2_bi_bo,"{""actual_window_count"": 558, ""attention_work_h"": 144, ""attention_work_w"": 248, ""channels"": 128, ""shift_x"": -4, ""shift_y"": 0, ""valid_h"": 144, ""valid_w"": 240, ""window_token_capacity"": 35712}",558,1,1,128,558,1,deep-layers topology-1080.csv line 14,,
O015,ours.1080.b012.core.0,ours,1080,b012.core,12,core,c64_wave2,c128_wave2_bi_bo,"{""actual_window_count"": 570, ""attention_work_h"": 152, ""attention_work_w"": 240, ""channels"": 128, ""shift_x"": 0, ""shift_y"": -4, ""valid_h"": 144, ""valid_w"": 240, ""window_token_capacity"": 36480}",570,1,1,128,570,1,deep-layers topology-1080.csv line 15,,
O016,ours.1080.b013.core.0,ours,1080,b013.core,13,core,c64_wave2,c128_wave2_bi_bo,"{""actual_window_count"": 540, ""attention_work_h"": 144, ""attention_work_w"": 240, ""channels"": 128, ""shift_x"": 0, ""shift_y"": 0, ""valid_h"": 144, ""valid_w"": 240, ""window_token_capacity"": 34560}",540,1,1,128,540,1,deep-layers topology-1080.csv line 16,,
O017,ours.1080.b014.core.0,ours,1080,b014-015.boundary,14,core,c64_wave2,c128_wave2_bi,"{""actual_window_count"": 589, ""attention_work_h"": 152, ""attention_work_w"": 248, ""channels"": 128, ""shift_x"": -4, ""shift_y"": -4, ""valid_h"": 144, ""valid_w"": 240, ""window_token_capacity"": 37696}",589,1,1,128,589,1,deep-layers topology-1080.csv line 17,,
O018,ours.1080.b014.down_projection.0,ours,1080,b014-015.boundary,14,down_projection,mh_fast,mh_pool_project_group_c128,"{""attention_work_h"": 152, ""attention_work_w"": 248, ""channels"": 128, ""input_channels"": 128, ""output_channels"": 256, ""output_h"": 72, ""output_w"": 120, ""shift_x"": -4, ""shift_y"": -4, ""valid_h"": 144, ""valid_w"": 240}",540,1,1,128,2211840,1,deep-layers topology-1080.csv line 18,,
O019,ours.1080.b015.core.0,ours,1080,b014-015.boundary,15,core,c64_wave2,c256_wave2_bo,"{""actual_window_count"": 135, ""attention_work_h"": 72, ""attention_work_w"": 120, ""channels"": 256, ""shift_x"": 0, ""shift_y"": 0, ""valid_h"": 72, ""valid_w"": 120, ""window_token_capacity"": 8640}",135,1,1,256,135,1,deep-layers topology-1080.csv line 19,,
O020,ours.1080.b016.core.0,ours,1080,b016.core,16,core,c64_wave2,c256_wave2_bi_bo,"{""actual_window_count"": 160, ""attention_work_h"": 80, ""attention_work_w"": 128, ""channels"": 256, ""shift_x"": -4, ""shift_y"": -4, ""valid_h"": 72, ""valid_w"": 120, ""window_token_capacity"": 10240}",160,1,1,256,160,1,deep-layers topology-1080.csv line 20,,
O021,ours.1080.b017.core.0,ours,1080,b017.core,17,core,c64_wave2,c256_wave2_bi_bo,"{""actual_window_count"": 144, ""attention_work_h"": 72, ""attention_work_w"": 128, ""channels"": 256, ""shift_x"": -4, ""shift_y"": 0, ""valid_h"": 72, ""valid_w"": 120, ""window_token_capacity"": 9216}",144,1,1,256,144,1,deep-layers topology-1080.csv line 21,,
O022,ours.1080.b018.core.0,ours,1080,b018.core,18,core,c64_wave2,c256_wave2_bi_bo,"{""actual_window_count"": 150, ""attention_work_h"": 80, ""attention_work_w"": 120, ""channels"": 256, ""shift_x"": 0, ""shift_y"": -4, ""valid_h"": 72, ""valid_w"": 120, ""window_token_capacity"": 9600}",150,1,1,256,150,1,deep-layers topology-1080.csv line 22,,
O023,ours.1080.b019.core.0,ours,1080,b019.core,19,core,c64_wave2,c256_wave2_bi_bo,"{""actual_window_count"": 135, ""attention_work_h"": 72, ""attention_work_w"": 120, ""channels"": 256, ""shift_x"": 0, ""shift_y"": 0, ""valid_h"": 72, ""valid_w"": 120, ""window_token_capacity"": 8640}",135,1,1,256,135,1,deep-layers topology-1080.csv line 23,,
O024,ours.1080.b020.core.0,ours,1080,b020.core,20,core,c64_wave2,c256_wave2_bi_bo,"{""actual_window_count"": 160, ""attention_work_h"": 80, ""attention_work_w"": 128, ""channels"": 256, ""shift_x"": -4, ""shift_y"": -4, ""valid_h"": 72, ""valid_w"": 120, ""window_token_capacity"": 10240}",160,1,1,256,160,1,deep-layers topology-1080.csv line 24,,
O025,ours.1080.b021.core.0,ours,1080,b021.core,21,core,c64_wave2,c256_wave2_bi_bo,"{""actual_window_count"": 144, ""attention_work_h"": 72, ""attention_work_w"": 128, ""channels"": 256, ""shift_x"": -4, ""shift_y"": 0, ""valid_h"": 72, ""valid_w"": 120, ""window_token_capacity"": 9216}",144,1,1,256,144,1,deep-layers topology-1080.csv line 25,,
O026,ours.1080.b022.core.0,ours,1080,b022-023.boundary,22,core,c64_wave2,c256_wave2_bi,"{""actual_window_count"": 150, ""attention_work_h"": 80, ""attention_work_w"": 120, ""channels"": 256, ""shift_x"": 0, ""shift_y"": -4, ""valid_h"": 72, ""valid_w"": 120, ""window_token_capacity"": 9600}",150,1,1,256,150,1,deep-layers topology-1080.csv line 26,,
O027,ours.1080.b022.down_projection.0,ours,1080,b022-023.boundary,22,down_projection,mh_fast,mh_pool_project_group_c256,"{""attention_work_h"": 80, ""attention_work_w"": 120, ""channels"": 256, ""input_channels"": 256, ""output_channels"": 512, ""output_h"": 36, ""output_w"": 60, ""shift_x"": 0, ""shift_y"": -4, ""valid_h"": 72, ""valid_w"": 120}",135,1,1,256,1105920,1,deep-layers topology-1080.csv line 27,,
O028,ours.1080.b023.ffwd.0,ours,1080,b022-023.boundary,23,ffwd,c512_m32_deep,split_mix_blocked_h16w_m32,"{""attention_work_h"": 40, ""attention_work_w"": 64, ""channels"": 512, ""ffn_grouped_channels"": 64, ""pointwise_tokens"": 2160, ""shift_x"": 0, ""shift_y"": 0, ""valid_h"": 36, ""valid_w"": 60}",544,1,1,32,557056,1,deep-layers topology-1080.csv line 28,,
O029,ours.1080.b023.ffwd.1,ours,1080,b022-023.boundary,23,ffwd,deep_fast,split_ffn_fused_fp8_t8,"{""attention_work_h"": 40, ""attention_work_w"": 64, ""channels"": 512, ""ffn_grouped_channels"": 64, ""pointwise_tokens"": 2160, ""shift_x"": 0, ""shift_y"": 0, ""valid_h"": 36, ""valid_w"": 60}",1080,1,1,128,1105920,1,deep-layers topology-1080.csv line 29,,
O030,ours.1080.b023.ffn_projection.0,ours,1080,b022-023.boundary,23,ffn_projection,deep_fast,split_projection_frag,"{""attention_work_h"": 40, ""attention_work_w"": 64, ""channels"": 512, ""ffn_grouped_channels"": 64, ""pointwise_tokens"": 2160, ""shift_x"": 0, ""shift_y"": 0, ""valid_h"": 36, ""valid_w"": 60}",1080,1,1,32,1105920,1,deep-layers topology-1080.csv line 30,,
O031,ours.1080.b023.qkv_attention.0,ours,1080,b022-023.boundary,23,qkv_attention,c512_m32_mh,c512_qkv_attention_compact,"{""attention_heads"": 16, ""attention_work_h"": 40, ""attention_work_w"": 64, ""channels"": 512, ""ffn_grouped_channels"": 64, ""keys_per_window"": 64, ""pointwise_tokens"": 2160, ""shift_x"": 0, ""shift_y"": 0, ""valid_h"": 36, ""valid_w"": 60, ""window_h"": 8, ""window_w"": 8}",640,1,1,64,640,1,deep-layers topology-1080.csv line 31,,
O032,ours.1080.b023.attention_projection.0,ours,1080,b022-023.boundary,23,attention_projection,mh_fast,mh_attention_project_frag_c512,"{""attention_work_h"": 40, ""attention_work_w"": 64, ""channels"": 512, ""ffn_grouped_channels"": 64, ""pointwise_tokens"": 2160, ""shift_x"": 0, ""shift_y"": 0, ""valid_h"": 36, ""valid_w"": 60}",1080,1,1,32,1105920,1,deep-layers topology-1080.csv line 32,,
O033,ours.1080.b024.ffwd.0,ours,1080,b024.ffwd,24,ffwd,c512_m32_deep,split_mix_blocked_h16w_m32,"{""attention_work_h"": 40, ""attention_work_w"": 64, ""channels"": 512, ""ffn_grouped_channels"": 64, ""pointwise_tokens"": 2160, ""shift_x"": -4, ""shift_y"": -4, ""valid_h"": 36, ""valid_w"": 60}",544,1,1,32,557056,1,deep-layers topology-1080.csv line 33,,
O034,ours.1080.b024.ffwd.1,ours,1080,b024.ffwd,24,ffwd,deep_fast,split_ffn_fused_fp8_t8,"{""attention_work_h"": 40, ""attention_work_w"": 64, ""channels"": 512, ""ffn_grouped_channels"": 64, ""pointwise_tokens"": 2160, ""shift_x"": -4, ""shift_y"": -4, ""valid_h"": 36, ""valid_w"": 60}",1080,1,1,128,1105920,1,deep-layers topology-1080.csv line 34,,
O035,ours.1080.b024.ffn_projection.0,ours,1080,b024.ffn_projection,24,ffn_projection,deep_fast,split_projection_frag,"{""attention_work_h"": 40, ""attention_work_w"": 64, ""channels"": 512, ""ffn_grouped_channels"": 64, ""pointwise_tokens"": 2160, ""shift_x"": -4, ""shift_y"": -4, ""valid_h"": 36, ""valid_w"": 60}",1080,1,1,32,1105920,1,deep-layers topology-1080.csv line 35,,
O036,ours.1080.b024.qkv_attention.0,ours,1080,b024.qkv_attention,24,qkv_attention,c512_m32_mh,c512_qkv_attention_compact,"{""attention_heads"": 16, ""attention_work_h"": 40, ""attention_work_w"": 64, ""channels"": 512, ""ffn_grouped_channels"": 64, ""keys_per_window"": 64, ""pointwise_tokens"": 2160, ""shift_x"": -4, ""shift_y"": -4, ""valid_h"": 36, ""valid_w"": 60, ""window_h"": 8, ""window_w"": 8}",640,1,1,64,640,1,deep-layers topology-1080.csv line 36,,
O037,ours.1080.b024.attention_projection.0,ours,1080,b024.attention_projection,24,attention_projection,mh_fast,mh_attention_project_frag_c512,"{""attention_work_h"": 40, ""attention_work_w"": 64, ""channels"": 512, ""ffn_grouped_channels"": 64, ""pointwise_tokens"": 2160, ""shift_x"": -4, ""shift_y"": -4, ""valid_h"": 36, ""valid_w"": 60}",1080,1,1,32,1105920,1,deep-layers topology-1080.csv line 37,,
O038,ours.1080.b025.ffwd.0,ours,1080,b025.ffwd,25,ffwd,c512_m32_deep,split_mix_blocked_h16w_m32,"{""attention_work_h"": 40, ""attention_work_w"": 64, ""channels"": 512, ""ffn_grouped_channels"": 64, ""pointwise_tokens"": 2160, ""shift_x"": -4, ""shift_y"": 0, ""valid_h"": 36, ""valid_w"": 60}",544,1,1,32,557056,1,deep-layers topology-1080.csv line 38,,
O039,ours.1080.b025.ffwd.1,ours,1080,b025.ffwd,25,ffwd,deep_fast,split_ffn_fused_fp8_t8,"{""attention_work_h"": 40, ""attention_work_w"": 64, ""channels"": 512, ""ffn_grouped_channels"": 64, ""pointwise_tokens"": 2160, ""shift_x"": -4, ""shift_y"": 0, ""valid_h"": 36, ""valid_w"": 60}",1080,1,1,128,1105920,1,deep-layers topology-1080.csv line 39,,
O040,ours.1080.b025.ffn_projection.0,ours,1080,b025.ffn_projection,25,ffn_projection,deep_fast,split_projection_frag,"{""attention_work_h"": 40, ""attention_work_w"": 64, ""channels"": 512, ""ffn_grouped_channels"": 64, ""pointwise_tokens"": 2160, ""shift_x"": -4, ""shift_y"": 0, ""valid_h"": 36, ""valid_w"": 60}",1080,1,1,32,1105920,1,deep-layers topology-1080.csv line 40,,
O041,ours.1080.b025.qkv_attention.0,ours,1080,b025.qkv_attention,25,qkv_attention,c512_m32_mh,c512_qkv_attention_compact,"{""attention_heads"": 16, ""attention_work_h"": 40, ""attention_work_w"": 64, ""channels"": 512, ""ffn_grouped_channels"": 64, ""keys_per_window"": 64, ""pointwise_tokens"": 2160, ""shift_x"": -4, ""shift_y"": 0, ""valid_h"": 36, ""valid_w"": 60, ""window_h"": 8, ""window_w"": 8}",640,1,1,64,640,1,deep-layers topology-1080.csv line 41,,
O042,ours.1080.b025.attention_projection.0,ours,1080,b025.attention_projection,25,attention_projection,mh_fast,mh_attention_project_frag_c512,"{""attention_work_h"": 40, ""attention_work_w"": 64, ""channels"": 512, ""ffn_grouped_channels"": 64, ""pointwise_tokens"": 2160, ""shift_x"": -4, ""shift_y"": 0, ""valid_h"": 36, ""valid_w"": 60}",1080,1,1,32,1105920,1,deep-layers topology-1080.csv line 42,,
O043,ours.1080.b026.ffwd.0,ours,1080,b026.ffwd,26,ffwd,c512_m32_deep,split_mix_blocked_h16w_m32,"{""attention_work_h"": 40, ""attention_work_w"": 64, ""channels"": 512, ""ffn_grouped_channels"": 64, ""pointwise_tokens"": 2160, ""shift_x"": 0, ""shift_y"": -4, ""valid_h"": 36, ""valid_w"": 60}",544,1,1,32,557056,1,deep-layers topology-1080.csv line 43,,
O044,ours.1080.b026.ffwd.1,ours,1080,b026.ffwd,26,ffwd,deep_fast,split_ffn_fused_fp8_t8,"{""attention_work_h"": 40, ""attention_work_w"": 64, ""channels"": 512, ""ffn_grouped_channels"": 64, ""pointwise_tokens"": 2160, ""shift_x"": 0, ""shift_y"": -4, ""valid_h"": 36, ""valid_w"": 60}",1080,1,1,128,1105920,1,deep-layers topology-1080.csv line 44,,
O045,ours.1080.b026.ffn_projection.0,ours,1080,b026.ffn_projection,26,ffn_projection,deep_fast,split_projection_frag,"{""attention_work_h"": 40, ""attention_work_w"": 64, ""channels"": 512, ""ffn_grouped_channels"": 64, ""pointwise_tokens"": 2160, ""shift_x"": 0, ""shift_y"": -4, ""valid_h"": 36, ""valid_w"": 60}",1080,1,1,32,1105920,1,deep-layers topology-1080.csv line 45,,
O046,ours.1080.b026.qkv_attention.0,ours,1080,b026.qkv_attention,26,qkv_attention,c512_m32_mh,c512_qkv_attention_compact,"{""attention_heads"": 16, ""attention_work_h"": 40, ""attention_work_w"": 64, ""channels"": 512, ""ffn_grouped_channels"": 64, ""keys_per_window"": 64, ""pointwise_tokens"": 2160, ""shift_x"": 0, ""shift_y"": -4, ""valid_h"": 36, ""valid_w"": 60, ""window_h"": 8, ""window_w"": 8}",640,1,1,64,640,1,deep-layers topology-1080.csv line 46,,
O047,ours.1080.b026.attention_projection.0,ours,1080,b026.attention_projection,26,attention_projection,mh_fast,mh_attention_project_frag_c512,"{""attention_work_h"": 40, ""attention_work_w"": 64, ""channels"": 512, ""ffn_grouped_channels"": 64, ""pointwise_tokens"": 2160, ""shift_x"": 0, ""shift_y"": -4, ""valid_h"": 36, ""valid_w"": 60}",1080,1,1,32,1105920,1,deep-layers topology-1080.csv line 47,,
O048,ours.1080.b027.ffwd.0,ours,1080,b027.ffwd,27,ffwd,c512_m32_deep,split_mix_blocked_h16w_m32,"{""attention_work_h"": 40, ""attention_work_w"": 64, ""channels"": 512, ""ffn_grouped_channels"": 64, ""pointwise_tokens"": 2160, ""shift_x"": 0, ""shift_y"": 0, ""valid_h"": 36, ""valid_w"": 60}",544,1,1,32,557056,1,deep-layers topology-1080.csv line 48,,
O049,ours.1080.b027.ffwd.1,ours,1080,b027.ffwd,27,ffwd,deep_fast,split_ffn_fused_fp8_t8,"{""attention_work_h"": 40, ""attention_work_w"": 64, ""channels"": 512, ""ffn_grouped_channels"": 64, ""pointwise_tokens"": 2160, ""shift_x"": 0, ""shift_y"": 0, ""valid_h"": 36, ""valid_w"": 60}",1080,1,1,128,1105920,1,deep-layers topology-1080.csv line 49,,
O050,ours.1080.b027.ffn_projection.0,ours,1080,b027.ffn_projection,27,ffn_projection,deep_fast,split_projection_frag,"{""attention_work_h"": 40, ""attention_work_w"": 64, ""channels"": 512, ""ffn_grouped_channels"": 64, ""pointwise_tokens"": 2160, ""shift_x"": 0, ""shift_y"": 0, ""valid_h"": 36, ""valid_w"": 60}",1080,1,1,32,1105920,1,deep-layers topology-1080.csv line 50,,
O051,ours.1080.b027.qkv_attention.0,ours,1080,b027.qkv_attention,27,qkv_attention,c512_m32_mh,c512_qkv_attention_compact,"{""attention_heads"": 16, ""attention_work_h"": 40, ""attention_work_w"": 64, ""channels"": 512, ""ffn_grouped_channels"": 64, ""keys_per_window"": 64, ""pointwise_tokens"": 2160, ""shift_x"": 0, ""shift_y"": 0, ""valid_h"": 36, ""valid_w"": 60, ""window_h"": 8, ""window_w"": 8}",640,1,1,64,640,1,deep-layers topology-1080.csv line 51,,
O052,ours.1080.b027.attention_projection.0,ours,1080,b027.attention_projection,27,attention_projection,mh_fast,mh_attention_project_frag_c512,"{""attention_work_h"": 40, ""attention_work_w"": 64, ""channels"": 512, ""ffn_grouped_channels"": 64, ""pointwise_tokens"": 2160, ""shift_x"": 0, ""shift_y"": 0, ""valid_h"": 36, ""valid_w"": 60}",1080,1,1,32,1105920,1,deep-layers topology-1080.csv line 52,,
O053,ours.1080.b028.ffwd.0,ours,1080,b028.ffwd,28,ffwd,c512_m32_deep,split_mix_blocked_h16w_m32,"{""attention_work_h"": 40, ""attention_work_w"": 64, ""channels"": 512, ""ffn_grouped_channels"": 64, ""pointwise_tokens"": 2160, ""shift_x"": -4, ""shift_y"": -4, ""valid_h"": 36, ""valid_w"": 60}",544,1,1,32,557056,1,deep-layers topology-1080.csv line 53,,
O054,ours.1080.b028.ffwd.1,ours,1080,b028.ffwd,28,ffwd,deep_fast,split_ffn_fused_fp8_t8,"{""attention_work_h"": 40, ""attention_work_w"": 64, ""channels"": 512, ""ffn_grouped_channels"": 64, ""pointwise_tokens"": 2160, ""shift_x"": -4, ""shift_y"": -4, ""valid_h"": 36, ""valid_w"": 60}",1080,1,1,128,1105920,1,deep-layers topology-1080.csv line 54,,
O055,ours.1080.b028.ffn_projection.0,ours,1080,b028.ffn_projection,28,ffn_projection,deep_fast,split_projection_frag,"{""attention_work_h"": 40, ""attention_work_w"": 64, ""channels"": 512, ""ffn_grouped_channels"": 64, ""pointwise_tokens"": 2160, ""shift_x"": -4, ""shift_y"": -4, ""valid_h"": 36, ""valid_w"": 60}",1080,1,1,32,1105920,1,deep-layers topology-1080.csv line 55,,
O056,ours.1080.b028.qkv_attention.0,ours,1080,b028.qkv_attention,28,qkv_attention,c512_m32_mh,c512_qkv_attention_compact,"{""attention_heads"": 16, ""attention_work_h"": 40, ""attention_work_w"": 64, ""channels"": 512, ""ffn_grouped_channels"": 64, ""keys_per_window"": 64, ""pointwise_tokens"": 2160, ""shift_x"": -4, ""shift_y"": -4, ""valid_h"": 36, ""valid_w"": 60, ""window_h"": 8, ""window_w"": 8}",640,1,1,64,640,1,deep-layers topology-1080.csv line 56,,
O057,ours.1080.b028.attention_projection.0,ours,1080,b028.attention_projection,28,attention_projection,mh_fast,mh_attention_project_frag_c512,"{""attention_work_h"": 40, ""attention_work_w"": 64, ""channels"": 512, ""ffn_grouped_channels"": 64, ""pointwise_tokens"": 2160, ""shift_x"": -4, ""shift_y"": -4, ""valid_h"": 36, ""valid_w"": 60}",1080,1,1,32,1105920,1,deep-layers topology-1080.csv line 57,,
O058,ours.1080.b029.ffwd.0,ours,1080,b029.ffwd,29,ffwd,c512_m32_deep,split_mix_blocked_h16w_m32,"{""attention_work_h"": 40, ""attention_work_w"": 64, ""channels"": 512, ""ffn_grouped_channels"": 64, ""pointwise_tokens"": 2160, ""shift_x"": -4, ""shift_y"": 0, ""valid_h"": 36, ""valid_w"": 60}",544,1,1,32,557056,1,deep-layers topology-1080.csv line 58,,
O059,ours.1080.b029.ffwd.1,ours,1080,b029.ffwd,29,ffwd,deep_fast,split_ffn_fused_fp8_t8,"{""attention_work_h"": 40, ""attention_work_w"": 64, ""channels"": 512, ""ffn_grouped_channels"": 64, ""pointwise_tokens"": 2160, ""shift_x"": -4, ""shift_y"": 0, ""valid_h"": 36, ""valid_w"": 60}",1080,1,1,128,1105920,1,deep-layers topology-1080.csv line 59,,
O060,ours.1080.b029.ffn_projection.0,ours,1080,b029.ffn_projection,29,ffn_projection,deep_fast,split_projection_frag,"{""attention_work_h"": 40, ""attention_work_w"": 64, ""channels"": 512, ""ffn_grouped_channels"": 64, ""pointwise_tokens"": 2160, ""shift_x"": -4, ""shift_y"": 0, ""valid_h"": 36, ""valid_w"": 60}",1080,1,1,32,1105920,1,deep-layers topology-1080.csv line 60,,
O061,ours.1080.b029.qkv_attention.0,ours,1080,b029.qkv_attention,29,qkv_attention,c512_m32_mh,c512_qkv_attention_compact,"{""attention_heads"": 16, ""attention_work_h"": 40, ""attention_work_w"": 64, ""channels"": 512, ""ffn_grouped_channels"": 64, ""keys_per_window"": 64, ""pointwise_tokens"": 2160, ""shift_x"": -4, ""shift_y"": 0, ""valid_h"": 36, ""valid_w"": 60, ""window_h"": 8, ""window_w"": 8}",640,1,1,64,640,1,deep-layers topology-1080.csv line 61,,
O062,ours.1080.b029.attention_projection.0,ours,1080,b029.attention_projection,29,attention_projection,mh_fast,mh_attention_project_frag_c512,"{""attention_work_h"": 40, ""attention_work_w"": 64, ""channels"": 512, ""ffn_grouped_channels"": 64, ""pointwise_tokens"": 2160, ""shift_x"": -4, ""shift_y"": 0, ""valid_h"": 36, ""valid_w"": 60}",1080,1,1,32,1105920,1,deep-layers topology-1080.csv line 62,,
O063,ours.1080.b030.ffwd.0,ours,1080,b030.head_boundary,30,ffwd,c512_m32_deep,split_mix_blocked_h16w_m32,"{""attention_work_h"": 40, ""attention_work_w"": 64, ""channels"": 512, ""ffn_grouped_channels"": 64, ""pointwise_tokens"": 2160, ""shift_x"": 0, ""shift_y"": -4, ""valid_h"": 36, ""valid_w"": 60}",544,1,1,32,557056,1,deep-layers topology-1080.csv line 63,,
O064,ours.1080.b030.ffwd.1,ours,1080,b030.head_boundary,30,ffwd,deep_fast,split_ffn_fused_fp8_t8,"{""attention_work_h"": 40, ""attention_work_w"": 64, ""channels"": 512, ""ffn_grouped_channels"": 64, ""pointwise_tokens"": 2160, ""shift_x"": 0, ""shift_y"": -4, ""valid_h"": 36, ""valid_w"": 60}",1080,1,1,128,1105920,1,deep-layers topology-1080.csv line 64,,
O065,ours.1080.b030.ffn_projection.0,ours,1080,b030.head_boundary,30,ffn_projection,deep_fast,split_projection_frag,"{""attention_work_h"": 40, ""attention_work_w"": 64, ""channels"": 512, ""ffn_grouped_channels"": 64, ""pointwise_tokens"": 2160, ""shift_x"": 0, ""shift_y"": -4, ""valid_h"": 36, ""valid_w"": 60}",1080,1,1,32,1105920,1,deep-layers topology-1080.csv line 65,,
O066,ours.1080.b030.qkv_attention.0,ours,1080,b030.head_boundary,30,qkv_attention,c512_m32_mh,c512_qkv_attention_compact,"{""attention_heads"": 16, ""attention_work_h"": 40, ""attention_work_w"": 64, ""channels"": 512, ""ffn_grouped_channels"": 64, ""keys_per_window"": 64, ""pointwise_tokens"": 2160, ""shift_x"": 0, ""shift_y"": -4, ""valid_h"": 36, ""valid_w"": 60, ""window_h"": 8, ""window_w"": 8}",640,1,1,64,640,1,deep-layers topology-1080.csv line 66,,
O067,ours.1080.b030.attention_projection.0,ours,1080,b030.head_boundary,30,attention_projection,mh_fast,mh_attention_project_frag_c512,"{""attention_work_h"": 40, ""attention_work_w"": 64, ""channels"": 512, ""ffn_grouped_channels"": 64, ""pointwise_tokens"": 2160, ""shift_x"": 0, ""shift_y"": -4, ""valid_h"": 36, ""valid_w"": 60}",1080,1,1,32,1105920,1,deep-layers topology-1080.csv line 67,,
O068,ours.1080.b030.head.0,ours,1080,b030.head_boundary,30,head,mh,mh_pool,"{""channels"": 512, ""input_channels"": 512, ""input_h"": 36, ""input_w"": 60, ""output_channels"": 1024, ""output_h"": 20, ""output_w"": 32, ""token_grid_h"": 20, ""token_grid_w"": 32, ""tokens"": 640, ""valid_h"": 36, ""valid_w"": 60, ""vit_padded_tokens"": 640, ""vit_valid_tokens"": 640}",1280,1,1,256,327680,1,deep-layers topology-1080.csv line 68,,
O069,ours.1080.b030.head.1,ours,1080,b030.head_boundary,30,head,mh_fast,mh_pool_project_production_h16w,"{""channels"": 512, ""input_channels"": 512, ""input_h"": 36, ""input_w"": 60, ""output_channels"": 1024, ""output_h"": 20, ""output_w"": 32, ""token_grid_h"": 20, ""token_grid_w"": 32, ""tokens"": 640, ""valid_h"": 36, ""valid_w"": 60, ""vit_padded_tokens"": 640, ""vit_valid_tokens"": 640}",2560,1,1,32,655360,1,deep-layers topology-1080.csv line 69,,
O070,ours.1080.b030.entry_gather.0,ours,1080,vit.entry,30,entry_gather,deep,vit_gather,"{""channels"": 1024, ""ffn_grouped_channels"": 64, ""pointwise_tokens"": 2160, ""token_grid_h"": 20, ""token_grid_w"": 32, ""tokens"": 640, ""valid_h"": 20, ""valid_w"": 32, ""vit_padded_tokens"": 640, ""vit_valid_tokens"": 640}",2560,1,1,256,655360,1,deep-layers topology-1080.csv line 70,,
O071,ours.1080.b031.expand.0,ours,1080,b031.expand,31,expand,deep_fast,vit_pack_input,"{""channels"": 1024, ""matrix_k"": 1024, ""matrix_n"": 4096, ""token_grid_h"": 20, ""token_grid_w"": 32, ""tokens"": 640, ""valid_h"": 20, ""valid_w"": 32, ""vit_padded_tokens"": 640, ""vit_valid_tokens"": 640}",640,1,1,256,163840,1,deep-layers topology-1080.csv line 71,,
O072,ours.1080.b031.expand.1,ours,1080,b031.expand,31,expand,deep_fast,vit_expand_blocked_fp8_frag_bytein,"{""channels"": 1024, ""matrix_k"": 1024, ""matrix_n"": 4096, ""token_grid_h"": 20, ""token_grid_w"": 32, ""tokens"": 640, ""valid_h"": 20, ""valid_w"": 32, ""vit_padded_tokens"": 640, ""vit_valid_tokens"": 640}",2560,1,1,32,2621440,1,deep-layers topology-1080.csv line 72,,
O073,ours.1080.b031.contract.0,ours,1080,b031.contract,31,contract,vit_stream,vit_stream_contract_frag_hout,"{""channels"": 1024, ""matrix_k"": 4096, ""matrix_n"": 1024, ""token_grid_h"": 20, ""token_grid_w"": 32, ""tokens"": 640, ""valid_h"": 20, ""valid_w"": 32, ""vit_padded_tokens"": 640, ""vit_valid_tokens"": 640}",640,1,1,32,655360,1,deep-layers topology-1080.csv line 73,,
O074,ours.1080.b031.qkv.0,ours,1080,b031.qkv,31,qkv,vit_stream,vit_stream_qkv_frag_hin,"{""channels"": 1024, ""matrix_k"": 1024, ""matrix_n"": 3072, ""token_grid_h"": 20, ""token_grid_w"": 32, ""tokens"": 640, ""valid_h"": 20, ""valid_w"": 32, ""vit_padded_tokens"": 640, ""vit_valid_tokens"": 640}",3840,1,1,32,1966080,1,deep-layers topology-1080.csv line 74,,
O075,ours.1080.b031.attention.0,ours,1080,b031.attention,31,attention,deep_fast,vit_attention_fused_640_bytein_bout,"{""channels"": 1024, ""head_channels"": 32, ""heads"": 32, ""keys"": 640, ""token_grid_h"": 20, ""token_grid_w"": 32, ""tokens"": 640, ""valid_h"": 20, ""valid_w"": 32, ""vit_padded_tokens"": 640, ""vit_valid_tokens"": 640}",1280,1,1,32,327680,1,deep-layers topology-1080.csv line 75,,
O076,ours.1080.b031.projection.0,ours,1080,b031.projection,31,projection,vit_stream,vit_stream_project_n64_bh,"{""channels"": 1024, ""matrix_k"": 1024, ""matrix_n"": 1024, ""token_grid_h"": 20, ""token_grid_w"": 32, ""tokens"": 640, ""valid_h"": 20, ""valid_w"": 32, ""vit_padded_tokens"": 640, ""vit_valid_tokens"": 640}",640,1,1,32,655360,1,deep-layers topology-1080.csv line 76,,
O077,ours.1080.b032.expand.0,ours,1080,b032.expand,32,expand,deep_fast,vit_pack_input,"{""channels"": 1024, ""matrix_k"": 1024, ""matrix_n"": 4096, ""token_grid_h"": 20, ""token_grid_w"": 32, ""tokens"": 640, ""valid_h"": 20, ""valid_w"": 32, ""vit_padded_tokens"": 640, ""vit_valid_tokens"": 640}",640,1,1,256,163840,1,deep-layers topology-1080.csv line 77,,
O078,ours.1080.b032.expand.1,ours,1080,b032.expand,32,expand,deep_fast,vit_expand_blocked_fp8_frag_bytein,"{""channels"": 1024, ""matrix_k"": 1024, ""matrix_n"": 4096, ""token_grid_h"": 20, ""token_grid_w"": 32, ""tokens"": 640, ""valid_h"": 20, ""valid_w"": 32, ""vit_padded_tokens"": 640, ""vit_valid_tokens"": 640}",2560,1,1,32,2621440,1,deep-layers topology-1080.csv line 78,,
O079,ours.1080.b032.contract.0,ours,1080,b032.contract,32,contract,vit_stream,vit_stream_contract_frag_hout,"{""channels"": 1024, ""matrix_k"": 4096, ""matrix_n"": 1024, ""token_grid_h"": 20, ""token_grid_w"": 32, ""tokens"": 640, ""valid_h"": 20, ""valid_w"": 32, ""vit_padded_tokens"": 640, ""vit_valid_tokens"": 640}",640,1,1,32,655360,1,deep-layers topology-1080.csv line 79,,
O080,ours.1080.b032.qkv.0,ours,1080,b032.qkv,32,qkv,vit_stream,vit_stream_qkv_frag_hin,"{""channels"": 1024, ""matrix_k"": 1024, ""matrix_n"": 3072, ""token_grid_h"": 20, ""token_grid_w"": 32, ""tokens"": 640, ""valid_h"": 20, ""valid_w"": 32, ""vit_padded_tokens"": 640, ""vit_valid_tokens"": 640}",3840,1,1,32,1966080,1,deep-layers topology-1080.csv line 80,,
O081,ours.1080.b032.attention.0,ours,1080,b032.attention,32,attention,deep_fast,vit_attention_fused_640_bytein_bout,"{""channels"": 1024, ""head_channels"": 32, ""heads"": 32, ""keys"": 640, ""token_grid_h"": 20, ""token_grid_w"": 32, ""tokens"": 640, ""valid_h"": 20, ""valid_w"": 32, ""vit_padded_tokens"": 640, ""vit_valid_tokens"": 640}",1280,1,1,32,327680,1,deep-layers topology-1080.csv line 81,,
O082,ours.1080.b032.projection.0,ours,1080,b032.projection,32,projection,vit_stream,vit_stream_project_n64_bh,"{""channels"": 1024, ""matrix_k"": 1024, ""matrix_n"": 1024, ""token_grid_h"": 20, ""token_grid_w"": 32, ""tokens"": 640, ""valid_h"": 20, ""valid_w"": 32, ""vit_padded_tokens"": 640, ""vit_valid_tokens"": 640}",640,1,1,32,655360,1,deep-layers topology-1080.csv line 82,,
O083,ours.1080.b033.expand.0,ours,1080,b033.expand,33,expand,deep_fast,vit_pack_input,"{""channels"": 1024, ""matrix_k"": 1024, ""matrix_n"": 4096, ""token_grid_h"": 20, ""token_grid_w"": 32, ""tokens"": 640, ""valid_h"": 20, ""valid_w"": 32, ""vit_padded_tokens"": 640, ""vit_valid_tokens"": 640}",640,1,1,256,163840,1,deep-layers topology-1080.csv line 83,,
O084,ours.1080.b033.expand.1,ours,1080,b033.expand,33,expand,deep_fast,vit_expand_blocked_fp8_frag_bytein,"{""channels"": 1024, ""matrix_k"": 1024, ""matrix_n"": 4096, ""token_grid_h"": 20, ""token_grid_w"": 32, ""tokens"": 640, ""valid_h"": 20, ""valid_w"": 32, ""vit_padded_tokens"": 640, ""vit_valid_tokens"": 640}",2560,1,1,32,2621440,1,deep-layers topology-1080.csv line 84,,
O085,ours.1080.b033.contract.0,ours,1080,b033.contract,33,contract,vit_stream,vit_stream_contract_frag_hout,"{""channels"": 1024, ""matrix_k"": 4096, ""matrix_n"": 1024, ""token_grid_h"": 20, ""token_grid_w"": 32, ""tokens"": 640, ""valid_h"": 20, ""valid_w"": 32, ""vit_padded_tokens"": 640, ""vit_valid_tokens"": 640}",640,1,1,32,655360,1,deep-layers topology-1080.csv line 85,,
O086,ours.1080.b033.qkv.0,ours,1080,b033.qkv,33,qkv,vit_stream,vit_stream_qkv_frag_hin,"{""channels"": 1024, ""matrix_k"": 1024, ""matrix_n"": 3072, ""token_grid_h"": 20, ""token_grid_w"": 32, ""tokens"": 640, ""valid_h"": 20, ""valid_w"": 32, ""vit_padded_tokens"": 640, ""vit_valid_tokens"": 640}",3840,1,1,32,1966080,1,deep-layers topology-1080.csv line 86,,
O087,ours.1080.b033.attention.0,ours,1080,b033.attention,33,attention,deep_fast,vit_attention_fused_640_bytein_bout,"{""channels"": 1024, ""head_channels"": 32, ""heads"": 32, ""keys"": 640, ""token_grid_h"": 20, ""token_grid_w"": 32, ""tokens"": 640, ""valid_h"": 20, ""valid_w"": 32, ""vit_padded_tokens"": 640, ""vit_valid_tokens"": 640}",1280,1,1,32,327680,1,deep-layers topology-1080.csv line 87,,
O088,ours.1080.b033.projection.0,ours,1080,b033.projection,33,projection,vit_stream,vit_stream_project_n64_bh,"{""channels"": 1024, ""matrix_k"": 1024, ""matrix_n"": 1024, ""token_grid_h"": 20, ""token_grid_w"": 32, ""tokens"": 640, ""valid_h"": 20, ""valid_w"": 32, ""vit_padded_tokens"": 640, ""vit_valid_tokens"": 640}",640,1,1,32,655360,1,deep-layers topology-1080.csv line 88,,
O089,ours.1080.b034.expand.0,ours,1080,b034.expand,34,expand,deep_fast,vit_pack_input,"{""channels"": 1024, ""matrix_k"": 1024, ""matrix_n"": 4096, ""token_grid_h"": 20, ""token_grid_w"": 32, ""tokens"": 640, ""valid_h"": 20, ""valid_w"": 32, ""vit_padded_tokens"": 640, ""vit_valid_tokens"": 640}",640,1,1,256,163840,1,deep-layers topology-1080.csv line 89,,
O090,ours.1080.b034.expand.1,ours,1080,b034.expand,34,expand,deep_fast,vit_expand_blocked_fp8_frag_bytein,"{""channels"": 1024, ""matrix_k"": 1024, ""matrix_n"": 4096, ""token_grid_h"": 20, ""token_grid_w"": 32, ""tokens"": 640, ""valid_h"": 20, ""valid_w"": 32, ""vit_padded_tokens"": 640, ""vit_valid_tokens"": 640}",2560,1,1,32,2621440,1,deep-layers topology-1080.csv line 90,,
O091,ours.1080.b034.contract.0,ours,1080,b034.contract,34,contract,vit_stream,vit_stream_contract_frag_hout,"{""channels"": 1024, ""matrix_k"": 4096, ""matrix_n"": 1024, ""token_grid_h"": 20, ""token_grid_w"": 32, ""tokens"": 640, ""valid_h"": 20, ""valid_w"": 32, ""vit_padded_tokens"": 640, ""vit_valid_tokens"": 640}",640,1,1,32,655360,1,deep-layers topology-1080.csv line 91,,
O092,ours.1080.b034.qkv.0,ours,1080,b034.qkv,34,qkv,vit_stream,vit_stream_qkv_frag_hin,"{""channels"": 1024, ""matrix_k"": 1024, ""matrix_n"": 3072, ""token_grid_h"": 20, ""token_grid_w"": 32, ""tokens"": 640, ""valid_h"": 20, ""valid_w"": 32, ""vit_padded_tokens"": 640, ""vit_valid_tokens"": 640}",3840,1,1,32,1966080,1,deep-layers topology-1080.csv line 92,,
O093,ours.1080.b034.attention.0,ours,1080,b034.attention,34,attention,deep_fast,vit_attention_fused_640_bytein_bout,"{""channels"": 1024, ""head_channels"": 32, ""heads"": 32, ""keys"": 640, ""token_grid_h"": 20, ""token_grid_w"": 32, ""tokens"": 640, ""valid_h"": 20, ""valid_w"": 32, ""vit_padded_tokens"": 640, ""vit_valid_tokens"": 640}",1280,1,1,32,327680,1,deep-layers topology-1080.csv line 93,,
O094,ours.1080.b034.projection.0,ours,1080,b034.projection,34,projection,vit_stream,vit_stream_project_n64_bh,"{""channels"": 1024, ""matrix_k"": 1024, ""matrix_n"": 1024, ""token_grid_h"": 20, ""token_grid_w"": 32, ""tokens"": 640, ""valid_h"": 20, ""valid_w"": 32, ""vit_padded_tokens"": 640, ""vit_valid_tokens"": 640}",640,1,1,32,655360,1,deep-layers topology-1080.csv line 94,,
O095,ours.1080.b035.expand.0,ours,1080,b035.expand,35,expand,deep_fast,vit_pack_input,"{""channels"": 1024, ""matrix_k"": 1024, ""matrix_n"": 4096, ""token_grid_h"": 20, ""token_grid_w"": 32, ""tokens"": 640, ""valid_h"": 20, ""valid_w"": 32, ""vit_padded_tokens"": 640, ""vit_valid_tokens"": 640}",640,1,1,256,163840,1,deep-layers topology-1080.csv line 95,,
O096,ours.1080.b035.expand.1,ours,1080,b035.expand,35,expand,deep_fast,vit_expand_blocked_fp8_frag_bytein,"{""channels"": 1024, ""matrix_k"": 1024, ""matrix_n"": 4096, ""token_grid_h"": 20, ""token_grid_w"": 32, ""tokens"": 640, ""valid_h"": 20, ""valid_w"": 32, ""vit_padded_tokens"": 640, ""vit_valid_tokens"": 640}",2560,1,1,32,2621440,1,deep-layers topology-1080.csv line 96,,
O097,ours.1080.b035.contract.0,ours,1080,b035.contract,35,contract,vit_stream,vit_stream_contract_frag_hout,"{""channels"": 1024, ""matrix_k"": 4096, ""matrix_n"": 1024, ""token_grid_h"": 20, ""token_grid_w"": 32, ""tokens"": 640, ""valid_h"": 20, ""valid_w"": 32, ""vit_padded_tokens"": 640, ""vit_valid_tokens"": 640}",640,1,1,32,655360,1,deep-layers topology-1080.csv line 97,,
O098,ours.1080.b035.qkv.0,ours,1080,b035.qkv,35,qkv,vit_stream,vit_stream_qkv_frag_hin,"{""channels"": 1024, ""matrix_k"": 1024, ""matrix_n"": 3072, ""token_grid_h"": 20, ""token_grid_w"": 32, ""tokens"": 640, ""valid_h"": 20, ""valid_w"": 32, ""vit_padded_tokens"": 640, ""vit_valid_tokens"": 640}",3840,1,1,32,1966080,1,deep-layers topology-1080.csv line 98,,
O099,ours.1080.b035.attention.0,ours,1080,b035.attention,35,attention,deep_fast,vit_attention_fused_640_bytein_bout,"{""channels"": 1024, ""head_channels"": 32, ""heads"": 32, ""keys"": 640, ""token_grid_h"": 20, ""token_grid_w"": 32, ""tokens"": 640, ""valid_h"": 20, ""valid_w"": 32, ""vit_padded_tokens"": 640, ""vit_valid_tokens"": 640}",1280,1,1,32,327680,1,deep-layers topology-1080.csv line 99,,
O100,ours.1080.b035.projection.0,ours,1080,b035.projection,35,projection,vit_stream,vit_stream_project_n64_bh,"{""channels"": 1024, ""matrix_k"": 1024, ""matrix_n"": 1024, ""token_grid_h"": 20, ""token_grid_w"": 32, ""tokens"": 640, ""valid_h"": 20, ""valid_w"": 32, ""vit_padded_tokens"": 640, ""vit_valid_tokens"": 640}",640,1,1,32,655360,1,deep-layers topology-1080.csv line 100,,
O101,ours.1080.b036.expand.0,ours,1080,b036.expand,36,expand,deep_fast,vit_pack_input,"{""channels"": 1024, ""matrix_k"": 1024, ""matrix_n"": 4096, ""token_grid_h"": 20, ""token_grid_w"": 32, ""tokens"": 640, ""valid_h"": 20, ""valid_w"": 32, ""vit_padded_tokens"": 640, ""vit_valid_tokens"": 640}",640,1,1,256,163840,1,deep-layers topology-1080.csv line 101,,
O102,ours.1080.b036.expand.1,ours,1080,b036.expand,36,expand,deep_fast,vit_expand_blocked_fp8_frag_bytein,"{""channels"": 1024, ""matrix_k"": 1024, ""matrix_n"": 4096, ""token_grid_h"": 20, ""token_grid_w"": 32, ""tokens"": 640, ""valid_h"": 20, ""valid_w"": 32, ""vit_padded_tokens"": 640, ""vit_valid_tokens"": 640}",2560,1,1,32,2621440,1,deep-layers topology-1080.csv line 102,,
O103,ours.1080.b036.contract.0,ours,1080,b036.contract,36,contract,vit_stream,vit_stream_contract_frag_hout,"{""channels"": 1024, ""matrix_k"": 4096, ""matrix_n"": 1024, ""token_grid_h"": 20, ""token_grid_w"": 32, ""tokens"": 640, ""valid_h"": 20, ""valid_w"": 32, ""vit_padded_tokens"": 640, ""vit_valid_tokens"": 640}",640,1,1,32,655360,1,deep-layers topology-1080.csv line 103,,
O104,ours.1080.b036.qkv.0,ours,1080,b036.qkv,36,qkv,vit_stream,vit_stream_qkv_frag_hin,"{""channels"": 1024, ""matrix_k"": 1024, ""matrix_n"": 3072, ""token_grid_h"": 20, ""token_grid_w"": 32, ""tokens"": 640, ""valid_h"": 20, ""valid_w"": 32, ""vit_padded_tokens"": 640, ""vit_valid_tokens"": 640}",3840,1,1,32,1966080,1,deep-layers topology-1080.csv line 104,,
O105,ours.1080.b036.attention.0,ours,1080,b036.attention,36,attention,deep_fast,vit_attention_fused_640_bytein_bout,"{""channels"": 1024, ""head_channels"": 32, ""heads"": 32, ""keys"": 640, ""token_grid_h"": 20, ""token_grid_w"": 32, ""tokens"": 640, ""valid_h"": 20, ""valid_w"": 32, ""vit_padded_tokens"": 640, ""vit_valid_tokens"": 640}",1280,1,1,32,327680,1,deep-layers topology-1080.csv line 105,,
O106,ours.1080.b036.projection.0,ours,1080,b036.projection,36,projection,vit_stream,vit_stream_project_n64_bh,"{""channels"": 1024, ""matrix_k"": 1024, ""matrix_n"": 1024, ""token_grid_h"": 20, ""token_grid_w"": 32, ""tokens"": 640, ""valid_h"": 20, ""valid_w"": 32, ""vit_padded_tokens"": 640, ""vit_valid_tokens"": 640}",640,1,1,32,655360,1,deep-layers topology-1080.csv line 106,,
O107,ours.1080.b037.expand.0,ours,1080,b037.expand,37,expand,deep_fast,vit_pack_input,"{""channels"": 1024, ""matrix_k"": 1024, ""matrix_n"": 4096, ""token_grid_h"": 20, ""token_grid_w"": 32, ""tokens"": 640, ""valid_h"": 20, ""valid_w"": 32, ""vit_padded_tokens"": 640, ""vit_valid_tokens"": 640}",640,1,1,256,163840,1,deep-layers topology-1080.csv line 107,,
O108,ours.1080.b037.expand.1,ours,1080,b037.expand,37,expand,deep_fast,vit_expand_blocked_fp8_frag_bytein,"{""channels"": 1024, ""matrix_k"": 1024, ""matrix_n"": 4096, ""token_grid_h"": 20, ""token_grid_w"": 32, ""tokens"": 640, ""valid_h"": 20, ""valid_w"": 32, ""vit_padded_tokens"": 640, ""vit_valid_tokens"": 640}",2560,1,1,32,2621440,1,deep-layers topology-1080.csv line 108,,
O109,ours.1080.b037.contract.0,ours,1080,b037.contract,37,contract,vit_stream,vit_stream_contract_frag_hout,"{""channels"": 1024, ""matrix_k"": 4096, ""matrix_n"": 1024, ""token_grid_h"": 20, ""token_grid_w"": 32, ""tokens"": 640, ""valid_h"": 20, ""valid_w"": 32, ""vit_padded_tokens"": 640, ""vit_valid_tokens"": 640}",640,1,1,32,655360,1,deep-layers topology-1080.csv line 109,,
O110,ours.1080.b037.qkv.0,ours,1080,b037.qkv,37,qkv,vit_stream,vit_stream_qkv_frag_hin,"{""channels"": 1024, ""matrix_k"": 1024, ""matrix_n"": 3072, ""token_grid_h"": 20, ""token_grid_w"": 32, ""tokens"": 640, ""valid_h"": 20, ""valid_w"": 32, ""vit_padded_tokens"": 640, ""vit_valid_tokens"": 640}",3840,1,1,32,1966080,1,deep-layers topology-1080.csv line 110,,
O111,ours.1080.b037.attention.0,ours,1080,b037.attention,37,attention,deep_fast,vit_attention_fused_640_bytein_bout,"{""channels"": 1024, ""head_channels"": 32, ""heads"": 32, ""keys"": 640, ""token_grid_h"": 20, ""token_grid_w"": 32, ""tokens"": 640, ""valid_h"": 20, ""valid_w"": 32, ""vit_padded_tokens"": 640, ""vit_valid_tokens"": 640}",1280,1,1,32,327680,1,deep-layers topology-1080.csv line 111,,
O112,ours.1080.b037.projection.0,ours,1080,b037.projection,37,projection,vit_stream,vit_stream_project_n64_bh,"{""channels"": 1024, ""matrix_k"": 1024, ""matrix_n"": 1024, ""token_grid_h"": 20, ""token_grid_w"": 32, ""tokens"": 640, ""valid_h"": 20, ""valid_w"": 32, ""vit_padded_tokens"": 640, ""vit_valid_tokens"": 640}",640,1,1,32,655360,1,deep-layers topology-1080.csv line 112,,
O113,ours.1080.b038.expand.0,ours,1080,b038.expand,38,expand,deep_fast,vit_pack_input,"{""channels"": 1024, ""matrix_k"": 1024, ""matrix_n"": 4096, ""token_grid_h"": 20, ""token_grid_w"": 32, ""tokens"": 640, ""valid_h"": 20, ""valid_w"": 32, ""vit_padded_tokens"": 640, ""vit_valid_tokens"": 640}",640,1,1,256,163840,1,deep-layers topology-1080.csv line 113,,
O114,ours.1080.b038.expand.1,ours,1080,b038.expand,38,expand,deep_fast,vit_expand_blocked_fp8_frag_bytein,"{""channels"": 1024, ""matrix_k"": 1024, ""matrix_n"": 4096, ""token_grid_h"": 20, ""token_grid_w"": 32, ""tokens"": 640, ""valid_h"": 20, ""valid_w"": 32, ""vit_padded_tokens"": 640, ""vit_valid_tokens"": 640}",2560,1,1,32,2621440,1,deep-layers topology-1080.csv line 114,,
O115,ours.1080.b038.contract.0,ours,1080,b038.contract,38,contract,vit_stream,vit_stream_contract_frag_hout,"{""channels"": 1024, ""matrix_k"": 4096, ""matrix_n"": 1024, ""token_grid_h"": 20, ""token_grid_w"": 32, ""tokens"": 640, ""valid_h"": 20, ""valid_w"": 32, ""vit_padded_tokens"": 640, ""vit_valid_tokens"": 640}",640,1,1,32,655360,1,deep-layers topology-1080.csv line 115,,
O116,ours.1080.b038.qkv.0,ours,1080,b038.qkv,38,qkv,vit_stream,vit_stream_qkv_frag_hin,"{""channels"": 1024, ""matrix_k"": 1024, ""matrix_n"": 3072, ""token_grid_h"": 20, ""token_grid_w"": 32, ""tokens"": 640, ""valid_h"": 20, ""valid_w"": 32, ""vit_padded_tokens"": 640, ""vit_valid_tokens"": 640}",3840,1,1,32,1966080,1,deep-layers topology-1080.csv line 116,,
O117,ours.1080.b038.attention.0,ours,1080,b038.attention,38,attention,deep_fast,vit_attention_fused_640_bytein_bout,"{""channels"": 1024, ""head_channels"": 32, ""heads"": 32, ""keys"": 640, ""token_grid_h"": 20, ""token_grid_w"": 32, ""tokens"": 640, ""valid_h"": 20, ""valid_w"": 32, ""vit_padded_tokens"": 640, ""vit_valid_tokens"": 640}",1280,1,1,32,327680,1,deep-layers topology-1080.csv line 117,,
O118,ours.1080.b038.projection.0,ours,1080,b038.projection,38,projection,vit_stream,vit_stream_project_n64_bh,"{""channels"": 1024, ""matrix_k"": 1024, ""matrix_n"": 1024, ""token_grid_h"": 20, ""token_grid_w"": 32, ""tokens"": 640, ""valid_h"": 20, ""valid_w"": 32, ""vit_padded_tokens"": 640, ""vit_valid_tokens"": 640}",640,1,1,32,655360,1,deep-layers topology-1080.csv line 118,,
O119,ours.1080.b038.exit_gather.0,ours,1080,vit.exit,38,exit_gather,deep,vit_gather,"{""channels"": 1024, ""token_grid_h"": 20, ""token_grid_w"": 32, ""tokens"": 640, ""valid_h"": 20, ""valid_w"": 32, ""vit_padded_tokens"": 640, ""vit_valid_tokens"": 640}",2560,1,1,256,655360,1,deep-layers topology-1080.csv line 119,,
O120,ours.1080.b039.up.0,ours,1080,b039.up,39,up,deep_fast,decoder_project2x_h16w,"{""channels"": 512, ""input_channels"": 1024, ""input_grid_h"": 20, ""input_grid_w"": 32, ""output_channels"": 512, ""output_grid_h"": 36, ""output_grid_w"": 60, ""valid_h"": 36, ""valid_w"": 60}",1280,1,1,32,327680,1,deep-layers topology-1080.csv line 120,,
O121,ours.1080.b040.ffwd.0,ours,1080,b040.ffwd,40,ffwd,c512_m32_deep,split_mix_blocked_h16w_m32,"{""attention_work_h"": 40, ""attention_work_w"": 64, ""channels"": 512, ""ffn_grouped_channels"": 64, ""pointwise_tokens"": 2160, ""shift_x"": 0, ""shift_y"": 0, ""valid_h"": 36, ""valid_w"": 60}",544,1,1,32,557056,1,deep-layers topology-1080.csv line 121,,
O122,ours.1080.b040.ffwd.1,ours,1080,b040.ffwd,40,ffwd,deep_fast,split_ffn_fused_fp8_t8,"{""attention_work_h"": 40, ""attention_work_w"": 64, ""channels"": 512, ""ffn_grouped_channels"": 64, ""pointwise_tokens"": 2160, ""shift_x"": 0, ""shift_y"": 0, ""valid_h"": 36, ""valid_w"": 60}",1080,1,1,128,1105920,1,deep-layers topology-1080.csv line 122,,
O123,ours.1080.b040.ffn_projection.0,ours,1080,b040.ffn_projection,40,ffn_projection,deep_fast,split_projection_frag,"{""attention_work_h"": 40, ""attention_work_w"": 64, ""channels"": 512, ""ffn_grouped_channels"": 64, ""pointwise_tokens"": 2160, ""shift_x"": 0, ""shift_y"": 0, ""valid_h"": 36, ""valid_w"": 60}",1080,1,1,32,1105920,1,deep-layers topology-1080.csv line 123,,
O124,ours.1080.b040.qkv_attention.0,ours,1080,b040.qkv_attention,40,qkv_attention,c512_m32_mh,c512_qkv_attention_compact,"{""attention_heads"": 16, ""attention_work_h"": 40, ""attention_work_w"": 64, ""channels"": 512, ""ffn_grouped_channels"": 64, ""keys_per_window"": 64, ""pointwise_tokens"": 2160, ""shift_x"": 0, ""shift_y"": 0, ""valid_h"": 36, ""valid_w"": 60, ""window_h"": 8, ""window_w"": 8}",640,1,1,64,640,1,deep-layers topology-1080.csv line 124,,
O125,ours.1080.b040.attention_projection.0,ours,1080,b040.attention_projection,40,attention_projection,mh_fast,mh_attention_project_frag_c512,"{""attention_work_h"": 40, ""attention_work_w"": 64, ""channels"": 512, ""ffn_grouped_channels"": 64, ""pointwise_tokens"": 2160, ""shift_x"": 0, ""shift_y"": 0, ""valid_h"": 36, ""valid_w"": 60}",1080,1,1,32,1105920,1,deep-layers topology-1080.csv line 125,,
O126,ours.1080.b041.ffwd.0,ours,1080,b041.ffwd,41,ffwd,c512_m32_deep,split_mix_blocked_h16w_m32,"{""attention_work_h"": 40, ""attention_work_w"": 64, ""channels"": 512, ""ffn_grouped_channels"": 64, ""pointwise_tokens"": 2160, ""shift_x"": -4, ""shift_y"": -4, ""valid_h"": 36, ""valid_w"": 60}",544,1,1,32,557056,1,deep-layers topology-1080.csv line 126,,
O127,ours.1080.b041.ffwd.1,ours,1080,b041.ffwd,41,ffwd,deep_fast,split_ffn_fused_fp8_t8,"{""attention_work_h"": 40, ""attention_work_w"": 64, ""channels"": 512, ""ffn_grouped_channels"": 64, ""pointwise_tokens"": 2160, ""shift_x"": -4, ""shift_y"": -4, ""valid_h"": 36, ""valid_w"": 60}",1080,1,1,128,1105920,1,deep-layers topology-1080.csv line 127,,
O128,ours.1080.b041.ffn_projection.0,ours,1080,b041.ffn_projection,41,ffn_projection,deep_fast,split_projection_frag,"{""attention_work_h"": 40, ""attention_work_w"": 64, ""channels"": 512, ""ffn_grouped_channels"": 64, ""pointwise_tokens"": 2160, ""shift_x"": -4, ""shift_y"": -4, ""valid_h"": 36, ""valid_w"": 60}",1080,1,1,32,1105920,1,deep-layers topology-1080.csv line 128,,
O129,ours.1080.b041.qkv_attention.0,ours,1080,b041.qkv_attention,41,qkv_attention,c512_m32_mh,c512_qkv_attention_compact,"{""attention_heads"": 16, ""attention_work_h"": 40, ""attention_work_w"": 64, ""channels"": 512, ""ffn_grouped_channels"": 64, ""keys_per_window"": 64, ""pointwise_tokens"": 2160, ""shift_x"": -4, ""shift_y"": -4, ""valid_h"": 36, ""valid_w"": 60, ""window_h"": 8, ""window_w"": 8}",640,1,1,64,640,1,deep-layers topology-1080.csv line 129,,
O130,ours.1080.b041.attention_projection.0,ours,1080,b041.attention_projection,41,attention_projection,mh_fast,mh_attention_project_frag_c512,"{""attention_work_h"": 40, ""attention_work_w"": 64, ""channels"": 512, ""ffn_grouped_channels"": 64, ""pointwise_tokens"": 2160, ""shift_x"": -4, ""shift_y"": -4, ""valid_h"": 36, ""valid_w"": 60}",1080,1,1,32,1105920,1,deep-layers topology-1080.csv line 130,,
O131,ours.1080.b044.ffwd.0,ours,1080,b044.ffwd,44,ffwd,c512_m32_deep,split_mix_blocked_h16w_m32,"{""attention_work_h"": 40, ""attention_work_w"": 64, ""channels"": 512, ""ffn_grouped_channels"": 64, ""pointwise_tokens"": 2160, ""shift_x"": 0, ""shift_y"": 0, ""valid_h"": 36, ""valid_w"": 60}",544,1,1,32,557056,1,deep-layers topology-1080.csv line 131,,
O132,ours.1080.b044.ffwd.1,ours,1080,b044.ffwd,44,ffwd,deep_fast,split_ffn_fused_fp8_t8,"{""attention_work_h"": 40, ""attention_work_w"": 64, ""channels"": 512, ""ffn_grouped_channels"": 64, ""pointwise_tokens"": 2160, ""shift_x"": 0, ""shift_y"": 0, ""valid_h"": 36, ""valid_w"": 60}",1080,1,1,128,1105920,1,deep-layers topology-1080.csv line 132,,
O133,ours.1080.b044.ffn_projection.0,ours,1080,b044.ffn_projection,44,ffn_projection,deep_fast,split_projection_frag,"{""attention_work_h"": 40, ""attention_work_w"": 64, ""channels"": 512, ""ffn_grouped_channels"": 64, ""pointwise_tokens"": 2160, ""shift_x"": 0, ""shift_y"": 0, ""valid_h"": 36, ""valid_w"": 60}",1080,1,1,32,1105920,1,deep-layers topology-1080.csv line 133,,
O134,ours.1080.b044.qkv_attention.0,ours,1080,b044.qkv_attention,44,qkv_attention,c512_m32_mh,c512_qkv_attention_compact,"{""attention_heads"": 16, ""attention_work_h"": 40, ""attention_work_w"": 64, ""channels"": 512, ""ffn_grouped_channels"": 64, ""keys_per_window"": 64, ""pointwise_tokens"": 2160, ""shift_x"": 0, ""shift_y"": 0, ""valid_h"": 36, ""valid_w"": 60, ""window_h"": 8, ""window_w"": 8}",640,1,1,64,640,1,deep-layers topology-1080.csv line 134,,
O135,ours.1080.b044.attention_projection.0,ours,1080,b044.attention_projection,44,attention_projection,mh_fast,mh_attention_project_frag_c512,"{""attention_work_h"": 40, ""attention_work_w"": 64, ""channels"": 512, ""ffn_grouped_channels"": 64, ""pointwise_tokens"": 2160, ""shift_x"": 0, ""shift_y"": 0, ""valid_h"": 36, ""valid_w"": 60}",1080,1,1,32,1105920,1,deep-layers topology-1080.csv line 135,,
O136,ours.1080.b045.ffwd.0,ours,1080,b045.ffwd,45,ffwd,c512_m32_deep,split_mix_blocked_h16w_m32,"{""attention_work_h"": 40, ""attention_work_w"": 64, ""channels"": 512, ""ffn_grouped_channels"": 64, ""pointwise_tokens"": 2160, ""shift_x"": -4, ""shift_y"": -4, ""valid_h"": 36, ""valid_w"": 60}",544,1,1,32,557056,1,deep-layers topology-1080.csv line 136,,
O137,ours.1080.b045.ffwd.1,ours,1080,b045.ffwd,45,ffwd,deep_fast,split_ffn_fused_fp8_t8,"{""attention_work_h"": 40, ""attention_work_w"": 64, ""channels"": 512, ""ffn_grouped_channels"": 64, ""pointwise_tokens"": 2160, ""shift_x"": -4, ""shift_y"": -4, ""valid_h"": 36, ""valid_w"": 60}",1080,1,1,128,1105920,1,deep-layers topology-1080.csv line 137,,
O138,ours.1080.b045.ffn_projection.0,ours,1080,b045.ffn_projection,45,ffn_projection,deep_fast,split_projection_frag,"{""attention_work_h"": 40, ""attention_work_w"": 64, ""channels"": 512, ""ffn_grouped_channels"": 64, ""pointwise_tokens"": 2160, ""shift_x"": -4, ""shift_y"": -4, ""valid_h"": 36, ""valid_w"": 60}",1080,1,1,32,1105920,1,deep-layers topology-1080.csv line 138,,
O139,ours.1080.b045.qkv_attention.0,ours,1080,b045.qkv_attention,45,qkv_attention,c512_m32_mh,c512_qkv_attention_compact,"{""attention_heads"": 16, ""attention_work_h"": 40, ""attention_work_w"": 64, ""channels"": 512, ""ffn_grouped_channels"": 64, ""keys_per_window"": 64, ""pointwise_tokens"": 2160, ""shift_x"": -4, ""shift_y"": -4, ""valid_h"": 36, ""valid_w"": 60, ""window_h"": 8, ""window_w"": 8}",640,1,1,64,640,1,deep-layers topology-1080.csv line 139,,
O140,ours.1080.b045.attention_projection.0,ours,1080,b045.attention_projection,45,attention_projection,mh_fast,mh_attention_project_frag_c512,"{""attention_work_h"": 40, ""attention_work_w"": 64, ""channels"": 512, ""ffn_grouped_channels"": 64, ""pointwise_tokens"": 2160, ""shift_x"": -4, ""shift_y"": -4, ""valid_h"": 36, ""valid_w"": 60}",1080,1,1,32,1105920,1,deep-layers topology-1080.csv line 140,,
O141,ours.1080.b047.ffwd.0,ours,1080,b047-048.boundary,47,ffwd,c512_m32_deep,split_mix_blocked_h16w_m32,"{""attention_work_h"": 40, ""attention_work_w"": 64, ""channels"": 512, ""ffn_grouped_channels"": 64, ""pointwise_tokens"": 2160, ""shift_x"": 0, ""shift_y"": -4, ""valid_h"": 36, ""valid_w"": 60}",544,1,1,32,557056,1,deep-layers topology-1080.csv line 141,,
O142,ours.1080.b047.ffwd.1,ours,1080,b047-048.boundary,47,ffwd,deep_fast,split_ffn_fused_fp8_t8,"{""attention_work_h"": 40, ""attention_work_w"": 64, ""channels"": 512, ""ffn_grouped_channels"": 64, ""pointwise_tokens"": 2160, ""shift_x"": 0, ""shift_y"": -4, ""valid_h"": 36, ""valid_w"": 60}",1080,1,1,128,1105920,1,deep-layers topology-1080.csv line 142,,
O143,ours.1080.b047.ffn_projection.0,ours,1080,b047-048.boundary,47,ffn_projection,deep_fast,split_projection_frag,"{""attention_work_h"": 40, ""attention_work_w"": 64, ""channels"": 512, ""ffn_grouped_channels"": 64, ""pointwise_tokens"": 2160, ""shift_x"": 0, ""shift_y"": -4, ""valid_h"": 36, ""valid_w"": 60}",1080,1,1,32,1105920,1,deep-layers topology-1080.csv line 143,,
O144,ours.1080.b047.qkv_attention.0,ours,1080,b047-048.boundary,47,qkv_attention,c512_m32_mh,c512_qkv_attention_compact,"{""attention_heads"": 16, ""attention_work_h"": 40, ""attention_work_w"": 64, ""channels"": 512, ""ffn_grouped_channels"": 64, ""keys_per_window"": 64, ""pointwise_tokens"": 2160, ""shift_x"": 0, ""shift_y"": -4, ""valid_h"": 36, ""valid_w"": 60, ""window_h"": 8, ""window_w"": 8}",640,1,1,64,640,1,deep-layers topology-1080.csv line 144,,
O145,ours.1080.b047.attention_projection.0,ours,1080,b047-048.boundary,47,attention_projection,mh_fast,mh_attention_project_frag_c512,"{""attention_work_h"": 40, ""attention_work_w"": 64, ""channels"": 512, ""ffn_grouped_channels"": 64, ""pointwise_tokens"": 2160, ""shift_x"": 0, ""shift_y"": -4, ""valid_h"": 36, ""valid_w"": 60}",1080,1,1,32,1105920,1,deep-layers topology-1080.csv line 145,,
O146,ours.1080.b048.up.0,ours,1080,b047-048.boundary,48,up,deep_fast,decoder_project2x_h16w_byteout,"{""attention_work_h"": 72, ""attention_work_w"": 120, ""channels"": 256, ""shift_x"": 0, ""shift_y"": 0, ""upstream_channels"": 512, ""upstream_h"": 36, ""upstream_w"": 60, ""valid_h"": 72, ""valid_w"": 120}",2160,1,1,32,552960,1,deep-layers topology-1080.csv line 146,,
O147,ours.1080.b048.core.0,ours,1080,b047-048.boundary,48,core,c64_wave2,c256_wave2_bi_bo,"{""actual_window_count"": 135, ""attention_work_h"": 72, ""attention_work_w"": 120, ""channels"": 256, ""shift_x"": 0, ""shift_y"": 0, ""upstream_channels"": 512, ""upstream_h"": 36, ""upstream_w"": 60, ""valid_h"": 72, ""valid_w"": 120, ""window_token_capacity"": 8640}",135,1,1,256,135,1,deep-layers topology-1080.csv line 147,,
O148,ours.1080.b049.core.0,ours,1080,b049.core,49,core,c64_wave2,c256_wave2_bi_bo,"{""actual_window_count"": 160, ""attention_work_h"": 80, ""attention_work_w"": 128, ""channels"": 256, ""shift_x"": -4, ""shift_y"": -4, ""valid_h"": 72, ""valid_w"": 120, ""window_token_capacity"": 10240}",160,1,1,256,160,1,deep-layers topology-1080.csv line 148,,
O149,ours.1080.b050.core.0,ours,1080,b050.core,50,core,c64_wave2,c256_wave2_bi_bo,"{""actual_window_count"": 144, ""attention_work_h"": 72, ""attention_work_w"": 128, ""channels"": 256, ""shift_x"": -4, ""shift_y"": 0, ""valid_h"": 72, ""valid_w"": 120, ""window_token_capacity"": 9216}",144,1,1,256,144,1,deep-layers topology-1080.csv line 149,,
O150,ours.1080.b051.core.0,ours,1080,b051.core,51,core,c64_wave2,c256_wave2_bi_bo,"{""actual_window_count"": 150, ""attention_work_h"": 80, ""attention_work_w"": 120, ""channels"": 256, ""shift_x"": 0, ""shift_y"": -4, ""valid_h"": 72, ""valid_w"": 120, ""window_token_capacity"": 9600}",150,1,1,256,150,1,deep-layers topology-1080.csv line 150,,
O151,ours.1080.b052.core.0,ours,1080,b052.core,52,core,c64_wave2,c256_wave2_bi_bo,"{""actual_window_count"": 135, ""attention_work_h"": 72, ""attention_work_w"": 120, ""channels"": 256, ""shift_x"": 0, ""shift_y"": 0, ""valid_h"": 72, ""valid_w"": 120, ""window_token_capacity"": 8640}",135,1,1,256,135,1,deep-layers topology-1080.csv line 151,,
O152,ours.1080.b053.core.0,ours,1080,b053.core,53,core,c64_wave2,c256_wave2_bi_bo,"{""actual_window_count"": 160, ""attention_work_h"": 80, ""attention_work_w"": 128, ""channels"": 256, ""shift_x"": -4, ""shift_y"": -4, ""valid_h"": 72, ""valid_w"": 120, ""window_token_capacity"": 10240}",160,1,1,256,160,1,deep-layers topology-1080.csv line 152,,
O153,ours.1080.b054.core.0,ours,1080,b054.core,54,core,c64_wave2,c256_wave2_bi_bo,"{""actual_window_count"": 144, ""attention_work_h"": 72, ""attention_work_w"": 128, ""channels"": 256, ""shift_x"": -4, ""shift_y"": 0, ""valid_h"": 72, ""valid_w"": 120, ""window_token_capacity"": 9216}",144,1,1,256,144,1,deep-layers topology-1080.csv line 153,,
O154,ours.1080.b055.core.0,ours,1080,b055-056.boundary,55,core,c64_wave2,c256_wave2_bi,"{""actual_window_count"": 150, ""attention_work_h"": 80, ""attention_work_w"": 120, ""channels"": 256, ""shift_x"": 0, ""shift_y"": -4, ""valid_h"": 72, ""valid_w"": 120, ""window_token_capacity"": 9600}",150,1,1,256,150,1,deep-layers topology-1080.csv line 154,,
O155,ours.1080.b056.core.0,ours,1080,b055-056.boundary,56,core,c64_wave2,c128_wave2_up,"{""actual_window_count"": 558, ""attention_work_h"": 144, ""attention_work_w"": 248, ""channels"": 128, ""shift_x"": -4, ""shift_y"": 0, ""upstream_channels"": 256, ""upstream_h"": 72, ""upstream_w"": 120, ""valid_h"": 144, ""valid_w"": 240, ""window_token_capacity"": 35712}",558,1,1,128,558,1,deep-layers topology-1080.csv line 155,,
O156,ours.1080.b057.core.0,ours,1080,b057.core,57,core,c64_wave2,c128_wave2_bi_bo,"{""actual_window_count"": 570, ""attention_work_h"": 152, ""attention_work_w"": 240, ""channels"": 128, ""shift_x"": 0, ""shift_y"": -4, ""valid_h"": 144, ""valid_w"": 240, ""window_token_capacity"": 36480}",570,1,1,128,570,1,deep-layers topology-1080.csv line 156,,
O157,ours.1080.b058.core.0,ours,1080,b058.core,58,core,c64_wave2,c128_wave2_bi_bo,"{""actual_window_count"": 540, ""attention_work_h"": 144, ""attention_work_w"": 240, ""channels"": 128, ""shift_x"": 0, ""shift_y"": 0, ""valid_h"": 144, ""valid_w"": 240, ""window_token_capacity"": 34560}",540,1,1,128,540,1,deep-layers topology-1080.csv line 157,,
O158,ours.1080.b059.core.0,ours,1080,b059.core,59,core,c64_wave2,c128_wave2_bi_bo,"{""actual_window_count"": 589, ""attention_work_h"": 152, ""attention_work_w"": 248, ""channels"": 128, ""shift_x"": -4, ""shift_y"": -4, ""valid_h"": 144, ""valid_w"": 240, ""window_token_capacity"": 37696}",589,1,1,128,589,1,deep-layers topology-1080.csv line 158,,
O159,ours.1080.b060.core.0,ours,1080,b060.core,60,core,c64_wave2,c128_wave2_bi_bo,"{""actual_window_count"": 558, ""attention_work_h"": 144, ""attention_work_w"": 248, ""channels"": 128, ""shift_x"": -4, ""shift_y"": 0, ""valid_h"": 144, ""valid_w"": 240, ""window_token_capacity"": 35712}",558,1,1,128,558,1,deep-layers topology-1080.csv line 159,,
O160,ours.1080.b061.core.0,ours,1080,b061-062.boundary,61,core,c64_wave2,c128_wave2_bi,"{""actual_window_count"": 570, ""attention_work_h"": 152, ""attention_work_w"": 240, ""channels"": 128, ""shift_x"": 0, ""shift_y"": -4, ""valid_h"": 144, ""valid_w"": 240, ""window_token_capacity"": 36480}",570,1,1,128,570,1,deep-layers topology-1080.csv line 160,,
O161,ours.1080.b062.core.0,ours,1080,b061-062.boundary,62,core,c64_wave2,c64_wave2_up,"{""actual_window_count"": 2160, ""attention_work_h"": 288, ""attention_work_w"": 480, ""channels"": 64, ""shift_x"": 0, ""shift_y"": 0, ""upstream_channels"": 128, ""upstream_h"": 144, ""upstream_w"": 240, ""valid_h"": 288, ""valid_w"": 480, ""window_token_capacity"": 138240}",2160,1,1,64,2160,1,deep-layers topology-1080.csv line 161,,
O162,ours.1080.b063.core.0,ours,1080,b063.core,63,core,c64_wave2,c64_wave2_bi_bo,"{""actual_window_count"": 2257, ""attention_work_h"": 296, ""attention_work_w"": 488, ""channels"": 64, ""shift_x"": -4, ""shift_y"": -4, ""valid_h"": 288, ""valid_w"": 480, ""window_token_capacity"": 144448}",2257,1,1,64,2257,1,deep-layers topology-1080.csv line 162,,
O163,ours.1080.b064.core.0,ours,1080,b064.core,64,core,c64_wave2,c64_wave2_bi_bo,"{""actual_window_count"": 2196, ""attention_work_h"": 288, ""attention_work_w"": 488, ""channels"": 64, ""shift_x"": -4, ""shift_y"": 0, ""valid_h"": 288, ""valid_w"": 480, ""window_token_capacity"": 140544}",2196,1,1,64,2196,1,deep-layers topology-1080.csv line 163,,
O164,ours.1080.b065.core.0,ours,1080,b065-066.boundary,65,core,c64_wave2,c64_wave2_bi,"{""actual_window_count"": 2220, ""attention_work_h"": 296, ""attention_work_w"": 480, ""channels"": 64, ""shift_x"": 0, ""shift_y"": -4, ""valid_h"": 288, ""valid_w"": 480, ""window_token_capacity"": 142080}",2220,1,1,64,2220,1,deep-layers topology-1080.csv line 164,,
O165,ours.1080.b066.core.0,ours,1080,b065-066.boundary,66,core,c32_wave1,c32_wave1_up,"{""actual_window_count"": 8640, ""attention_work_h"": 576, ""attention_work_w"": 960, ""channels"": 32, ""shift_x"": 0, ""shift_y"": 0, ""upstream_channels"": 64, ""upstream_h"": 288, ""upstream_w"": 480, ""valid_h"": 576, ""valid_w"": 960, ""window_token_capacity"": 552960}",8640,1,1,32,8640,1,deep-layers topology-1080.csv line 165,,
O166,ours.1080.b067.core.0,ours,1080,b067.core,67,core,c32_wave1,c32_wave1_chain,"{""actual_window_count"": 8833, ""attention_work_h"": 584, ""attention_work_w"": 968, ""channels"": 32, ""shift_x"": -4, ""shift_y"": -4, ""valid_h"": 576, ""valid_w"": 960, ""window_token_capacity"": 565312}",8833,1,1,32,8833,1,deep-layers topology-1080.csv line 166,,
O167,ours.1080.b068.core.0,ours,1080,b068.core,68,core,c32_wave1,c32_wave1_chain,"{""actual_window_count"": 8712, ""attention_work_h"": 576, ""attention_work_w"": 968, ""channels"": 32, ""shift_x"": -4, ""shift_y"": 0, ""valid_h"": 576, ""valid_w"": 960, ""window_token_capacity"": 557568}",8712,1,1,32,8712,1,deep-layers topology-1080.csv line 167,,
O168,ours.1080.b069.core.0,ours,1080,b069.core,69,core,c32_wave1,c32_wave1_finish,"{""actual_window_count"": 8760, ""attention_work_h"": 584, ""attention_work_w"": 960, ""channels"": 32, ""shift_x"": 0, ""shift_y"": -4, ""valid_h"": 576, ""valid_w"": 960, ""window_token_capacity"": 560640}",8760,1,1,32,8760,1,deep-layers topology-1080.csv line 168,,
O169,ours.1080.b070.core.0,ours,1080,b070.core,70,core,c32_wave1,c32_wave1_post,"{""actual_window_count"": 34945, ""attention_work_h"": 1160, ""attention_work_w"": 1928, ""channels"": 32, ""post_shift_policy"": ""(-4,-4)"", ""shift_x"": -4, ""shift_y"": -4, ""valid_h"": 1152, ""valid_w"": 1920, ""window_token_capacity"": 2236480}",34945,1,1,32,34945,1,deep-layers topology-1080.csv line 169,,
D001,daniel.native1080.b001.core.0,daniel,1080-native,b001.core,1,core,gfx1201.hsaco,_Z12k_reg_swin32ILi1ELb0EEv9VarParams,"{""actual_window_count"": 8160, ""channels"": 32, ""host_shift_index"": 0, ""valid_h"": 544, ""valid_w"": 960, ""window_token_capacity"": 522240}",120,68,1,32,,1,grid formula and shifts host-proven; W/H per stage inferred from network topology,,daniel-1080-daniel-default-block1
D002,daniel.native1080.b002.core.0,daniel,1080-native,b002.core,2,core,gfx1201.hsaco,_Z12k_reg_swin32ILi0ELb0EEv9VarParams,"{""actual_window_count"": 8349, ""channels"": 32, ""host_shift_index"": 1, ""valid_h"": 544, ""valid_w"": 960, ""window_token_capacity"": 534336}",121,69,1,32,,1,grid formula and shifts host-proven; W/H per stage inferred from network topology,,daniel-1080-daniel-default-block2
D003,daniel.native1080.b003.core.0,daniel,1080-native,b003.core,3,core,gfx1201.hsaco,_Z12k_reg_swin32ILi0ELb0EEv9VarParams,"{""actual_window_count"": 8228, ""channels"": 32, ""host_shift_index"": 2, ""valid_h"": 544, ""valid_w"": 960, ""window_token_capacity"": 526592}",121,68,1,32,,1,grid formula and shifts host-proven; W/H per stage inferred from network topology,,daniel-1080-daniel-default-block3
D004,daniel.native1080.b004.core.0,daniel,1080-native,b004-005.boundary,4,core,gfx1201.hsaco,_Z12k_reg_swin32ILi4ELb0EEv9VarParams,"{""actual_window_count"": 8280, ""channels"": 32, ""host_shift_index"": 3, ""valid_h"": 544, ""valid_w"": 960, ""window_token_capacity"": 529920}",120,69,1,32,,1,grid formula and shifts host-proven; W/H per stage inferred from network topology,,daniel-1080-daniel-default-block4
D005,daniel.native1080.b066.core.0,daniel,1080-native,b065-066.boundary,66,core,gfx1201.hsaco,_Z12k_reg_swin32ILi8ELb0EEv9VarParams,"{""actual_window_count"": 8160, ""channels"": 32, ""host_shift_index"": 0, ""upstream_channels"": 64, ""upstream_h"": 272, ""upstream_w"": 480, ""valid_h"": 544, ""valid_w"": 960, ""window_token_capacity"": 522240}",120,68,1,32,,1,grid formula and shifts host-proven; W/H per stage inferred from network topology,,daniel-1080-daniel-default-block66
D006,daniel.native1080.b067.core.0,daniel,1080-native,b067.core,67,core,gfx1201.hsaco,_Z12k_reg_swin32ILi0ELb0EEv9VarParams,"{""actual_window_count"": 8349, ""channels"": 32, ""host_shift_index"": 1, ""valid_h"": 544, ""valid_w"": 960, ""window_token_capacity"": 534336}",121,69,1,32,,1,grid formula and shifts host-proven; W/H per stage inferred from network topology,,daniel-1080-daniel-default-block67
D007,daniel.native1080.b068.core.0,daniel,1080-native,b068.core,68,core,gfx1201.hsaco,_Z12k_reg_swin32ILi0ELb0EEv9VarParams,"{""actual_window_count"": 8228, ""channels"": 32, ""host_shift_index"": 2, ""valid_h"": 544, ""valid_w"": 960, ""window_token_capacity"": 526592}",121,68,1,32,,1,grid formula and shifts host-proven; W/H per stage inferred from network topology,,daniel-1080-daniel-default-block68
D008,daniel.native1080.b069.core.0,daniel,1080-native,b069.core,69,core,gfx1201.hsaco,_Z12k_reg_swin32ILi2ELb0EEv9VarParams,"{""actual_window_count"": 8280, ""channels"": 32, ""host_shift_index"": 3, ""valid_h"": 544, ""valid_w"": 960, ""window_token_capacity"": 529920}",120,69,1,32,,1,grid formula and shifts host-proven; W/H per stage inferred from network topology,,daniel-1080-daniel-default-block69
D009,daniel.native1080.b005.core.0,daniel,1080-native,b004-005.boundary,5,core,gfx1201.hsaco,_Z13k_reg_swin_mhILi64ELi1ELb0EEv9VarParams,"{""actual_window_count"": 2040, ""channels"": 64, ""host_shift_index"": 0, ""valid_h"": 272, ""valid_w"": 480, ""window_token_capacity"": 130560}",60,34,1,64,,1,grid formula and shifts host-proven; W/H per stage inferred from network topology,,daniel-1080-daniel-default-block5
D010,daniel.native1080.b006.core.0,daniel,1080-native,b006.core,6,core,gfx1201.hsaco,_Z13k_reg_swin_mhILi64ELi0ELb0EEv9VarParams,"{""actual_window_count"": 2135, ""channels"": 64, ""host_shift_index"": 1, ""valid_h"": 272, ""valid_w"": 480, ""window_token_capacity"": 136640}",61,35,1,64,,1,grid formula and shifts host-proven; W/H per stage inferred from network topology,,daniel-1080-daniel-default-block6
D011,daniel.native1080.b007.core.0,daniel,1080-native,b007.core,7,core,gfx1201.hsaco,_Z13k_reg_swin_mhILi64ELi0ELb0EEv9VarParams,"{""actual_window_count"": 2074, ""channels"": 64, ""host_shift_index"": 2, ""valid_h"": 272, ""valid_w"": 480, ""window_token_capacity"": 132736}",61,34,1,64,,1,grid formula and shifts host-proven; W/H per stage inferred from network topology,,daniel-1080-daniel-default-block7
D012,daniel.native1080.b008.core.0,daniel,1080-native,b008-009.boundary,8,core,gfx1201.hsaco,_Z13k_reg_swin_mhILi64ELi4ELb0EEv9VarParams,"{""actual_window_count"": 2100, ""channels"": 64, ""host_shift_index"": 3, ""valid_h"": 272, ""valid_w"": 480, ""window_token_capacity"": 134400}",60,35,1,64,,1,grid formula and shifts host-proven; W/H per stage inferred from network topology,,daniel-1080-daniel-default-block8
D013,daniel.native1080.b062.core.0,daniel,1080-native,b061-062.boundary,62,core,gfx1201.hsaco,_Z13k_reg_swin_mhILi64ELi8ELb0EEv9VarParams,"{""actual_window_count"": 2040, ""channels"": 64, ""host_shift_index"": 0, ""upstream_channels"": 128, ""upstream_h"": 136, ""upstream_w"": 240, ""valid_h"": 272, ""valid_w"": 480, ""window_token_capacity"": 130560}",60,34,1,64,,1,grid formula and shifts host-proven; W/H per stage inferred from network topology,,daniel-1080-daniel-default-block62
D014,daniel.native1080.b063.core.0,daniel,1080-native,b063.core,63,core,gfx1201.hsaco,_Z13k_reg_swin_mhILi64ELi0ELb0EEv9VarParams,"{""actual_window_count"": 2135, ""channels"": 64, ""host_shift_index"": 1, ""valid_h"": 272, ""valid_w"": 480, ""window_token_capacity"": 136640}",61,35,1,64,,1,grid formula and shifts host-proven; W/H per stage inferred from network topology,,daniel-1080-daniel-default-block63
D015,daniel.native1080.b064.core.0,daniel,1080-native,b064.core,64,core,gfx1201.hsaco,_Z13k_reg_swin_mhILi64ELi0ELb0EEv9VarParams,"{""actual_window_count"": 2074, ""channels"": 64, ""host_shift_index"": 2, ""valid_h"": 272, ""valid_w"": 480, ""window_token_capacity"": 132736}",61,34,1,64,,1,grid formula and shifts host-proven; W/H per stage inferred from network topology,,daniel-1080-daniel-default-block64
D016,daniel.native1080.b065.core.0,daniel,1080-native,b065-066.boundary,65,core,gfx1201.hsaco,_Z13k_reg_swin_mhILi64ELi2ELb0EEv9VarParams,"{""actual_window_count"": 2100, ""channels"": 64, ""host_shift_index"": 3, ""valid_h"": 272, ""valid_w"": 480, ""window_token_capacity"": 134400}",60,35,1,64,,1,grid formula and shifts host-proven; W/H per stage inferred from network topology,,daniel-1080-daniel-default-block65
D017,daniel.native1080.b009.core.0,daniel,1080-native,b008-009.boundary,9,core,gfx1201.hsaco,_Z13k_reg_swin_mhILi128ELi1ELb0EEv9VarParams,"{""actual_window_count"": 510, ""channels"": 128, ""host_shift_index"": 0, ""valid_h"": 136, ""valid_w"": 240, ""window_token_capacity"": 32640}",30,17,1,128,,1,grid formula and shifts host-proven; W/H per stage inferred from network topology,,daniel-1080-daniel-default-block9
D018,daniel.native1080.b010.core.0,daniel,1080-native,b010.core,10,core,gfx1201.hsaco,_Z13k_reg_swin_mhILi128ELi0ELb0EEv9VarParams,"{""actual_window_count"": 558, ""channels"": 128, ""host_shift_index"": 1, ""valid_h"": 136, ""valid_w"": 240, ""window_token_capacity"": 35712}",31,18,1,128,,1,grid formula and shifts host-proven; W/H per stage inferred from network topology,,daniel-1080-daniel-default-block10
D019,daniel.native1080.b011.core.0,daniel,1080-native,b011.core,11,core,gfx1201.hsaco,_Z13k_reg_swin_mhILi128ELi0ELb0EEv9VarParams,"{""actual_window_count"": 527, ""channels"": 128, ""host_shift_index"": 2, ""valid_h"": 136, ""valid_w"": 240, ""window_token_capacity"": 33728}",31,17,1,128,,1,grid formula and shifts host-proven; W/H per stage inferred from network topology,,daniel-1080-daniel-default-block11
D020,daniel.native1080.b012.core.0,daniel,1080-native,b012.core,12,core,gfx1201.hsaco,_Z13k_reg_swin_mhILi128ELi0ELb0EEv9VarParams,"{""actual_window_count"": 540, ""channels"": 128, ""host_shift_index"": 3, ""valid_h"": 136, ""valid_w"": 240, ""window_token_capacity"": 34560}",30,18,1,128,,1,grid formula and shifts host-proven; W/H per stage inferred from network topology,,daniel-1080-daniel-default-block12
D021,daniel.native1080.b013.core.0,daniel,1080-native,b013.core,13,core,gfx1201.hsaco,_Z13k_reg_swin_mhILi128ELi0ELb0EEv9VarParams,"{""actual_window_count"": 510, ""channels"": 128, ""host_shift_index"": 0, ""valid_h"": 136, ""valid_w"": 240, ""window_token_capacity"": 32640}",30,17,1,128,,1,grid formula and shifts host-proven; W/H per stage inferred from network topology,,daniel-1080-daniel-default-block13
D022,daniel.native1080.b014.core.0,daniel,1080-native,b014-015.boundary,14,core,gfx1201.hsaco,_Z13k_reg_swin_mhILi128ELi4ELb0EEv9VarParams,"{""actual_window_count"": 558, ""channels"": 128, ""host_shift_index"": 1, ""valid_h"": 136, ""valid_w"": 240, ""window_token_capacity"": 35712}",31,18,1,128,,1,grid formula and shifts host-proven; W/H per stage inferred from network topology,,daniel-1080-daniel-default-block14
D023,daniel.native1080.b056.core.0,daniel,1080-native,b055-056.boundary,56,core,gfx1201.hsaco,_Z13k_reg_swin_mhILi128ELi8ELb0EEv9VarParams,"{""actual_window_count"": 527, ""channels"": 128, ""host_shift_index"": 2, ""upstream_channels"": 256, ""upstream_h"": 68, ""upstream_w"": 120, ""valid_h"": 136, ""valid_w"": 240, ""window_token_capacity"": 33728}",31,17,1,128,,1,grid formula and shifts host-proven; W/H per stage inferred from network topology,,daniel-1080-daniel-default-block56
D024,daniel.native1080.b057.core.0,daniel,1080-native,b057.core,57,core,gfx1201.hsaco,_Z13k_reg_swin_mhILi128ELi0ELb0EEv9VarParams,"{""actual_window_count"": 540, ""channels"": 128, ""host_shift_index"": 3, ""valid_h"": 136, ""valid_w"": 240, ""window_token_capacity"": 34560}",30,18,1,128,,1,grid formula and shifts host-proven; W/H per stage inferred from network topology,,daniel-1080-daniel-default-block57
D025,daniel.native1080.b058.core.0,daniel,1080-native,b058.core,58,core,gfx1201.hsaco,_Z13k_reg_swin_mhILi128ELi0ELb0EEv9VarParams,"{""actual_window_count"": 510, ""channels"": 128, ""host_shift_index"": 0, ""valid_h"": 136, ""valid_w"": 240, ""window_token_capacity"": 32640}",30,17,1,128,,1,grid formula and shifts host-proven; W/H per stage inferred from network topology,,daniel-1080-daniel-default-block58
D026,daniel.native1080.b059.core.0,daniel,1080-native,b059.core,59,core,gfx1201.hsaco,_Z13k_reg_swin_mhILi128ELi0ELb0EEv9VarParams,"{""actual_window_count"": 558, ""channels"": 128, ""host_shift_index"": 1, ""valid_h"": 136, ""valid_w"": 240, ""window_token_capacity"": 35712}",31,18,1,128,,1,grid formula and shifts host-proven; W/H per stage inferred from network topology,,daniel-1080-daniel-default-block59
D027,daniel.native1080.b060.core.0,daniel,1080-native,b060.core,60,core,gfx1201.hsaco,_Z13k_reg_swin_mhILi128ELi0ELb0EEv9VarParams,"{""actual_window_count"": 527, ""channels"": 128, ""host_shift_index"": 2, ""valid_h"": 136, ""valid_w"": 240, ""window_token_capacity"": 33728}",31,17,1,128,,1,grid formula and shifts host-proven; W/H per stage inferred from network topology,,daniel-1080-daniel-default-block60
D028,daniel.native1080.b061.core.0,daniel,1080-native,b061-062.boundary,61,core,gfx1201.hsaco,_Z13k_reg_swin_mhILi128ELi2ELb0EEv9VarParams,"{""actual_window_count"": 540, ""channels"": 128, ""host_shift_index"": 3, ""valid_h"": 136, ""valid_w"": 240, ""window_token_capacity"": 34560}",30,18,1,128,,1,grid formula and shifts host-proven; W/H per stage inferred from network topology,,daniel-1080-daniel-default-block61
D029,daniel.native1080.b015.core.0,daniel,1080-native,b014-015.boundary,15,core,gfx1201.hsaco,_Z13k_reg_swin_mhILi256ELi1ELb0EEv9VarParams,"{""actual_window_count"": 135, ""channels"": 256, ""host_shift_index"": 0, ""valid_h"": 68, ""valid_w"": 120, ""window_token_capacity"": 8640}",15,9,1,256,,1,grid formula and shifts host-proven; W/H per stage inferred from network topology,,daniel-1080-daniel-default-block15
D030,daniel.native1080.b016.core.0,daniel,1080-native,b016.core,16,core,gfx1201.hsaco,_Z13k_reg_swin_mhILi256ELi0ELb0EEv9VarParams,"{""actual_window_count"": 144, ""channels"": 256, ""host_shift_index"": 1, ""valid_h"": 68, ""valid_w"": 120, ""window_token_capacity"": 9216}",16,9,1,256,,1,grid formula and shifts host-proven; W/H per stage inferred from network topology,,daniel-1080-daniel-default-block16
D031,daniel.native1080.b017.core.0,daniel,1080-native,b017.core,17,core,gfx1201.hsaco,_Z13k_reg_swin_mhILi256ELi0ELb0EEv9VarParams,"{""actual_window_count"": 144, ""channels"": 256, ""host_shift_index"": 2, ""valid_h"": 68, ""valid_w"": 120, ""window_token_capacity"": 9216}",16,9,1,256,,1,grid formula and shifts host-proven; W/H per stage inferred from network topology,,daniel-1080-daniel-default-block17
D032,daniel.native1080.b018.core.0,daniel,1080-native,b018.core,18,core,gfx1201.hsaco,_Z13k_reg_swin_mhILi256ELi0ELb0EEv9VarParams,"{""actual_window_count"": 135, ""channels"": 256, ""host_shift_index"": 3, ""valid_h"": 68, ""valid_w"": 120, ""window_token_capacity"": 8640}",15,9,1,256,,1,grid formula and shifts host-proven; W/H per stage inferred from network topology,,daniel-1080-daniel-default-block18
D033,daniel.native1080.b019.core.0,daniel,1080-native,b019.core,19,core,gfx1201.hsaco,_Z13k_reg_swin_mhILi256ELi0ELb0EEv9VarParams,"{""actual_window_count"": 135, ""channels"": 256, ""host_shift_index"": 0, ""valid_h"": 68, ""valid_w"": 120, ""window_token_capacity"": 8640}",15,9,1,256,,1,grid formula and shifts host-proven; W/H per stage inferred from network topology,,daniel-1080-daniel-default-block19
D034,daniel.native1080.b020.core.0,daniel,1080-native,b020.core,20,core,gfx1201.hsaco,_Z13k_reg_swin_mhILi256ELi0ELb0EEv9VarParams,"{""actual_window_count"": 144, ""channels"": 256, ""host_shift_index"": 1, ""valid_h"": 68, ""valid_w"": 120, ""window_token_capacity"": 9216}",16,9,1,256,,1,grid formula and shifts host-proven; W/H per stage inferred from network topology,,daniel-1080-daniel-default-block20
D035,daniel.native1080.b021.core.0,daniel,1080-native,b021.core,21,core,gfx1201.hsaco,_Z13k_reg_swin_mhILi256ELi0ELb0EEv9VarParams,"{""actual_window_count"": 144, ""channels"": 256, ""host_shift_index"": 2, ""valid_h"": 68, ""valid_w"": 120, ""window_token_capacity"": 9216}",16,9,1,256,,1,grid formula and shifts host-proven; W/H per stage inferred from network topology,,daniel-1080-daniel-default-block21
D036,daniel.native1080.b022.core.0,daniel,1080-native,b022-023.boundary,22,core,gfx1201.hsaco,_Z13k_reg_swin_mhILi256ELi4ELb0EEv9VarParams,"{""actual_window_count"": 135, ""channels"": 256, ""host_shift_index"": 3, ""valid_h"": 68, ""valid_w"": 120, ""window_token_capacity"": 8640}",15,9,1,256,,1,grid formula and shifts host-proven; W/H per stage inferred from network topology,,daniel-1080-daniel-default-block22
D037,daniel.native1080.b048.core.0,daniel,1080-native,b047-048.boundary,48,core,gfx1201.hsaco,_Z13k_reg_swin_mhILi256ELi8ELb0EEv9VarParams,"{""actual_window_count"": 135, ""channels"": 256, ""host_shift_index"": 0, ""upstream_channels"": 512, ""upstream_h"": 36, ""upstream_w"": 60, ""valid_h"": 68, ""valid_w"": 120, ""window_token_capacity"": 8640}",15,9,1,256,,1,grid formula and shifts host-proven; W/H per stage inferred from network topology,,daniel-1080-daniel-default-block48
D038,daniel.native1080.b049.core.0,daniel,1080-native,b049.core,49,core,gfx1201.hsaco,_Z13k_reg_swin_mhILi256ELi0ELb0EEv9VarParams,"{""actual_window_count"": 144, ""channels"": 256, ""host_shift_index"": 1, ""valid_h"": 68, ""valid_w"": 120, ""window_token_capacity"": 9216}",16,9,1,256,,1,grid formula and shifts host-proven; W/H per stage inferred from network topology,,daniel-1080-daniel-default-block49
D039,daniel.native1080.b050.core.0,daniel,1080-native,b050.core,50,core,gfx1201.hsaco,_Z13k_reg_swin_mhILi256ELi0ELb0EEv9VarParams,"{""actual_window_count"": 144, ""channels"": 256, ""host_shift_index"": 2, ""valid_h"": 68, ""valid_w"": 120, ""window_token_capacity"": 9216}",16,9,1,256,,1,grid formula and shifts host-proven; W/H per stage inferred from network topology,,daniel-1080-daniel-default-block50
D040,daniel.native1080.b051.core.0,daniel,1080-native,b051.core,51,core,gfx1201.hsaco,_Z13k_reg_swin_mhILi256ELi0ELb0EEv9VarParams,"{""actual_window_count"": 135, ""channels"": 256, ""host_shift_index"": 3, ""valid_h"": 68, ""valid_w"": 120, ""window_token_capacity"": 8640}",15,9,1,256,,1,grid formula and shifts host-proven; W/H per stage inferred from network topology,,daniel-1080-daniel-default-block51
D041,daniel.native1080.b052.core.0,daniel,1080-native,b052.core,52,core,gfx1201.hsaco,_Z13k_reg_swin_mhILi256ELi0ELb0EEv9VarParams,"{""actual_window_count"": 135, ""channels"": 256, ""host_shift_index"": 0, ""valid_h"": 68, ""valid_w"": 120, ""window_token_capacity"": 8640}",15,9,1,256,,1,grid formula and shifts host-proven; W/H per stage inferred from network topology,,daniel-1080-daniel-default-block52
D042,daniel.native1080.b053.core.0,daniel,1080-native,b053.core,53,core,gfx1201.hsaco,_Z13k_reg_swin_mhILi256ELi0ELb0EEv9VarParams,"{""actual_window_count"": 144, ""channels"": 256, ""host_shift_index"": 1, ""valid_h"": 68, ""valid_w"": 120, ""window_token_capacity"": 9216}",16,9,1,256,,1,grid formula and shifts host-proven; W/H per stage inferred from network topology,,daniel-1080-daniel-default-block53
D043,daniel.native1080.b054.core.0,daniel,1080-native,b054.core,54,core,gfx1201.hsaco,_Z13k_reg_swin_mhILi256ELi0ELb0EEv9VarParams,"{""actual_window_count"": 144, ""channels"": 256, ""host_shift_index"": 2, ""valid_h"": 68, ""valid_w"": 120, ""window_token_capacity"": 9216}",16,9,1,256,,1,grid formula and shifts host-proven; W/H per stage inferred from network topology,,daniel-1080-daniel-default-block54
D044,daniel.native1080.b055.core.0,daniel,1080-native,b055-056.boundary,55,core,gfx1201.hsaco,_Z13k_reg_swin_mhILi256ELi2ELb0EEv9VarParams,"{""actual_window_count"": 135, ""channels"": 256, ""host_shift_index"": 3, ""valid_h"": 68, ""valid_w"": 120, ""window_token_capacity"": 8640}",15,9,1,256,,1,grid formula and shifts host-proven; W/H per stage inferred from network topology,,daniel-1080-daniel-default-block55
D045,daniel.native1080.b000.core.0,daniel,1080-native,b000.core,0,core,gfx1201.hsaco,_Z12k_reg_swin32ILi20ELb0EEv9VarParams,"{""actual_window_count"": 32640, ""channels"": 32, ""host_shift_index"": 0, ""valid_h"": 1088, ""valid_w"": 1920, ""window_token_capacity"": 2088960}",240,136,1,32,,1,grid formula and shifts host-proven; W/H per stage inferred from network topology,,daniel-1080-daniel-default-block0
D046,daniel.native1080.b070.core.0,daniel,1080-native,b070.core,70,core,gfx1201.hsaco,_Z12k_reg_swin32ILi32ELb0EEv9VarParams,"{""actual_window_count"": 32640, ""channels"": 32, ""host_shift_index"": 0, ""post_shift_policy"": ""(0,0)"", ""valid_h"": 1088, ""valid_w"": 1920, ""window_token_capacity"": 2088960}",240,136,1,32,,1,grid formula and shifts host-proven; W/H per stage inferred from network topology,,daniel-1080-daniel-default-block70
D047,daniel.native1080.b023.ffwd.0,daniel,1080-native,b022-023.boundary,23,ffwd,gfx1201.hsaco,_Z14k_reg_vit_ffwdILi2ELb1ELb0EEv13VitFfwdParams,"{""channels"": 512, ""ffn_grouped_channels"": 64, ""pointwise_tokens"": 2160, ""valid_h"": 36, ""valid_w"": 60}",68,8,1,32,,1,"042f93 threshold128; grid(P/v,8,1); r14 ext-input only block23",,
D048,daniel.native1080.b023.ffn_projection.0,daniel,1080-native,b022-023.boundary,23,ffn_projection,gfx1201.hsaco,_Z14k_reg_vit_convILi2ELi1ELb0EEv13VitConvParams,"{""channels"": 512, ""ffn_grouped_channels"": 64, ""pointwise_tokens"": 2160, ""valid_h"": 36, ""valid_w"": 60}",68,8,1,32,,1,"043a4d..aeb ->0214d0; flags1 external-input block23, else0",,
D049,daniel.native1080.b023.qkv_attention.0,daniel,1080-native,b022-023.boundary,23,qkv_attention,gfx1201.hsaco,_Z15k_reg_vit_attn3ILb0EEv10AttnParams,"{""attention_heads"": 16, ""channels"": 512, ""ffn_grouped_channels"": 64, ""keys_per_window"": 64, ""pointwise_tokens"": 2160, ""valid_h"": 36, ""valid_w"": 60, ""window_h"": 8, ""window_w"": 8}",8,5,16,64,,1,"043c67..d29: QKV + attention,16heads",,
D050,daniel.native1080.b023.attention_projection.0,daniel,1080-native,b022-023.boundary,23,attention_projection,gfx1201.hsaco,_Z14k_reg_vit_convILi2ELi0ELb0EEv13VitConvParams,"{""channels"": 512, ""ffn_grouped_channels"": 64, ""pointwise_tokens"": 2160, ""valid_h"": 36, ""valid_w"": 60}",68,8,1,32,,1,"043d62..e14; flags4 pool-out block30,flags2 boundary-out block47",,
D051,daniel.native1080.b024.ffwd.0,daniel,1080-native,b024.ffwd,24,ffwd,gfx1201.hsaco,_Z14k_reg_vit_ffwdILi2ELb0ELb0EEv13VitFfwdParams,"{""channels"": 512, ""ffn_grouped_channels"": 64, ""pointwise_tokens"": 2160, ""valid_h"": 36, ""valid_w"": 60}",68,8,1,32,,1,"042f93 threshold128; grid(P/v,8,1); r14 ext-input only block23",,
D052,daniel.native1080.b024.ffn_projection.0,daniel,1080-native,b024.ffn_projection,24,ffn_projection,gfx1201.hsaco,_Z14k_reg_vit_convILi2ELi0ELb0EEv13VitConvParams,"{""channels"": 512, ""ffn_grouped_channels"": 64, ""pointwise_tokens"": 2160, ""valid_h"": 36, ""valid_w"": 60}",68,8,1,32,,1,"043a4d..aeb ->0214d0; flags1 external-input block23, else0",,
D053,daniel.native1080.b024.qkv_attention.0,daniel,1080-native,b024.qkv_attention,24,qkv_attention,gfx1201.hsaco,_Z15k_reg_vit_attn3ILb0EEv10AttnParams,"{""attention_heads"": 16, ""channels"": 512, ""ffn_grouped_channels"": 64, ""keys_per_window"": 64, ""pointwise_tokens"": 2160, ""valid_h"": 36, ""valid_w"": 60, ""window_h"": 8, ""window_w"": 8}",8,5,16,64,,1,"043c67..d29: QKV + attention,16heads",,
D054,daniel.native1080.b024.attention_projection.0,daniel,1080-native,b024.attention_projection,24,attention_projection,gfx1201.hsaco,_Z14k_reg_vit_convILi2ELi0ELb0EEv13VitConvParams,"{""channels"": 512, ""ffn_grouped_channels"": 64, ""pointwise_tokens"": 2160, ""valid_h"": 36, ""valid_w"": 60}",68,8,1,32,,1,"043d62..e14; flags4 pool-out block30,flags2 boundary-out block47",,
D055,daniel.native1080.b025.ffwd.0,daniel,1080-native,b025.ffwd,25,ffwd,gfx1201.hsaco,_Z14k_reg_vit_ffwdILi2ELb0ELb0EEv13VitFfwdParams,"{""channels"": 512, ""ffn_grouped_channels"": 64, ""pointwise_tokens"": 2160, ""valid_h"": 36, ""valid_w"": 60}",68,8,1,32,,1,"042f93 threshold128; grid(P/v,8,1); r14 ext-input only block23",,
D056,daniel.native1080.b025.ffn_projection.0,daniel,1080-native,b025.ffn_projection,25,ffn_projection,gfx1201.hsaco,_Z14k_reg_vit_convILi2ELi0ELb0EEv13VitConvParams,"{""channels"": 512, ""ffn_grouped_channels"": 64, ""pointwise_tokens"": 2160, ""valid_h"": 36, ""valid_w"": 60}",68,8,1,32,,1,"043a4d..aeb ->0214d0; flags1 external-input block23, else0",,
D057,daniel.native1080.b025.qkv_attention.0,daniel,1080-native,b025.qkv_attention,25,qkv_attention,gfx1201.hsaco,_Z15k_reg_vit_attn3ILb0EEv10AttnParams,"{""attention_heads"": 16, ""channels"": 512, ""ffn_grouped_channels"": 64, ""keys_per_window"": 64, ""pointwise_tokens"": 2160, ""valid_h"": 36, ""valid_w"": 60, ""window_h"": 8, ""window_w"": 8}",8,5,16,64,,1,"043c67..d29: QKV + attention,16heads",,
D058,daniel.native1080.b025.attention_projection.0,daniel,1080-native,b025.attention_projection,25,attention_projection,gfx1201.hsaco,_Z14k_reg_vit_convILi2ELi0ELb0EEv13VitConvParams,"{""channels"": 512, ""ffn_grouped_channels"": 64, ""pointwise_tokens"": 2160, ""valid_h"": 36, ""valid_w"": 60}",68,8,1,32,,1,"043d62..e14; flags4 pool-out block30,flags2 boundary-out block47",,
D059,daniel.native1080.b026.ffwd.0,daniel,1080-native,b026.ffwd,26,ffwd,gfx1201.hsaco,_Z14k_reg_vit_ffwdILi2ELb0ELb0EEv13VitFfwdParams,"{""channels"": 512, ""ffn_grouped_channels"": 64, ""pointwise_tokens"": 2160, ""valid_h"": 36, ""valid_w"": 60}",68,8,1,32,,1,"042f93 threshold128; grid(P/v,8,1); r14 ext-input only block23",,
D060,daniel.native1080.b026.ffn_projection.0,daniel,1080-native,b026.ffn_projection,26,ffn_projection,gfx1201.hsaco,_Z14k_reg_vit_convILi2ELi0ELb0EEv13VitConvParams,"{""channels"": 512, ""ffn_grouped_channels"": 64, ""pointwise_tokens"": 2160, ""valid_h"": 36, ""valid_w"": 60}",68,8,1,32,,1,"043a4d..aeb ->0214d0; flags1 external-input block23, else0",,
D061,daniel.native1080.b026.qkv_attention.0,daniel,1080-native,b026.qkv_attention,26,qkv_attention,gfx1201.hsaco,_Z15k_reg_vit_attn3ILb0EEv10AttnParams,"{""attention_heads"": 16, ""channels"": 512, ""ffn_grouped_channels"": 64, ""keys_per_window"": 64, ""pointwise_tokens"": 2160, ""valid_h"": 36, ""valid_w"": 60, ""window_h"": 8, ""window_w"": 8}",8,5,16,64,,1,"043c67..d29: QKV + attention,16heads",,
D062,daniel.native1080.b026.attention_projection.0,daniel,1080-native,b026.attention_projection,26,attention_projection,gfx1201.hsaco,_Z14k_reg_vit_convILi2ELi0ELb0EEv13VitConvParams,"{""channels"": 512, ""ffn_grouped_channels"": 64, ""pointwise_tokens"": 2160, ""valid_h"": 36, ""valid_w"": 60}",68,8,1,32,,1,"043d62..e14; flags4 pool-out block30,flags2 boundary-out block47",,
D063,daniel.native1080.b027.ffwd.0,daniel,1080-native,b027.ffwd,27,ffwd,gfx1201.hsaco,_Z14k_reg_vit_ffwdILi2ELb0ELb0EEv13VitFfwdParams,"{""channels"": 512, ""ffn_grouped_channels"": 64, ""pointwise_tokens"": 2160, ""valid_h"": 36, ""valid_w"": 60}",68,8,1,32,,1,"042f93 threshold128; grid(P/v,8,1); r14 ext-input only block23",,
D064,daniel.native1080.b027.ffn_projection.0,daniel,1080-native,b027.ffn_projection,27,ffn_projection,gfx1201.hsaco,_Z14k_reg_vit_convILi2ELi0ELb0EEv13VitConvParams,"{""channels"": 512, ""ffn_grouped_channels"": 64, ""pointwise_tokens"": 2160, ""valid_h"": 36, ""valid_w"": 60}",68,8,1,32,,1,"043a4d..aeb ->0214d0; flags1 external-input block23, else0",,
D065,daniel.native1080.b027.qkv_attention.0,daniel,1080-native,b027.qkv_attention,27,qkv_attention,gfx1201.hsaco,_Z15k_reg_vit_attn3ILb0EEv10AttnParams,"{""attention_heads"": 16, ""channels"": 512, ""ffn_grouped_channels"": 64, ""keys_per_window"": 64, ""pointwise_tokens"": 2160, ""valid_h"": 36, ""valid_w"": 60, ""window_h"": 8, ""window_w"": 8}",8,5,16,64,,1,"043c67..d29: QKV + attention,16heads",,
D066,daniel.native1080.b027.attention_projection.0,daniel,1080-native,b027.attention_projection,27,attention_projection,gfx1201.hsaco,_Z14k_reg_vit_convILi2ELi0ELb0EEv13VitConvParams,"{""channels"": 512, ""ffn_grouped_channels"": 64, ""pointwise_tokens"": 2160, ""valid_h"": 36, ""valid_w"": 60}",68,8,1,32,,1,"043d62..e14; flags4 pool-out block30,flags2 boundary-out block47",,
D067,daniel.native1080.b028.ffwd.0,daniel,1080-native,b028.ffwd,28,ffwd,gfx1201.hsaco,_Z14k_reg_vit_ffwdILi2ELb0ELb0EEv13VitFfwdParams,"{""channels"": 512, ""ffn_grouped_channels"": 64, ""pointwise_tokens"": 2160, ""valid_h"": 36, ""valid_w"": 60}",68,8,1,32,,1,"042f93 threshold128; grid(P/v,8,1); r14 ext-input only block23",,
D068,daniel.native1080.b028.ffn_projection.0,daniel,1080-native,b028.ffn_projection,28,ffn_projection,gfx1201.hsaco,_Z14k_reg_vit_convILi2ELi0ELb0EEv13VitConvParams,"{""channels"": 512, ""ffn_grouped_channels"": 64, ""pointwise_tokens"": 2160, ""valid_h"": 36, ""valid_w"": 60}",68,8,1,32,,1,"043a4d..aeb ->0214d0; flags1 external-input block23, else0",,
D069,daniel.native1080.b028.qkv_attention.0,daniel,1080-native,b028.qkv_attention,28,qkv_attention,gfx1201.hsaco,_Z15k_reg_vit_attn3ILb0EEv10AttnParams,"{""attention_heads"": 16, ""channels"": 512, ""ffn_grouped_channels"": 64, ""keys_per_window"": 64, ""pointwise_tokens"": 2160, ""valid_h"": 36, ""valid_w"": 60, ""window_h"": 8, ""window_w"": 8}",8,5,16,64,,1,"043c67..d29: QKV + attention,16heads",,
D070,daniel.native1080.b028.attention_projection.0,daniel,1080-native,b028.attention_projection,28,attention_projection,gfx1201.hsaco,_Z14k_reg_vit_convILi2ELi0ELb0EEv13VitConvParams,"{""channels"": 512, ""ffn_grouped_channels"": 64, ""pointwise_tokens"": 2160, ""valid_h"": 36, ""valid_w"": 60}",68,8,1,32,,1,"043d62..e14; flags4 pool-out block30,flags2 boundary-out block47",,
D071,daniel.native1080.b029.ffwd.0,daniel,1080-native,b029.ffwd,29,ffwd,gfx1201.hsaco,_Z14k_reg_vit_ffwdILi2ELb0ELb0EEv13VitFfwdParams,"{""channels"": 512, ""ffn_grouped_channels"": 64, ""pointwise_tokens"": 2160, ""valid_h"": 36, ""valid_w"": 60}",68,8,1,32,,1,"042f93 threshold128; grid(P/v,8,1); r14 ext-input only block23",,
D072,daniel.native1080.b029.ffn_projection.0,daniel,1080-native,b029.ffn_projection,29,ffn_projection,gfx1201.hsaco,_Z14k_reg_vit_convILi2ELi0ELb0EEv13VitConvParams,"{""channels"": 512, ""ffn_grouped_channels"": 64, ""pointwise_tokens"": 2160, ""valid_h"": 36, ""valid_w"": 60}",68,8,1,32,,1,"043a4d..aeb ->0214d0; flags1 external-input block23, else0",,
D073,daniel.native1080.b029.qkv_attention.0,daniel,1080-native,b029.qkv_attention,29,qkv_attention,gfx1201.hsaco,_Z15k_reg_vit_attn3ILb0EEv10AttnParams,"{""attention_heads"": 16, ""channels"": 512, ""ffn_grouped_channels"": 64, ""keys_per_window"": 64, ""pointwise_tokens"": 2160, ""valid_h"": 36, ""valid_w"": 60, ""window_h"": 8, ""window_w"": 8}",8,5,16,64,,1,"043c67..d29: QKV + attention,16heads",,
D074,daniel.native1080.b029.attention_projection.0,daniel,1080-native,b029.attention_projection,29,attention_projection,gfx1201.hsaco,_Z14k_reg_vit_convILi2ELi0ELb0EEv13VitConvParams,"{""channels"": 512, ""ffn_grouped_channels"": 64, ""pointwise_tokens"": 2160, ""valid_h"": 36, ""valid_w"": 60}",68,8,1,32,,1,"043d62..e14; flags4 pool-out block30,flags2 boundary-out block47",,
D075,daniel.native1080.b030.ffwd.0,daniel,1080-native,b030.head_boundary,30,ffwd,gfx1201.hsaco,_Z14k_reg_vit_ffwdILi2ELb0ELb0EEv13VitFfwdParams,"{""channels"": 512, ""ffn_grouped_channels"": 64, ""pointwise_tokens"": 2160, ""valid_h"": 36, ""valid_w"": 60}",68,8,1,32,,1,"042f93 threshold128; grid(P/v,8,1); r14 ext-input only block23",,
D076,daniel.native1080.b030.ffn_projection.0,daniel,1080-native,b030.head_boundary,30,ffn_projection,gfx1201.hsaco,_Z14k_reg_vit_convILi2ELi0ELb0EEv13VitConvParams,"{""channels"": 512, ""ffn_grouped_channels"": 64, ""pointwise_tokens"": 2160, ""valid_h"": 36, ""valid_w"": 60}",68,8,1,32,,1,"043a4d..aeb ->0214d0; flags1 external-input block23, else0",,
D077,daniel.native1080.b030.qkv_attention.0,daniel,1080-native,b030.head_boundary,30,qkv_attention,gfx1201.hsaco,_Z15k_reg_vit_attn3ILb0EEv10AttnParams,"{""attention_heads"": 16, ""channels"": 512, ""ffn_grouped_channels"": 64, ""keys_per_window"": 64, ""pointwise_tokens"": 2160, ""valid_h"": 36, ""valid_w"": 60, ""window_h"": 8, ""window_w"": 8}",8,5,16,64,,1,"043c67..d29: QKV + attention,16heads",,
D078,daniel.native1080.b030.attention_projection.0,daniel,1080-native,b030.head_boundary,30,attention_projection,gfx1201.hsaco,_Z14k_reg_vit_convILi2ELi4ELb0EEv13VitConvParams,"{""channels"": 512, ""ffn_grouped_channels"": 64, ""pointwise_tokens"": 2160, ""valid_h"": 36, ""valid_w"": 60}",68,8,1,32,,1,"043d62..e14; flags4 pool-out block30,flags2 boundary-out block47",,
D079,daniel.native1080.b040.ffwd.0,daniel,1080-native,b040.ffwd,40,ffwd,gfx1201.hsaco,_Z14k_reg_vit_ffwdILi2ELb0ELb0EEv13VitFfwdParams,"{""channels"": 512, ""ffn_grouped_channels"": 64, ""pointwise_tokens"": 2160, ""valid_h"": 36, ""valid_w"": 60}",68,8,1,32,,1,"042f93 threshold128; grid(P/v,8,1); r14 ext-input only block23",,
D080,daniel.native1080.b040.ffn_projection.0,daniel,1080-native,b040.ffn_projection,40,ffn_projection,gfx1201.hsaco,_Z14k_reg_vit_convILi2ELi0ELb0EEv13VitConvParams,"{""channels"": 512, ""ffn_grouped_channels"": 64, ""pointwise_tokens"": 2160, ""valid_h"": 36, ""valid_w"": 60}",68,8,1,32,,1,"043a4d..aeb ->0214d0; flags1 external-input block23, else0",,
D081,daniel.native1080.b040.qkv_attention.0,daniel,1080-native,b040.qkv_attention,40,qkv_attention,gfx1201.hsaco,_Z15k_reg_vit_attn3ILb0EEv10AttnParams,"{""attention_heads"": 16, ""channels"": 512, ""ffn_grouped_channels"": 64, ""keys_per_window"": 64, ""pointwise_tokens"": 2160, ""valid_h"": 36, ""valid_w"": 60, ""window_h"": 8, ""window_w"": 8}",8,5,16,64,,1,"043c67..d29: QKV + attention,16heads",,
D082,daniel.native1080.b040.attention_projection.0,daniel,1080-native,b040.attention_projection,40,attention_projection,gfx1201.hsaco,_Z14k_reg_vit_convILi2ELi0ELb0EEv13VitConvParams,"{""channels"": 512, ""ffn_grouped_channels"": 64, ""pointwise_tokens"": 2160, ""valid_h"": 36, ""valid_w"": 60}",68,8,1,32,,1,"043d62..e14; flags4 pool-out block30,flags2 boundary-out block47",,
D083,daniel.native1080.b041.ffwd.0,daniel,1080-native,b041.ffwd,41,ffwd,gfx1201.hsaco,_Z14k_reg_vit_ffwdILi2ELb0ELb0EEv13VitFfwdParams,"{""channels"": 512, ""ffn_grouped_channels"": 64, ""pointwise_tokens"": 2160, ""valid_h"": 36, ""valid_w"": 60}",68,8,1,32,,1,"042f93 threshold128; grid(P/v,8,1); r14 ext-input only block23",,
D084,daniel.native1080.b041.ffn_projection.0,daniel,1080-native,b041.ffn_projection,41,ffn_projection,gfx1201.hsaco,_Z14k_reg_vit_convILi2ELi0ELb0EEv13VitConvParams,"{""channels"": 512, ""ffn_grouped_channels"": 64, ""pointwise_tokens"": 2160, ""valid_h"": 36, ""valid_w"": 60}",68,8,1,32,,1,"043a4d..aeb ->0214d0; flags1 external-input block23, else0",,
D085,daniel.native1080.b041.qkv_attention.0,daniel,1080-native,b041.qkv_attention,41,qkv_attention,gfx1201.hsaco,_Z15k_reg_vit_attn3ILb0EEv10AttnParams,"{""attention_heads"": 16, ""channels"": 512, ""ffn_grouped_channels"": 64, ""keys_per_window"": 64, ""pointwise_tokens"": 2160, ""valid_h"": 36, ""valid_w"": 60, ""window_h"": 8, ""window_w"": 8}",8,5,16,64,,1,"043c67..d29: QKV + attention,16heads",,
D086,daniel.native1080.b041.attention_projection.0,daniel,1080-native,b041.attention_projection,41,attention_projection,gfx1201.hsaco,_Z14k_reg_vit_convILi2ELi0ELb0EEv13VitConvParams,"{""channels"": 512, ""ffn_grouped_channels"": 64, ""pointwise_tokens"": 2160, ""valid_h"": 36, ""valid_w"": 60}",68,8,1,32,,1,"043d62..e14; flags4 pool-out block30,flags2 boundary-out block47",,
D087,daniel.native1080.b042.ffwd.0,daniel,1080-native,b042.ffwd,42,ffwd,gfx1201.hsaco,_Z14k_reg_vit_ffwdILi2ELb0ELb0EEv13VitFfwdParams,"{""channels"": 512, ""ffn_grouped_channels"": 64, ""pointwise_tokens"": 2160, ""valid_h"": 36, ""valid_w"": 60}",68,8,1,32,,1,"042f93 threshold128; grid(P/v,8,1); r14 ext-input only block23",,
D088,daniel.native1080.b042.ffn_projection.0,daniel,1080-native,b042.ffn_projection,42,ffn_projection,gfx1201.hsaco,_Z14k_reg_vit_convILi2ELi0ELb0EEv13VitConvParams,"{""channels"": 512, ""ffn_grouped_channels"": 64, ""pointwise_tokens"": 2160, ""valid_h"": 36, ""valid_w"": 60}",68,8,1,32,,1,"043a4d..aeb ->0214d0; flags1 external-input block23, else0",,
D089,daniel.native1080.b042.qkv_attention.0,daniel,1080-native,b042.qkv_attention,42,qkv_attention,gfx1201.hsaco,_Z15k_reg_vit_attn3ILb0EEv10AttnParams,"{""attention_heads"": 16, ""channels"": 512, ""ffn_grouped_channels"": 64, ""keys_per_window"": 64, ""pointwise_tokens"": 2160, ""valid_h"": 36, ""valid_w"": 60, ""window_h"": 8, ""window_w"": 8}",8,5,16,64,,1,"043c67..d29: QKV + attention,16heads",,
D090,daniel.native1080.b042.attention_projection.0,daniel,1080-native,b042.attention_projection,42,attention_projection,gfx1201.hsaco,_Z14k_reg_vit_convILi2ELi0ELb0EEv13VitConvParams,"{""channels"": 512, ""ffn_grouped_channels"": 64, ""pointwise_tokens"": 2160, ""valid_h"": 36, ""valid_w"": 60}",68,8,1,32,,1,"043d62..e14; flags4 pool-out block30,flags2 boundary-out block47",,
D091,daniel.native1080.b043.ffwd.0,daniel,1080-native,b043.ffwd,43,ffwd,gfx1201.hsaco,_Z14k_reg_vit_ffwdILi2ELb0ELb0EEv13VitFfwdParams,"{""channels"": 512, ""ffn_grouped_channels"": 64, ""pointwise_tokens"": 2160, ""valid_h"": 36, ""valid_w"": 60}",68,8,1,32,,1,"042f93 threshold128; grid(P/v,8,1); r14 ext-input only block23",,
D092,daniel.native1080.b043.ffn_projection.0,daniel,1080-native,b043.ffn_projection,43,ffn_projection,gfx1201.hsaco,_Z14k_reg_vit_convILi2ELi0ELb0EEv13VitConvParams,"{""channels"": 512, ""ffn_grouped_channels"": 64, ""pointwise_tokens"": 2160, ""valid_h"": 36, ""valid_w"": 60}",68,8,1,32,,1,"043a4d..aeb ->0214d0; flags1 external-input block23, else0",,
D093,daniel.native1080.b043.qkv_attention.0,daniel,1080-native,b043.qkv_attention,43,qkv_attention,gfx1201.hsaco,_Z15k_reg_vit_attn3ILb0EEv10AttnParams,"{""attention_heads"": 16, ""channels"": 512, ""ffn_grouped_channels"": 64, ""keys_per_window"": 64, ""pointwise_tokens"": 2160, ""valid_h"": 36, ""valid_w"": 60, ""window_h"": 8, ""window_w"": 8}",8,5,16,64,,1,"043c67..d29: QKV + attention,16heads",,
D094,daniel.native1080.b043.attention_projection.0,daniel,1080-native,b043.attention_projection,43,attention_projection,gfx1201.hsaco,_Z14k_reg_vit_convILi2ELi0ELb0EEv13VitConvParams,"{""channels"": 512, ""ffn_grouped_channels"": 64, ""pointwise_tokens"": 2160, ""valid_h"": 36, ""valid_w"": 60}",68,8,1,32,,1,"043d62..e14; flags4 pool-out block30,flags2 boundary-out block47",,
D095,daniel.native1080.b044.ffwd.0,daniel,1080-native,b044.ffwd,44,ffwd,gfx1201.hsaco,_Z14k_reg_vit_ffwdILi2ELb0ELb0EEv13VitFfwdParams,"{""channels"": 512, ""ffn_grouped_channels"": 64, ""pointwise_tokens"": 2160, ""valid_h"": 36, ""valid_w"": 60}",68,8,1,32,,1,"042f93 threshold128; grid(P/v,8,1); r14 ext-input only block23",,
D096,daniel.native1080.b044.ffn_projection.0,daniel,1080-native,b044.ffn_projection,44,ffn_projection,gfx1201.hsaco,_Z14k_reg_vit_convILi2ELi0ELb0EEv13VitConvParams,"{""channels"": 512, ""ffn_grouped_channels"": 64, ""pointwise_tokens"": 2160, ""valid_h"": 36, ""valid_w"": 60}",68,8,1,32,,1,"043a4d..aeb ->0214d0; flags1 external-input block23, else0",,
D097,daniel.native1080.b044.qkv_attention.0,daniel,1080-native,b044.qkv_attention,44,qkv_attention,gfx1201.hsaco,_Z15k_reg_vit_attn3ILb0EEv10AttnParams,"{""attention_heads"": 16, ""channels"": 512, ""ffn_grouped_channels"": 64, ""keys_per_window"": 64, ""pointwise_tokens"": 2160, ""valid_h"": 36, ""valid_w"": 60, ""window_h"": 8, ""window_w"": 8}",8,5,16,64,,1,"043c67..d29: QKV + attention,16heads",,
D098,daniel.native1080.b044.attention_projection.0,daniel,1080-native,b044.attention_projection,44,attention_projection,gfx1201.hsaco,_Z14k_reg_vit_convILi2ELi0ELb0EEv13VitConvParams,"{""channels"": 512, ""ffn_grouped_channels"": 64, ""pointwise_tokens"": 2160, ""valid_h"": 36, ""valid_w"": 60}",68,8,1,32,,1,"043d62..e14; flags4 pool-out block30,flags2 boundary-out block47",,
D099,daniel.native1080.b045.ffwd.0,daniel,1080-native,b045.ffwd,45,ffwd,gfx1201.hsaco,_Z14k_reg_vit_ffwdILi2ELb0ELb0EEv13VitFfwdParams,"{""channels"": 512, ""ffn_grouped_channels"": 64, ""pointwise_tokens"": 2160, ""valid_h"": 36, ""valid_w"": 60}",68,8,1,32,,1,"042f93 threshold128; grid(P/v,8,1); r14 ext-input only block23",,
D100,daniel.native1080.b045.ffn_projection.0,daniel,1080-native,b045.ffn_projection,45,ffn_projection,gfx1201.hsaco,_Z14k_reg_vit_convILi2ELi0ELb0EEv13VitConvParams,"{""channels"": 512, ""ffn_grouped_channels"": 64, ""pointwise_tokens"": 2160, ""valid_h"": 36, ""valid_w"": 60}",68,8,1,32,,1,"043a4d..aeb ->0214d0; flags1 external-input block23, else0",,
D101,daniel.native1080.b045.qkv_attention.0,daniel,1080-native,b045.qkv_attention,45,qkv_attention,gfx1201.hsaco,_Z15k_reg_vit_attn3ILb0EEv10AttnParams,"{""attention_heads"": 16, ""channels"": 512, ""ffn_grouped_channels"": 64, ""keys_per_window"": 64, ""pointwise_tokens"": 2160, ""valid_h"": 36, ""valid_w"": 60, ""window_h"": 8, ""window_w"": 8}",8,5,16,64,,1,"043c67..d29: QKV + attention,16heads",,
D102,daniel.native1080.b045.attention_projection.0,daniel,1080-native,b045.attention_projection,45,attention_projection,gfx1201.hsaco,_Z14k_reg_vit_convILi2ELi0ELb0EEv13VitConvParams,"{""channels"": 512, ""ffn_grouped_channels"": 64, ""pointwise_tokens"": 2160, ""valid_h"": 36, ""valid_w"": 60}",68,8,1,32,,1,"043d62..e14; flags4 pool-out block30,flags2 boundary-out block47",,
D103,daniel.native1080.b046.ffwd.0,daniel,1080-native,b046.ffwd,46,ffwd,gfx1201.hsaco,_Z14k_reg_vit_ffwdILi2ELb0ELb0EEv13VitFfwdParams,"{""channels"": 512, ""ffn_grouped_channels"": 64, ""pointwise_tokens"": 2160, ""valid_h"": 36, ""valid_w"": 60}",68,8,1,32,,1,"042f93 threshold128; grid(P/v,8,1); r14 ext-input only block23",,
D104,daniel.native1080.b046.ffn_projection.0,daniel,1080-native,b046.ffn_projection,46,ffn_projection,gfx1201.hsaco,_Z14k_reg_vit_convILi2ELi0ELb0EEv13VitConvParams,"{""channels"": 512, ""ffn_grouped_channels"": 64, ""pointwise_tokens"": 2160, ""valid_h"": 36, ""valid_w"": 60}",68,8,1,32,,1,"043a4d..aeb ->0214d0; flags1 external-input block23, else0",,
D105,daniel.native1080.b046.qkv_attention.0,daniel,1080-native,b046.qkv_attention,46,qkv_attention,gfx1201.hsaco,_Z15k_reg_vit_attn3ILb0EEv10AttnParams,"{""attention_heads"": 16, ""channels"": 512, ""ffn_grouped_channels"": 64, ""keys_per_window"": 64, ""pointwise_tokens"": 2160, ""valid_h"": 36, ""valid_w"": 60, ""window_h"": 8, ""window_w"": 8}",8,5,16,64,,1,"043c67..d29: QKV + attention,16heads",,
D106,daniel.native1080.b046.attention_projection.0,daniel,1080-native,b046.attention_projection,46,attention_projection,gfx1201.hsaco,_Z14k_reg_vit_convILi2ELi0ELb0EEv13VitConvParams,"{""channels"": 512, ""ffn_grouped_channels"": 64, ""pointwise_tokens"": 2160, ""valid_h"": 36, ""valid_w"": 60}",68,8,1,32,,1,"043d62..e14; flags4 pool-out block30,flags2 boundary-out block47",,
D107,daniel.native1080.b047.ffwd.0,daniel,1080-native,b047-048.boundary,47,ffwd,gfx1201.hsaco,_Z14k_reg_vit_ffwdILi2ELb0ELb0EEv13VitFfwdParams,"{""channels"": 512, ""ffn_grouped_channels"": 64, ""pointwise_tokens"": 2160, ""valid_h"": 36, ""valid_w"": 60}",68,8,1,32,,1,"042f93 threshold128; grid(P/v,8,1); r14 ext-input only block23",,
D108,daniel.native1080.b047.ffn_projection.0,daniel,1080-native,b047-048.boundary,47,ffn_projection,gfx1201.hsaco,_Z14k_reg_vit_convILi2ELi0ELb0EEv13VitConvParams,"{""channels"": 512, ""ffn_grouped_channels"": 64, ""pointwise_tokens"": 2160, ""valid_h"": 36, ""valid_w"": 60}",68,8,1,32,,1,"043a4d..aeb ->0214d0; flags1 external-input block23, else0",,
D109,daniel.native1080.b047.qkv_attention.0,daniel,1080-native,b047-048.boundary,47,qkv_attention,gfx1201.hsaco,_Z15k_reg_vit_attn3ILb0EEv10AttnParams,"{""attention_heads"": 16, ""channels"": 512, ""ffn_grouped_channels"": 64, ""keys_per_window"": 64, ""pointwise_tokens"": 2160, ""valid_h"": 36, ""valid_w"": 60, ""window_h"": 8, ""window_w"": 8}",8,5,16,64,,1,"043c67..d29: QKV + attention,16heads",,
D110,daniel.native1080.b047.attention_projection.0,daniel,1080-native,b047-048.boundary,47,attention_projection,gfx1201.hsaco,_Z14k_reg_vit_convILi2ELi2ELb0EEv13VitConvParams,"{""channels"": 512, ""ffn_grouped_channels"": 64, ""pointwise_tokens"": 2160, ""valid_h"": 36, ""valid_w"": 60}",68,8,1,32,,1,"043d62..e14; flags4 pool-out block30,flags2 boundary-out block47",,
D111,daniel.native1080.b031.expand.0,daniel,1080-native,b031.expand,31,expand,gfx1201.hsaco,_Z9k_expand2ILi1ELb1ELb0EEv12ExpandParams,"{""channels"": 1024, ""matrix_k"": 1024, ""matrix_n"": 4096, ""token_grid_h"": 20, ""token_grid_w"": 32, ""tokens"": 640, ""valid_h"": 20, ""valid_w"": 32, ""vit_padded_tokens"": 640, ""vit_valid_tokens"": 640}",10,32,1,256,,1,038fb7..39098 default reg,,
D112,daniel.native1080.b031.contract.0,daniel,1080-native,b031.contract,31,contract,gfx1201.hsaco,_Z12k_reg1d_convILi1ELb0ELb0EEv12ConvParams1d,"{""channels"": 1024, ""matrix_k"": 4096, ""matrix_n"": 1024, ""token_grid_h"": 20, ""token_grid_w"": 32, ""tokens"": 640, ""valid_h"": 20, ""valid_w"": 32, ""vit_padded_tokens"": 640, ""vit_valid_tokens"": 640}",10,8,1,256,,1,039306..39db5 contract; split if8*t<=2*MP; buffers allocated,,
D113,daniel.native1080.b031.qkv.0,daniel,1080-native,b031.qkv,31,qkv,gfx1201.hsaco,_Z11k_reg1d_qkvILb0ELb0EEv14Reg1dQkvParams,"{""channels"": 1024, ""matrix_k"": 1024, ""matrix_n"": 3072, ""token_grid_h"": 20, ""token_grid_w"": 32, ""tokens"": 640, ""valid_h"": 20, ""valid_w"": 32, ""vit_padded_tokens"": 640, ""vit_valid_tokens"": 640}",10,12,1,256,,1,03a12c..217; split threshold default0 at03a913,,
D114,daniel.native1080.b031.attention.0,daniel,1080-native,b031.attention,31,attention,gfx1201.hsaco,_Z12k_reg1d_attnILi1ELb0EEv15Reg1dAttnParams,"{""channels"": 1024, ""head_channels"": 32, ""heads"": 32, ""keys"": 640, ""token_grid_h"": 20, ""token_grid_w"": 32, ""tokens"": 640, ""valid_h"": 20, ""valid_w"": 32, ""vit_padded_tokens"": 640, ""vit_valid_tokens"": 640}",10,32,1,128,,1,03a500..5c6,,
D115,daniel.native1080.b031.projection.0,daniel,1080-native,b031.projection,31,projection,gfx1201.hsaco,_Z12k_reg1d_convILi1ELb0ELb0EEv12ConvParams1d,"{""channels"": 1024, ""matrix_k"": 1024, ""matrix_n"": 1024, ""token_grid_h"": 20, ""token_grid_w"": 32, ""tokens"": 640, ""valid_h"": 20, ""valid_w"": 32, ""vit_padded_tokens"": 640, ""vit_valid_tokens"": 640}",10,8,1,256,,1,03a632..6f7 final projection; same wrapper/split threshold,,
D116,daniel.native1080.b032.expand.0,daniel,1080-native,b032.expand,32,expand,gfx1201.hsaco,_Z9k_expand2ILi1ELb1ELb0EEv12ExpandParams,"{""channels"": 1024, ""matrix_k"": 1024, ""matrix_n"": 4096, ""token_grid_h"": 20, ""token_grid_w"": 32, ""tokens"": 640, ""valid_h"": 20, ""valid_w"": 32, ""vit_padded_tokens"": 640, ""vit_valid_tokens"": 640}",10,32,1,256,,1,038fb7..39098 default reg,,
D117,daniel.native1080.b032.contract.0,daniel,1080-native,b032.contract,32,contract,gfx1201.hsaco,_Z12k_reg1d_convILi1ELb0ELb0EEv12ConvParams1d,"{""channels"": 1024, ""matrix_k"": 4096, ""matrix_n"": 1024, ""token_grid_h"": 20, ""token_grid_w"": 32, ""tokens"": 640, ""valid_h"": 20, ""valid_w"": 32, ""vit_padded_tokens"": 640, ""vit_valid_tokens"": 640}",10,8,1,256,,1,039306..39db5 contract; split if8*t<=2*MP; buffers allocated,,
D118,daniel.native1080.b032.qkv.0,daniel,1080-native,b032.qkv,32,qkv,gfx1201.hsaco,_Z11k_reg1d_qkvILb0ELb0EEv14Reg1dQkvParams,"{""channels"": 1024, ""matrix_k"": 1024, ""matrix_n"": 3072, ""token_grid_h"": 20, ""token_grid_w"": 32, ""tokens"": 640, ""valid_h"": 20, ""valid_w"": 32, ""vit_padded_tokens"": 640, ""vit_valid_tokens"": 640}",10,12,1,256,,1,03a12c..217; split threshold default0 at03a913,,
D119,daniel.native1080.b032.attention.0,daniel,1080-native,b032.attention,32,attention,gfx1201.hsaco,_Z12k_reg1d_attnILi1ELb0EEv15Reg1dAttnParams,"{""channels"": 1024, ""head_channels"": 32, ""heads"": 32, ""keys"": 640, ""token_grid_h"": 20, ""token_grid_w"": 32, ""tokens"": 640, ""valid_h"": 20, ""valid_w"": 32, ""vit_padded_tokens"": 640, ""vit_valid_tokens"": 640}",10,32,1,128,,1,03a500..5c6,,
D120,daniel.native1080.b032.projection.0,daniel,1080-native,b032.projection,32,projection,gfx1201.hsaco,_Z12k_reg1d_convILi1ELb0ELb0EEv12ConvParams1d,"{""channels"": 1024, ""matrix_k"": 1024, ""matrix_n"": 1024, ""token_grid_h"": 20, ""token_grid_w"": 32, ""tokens"": 640, ""valid_h"": 20, ""valid_w"": 32, ""vit_padded_tokens"": 640, ""vit_valid_tokens"": 640}",10,8,1,256,,1,03a632..6f7 final projection; same wrapper/split threshold,,
D121,daniel.native1080.b033.expand.0,daniel,1080-native,b033.expand,33,expand,gfx1201.hsaco,_Z9k_expand2ILi1ELb1ELb0EEv12ExpandParams,"{""channels"": 1024, ""matrix_k"": 1024, ""matrix_n"": 4096, ""token_grid_h"": 20, ""token_grid_w"": 32, ""tokens"": 640, ""valid_h"": 20, ""valid_w"": 32, ""vit_padded_tokens"": 640, ""vit_valid_tokens"": 640}",10,32,1,256,,1,038fb7..39098 default reg,,
D122,daniel.native1080.b033.contract.0,daniel,1080-native,b033.contract,33,contract,gfx1201.hsaco,_Z12k_reg1d_convILi1ELb0ELb0EEv12ConvParams1d,"{""channels"": 1024, ""matrix_k"": 4096, ""matrix_n"": 1024, ""token_grid_h"": 20, ""token_grid_w"": 32, ""tokens"": 640, ""valid_h"": 20, ""valid_w"": 32, ""vit_padded_tokens"": 640, ""vit_valid_tokens"": 640}",10,8,1,256,,1,039306..39db5 contract; split if8*t<=2*MP; buffers allocated,,
D123,daniel.native1080.b033.qkv.0,daniel,1080-native,b033.qkv,33,qkv,gfx1201.hsaco,_Z11k_reg1d_qkvILb0ELb0EEv14Reg1dQkvParams,"{""channels"": 1024, ""matrix_k"": 1024, ""matrix_n"": 3072, ""token_grid_h"": 20, ""token_grid_w"": 32, ""tokens"": 640, ""valid_h"": 20, ""valid_w"": 32, ""vit_padded_tokens"": 640, ""vit_valid_tokens"": 640}",10,12,1,256,,1,03a12c..217; split threshold default0 at03a913,,
D124,daniel.native1080.b033.attention.0,daniel,1080-native,b033.attention,33,attention,gfx1201.hsaco,_Z12k_reg1d_attnILi1ELb0EEv15Reg1dAttnParams,"{""channels"": 1024, ""head_channels"": 32, ""heads"": 32, ""keys"": 640, ""token_grid_h"": 20, ""token_grid_w"": 32, ""tokens"": 640, ""valid_h"": 20, ""valid_w"": 32, ""vit_padded_tokens"": 640, ""vit_valid_tokens"": 640}",10,32,1,128,,1,03a500..5c6,,
D125,daniel.native1080.b033.projection.0,daniel,1080-native,b033.projection,33,projection,gfx1201.hsaco,_Z12k_reg1d_convILi1ELb0ELb0EEv12ConvParams1d,"{""channels"": 1024, ""matrix_k"": 1024, ""matrix_n"": 1024, ""token_grid_h"": 20, ""token_grid_w"": 32, ""tokens"": 640, ""valid_h"": 20, ""valid_w"": 32, ""vit_padded_tokens"": 640, ""vit_valid_tokens"": 640}",10,8,1,256,,1,03a632..6f7 final projection; same wrapper/split threshold,,
D126,daniel.native1080.b034.expand.0,daniel,1080-native,b034.expand,34,expand,gfx1201.hsaco,_Z9k_expand2ILi1ELb1ELb0EEv12ExpandParams,"{""channels"": 1024, ""matrix_k"": 1024, ""matrix_n"": 4096, ""token_grid_h"": 20, ""token_grid_w"": 32, ""tokens"": 640, ""valid_h"": 20, ""valid_w"": 32, ""vit_padded_tokens"": 640, ""vit_valid_tokens"": 640}",10,32,1,256,,1,038fb7..39098 default reg,,
D127,daniel.native1080.b034.contract.0,daniel,1080-native,b034.contract,34,contract,gfx1201.hsaco,_Z12k_reg1d_convILi1ELb0ELb0EEv12ConvParams1d,"{""channels"": 1024, ""matrix_k"": 4096, ""matrix_n"": 1024, ""token_grid_h"": 20, ""token_grid_w"": 32, ""tokens"": 640, ""valid_h"": 20, ""valid_w"": 32, ""vit_padded_tokens"": 640, ""vit_valid_tokens"": 640}",10,8,1,256,,1,039306..39db5 contract; split if8*t<=2*MP; buffers allocated,,
D128,daniel.native1080.b034.qkv.0,daniel,1080-native,b034.qkv,34,qkv,gfx1201.hsaco,_Z11k_reg1d_qkvILb0ELb0EEv14Reg1dQkvParams,"{""channels"": 1024, ""matrix_k"": 1024, ""matrix_n"": 3072, ""token_grid_h"": 20, ""token_grid_w"": 32, ""tokens"": 640, ""valid_h"": 20, ""valid_w"": 32, ""vit_padded_tokens"": 640, ""vit_valid_tokens"": 640}",10,12,1,256,,1,03a12c..217; split threshold default0 at03a913,,
D129,daniel.native1080.b034.attention.0,daniel,1080-native,b034.attention,34,attention,gfx1201.hsaco,_Z12k_reg1d_attnILi1ELb0EEv15Reg1dAttnParams,"{""channels"": 1024, ""head_channels"": 32, ""heads"": 32, ""keys"": 640, ""token_grid_h"": 20, ""token_grid_w"": 32, ""tokens"": 640, ""valid_h"": 20, ""valid_w"": 32, ""vit_padded_tokens"": 640, ""vit_valid_tokens"": 640}",10,32,1,128,,1,03a500..5c6,,
D130,daniel.native1080.b034.projection.0,daniel,1080-native,b034.projection,34,projection,gfx1201.hsaco,_Z12k_reg1d_convILi1ELb0ELb0EEv12ConvParams1d,"{""channels"": 1024, ""matrix_k"": 1024, ""matrix_n"": 1024, ""token_grid_h"": 20, ""token_grid_w"": 32, ""tokens"": 640, ""valid_h"": 20, ""valid_w"": 32, ""vit_padded_tokens"": 640, ""vit_valid_tokens"": 640}",10,8,1,256,,1,03a632..6f7 final projection; same wrapper/split threshold,,
D131,daniel.native1080.b035.expand.0,daniel,1080-native,b035.expand,35,expand,gfx1201.hsaco,_Z9k_expand2ILi1ELb1ELb0EEv12ExpandParams,"{""channels"": 1024, ""matrix_k"": 1024, ""matrix_n"": 4096, ""token_grid_h"": 20, ""token_grid_w"": 32, ""tokens"": 640, ""valid_h"": 20, ""valid_w"": 32, ""vit_padded_tokens"": 640, ""vit_valid_tokens"": 640}",10,32,1,256,,1,038fb7..39098 default reg,,
D132,daniel.native1080.b035.contract.0,daniel,1080-native,b035.contract,35,contract,gfx1201.hsaco,_Z12k_reg1d_convILi1ELb0ELb0EEv12ConvParams1d,"{""channels"": 1024, ""matrix_k"": 4096, ""matrix_n"": 1024, ""token_grid_h"": 20, ""token_grid_w"": 32, ""tokens"": 640, ""valid_h"": 20, ""valid_w"": 32, ""vit_padded_tokens"": 640, ""vit_valid_tokens"": 640}",10,8,1,256,,1,039306..39db5 contract; split if8*t<=2*MP; buffers allocated,,
D133,daniel.native1080.b035.qkv.0,daniel,1080-native,b035.qkv,35,qkv,gfx1201.hsaco,_Z11k_reg1d_qkvILb0ELb0EEv14Reg1dQkvParams,"{""channels"": 1024, ""matrix_k"": 1024, ""matrix_n"": 3072, ""token_grid_h"": 20, ""token_grid_w"": 32, ""tokens"": 640, ""valid_h"": 20, ""valid_w"": 32, ""vit_padded_tokens"": 640, ""vit_valid_tokens"": 640}",10,12,1,256,,1,03a12c..217; split threshold default0 at03a913,,
D134,daniel.native1080.b035.attention.0,daniel,1080-native,b035.attention,35,attention,gfx1201.hsaco,_Z12k_reg1d_attnILi1ELb0EEv15Reg1dAttnParams,"{""channels"": 1024, ""head_channels"": 32, ""heads"": 32, ""keys"": 640, ""token_grid_h"": 20, ""token_grid_w"": 32, ""tokens"": 640, ""valid_h"": 20, ""valid_w"": 32, ""vit_padded_tokens"": 640, ""vit_valid_tokens"": 640}",10,32,1,128,,1,03a500..5c6,,
D135,daniel.native1080.b035.projection.0,daniel,1080-native,b035.projection,35,projection,gfx1201.hsaco,_Z12k_reg1d_convILi1ELb0ELb0EEv12ConvParams1d,"{""channels"": 1024, ""matrix_k"": 1024, ""matrix_n"": 1024, ""token_grid_h"": 20, ""token_grid_w"": 32, ""tokens"": 640, ""valid_h"": 20, ""valid_w"": 32, ""vit_padded_tokens"": 640, ""vit_valid_tokens"": 640}",10,8,1,256,,1,03a632..6f7 final projection; same wrapper/split threshold,,
D136,daniel.native1080.b036.expand.0,daniel,1080-native,b036.expand,36,expand,gfx1201.hsaco,_Z9k_expand2ILi1ELb1ELb0EEv12ExpandParams,"{""channels"": 1024, ""matrix_k"": 1024, ""matrix_n"": 4096, ""token_grid_h"": 20, ""token_grid_w"": 32, ""tokens"": 640, ""valid_h"": 20, ""valid_w"": 32, ""vit_padded_tokens"": 640, ""vit_valid_tokens"": 640}",10,32,1,256,,1,038fb7..39098 default reg,,
D137,daniel.native1080.b036.contract.0,daniel,1080-native,b036.contract,36,contract,gfx1201.hsaco,_Z12k_reg1d_convILi1ELb0ELb0EEv12ConvParams1d,"{""channels"": 1024, ""matrix_k"": 4096, ""matrix_n"": 1024, ""token_grid_h"": 20, ""token_grid_w"": 32, ""tokens"": 640, ""valid_h"": 20, ""valid_w"": 32, ""vit_padded_tokens"": 640, ""vit_valid_tokens"": 640}",10,8,1,256,,1,039306..39db5 contract; split if8*t<=2*MP; buffers allocated,,
D138,daniel.native1080.b036.qkv.0,daniel,1080-native,b036.qkv,36,qkv,gfx1201.hsaco,_Z11k_reg1d_qkvILb0ELb0EEv14Reg1dQkvParams,"{""channels"": 1024, ""matrix_k"": 1024, ""matrix_n"": 3072, ""token_grid_h"": 20, ""token_grid_w"": 32, ""tokens"": 640, ""valid_h"": 20, ""valid_w"": 32, ""vit_padded_tokens"": 640, ""vit_valid_tokens"": 640}",10,12,1,256,,1,03a12c..217; split threshold default0 at03a913,,
D139,daniel.native1080.b036.attention.0,daniel,1080-native,b036.attention,36,attention,gfx1201.hsaco,_Z12k_reg1d_attnILi1ELb0EEv15Reg1dAttnParams,"{""channels"": 1024, ""head_channels"": 32, ""heads"": 32, ""keys"": 640, ""token_grid_h"": 20, ""token_grid_w"": 32, ""tokens"": 640, ""valid_h"": 20, ""valid_w"": 32, ""vit_padded_tokens"": 640, ""vit_valid_tokens"": 640}",10,32,1,128,,1,03a500..5c6,,
D140,daniel.native1080.b036.projection.0,daniel,1080-native,b036.projection,36,projection,gfx1201.hsaco,_Z12k_reg1d_convILi1ELb0ELb0EEv12ConvParams1d,"{""channels"": 1024, ""matrix_k"": 1024, ""matrix_n"": 1024, ""token_grid_h"": 20, ""token_grid_w"": 32, ""tokens"": 640, ""valid_h"": 20, ""valid_w"": 32, ""vit_padded_tokens"": 640, ""vit_valid_tokens"": 640}",10,8,1,256,,1,03a632..6f7 final projection; same wrapper/split threshold,,
D141,daniel.native1080.b037.expand.0,daniel,1080-native,b037.expand,37,expand,gfx1201.hsaco,_Z9k_expand2ILi1ELb1ELb0EEv12ExpandParams,"{""channels"": 1024, ""matrix_k"": 1024, ""matrix_n"": 4096, ""token_grid_h"": 20, ""token_grid_w"": 32, ""tokens"": 640, ""valid_h"": 20, ""valid_w"": 32, ""vit_padded_tokens"": 640, ""vit_valid_tokens"": 640}",10,32,1,256,,1,038fb7..39098 default reg,,
D142,daniel.native1080.b037.contract.0,daniel,1080-native,b037.contract,37,contract,gfx1201.hsaco,_Z12k_reg1d_convILi1ELb0ELb0EEv12ConvParams1d,"{""channels"": 1024, ""matrix_k"": 4096, ""matrix_n"": 1024, ""token_grid_h"": 20, ""token_grid_w"": 32, ""tokens"": 640, ""valid_h"": 20, ""valid_w"": 32, ""vit_padded_tokens"": 640, ""vit_valid_tokens"": 640}",10,8,1,256,,1,039306..39db5 contract; split if8*t<=2*MP; buffers allocated,,
D143,daniel.native1080.b037.qkv.0,daniel,1080-native,b037.qkv,37,qkv,gfx1201.hsaco,_Z11k_reg1d_qkvILb0ELb0EEv14Reg1dQkvParams,"{""channels"": 1024, ""matrix_k"": 1024, ""matrix_n"": 3072, ""token_grid_h"": 20, ""token_grid_w"": 32, ""tokens"": 640, ""valid_h"": 20, ""valid_w"": 32, ""vit_padded_tokens"": 640, ""vit_valid_tokens"": 640}",10,12,1,256,,1,03a12c..217; split threshold default0 at03a913,,
D144,daniel.native1080.b037.attention.0,daniel,1080-native,b037.attention,37,attention,gfx1201.hsaco,_Z12k_reg1d_attnILi1ELb0EEv15Reg1dAttnParams,"{""channels"": 1024, ""head_channels"": 32, ""heads"": 32, ""keys"": 640, ""token_grid_h"": 20, ""token_grid_w"": 32, ""tokens"": 640, ""valid_h"": 20, ""valid_w"": 32, ""vit_padded_tokens"": 640, ""vit_valid_tokens"": 640}",10,32,1,128,,1,03a500..5c6,,
D145,daniel.native1080.b037.projection.0,daniel,1080-native,b037.projection,37,projection,gfx1201.hsaco,_Z12k_reg1d_convILi1ELb0ELb0EEv12ConvParams1d,"{""channels"": 1024, ""matrix_k"": 1024, ""matrix_n"": 1024, ""token_grid_h"": 20, ""token_grid_w"": 32, ""tokens"": 640, ""valid_h"": 20, ""valid_w"": 32, ""vit_padded_tokens"": 640, ""vit_valid_tokens"": 640}",10,8,1,256,,1,03a632..6f7 final projection; same wrapper/split threshold,,
D146,daniel.native1080.b038.expand.0,daniel,1080-native,b038.expand,38,expand,gfx1201.hsaco,_Z9k_expand2ILi1ELb1ELb0EEv12ExpandParams,"{""channels"": 1024, ""matrix_k"": 1024, ""matrix_n"": 4096, ""token_grid_h"": 20, ""token_grid_w"": 32, ""tokens"": 640, ""valid_h"": 20, ""valid_w"": 32, ""vit_padded_tokens"": 640, ""vit_valid_tokens"": 640}",10,32,1,256,,1,038fb7..39098 default reg,,
D147,daniel.native1080.b038.contract.0,daniel,1080-native,b038.contract,38,contract,gfx1201.hsaco,_Z12k_reg1d_convILi1ELb0ELb0EEv12ConvParams1d,"{""channels"": 1024, ""matrix_k"": 4096, ""matrix_n"": 1024, ""token_grid_h"": 20, ""token_grid_w"": 32, ""tokens"": 640, ""valid_h"": 20, ""valid_w"": 32, ""vit_padded_tokens"": 640, ""vit_valid_tokens"": 640}",10,8,1,256,,1,039306..39db5 contract; split if8*t<=2*MP; buffers allocated,,
D148,daniel.native1080.b038.qkv.0,daniel,1080-native,b038.qkv,38,qkv,gfx1201.hsaco,_Z11k_reg1d_qkvILb0ELb0EEv14Reg1dQkvParams,"{""channels"": 1024, ""matrix_k"": 1024, ""matrix_n"": 3072, ""token_grid_h"": 20, ""token_grid_w"": 32, ""tokens"": 640, ""valid_h"": 20, ""valid_w"": 32, ""vit_padded_tokens"": 640, ""vit_valid_tokens"": 640}",10,12,1,256,,1,03a12c..217; split threshold default0 at03a913,,
D149,daniel.native1080.b038.attention.0,daniel,1080-native,b038.attention,38,attention,gfx1201.hsaco,_Z12k_reg1d_attnILi1ELb0EEv15Reg1dAttnParams,"{""channels"": 1024, ""head_channels"": 32, ""heads"": 32, ""keys"": 640, ""token_grid_h"": 20, ""token_grid_w"": 32, ""tokens"": 640, ""valid_h"": 20, ""valid_w"": 32, ""vit_padded_tokens"": 640, ""vit_valid_tokens"": 640}",10,32,1,128,,1,03a500..5c6,,
D150,daniel.native1080.b038.projection.0,daniel,1080-native,b038.projection,38,projection,gfx1201.hsaco,_Z12k_reg1d_convILi1ELb0ELb0EEv12ConvParams1d,"{""channels"": 1024, ""matrix_k"": 1024, ""matrix_n"": 1024, ""token_grid_h"": 20, ""token_grid_w"": 32, ""tokens"": 640, ""valid_h"": 20, ""valid_w"": 32, ""vit_padded_tokens"": 640, ""vit_valid_tokens"": 640}",10,8,1,256,,1,03a632..6f7 final projection; same wrapper/split threshold,,
D151,daniel.native1080.b030.entry_gather.0,daniel,1080-native,vit.entry,30,entry_gather,gfx1201.hsaco,_Z8k_repack12RepackParams,"{""channels"": 1024, ""ffn_grouped_channels"": 64, ""pointwise_tokens"": 2160, ""token_grid_h"": 20, ""token_grid_w"": 32, ""tokens"": 640, ""valid_h"": 20, ""valid_w"": 32, ""vit_padded_tokens"": 640, ""vit_valid_tokens"": 640}",256,1,1,256,,1,"038dad..e94 and03a93a..aa34:fixed256groups,looping copy",,
D152,daniel.native1080.b038.exit_gather.0,daniel,1080-native,vit.exit,38,exit_gather,gfx1201.hsaco,_Z8k_repack12RepackParams,"{""channels"": 1024, ""token_grid_h"": 20, ""token_grid_w"": 32, ""tokens"": 640, ""valid_h"": 20, ""valid_w"": 32, ""vit_padded_tokens"": 640, ""vit_valid_tokens"": 640}",256,1,1,256,,1,"038dad..e94 and03a93a..aa34:fixed256groups,looping copy",,
D153,daniel.native1080.b030.head.0,daniel,1080-native,b030.head_boundary,30,head,gfx1201.hsaco,_Z10k_reg_headILi4EEv13HeadRegParams,"{""channels"": 512, ""input_channels"": 512, ""input_h"": 36, ""input_w"": 60, ""output_channels"": 1024, ""output_h"": 20, ""output_w"": 32, ""token_grid_h"": 20, ""token_grid_w"": 32, ""tokens"": 640, ""valid_h"": 36, ""valid_w"": 60, ""vit_padded_tokens"": 640, ""vit_valid_tokens"": 640}",40,16,1,32,,1,038aa4/38b16..bc2,,
D154,daniel.native1080.b039.up.0,daniel,1080-native,b039.up,39,up,gfx1201.hsaco,_Z11k_reg_decupILb0EEv14DecUpRegParams,"{""channels"": 512, ""input_channels"": 1024, ""input_grid_h"": 20, ""input_grid_w"": 32, ""output_channels"": 512, ""output_grid_h"": 36, ""output_grid_w"": 60, ""valid_h"": 36, ""valid_w"": 60}",40,8,1,32,,1,03aa94/03ae57..af36,,
