arch,module,kernel,same_code,baseline_instructions,candidate_instructions,delta_instructions,baseline_bytes,candidate_bytes,baseline.vgpr_count,candidate.vgpr_count,baseline.sgpr_count,candidate.sgpr_count,baseline.group_segment_fixed_size,candidate.group_segment_fixed_size,baseline.private_segment_fixed_size,candidate.private_segment_fixed_size,baseline.wavefront_size,candidate.wavefront_size,baseline.kernarg_segment_size,candidate.kernarg_segment_size
gfx1201,boundary-fast.hsaco,c32_fast_av,False,387,332,-55,2376,2084,46,45,15,12,0,0,0,0,32,32,28,28
gfx1201,boundary-fast.hsaco,c32_fast_normalize,False,496,499,3,2796,2808,31,31,18,18,0,0,0,0,32,32,28,28
gfx1201,boundary-fast.hsaco,c32_fast_probabilities,False,528,473,-55,3032,2680,47,48,10,10,0,0,0,0,32,32,20,20
gfx1201,boundary-fast.hsaco,c32_fast_project,False,537,510,-27,3340,3228,72,72,13,13,0,0,0,0,32,32,40,40
gfx1201,boundary-fast.hsaco,c32_fast_qkv,False,284,269,-15,2092,1984,81,81,12,13,0,0,0,0,32,32,28,28
gfx1201,boundary-fast.hsaco,c32_fast_scores,False,790,701,-89,4800,4288,66,66,13,13,0,0,0,0,32,32,28,28
gfx1201,boundary-fast.hsaco,c32_finish_crop_half,False,267,271,4,1356,1372,13,13,16,16,0,0,0,0,32,32,48,48
gfx1201,boundary-fast.hsaco,c32_finish_fast,False,203,206,3,1080,1092,13,13,12,12,0,0,0,0,32,32,32,32
gfx1201,boundary-fast.hsaco,c32_finish_fast_half,False,212,215,3,1112,1124,13,13,12,12,0,0,0,0,32,32,32,32
gfx1201,boundary-fast.hsaco,c32_finish_fast_half_main8,False,211,214,3,1124,1136,14,14,12,12,0,0,0,0,32,32,32,32
gfx1201,boundary-fast.hsaco,hip_post_head_fast,False,191,200,9,1096,1128,70,69,12,12,0,0,0,0,32,32,56,56
gfx1201,boundary-fast.hsaco,hip_post_head_fast_half,False,252,252,0,1300,1300,53,53,12,12,0,0,0,0,32,32,56,56
gfx1201,boundary-fast.hsaco,hip_post_merge_fast,False,86,87,1,456,460,7,7,12,12,0,0,0,0,32,32,40,40
gfx1201,boundary-fast.hsaco,hip_post_merge_fast_skip8,False,85,86,1,440,444,7,7,14,14,0,0,0,0,32,32,40,40
gfx1201,boundary_reference.hsaco,hip_c32_pack,False,92,92,0,468,468,7,7,14,14,0,0,0,0,32,32,40,40
gfx1201,boundary_reference.hsaco,hip_crop,False,122,123,1,596,600,8,8,13,13,0,0,0,0,32,32,44,44
gfx1201,boundary_reference.hsaco,hip_input_reflect,False,179,181,2,920,928,9,9,14,14,0,0,0,0,32,32,40,40
gfx1201,boundary_reference.hsaco,hip_post_head_exact,False,913,910,-3,5056,5036,27,27,17,17,0,0,0,0,32,32,56,56
gfx1201,boundary_reference.hsaco,hip_post_merge,False,86,87,1,456,460,7,7,12,12,0,0,0,0,32,32,40,40
gfx1201,c32-wave1.hsaco,c32_fast_ffn_attention_fused,False,2286,2650,364,16100,18324,169,192,15,15,15360,15360,0,0,32,32,44,44
gfx1201,c32-wave1.hsaco,c32_fast_ffn_attention_fused_half,False,2742,3047,305,18816,20748,169,190,15,15,15360,15360,0,0,32,32,44,44
gfx1201,c32-wave1.hsaco,c32_fast_ffn_attention_fused_half_chain,False,3352,3646,294,21464,23420,151,177,32,32,15360,15360,0,0,32,32,72,72
gfx1201,c32-wave1.hsaco,c32_fast_ffn_attention_fused_half_chain_finish,False,3528,3794,266,22040,23948,153,178,38,38,15360,15360,0,0,32,32,80,80
gfx1201,c32-wave1.hsaco,c32_fast_ffn_attention_fused_half_chain_finish_dcrop,False,3633,3901,268,22524,24440,153,178,39,39,15360,15360,0,0,32,32,80,80
gfx1201,c32-wave1.hsaco,c32_fast_ffn_attention_fused_half_finish_main8,False,2912,3191,279,19576,21332,172,191,29,29,15360,15360,0,0,32,32,60,60
gfx1201,c32-wave1.hsaco,c32_fast_ffn_attention_fused_half_mapped,False,2929,3241,312,19648,21588,169,190,18,18,15360,15360,0,0,32,32,60,60
gfx1201,c32-wave1.hsaco,c32_fast_ffn_attention_fused_half_prefix_finish_main8,False,3202,3485,283,20752,22664,152,179,29,29,15360,15360,0,0,32,32,76,76
gfx1201,c32-wave1.hsaco,c32_post_merge_fused_half,False,2462,2688,226,16904,18568,153,182,14,14,15360,15360,0,0,32,32,68,68
gfx1201,c32-wave1.hsaco,c32_post_merge_head_half,False,2691,2872,181,17800,19304,158,184,86,86,15360,15360,0,0,32,32,88,88
gfx1201,c32-wave1.hsaco,c32_wave1_chain,False,1050,1045,-5,7148,7144,134,134,26,26,4096,4096,0,0,32,32,72,72
gfx1201,c32-wave1.hsaco,c32_wave1_finish,False,2527,2527,0,14984,14988,131,131,30,30,4096,4096,0,0,32,32,80,80
gfx1201,c32-wave1.hsaco,c32_wave1_finish_dcrop,False,2019,2017,-2,12176,12172,131,131,30,30,4096,4096,0,0,32,32,80,80
gfx1201,c32-wave1.hsaco,c32_wave1_mapped,False,1106,1103,-3,7536,7548,133,133,25,25,4096,4096,0,0,32,32,60,60
gfx1201,c32-wave1.hsaco,c32_wave1_post,False,1614,1612,-2,10304,10288,132,132,37,38,4096,4096,0,0,32,32,88,88
gfx1201,c32-wave1.hsaco,c32_wave1_prefix,False,1968,1975,7,12252,12284,129,129,32,32,4096,4096,0,0,32,32,76,76
gfx1201,c32-wave1.hsaco,c32_wave1_up,False,1819,1838,19,11716,11800,154,154,26,26,4096,4096,0,0,32,32,68,68
gfx1201,c32_fast.hsaco,c32_ffn_contract_fast,False,2103,2123,20,11552,11600,39,39,25,25,3072,3072,0,0,32,32,40,40
gfx1201,c32_fast.hsaco,c32_ffn_contract_fast_map3,False,2627,2647,20,14484,14460,33,33,20,20,3072,3072,0,0,32,32,40,40
gfx1201,c32_fast.hsaco,c32_ffn_expand_fast,False,759,767,8,4332,4332,20,20,13,13,4096,4096,0,0,32,32,28,28
gfx1201,c32_fast_attention.hsaco,c32_fast_av,False,387,332,-55,2376,2084,46,45,15,12,0,0,0,0,32,32,28,28
gfx1201,c32_fast_attention.hsaco,c32_fast_normalize,False,496,499,3,2796,2808,31,31,18,18,0,0,0,0,32,32,28,28
gfx1201,c32_fast_attention.hsaco,c32_fast_probabilities,False,528,473,-55,3032,2680,47,48,10,10,0,0,0,0,32,32,20,20
gfx1201,c32_fast_attention.hsaco,c32_fast_project,False,537,510,-27,3340,3228,72,72,13,13,0,0,0,0,32,32,40,40
gfx1201,c32_fast_attention.hsaco,c32_fast_qkv,False,284,269,-15,2092,1984,81,81,12,13,0,0,0,0,32,32,28,28
gfx1201,c32_fast_attention.hsaco,c32_fast_scores,False,790,701,-89,4800,4288,66,66,13,13,0,0,0,0,32,32,28,28
gfx1201,c32_fused_attention.hsaco,c32_fast_attention_fused,False,5569,5559,-10,34976,35024,122,121,17,18,15360,15360,0,0,32,32,32,32
gfx1201,c32_fused_ffn_attention-packed.hsaco,c32_fast_ffn_attention_fused,False,2286,2650,364,16100,18324,169,192,15,15,15360,15360,0,0,32,32,44,44
gfx1201,c32_fused_ffn_attention-packed.hsaco,c32_fast_ffn_attention_fused_half,False,2742,3047,305,18816,20748,169,190,15,15,15360,15360,0,0,32,32,44,44
gfx1201,c32_fused_ffn_attention-packed.hsaco,c32_fast_ffn_attention_fused_half_chain,False,3352,3646,294,21464,23420,151,177,32,32,15360,15360,0,0,32,32,72,72
gfx1201,c32_fused_ffn_attention-packed.hsaco,c32_fast_ffn_attention_fused_half_chain_finish,False,3528,3794,266,22040,23948,153,178,38,38,15360,15360,0,0,32,32,80,80
gfx1201,c32_fused_ffn_attention-packed.hsaco,c32_fast_ffn_attention_fused_half_chain_finish_dcrop,False,3633,3901,268,22524,24440,153,178,39,39,15360,15360,0,0,32,32,80,80
gfx1201,c32_fused_ffn_attention-packed.hsaco,c32_fast_ffn_attention_fused_half_finish_main8,False,2912,3191,279,19576,21332,172,191,29,29,15360,15360,0,0,32,32,60,60
gfx1201,c32_fused_ffn_attention-packed.hsaco,c32_fast_ffn_attention_fused_half_mapped,False,2929,3241,312,19648,21588,169,190,18,18,15360,15360,0,0,32,32,60,60
gfx1201,c32_fused_ffn_attention-packed.hsaco,c32_fast_ffn_attention_fused_half_prefix_finish_main8,False,3202,3485,283,20752,22664,152,179,29,29,15360,15360,0,0,32,32,76,76
gfx1201,c32_fused_ffn_attention-packed.hsaco,c32_post_merge_fused_half,False,2462,2688,226,16904,18568,153,182,14,14,15360,15360,0,0,32,32,68,68
gfx1201,c32_fused_ffn_attention-packed.hsaco,c32_post_merge_head_half,False,2691,2872,181,17800,19304,158,184,86,86,15360,15360,0,0,32,32,88,88
gfx1201,c32_fused_ffn_attention.hsaco,c32_fast_ffn_attention_fused,False,3102,3478,376,22936,25196,161,159,15,15,15360,15360,0,0,32,32,44,44
gfx1201,c32_fused_ffn_attention.hsaco,c32_fast_ffn_attention_fused_half,False,3579,3921,342,25744,27688,161,159,15,15,15360,15360,0,0,32,32,44,44
gfx1201,c32_fused_ffn_attention.hsaco,c32_fast_ffn_attention_fused_half_chain,False,4214,4478,264,28424,30192,160,139,32,32,15360,15360,0,0,32,32,72,72
gfx1201,c32_fused_ffn_attention.hsaco,c32_fast_ffn_attention_fused_half_chain_finish,False,4384,4636,252,29052,30772,162,140,38,38,15360,15360,0,0,32,32,80,80
gfx1201,c32_fused_ffn_attention.hsaco,c32_fast_ffn_attention_fused_half_chain_finish_dcrop,False,4489,4744,255,29536,31268,162,140,39,39,15360,15360,0,0,32,32,80,80
gfx1201,c32_fused_ffn_attention.hsaco,c32_fast_ffn_attention_fused_half_finish_main8,False,3749,4072,323,26536,28396,163,161,29,29,15360,15360,0,0,32,32,60,60
gfx1201,c32_fused_ffn_attention.hsaco,c32_fast_ffn_attention_fused_half_mapped,False,3738,4098,360,26540,28460,162,159,18,18,15360,15360,0,0,32,32,60,60
gfx1201,c32_fused_ffn_attention.hsaco,c32_fast_ffn_attention_fused_half_prefix_finish_main8,False,4078,4327,249,27776,29496,160,142,29,29,15360,15360,0,0,32,32,76,76
gfx1201,c32_fused_ffn_attention.hsaco,c32_post_merge_fused_half,False,3147,3392,245,22740,24320,163,145,14,14,15360,15360,0,0,32,32,68,68
gfx1201,c32_fused_ffn_attention.hsaco,c32_post_merge_head_half,False,3351,3632,281,23508,25224,165,146,86,86,15360,15360,0,0,32,32,88,88
gfx1201,c32_prefix_reference.hsaco,c32_attn_av,False,431,245,-186,2668,1516,74,73,11,11,0,0,0,0,32,32,28,28
gfx1201,c32_prefix_reference.hsaco,c32_attn_normalize,False,439,440,1,2256,2256,31,31,26,26,0,0,0,0,32,32,28,28
gfx1201,c32_prefix_reference.hsaco,c32_attn_probabilities,False,331,333,2,1896,1896,37,37,10,10,0,0,0,0,32,32,20,20
gfx1201,c32_prefix_reference.hsaco,c32_attn_project,False,219,227,8,1276,1296,71,71,12,12,0,0,0,0,32,32,40,40
gfx1201,c32_prefix_reference.hsaco,c32_attn_qkv,False,281,282,1,1512,1504,17,17,12,12,0,0,0,0,32,32,28,28
gfx1201,c32_prefix_reference.hsaco,c32_attn_scores,False,261,261,0,1428,1432,68,68,10,10,0,0,0,0,32,32,28,28
gfx1201,c32_prefix_reference.hsaco,c32_ffn_contract,False,203,210,7,1192,1216,71,71,12,12,0,0,0,0,32,32,40,40
gfx1201,c32_prefix_reference.hsaco,c32_ffn_expand,False,248,248,0,1380,1368,16,16,12,12,0,0,0,0,32,32,28,28
gfx1201,c32_prefix_reference.hsaco,c32_finish,False,255,258,3,1380,1384,16,16,14,14,0,0,0,0,32,32,32,32
gfx1201,c32_prefix_reference.hsaco,dlss5_prefix_reference,False,622,622,0,3272,3272,41,41,18,18,0,0,0,0,32,32,64,64
gfx1201,c32_tiled.hsaco,c32_attn_project_tiled,False,1077,1086,9,5956,5960,22,22,17,17,3072,3072,0,0,32,32,40,40
gfx1201,c32_tiled.hsaco,c32_attn_qkv_tiled,False,799,801,2,4364,4364,20,21,15,15,3072,3072,0,0,32,32,28,28
gfx1201,c32_tiled.hsaco,c32_ffn_contract_tiled,False,1281,1302,21,7220,7276,46,46,25,25,3072,3072,0,0,32,32,40,40
gfx1201,c32_tiled.hsaco,c32_ffn_expand_tiled,False,837,837,0,4648,4616,20,20,13,13,4096,4096,0,0,32,32,28,28
gfx1201,c32_wmma.hsaco,c32_attn_av_wmma,False,1165,1132,-33,7336,7100,94,81,14,13,0,0,0,0,32,32,28,28
gfx1201,c32_wmma.hsaco,c32_attn_project_wmma,False,1024,1012,-12,6036,5948,71,71,13,13,0,0,0,0,32,32,40,40
gfx1201,c32_wmma.hsaco,c32_attn_qkv_wmma,False,835,829,-6,4956,4888,68,68,14,14,0,0,0,0,32,32,28,28
gfx1201,c32_wmma.hsaco,c32_attn_scores_wmma,False,1319,1261,-58,7552,7176,69,69,13,13,0,0,0,0,32,32,28,28
gfx1201,c32_wmma.hsaco,c32_ffn_contract_wmma,False,2712,2629,-83,16852,16216,51,51,23,23,0,0,0,0,32,32,40,40
gfx1201,c32_wmma.hsaco,c32_ffn_expand_wmma,False,2087,2064,-23,12064,11888,33,33,18,17,0,0,0,0,32,32,28,28
gfx1201,c512-m32-deep.hsaco,decoder_project2x,False,587,589,2,3168,3192,40,40,25,25,0,0,0,0,32,32,56,56
gfx1201,c512-m32-deep.hsaco,decoder_project2x_h16w,False,5940,5984,44,32664,32880,64,64,34,34,0,0,0,0,32,32,56,56
gfx1201,c512-m32-deep.hsaco,decoder_project2x_h16w_byteout,False,5978,6017,39,32788,32980,64,64,34,34,0,0,0,0,32,32,56,56
gfx1201,c512-m32-deep.hsaco,reuse_decide,False,396,398,2,2020,2028,14,14,17,17,0,0,0,0,32,32,60,60
gfx1201,c512-m32-deep.hsaco,reuse_finish,False,646,654,8,3864,3896,11,11,27,27,0,0,0,0,32,32,84,84
gfx1201,c512-m32-deep.hsaco,reuse_image_commit,False,161,168,7,968,996,5,5,8,8,0,0,0,0,32,32,28,28
gfx1201,c512-m32-deep.hsaco,reuse_image_stats,False,250,251,1,1360,1364,14,14,22,22,0,0,0,0,32,32,48,48
gfx1201,c512-m32-deep.hsaco,reuse_token_stats,False,218,218,0,1180,1180,14,14,17,17,0,0,0,0,32,32,48,48
gfx1201,c512-m32-deep.hsaco,split_contract,False,198,198,0,1156,1156,33,33,12,12,0,0,0,0,32,32,28,28
gfx1201,c512-m32-deep.hsaco,split_contract_fp8,False,202,202,0,1176,1176,31,31,12,12,0,0,0,0,32,32,28,28
gfx1201,c512-m32-deep.hsaco,split_expand,False,238,238,0,1452,1452,33,33,12,12,0,0,0,0,32,32,28,28
gfx1201,c512-m32-deep.hsaco,split_expand_fp8,False,254,254,0,1556,1556,33,33,12,12,0,0,0,0,32,32,28,28
gfx1201,c512-m32-deep.hsaco,split_ffn_fused,False,1078,1079,1,6560,6600,60,59,15,15,4160,4160,0,0,32,32,28,28
gfx1201,c512-m32-deep.hsaco,split_ffn_fused_fp8,False,855,866,11,5580,5660,102,101,11,11,4160,4160,0,0,32,32,28,28
gfx1201,c512-m32-deep.hsaco,split_ffn_fused_fp8_mix,False,980,960,-20,6280,6172,103,110,13,12,6464,6464,0,0,32,32,28,28
gfx1201,c512-m32-deep.hsaco,split_ffn_fused_fp8_t8,False,919,930,11,6140,6192,111,111,14,14,4160,4160,0,0,32,32,36,36
gfx1201,c512-m32-deep.hsaco,split_mix,False,200,200,0,1160,1160,35,35,11,11,0,0,0,0,32,32,28,28
gfx1201,c512-m32-deep.hsaco,split_mix_blocked,False,514,526,12,3084,3164,80,80,11,11,0,0,0,0,32,32,28,28
gfx1201,c512-m32-deep.hsaco,split_mix_blocked_h16w,False,497,518,21,3032,3152,91,91,11,11,0,0,0,0,32,32,28,28
gfx1201,c512-m32-deep.hsaco,split_mix_blocked_h16w_m32,False,1047,909,-138,6548,5676,96,96,13,13,0,0,0,0,32,32,28,28
gfx1201,c512-m32-deep.hsaco,split_projection,False,245,240,-5,1500,1488,32,32,12,12,0,0,0,0,32,32,36,36
gfx1201,c512-m32-deep.hsaco,split_projection_blocked,False,667,681,14,4048,4188,68,74,12,12,0,0,0,0,32,32,36,36
gfx1201,c512-m32-deep.hsaco,split_projection_blocked_t8,False,878,929,51,5528,5688,74,75,16,16,0,0,0,0,32,32,44,44
gfx1201,c512-m32-deep.hsaco,split_projection_frag,False,859,930,71,5348,5836,83,102,17,17,0,0,0,0,32,32,44,44
gfx1201,c512-m32-deep.hsaco,vit_attention_av_fast,False,486,486,0,3092,3068,48,48,17,17,0,0,0,0,32,32,48,48
gfx1201,c512-m32-deep.hsaco,vit_attention_fused_256,False,1197,1238,41,7588,7912,91,91,16,16,1536,1536,0,0,32,32,32,32
gfx1201,c512-m32-deep.hsaco,vit_attention_fused_256_bytein,False,938,962,24,5568,5732,75,75,17,17,1536,1536,0,0,32,32,32,32
gfx1201,c512-m32-deep.hsaco,vit_attention_fused_256_bytein_bout,False,958,977,19,5732,5844,75,75,17,17,1536,1536,0,0,32,32,32,32
gfx1201,c512-m32-deep.hsaco,vit_attention_fused_400,False,1197,1238,41,7588,7912,91,91,16,16,1536,1536,0,0,32,32,32,32
gfx1201,c512-m32-deep.hsaco,vit_attention_fused_400_bytein,False,938,962,24,5568,5732,75,75,17,17,1536,1536,0,0,32,32,32,32
gfx1201,c512-m32-deep.hsaco,vit_attention_fused_400_bytein_bout,False,958,977,19,5732,5844,75,75,17,17,1536,1536,0,0,32,32,32,32
gfx1201,c512-m32-deep.hsaco,vit_attention_fused_640,False,1197,1238,41,7588,7912,91,91,16,16,1536,1536,0,0,32,32,32,32
gfx1201,c512-m32-deep.hsaco,vit_attention_fused_640_bytein,False,938,962,24,5568,5732,75,75,17,17,1536,1536,0,0,32,32,32,32
gfx1201,c512-m32-deep.hsaco,vit_attention_fused_640_bytein_bout,False,958,977,19,5732,5844,75,75,17,17,1536,1536,0,0,32,32,32,32
gfx1201,c512-m32-deep.hsaco,vit_attention_inverse_fast,False,265,266,1,1584,1588,34,34,10,10,0,0,0,0,32,32,32,32
gfx1201,c512-m32-deep.hsaco,vit_attention_scores_fast,False,771,772,1,4552,4556,66,66,13,13,0,0,0,0,32,32,32,32
gfx1201,c512-m32-deep.hsaco,vit_contract_blocked_fp8,False,1830,1868,38,12132,12324,235,241,26,26,0,0,0,0,32,32,56,56
gfx1201,c512-m32-deep.hsaco,vit_contract_blocked_fp8_bstream,False,1872,1936,64,12488,12732,234,237,26,26,0,0,0,0,32,32,56,56
gfx1201,c512-m32-deep.hsaco,vit_contract_blocked_fp8_frag,False,1077,1090,13,7160,7260,205,211,12,12,0,0,0,0,32,32,56,56
gfx1201,c512-m32-deep.hsaco,vit_contract_blocked_fp8_hstream,False,1862,1908,46,12272,12480,235,241,26,26,0,0,0,0,32,32,56,56
gfx1201,c512-m32-deep.hsaco,vit_contract_blocked_fp8_tiled,False,743,762,19,4632,4708,104,113,21,14,0,0,0,0,32,32,56,56
gfx1201,c512-m32-deep.hsaco,vit_contract_blocked_fp8_tiled_bstream,False,822,832,10,5052,5152,103,109,21,14,0,0,0,0,32,32,56,56
gfx1201,c512-m32-deep.hsaco,vit_contract_blocked_fp8_tiled_hstream,False,789,809,20,4760,4924,103,112,21,14,0,0,0,0,32,32,56,56
gfx1201,c512-m32-deep.hsaco,vit_contract_combine,False,96,97,1,556,560,14,14,11,11,0,0,0,0,32,32,48,48
gfx1201,c512-m32-deep.hsaco,vit_contract_parts_blocked_fp8,False,312,198,-114,2032,1352,53,48,14,14,0,0,0,0,32,32,40,40
gfx1201,c512-m32-deep.hsaco,vit_contract_parts_blocked_fp8_tiled,False,406,281,-125,2720,1968,71,70,16,14,0,0,0,0,32,32,40,40
gfx1201,c512-m32-deep.hsaco,vit_contract_parts_fp8,False,157,159,2,864,876,23,23,14,14,0,0,0,0,32,32,40,40
gfx1201,c512-m32-deep.hsaco,vit_expand,False,356,355,-1,2200,2200,32,32,14,14,0,0,0,0,32,32,48,48
gfx1201,c512-m32-deep.hsaco,vit_expand_blocked_fp8,False,810,810,0,5244,5244,69,69,14,14,0,0,0,0,32,32,48,48
gfx1201,c512-m32-deep.hsaco,vit_expand_blocked_fp8_bytein,False,723,723,0,4592,4592,55,55,14,14,0,0,0,0,32,32,48,48
gfx1201,c512-m32-deep.hsaco,vit_expand_blocked_fp8_frag_bytein,False,1329,1368,39,8804,8968,77,77,23,25,0,0,0,0,32,32,48,48
gfx1201,c512-m32-deep.hsaco,vit_expand_blocked_fp8_frag_bytein_m2,False,1335,1336,1,8696,8704,86,86,22,25,0,0,0,0,32,32,48,48
gfx1201,c512-m32-deep.hsaco,vit_expand_blocked_fp8_frag_bytein_m4,False,2595,2598,3,17012,16992,154,154,27,30,0,0,0,0,32,32,48,48
gfx1201,c512-m32-deep.hsaco,vit_expand_blocked_fp8_frag_tiledin,False,711,713,2,4572,4580,46,46,23,25,0,0,0,0,32,32,48,48
gfx1201,c512-m32-deep.hsaco,vit_expand_blocked_fp8_tiled,False,883,886,3,5804,5812,95,94,20,23,0,0,0,0,32,32,48,48
gfx1201,c512-m32-deep.hsaco,vit_expand_blocked_fp8_tiled_bytein,False,782,781,-1,5132,5132,73,73,18,22,0,0,0,0,32,32,48,48
gfx1201,c512-m32-deep.hsaco,vit_expand_blocked_fp8_tiled_bytein_m4,False,2668,2668,0,17556,17536,153,153,25,27,0,0,0,0,32,32,48,48
gfx1201,c512-m32-deep.hsaco,vit_expand_fp8,False,351,350,-1,2156,2156,32,32,14,14,0,0,0,0,32,32,48,48
gfx1201,c512-m32-deep.hsaco,vit_ffn_fused,False,1493,1492,-1,9660,9728,151,161,14,14,16640,16640,0,0,32,32,56,56
gfx1201,c512-m32-deep.hsaco,vit_pack_input,False,57,57,0,340,340,7,7,7,7,0,0,0,0,32,32,32,32
gfx1201,c512-m32-deep.hsaco,vit_pack_input_tiled,False,57,57,0,352,352,10,10,7,7,0,0,0,0,32,32,32,32
gfx1201,c512-m32-deep.hsaco,vit_project,False,1285,1287,2,8192,8200,77,77,20,20,0,0,0,0,32,32,56,56
gfx1201,c512-m32-deep.hsaco,vit_project_bytein_bout,False,586,597,11,4088,4136,98,98,14,14,0,0,0,0,32,32,56,56
gfx1201,c512-m32-deep.hsaco,vit_project_bytein_bout_hskip,False,593,605,12,4128,4180,99,99,14,14,0,0,0,0,32,32,56,56
gfx1201,c512-m32-deep.hsaco,vit_project_fp8,False,1310,1327,17,8336,8408,90,90,20,20,0,0,0,0,32,32,56,56
gfx1201,c512-m32-deep.hsaco,vit_project_frag,False,1850,1861,11,11692,11744,79,79,34,34,0,0,0,0,32,32,56,56
gfx1201,c512-m32-deep.hsaco,vit_qkv_normalize,False,478,478,0,2724,2724,31,31,18,18,0,0,0,0,32,32,40,40
gfx1201,c512-m32-deep.hsaco,vit_qkv_project,False,215,221,6,1204,1228,32,32,14,14,0,0,0,0,32,32,40,40
gfx1201,c512-m32-deep.hsaco,vit_qkv_project_blocked,False,266,227,-39,1604,1384,48,48,13,13,0,0,0,0,32,32,40,40
gfx1201,c512-m32-deep.hsaco,vit_qkv_project_normalize_fused,False,848,958,110,4768,5320,51,50,22,18,2112,2112,0,0,32,32,40,40
gfx1201,c512-m32-deep.hsaco,vit_qkv_project_normalize_fused_f16compact,False,853,957,104,4868,5364,60,58,22,22,2112,2112,0,0,32,32,40,40
gfx1201,c512-m32-deep.hsaco,vit_qkv_project_normalize_fused_f16compact_fp8,False,777,767,-10,4516,4352,60,58,22,22,2112,2112,0,0,32,32,40,40
gfx1201,c512-m32-deep.hsaco,vit_qkv_project_normalize_fused_f16compact_fp8_bytein,False,776,818,42,4488,4680,58,91,22,22,2112,2112,0,0,32,32,40,40
gfx1201,c512-m32-deep.hsaco,vit_qkv_project_normalize_fused_f16compact_fp8_frag,False,766,767,1,4440,4348,59,58,22,22,2112,2112,0,0,32,32,40,40
gfx1201,c512-m32-deep.hsaco,vit_qkv_project_normalize_fused_f16compact_fp8_h16in,False,1164,1198,34,7860,7908,96,95,22,22,2112,2112,0,0,32,32,40,40
gfx1201,c512-m32-deep.hsaco,vit_qkv_project_normalize_fused_f16compact_fp8_h16in_n4,False,1392,1408,16,8424,8264,192,192,22,22,4160,4160,0,0,32,32,40,40
gfx1201,c512-m32-deep.hsaco,vit_qkv_project_normalize_fused_f16weight,False,854,960,106,4876,5380,60,58,22,22,2112,2112,0,0,32,32,40,40
gfx1201,c512-m32-mh.hsaco,c512_qkv_attention_compact,False,1812,1835,23,11680,11764,141,141,30,30,6144,6144,0,0,32,32,48,48
gfx1201,c512-m32-mh.hsaco,c512_qkv_attention_fused,False,1760,1759,-1,11596,11572,122,122,32,32,6144,6144,0,0,32,32,32,32
gfx1201,c512-m32-mh.hsaco,mh_attention_av_fast,False,444,432,-12,2472,2388,52,52,22,19,0,0,0,0,32,32,36,36
gfx1201,c512-m32-mh.hsaco,mh_attention_crop,False,2625,2665,40,13160,13320,33,33,36,36,4608,4608,0,0,32,32,64,64
gfx1201,c512-m32-mh.hsaco,mh_attention_project_fast_matrix,False,2102,2137,35,10684,10824,34,34,28,28,4608,4608,0,0,32,32,44,44
gfx1201,c512-m32-mh.hsaco,mh_attention_project_fast_matrix_fp8,False,2068,2103,35,10448,10588,34,34,28,28,4608,4608,0,0,32,32,44,44
gfx1201,c512-m32-mh.hsaco,mh_attention_project_fast_scalar,False,1412,1428,16,6984,7048,32,32,21,21,4608,4608,0,0,32,32,44,44
gfx1201,c512-m32-mh.hsaco,mh_attention_project_fast_scalar_fp8,False,1378,1394,16,6748,6812,33,33,21,21,4608,4608,0,0,32,32,44,44
gfx1201,c512-m32-mh.hsaco,mh_attention_project_frag_c512,False,1283,1314,31,6812,6936,80,80,28,28,0,0,0,0,32,32,60,60
gfx1201,c512-m32-mh.hsaco,mh_ffn_contract_fast,False,399,398,-1,2192,2192,27,27,17,17,4608,4608,0,0,32,32,32,32
gfx1201,c512-m32-mh.hsaco,mh_ffn_contract_fast_fp8,False,383,383,0,2084,2084,28,28,17,17,4608,4608,0,0,32,32,32,32
gfx1201,c512-m32-mh.hsaco,mh_ffn_contract_fast_fp8_out,False,349,348,-1,1900,1896,28,28,17,17,4608,4608,0,0,32,32,32,32
gfx1201,c512-m32-mh.hsaco,mh_ffn_contract_fast_pre,False,296,302,6,1564,1592,27,27,17,17,4608,4608,0,0,32,32,32,32
gfx1201,c512-m32-mh.hsaco,mh_ffn_contract_fast_rne,False,399,398,-1,2192,2192,27,27,17,17,4608,4608,0,0,32,32,32,32
gfx1201,c512-m32-mh.hsaco,mh_ffn_contract_fast_rtz,False,399,398,-1,2192,2192,27,27,17,17,4608,4608,0,0,32,32,32,32
gfx1201,c512-m32-mh.hsaco,mh_ffn_expand_fast,False,461,461,0,2632,2636,29,29,16,16,4608,4608,0,0,32,32,32,32
gfx1201,c512-m32-mh.hsaco,mh_ffn_expand_fast_fp8,False,425,426,1,2456,2460,29,29,16,16,4608,4608,0,0,32,32,32,32
gfx1201,c512-m32-mh.hsaco,mh_ffn_fused_c128,False,840,893,53,6012,6216,101,103,12,12,8256,8256,0,0,32,32,28,28
gfx1201,c512-m32-mh.hsaco,mh_ffn_fused_c128_frag_project_g128_qkv,False,1475,1468,-7,9768,9764,99,99,16,16,10816,10816,0,0,32,32,64,64
gfx1201,c512-m32-mh.hsaco,mh_ffn_fused_c128_frag_project_mapped_g128_qkv,False,1650,1644,-6,10660,10648,98,97,25,25,10816,10816,0,0,32,32,64,64
gfx1201,c512-m32-mh.hsaco,mh_ffn_fused_c128_project,False,1026,1072,46,7160,7356,101,103,14,12,8256,8256,0,0,32,32,28,28
gfx1201,c512-m32-mh.hsaco,mh_ffn_fused_c128_project_g128,False,940,986,46,6436,6636,102,103,15,12,8256,8256,0,0,32,32,28,28
gfx1201,c512-m32-mh.hsaco,mh_ffn_fused_c128_project_g128_qkv,False,1424,1430,6,9352,9476,99,98,16,21,10816,10816,0,0,32,32,64,64
gfx1201,c512-m32-mh.hsaco,mh_ffn_fused_c128_project_g128_qkv_bn,False,1248,1282,34,8704,8748,126,122,16,16,19520,19520,0,0,32,32,64,64
gfx1201,c512-m32-mh.hsaco,mh_ffn_fused_c128_project_g128_qkv_bytein_fb,False,1362,1401,39,9016,9264,96,98,15,22,10816,10816,0,0,32,32,64,64
gfx1201,c512-m32-mh.hsaco,mh_ffn_fused_c128_project_g128_qkv_fb,False,1402,1417,15,9244,9392,99,98,16,21,10816,10816,0,0,32,32,64,64
gfx1201,c512-m32-mh.hsaco,mh_ffn_fused_c128_project_mapped,False,1538,1565,27,9724,9860,102,104,28,28,8256,8256,0,0,32,32,48,48
gfx1201,c512-m32-mh.hsaco,mh_ffn_fused_c128_project_mapped_g128,False,1441,1486,45,8992,9156,102,104,28,28,8256,8256,0,0,32,32,48,48
gfx1201,c512-m32-mh.hsaco,mh_ffn_fused_c128_project_mapped_g128_qkv,False,1573,1608,35,10224,10396,99,98,25,27,10816,10816,0,0,32,32,64,64
gfx1201,c512-m32-mh.hsaco,mh_ffn_fused_c128_project_mapped_g128_qkv_bn,False,1445,1437,-8,9720,9640,126,125,25,25,19520,19520,0,0,32,32,64,64
gfx1201,c512-m32-mh.hsaco,mh_ffn_fused_c128_project_mapped_g128_qkv_bytein_fb,False,1534,1594,60,10320,10556,100,102,21,21,10816,10816,0,0,32,32,64,64
gfx1201,c512-m32-mh.hsaco,mh_ffn_fused_c128_project_mapped_g128_qkv_fb,False,1606,1645,39,10432,10644,99,98,26,27,10816,10816,0,0,32,32,64,64
gfx1201,c512-m32-mh.hsaco,mh_ffn_fused_c128_tiled,False,922,1629,707,6212,11556,75,98,12,22,8256,8256,0,0,32,32,28,28
gfx1201,c512-m32-mh.hsaco,mh_ffn_fused_c128_tiled_project_g128_qkv,False,1617,1686,69,10752,11088,82,82,32,16,10816,10816,0,0,32,32,64,64
gfx1201,c512-m32-mh.hsaco,mh_ffn_fused_c128_tiled_project_mapped_g128_qkv,False,1776,1854,78,11620,11972,83,83,38,24,10816,10816,0,0,32,32,64,64
gfx1201,c512-m32-mh.hsaco,mh_ffn_fused_c256,False,1003,1165,162,6676,8228,73,101,11,11,16448,16448,0,0,32,32,28,28
gfx1201,c512-m32-mh.hsaco,mh_ffn_fused_c256_frag_project_g128_qkv,False,1778,1762,-16,12036,11972,97,97,15,15,21568,21568,0,0,32,32,64,64
gfx1201,c512-m32-mh.hsaco,mh_ffn_fused_c256_frag_project_g128_qkv_bytein_fb,False,1717,1725,8,11760,11792,97,97,15,15,21568,21568,0,0,32,32,64,64
gfx1201,c512-m32-mh.hsaco,mh_ffn_fused_c256_frag_project_g128_qkv_fb,False,1750,1752,2,11900,11904,97,97,15,15,21568,21568,0,0,32,32,64,64
gfx1201,c512-m32-mh.hsaco,mh_ffn_fused_c256_frag_project_mapped_g128_qkv,False,1915,1897,-18,12812,12780,97,96,23,23,21568,21568,0,0,32,32,64,64
gfx1201,c512-m32-mh.hsaco,mh_ffn_fused_c256_frag_project_mapped_g128_qkv_bytein_fb,False,1918,1931,13,13128,13164,99,99,21,21,21568,21568,0,0,32,32,64,64
gfx1201,c512-m32-mh.hsaco,mh_ffn_fused_c256_frag_project_mapped_g128_qkv_fb,False,1952,1941,-11,13044,13028,97,96,24,24,21568,21568,0,0,32,32,64,64
gfx1201,c512-m32-mh.hsaco,mh_ffn_fused_c256_tiled,False,911,901,-10,6088,6068,74,71,11,11,16448,16448,0,0,32,32,28,28
gfx1201,c512-m32-mh.hsaco,mh_ffn_fused_c256_tiled_project,False,1102,1081,-21,7380,7304,74,71,13,13,16448,16448,0,0,32,32,28,28
gfx1201,c512-m32-mh.hsaco,mh_ffn_fused_c256_tiled_project_g128,False,1193,1156,-37,8120,7976,77,77,26,11,16448,16448,0,0,32,32,28,28
gfx1201,c512-m32-mh.hsaco,mh_ffn_fused_c256_tiled_project_g128_qkv,False,1802,1792,-10,12020,11928,81,81,30,15,21568,21568,0,0,32,32,64,64
gfx1201,c512-m32-mh.hsaco,mh_ffn_fused_c256_tiled_project_g128_qkv_bytein_fb,False,1743,1719,-24,11716,11640,80,80,30,15,21568,21568,0,0,32,32,64,64
gfx1201,c512-m32-mh.hsaco,mh_ffn_fused_c256_tiled_project_g128_qkv_fb,False,1786,1781,-5,11928,11856,81,81,30,15,21568,21568,0,0,32,32,64,64
gfx1201,c512-m32-mh.hsaco,mh_ffn_fused_c256_tiled_project_mapped,False,1585,1553,-32,9844,9724,74,71,26,26,16448,16448,0,0,32,32,48,48
gfx1201,c512-m32-mh.hsaco,mh_ffn_fused_c256_tiled_project_mapped_g128,False,1679,1639,-40,10576,10424,77,77,32,26,16448,16448,0,0,32,32,48,48
gfx1201,c512-m32-mh.hsaco,mh_ffn_fused_c256_tiled_project_mapped_g128_qkv,False,1950,1942,-8,12792,12748,81,81,37,23,21568,21568,0,0,32,32,64,64
gfx1201,c512-m32-mh.hsaco,mh_ffn_fused_c256_tiled_project_mapped_g128_qkv_bytein_fb,False,1915,1916,1,12920,12840,81,81,30,21,21568,21568,0,0,32,32,64,64
gfx1201,c512-m32-mh.hsaco,mh_ffn_fused_c256_tiled_project_mapped_g128_qkv_fb,False,1988,2000,12,13024,13076,81,81,38,24,21568,21568,0,0,32,32,64,64
gfx1201,c512-m32-mh.hsaco,mh_ffn_fused_c64,False,721,741,20,5084,5192,100,97,15,15,4160,4160,0,0,32,32,28,28
gfx1201,c512-m32-mh.hsaco,mh_ffn_fused_c64_frag_project_g128_qkv,False,1352,1354,2,8772,8816,96,96,16,16,5440,5440,0,0,32,32,64,64
gfx1201,c512-m32-mh.hsaco,mh_ffn_fused_c64_frag_project_mapped_g128_qkv,False,1469,1482,13,9436,9432,97,96,25,25,5440,5440,0,0,32,32,64,64
gfx1201,c512-m32-mh.hsaco,mh_ffn_fused_c64_project,False,904,922,18,6268,6352,100,98,18,18,4160,4160,0,0,32,32,28,28
gfx1201,c512-m32-mh.hsaco,mh_ffn_fused_c64_project_g128,False,884,910,26,6072,6164,100,98,19,18,4160,4160,0,0,32,32,28,28
gfx1201,c512-m32-mh.hsaco,mh_ffn_fused_c64_project_g128_qkv,False,1283,1289,6,8364,8412,98,98,16,19,5440,5440,0,0,32,32,64,64
gfx1201,c512-m32-mh.hsaco,mh_ffn_fused_c64_project_g128_qkv_bn,False,1153,1130,-23,7784,7772,98,97,16,21,9792,9792,0,0,32,32,64,64
gfx1201,c512-m32-mh.hsaco,mh_ffn_fused_c64_project_g128_qkv_bytein_fb,False,1237,1241,4,8064,8148,96,95,15,19,5440,5440,0,0,32,32,64,64
gfx1201,c512-m32-mh.hsaco,mh_ffn_fused_c64_project_g128_qkv_fb,False,1261,1271,10,8232,8312,98,98,16,19,5440,5440,0,0,32,32,64,64
gfx1201,c512-m32-mh.hsaco,mh_ffn_fused_c64_project_mapped,False,1380,1400,20,8608,8680,101,98,28,28,4160,4160,0,0,32,32,48,48
gfx1201,c512-m32-mh.hsaco,mh_ffn_fused_c64_project_mapped_g128,False,1354,1381,27,8404,8500,100,99,28,28,4160,4160,0,0,32,32,48,48
gfx1201,c512-m32-mh.hsaco,mh_ffn_fused_c64_project_mapped_g128_qkv,False,1393,1402,9,8964,9072,96,100,25,27,5440,5440,0,0,32,32,64,64
gfx1201,c512-m32-mh.hsaco,mh_ffn_fused_c64_project_mapped_g128_qkv_bn,False,1262,1287,25,8420,8536,98,97,25,26,9792,9792,0,0,32,32,64,64
gfx1201,c512-m32-mh.hsaco,mh_ffn_fused_c64_project_mapped_g128_qkv_bytein_fb,False,1304,1336,32,8712,8868,97,97,20,20,5440,5440,0,0,32,32,64,64
gfx1201,c512-m32-mh.hsaco,mh_ffn_fused_c64_project_mapped_g128_qkv_fb,False,1373,1388,15,8856,8952,96,99,25,27,5440,5440,0,0,32,32,64,64
gfx1201,c512-m32-mh.hsaco,mh_ffn_fused_c64_tiled,False,939,1382,443,6252,9960,75,110,12,12,4160,4160,0,0,32,32,28,28
gfx1201,c512-m32-mh.hsaco,mh_ffn_fused_c64_tiled_project_g128_qkv,False,1565,1769,204,10280,12032,81,105,32,16,5440,5440,0,0,32,32,64,64
gfx1201,c512-m32-mh.hsaco,mh_ffn_fused_c64_tiled_project_mapped_g128_qkv,False,1660,1894,234,10780,12652,82,104,38,25,5440,5440,0,0,32,32,64,64
gfx1201,c512-m32-mh.hsaco,mh_ffn_project_fast,False,585,592,7,3212,3240,32,32,18,18,4608,4608,0,0,32,32,40,40
gfx1201,c512-m32-mh.hsaco,mh_ffn_project_fast_fp8,False,552,559,7,2980,3008,33,33,18,18,4608,4608,0,0,32,32,40,40
gfx1201,c512-m32-mh.hsaco,mh_pool_project_fused_c128,False,3445,3437,-8,17628,17616,152,152,22,21,0,0,144,144,32,32,44,44
gfx1201,c512-m32-mh.hsaco,mh_pool_project_fused_c256,False,3884,3873,-11,20332,20284,192,192,22,21,0,0,272,272,32,32,44,44
gfx1201,c512-m32-mh.hsaco,mh_pool_project_fused_c64,False,6334,6352,18,32732,32816,128,128,80,79,0,0,0,0,32,32,44,44
gfx1201,c512-m32-mh.hsaco,mh_pool_project_group_c128,False,2289,2612,323,11568,13220,98,146,29,28,4352,4352,0,0,32,32,44,44
gfx1201,c512-m32-mh.hsaco,mh_pool_project_group_c256,False,2283,2286,3,11540,11544,98,98,29,28,8448,8448,0,0,32,32,44,44
gfx1201,c512-m32-mh.hsaco,mh_pool_project_group_c64,False,2331,2381,50,11768,11968,100,102,29,28,2304,2304,0,0,32,32,44,44
gfx1201,c512-m32-mh.hsaco,mh_pool_project_production,False,1314,1336,22,6656,6780,48,47,21,36,0,0,0,0,32,32,44,44
gfx1201,c512-m32-mh.hsaco,mh_pool_project_production_h16w,False,1387,1413,26,7040,7160,62,62,20,20,0,0,0,0,32,32,44,44
gfx1201,c512-m32-mh.hsaco,mh_probabilities_fast,False,572,577,5,3284,3304,50,50,12,12,0,0,0,0,32,32,24,24
gfx1201,c512-m32-mh.hsaco,mh_qkv_fast,False,340,347,7,1796,1824,26,26,16,16,4608,4608,0,0,32,32,32,32
gfx1201,c512-m32-mh.hsaco,mh_qkv_normalize_fast,False,1115,1116,1,6532,6536,110,110,11,11,0,0,0,0,32,32,32,32
gfx1201,c512-m32-mh.hsaco,mh_qkv_normalize_fast_wave,False,395,396,1,2080,2084,9,9,11,11,0,0,0,0,32,32,32,32
gfx1201,c512-m32-mh.hsaco,mh_qkv_normalize_fast_wave_fp8,False,396,397,1,2072,2076,7,7,11,11,0,0,0,0,32,32,32,32
gfx1201,c512-m32-mh.hsaco,mh_qkv_normalize_frag_c512,False,1249,1277,28,7672,7840,90,124,18,18,4420,4420,0,0,32,32,28,28
gfx1201,c512-m32-mh.hsaco,mh_qkv_normalize_frag_c512_m32,False,866,803,-63,5472,5056,155,155,18,18,5456,5456,0,0,32,32,28,28
gfx1201,c512-m32-mh.hsaco,mh_qkv_normalize_fused,False,2335,2312,-23,13492,13204,45,45,18,18,21760,21760,0,0,32,32,32,32
gfx1201,c512-m32-mh.hsaco,mh_qkv_normalize_wave_c512,False,1146,1729,583,6876,10920,72,233,14,14,17680,17680,0,0,32,32,28,28
gfx1201,c512-m32-mh.hsaco,mh_scores_exp_fast,False,1108,1088,-20,6156,6176,67,68,16,15,0,0,0,0,32,32,36,36
gfx1201,c64-wave2.hsaco,c128_wave2,False,4703,4666,-37,29388,29156,159,156,28,29,16384,16384,0,0,32,32,60,60
gfx1201,c64-wave2.hsaco,c128_wave2_bi,False,4552,4512,-40,28148,27916,159,148,25,28,16384,16384,0,0,32,32,60,60
gfx1201,c64-wave2.hsaco,c128_wave2_bi_bo,False,3853,3811,-42,24940,24700,159,148,25,28,16384,16384,0,0,32,32,60,60
gfx1201,c64-wave2.hsaco,c128_wave2_bo,False,4004,3965,-39,26180,25940,159,156,28,29,16384,16384,0,0,32,32,60,60
gfx1201,c64-wave2.hsaco,c128_wave2_up,False,4560,4518,-42,28920,28600,162,148,26,54,16384,16384,0,0,32,32,80,80
gfx1201,c64-wave2.hsaco,c256_attn_wave,False,1647,1633,-14,10156,10044,150,141,26,26,32768,32768,0,0,32,32,88,88
gfx1201,c64-wave2.hsaco,c256_attn_wave_bo,False,1372,1352,-20,8924,8788,139,133,26,26,32768,32768,0,0,32,32,88,88
gfx1201,c64-wave2.hsaco,c256_wave2,False,5125,5206,81,33320,33996,159,181,34,31,32768,32768,0,0,32,32,60,60
gfx1201,c64-wave2.hsaco,c256_wave2_bi,False,4959,5032,73,32044,32696,154,179,33,30,32768,32768,0,0,32,32,60,60
gfx1201,c64-wave2.hsaco,c256_wave2_bi_bo,False,4267,4343,76,28864,29452,154,179,33,30,32768,32768,0,0,32,32,60,60
gfx1201,c64-wave2.hsaco,c256_wave2_bo,False,4433,4514,81,30140,30816,159,181,34,31,32768,32768,0,0,32,32,60,60
gfx1201,c64-wave2.hsaco,c64_wave2,False,4004,4000,-4,24504,24496,156,157,31,31,8192,8192,0,0,32,32,60,60
gfx1201,c64-wave2.hsaco,c64_wave2_bi,False,3837,3845,8,23232,23244,140,140,30,30,8192,8192,0,0,32,32,60,60
gfx1201,c64-wave2.hsaco,c64_wave2_bi_bo,False,3139,3141,2,20012,20032,140,140,30,30,8192,8192,0,0,32,32,60,60
gfx1201,c64-wave2.hsaco,c64_wave2_bo,False,3305,3292,-13,21288,21284,156,157,31,31,8192,8192,0,0,32,32,60,60
gfx1201,c64-wave2.hsaco,c64_wave2_up,False,4061,4057,-4,25140,25100,137,137,27,54,8192,8192,0,0,32,32,80,80
gfx1201,c64-wave2.hsaco,mh_attention_av_fast,False,444,432,-12,2472,2388,52,52,22,19,0,0,0,0,32,32,36,36
gfx1201,c64-wave2.hsaco,mh_attention_crop,False,2625,2665,40,13160,13320,33,33,36,36,4608,4608,0,0,32,32,64,64
gfx1201,c64-wave2.hsaco,mh_attention_project_fast_matrix,False,2102,2137,35,10684,10824,34,34,28,28,4608,4608,0,0,32,32,44,44
gfx1201,c64-wave2.hsaco,mh_attention_project_fast_matrix_fp8,False,2068,2103,35,10448,10588,34,34,28,28,4608,4608,0,0,32,32,44,44
gfx1201,c64-wave2.hsaco,mh_attention_project_fast_scalar,False,1412,1428,16,6984,7048,32,32,21,21,4608,4608,0,0,32,32,44,44
gfx1201,c64-wave2.hsaco,mh_attention_project_fast_scalar_fp8,False,1378,1394,16,6748,6812,33,33,21,21,4608,4608,0,0,32,32,44,44
gfx1201,c64-wave2.hsaco,mh_attention_project_frag_c512,False,1283,1314,31,6812,6936,80,80,28,28,0,0,0,0,32,32,60,60
gfx1201,c64-wave2.hsaco,mh_ffn_contract_fast,False,399,398,-1,2192,2192,27,27,17,17,4608,4608,0,0,32,32,32,32
gfx1201,c64-wave2.hsaco,mh_ffn_contract_fast_fp8,False,383,383,0,2084,2084,28,28,17,17,4608,4608,0,0,32,32,32,32
gfx1201,c64-wave2.hsaco,mh_ffn_contract_fast_fp8_out,False,349,348,-1,1900,1896,28,28,17,17,4608,4608,0,0,32,32,32,32
gfx1201,c64-wave2.hsaco,mh_ffn_contract_fast_pre,False,296,302,6,1564,1592,27,27,17,17,4608,4608,0,0,32,32,32,32
gfx1201,c64-wave2.hsaco,mh_ffn_contract_fast_rne,False,399,398,-1,2192,2192,27,27,17,17,4608,4608,0,0,32,32,32,32
gfx1201,c64-wave2.hsaco,mh_ffn_contract_fast_rtz,False,399,398,-1,2192,2192,27,27,17,17,4608,4608,0,0,32,32,32,32
gfx1201,c64-wave2.hsaco,mh_ffn_expand_fast,False,461,461,0,2632,2636,29,29,16,16,4608,4608,0,0,32,32,32,32
gfx1201,c64-wave2.hsaco,mh_ffn_expand_fast_fp8,False,425,426,1,2456,2460,29,29,16,16,4608,4608,0,0,32,32,32,32
gfx1201,c64-wave2.hsaco,mh_ffn_fused_c128,False,840,893,53,6012,6216,101,103,12,12,8256,8256,0,0,32,32,28,28
gfx1201,c64-wave2.hsaco,mh_ffn_fused_c128_frag_project_g128_qkv,False,1475,1468,-7,9768,9764,99,99,16,16,10816,10816,0,0,32,32,64,64
gfx1201,c64-wave2.hsaco,mh_ffn_fused_c128_frag_project_mapped_g128_qkv,False,1650,1644,-6,10660,10648,98,97,25,25,10816,10816,0,0,32,32,64,64
gfx1201,c64-wave2.hsaco,mh_ffn_fused_c128_project,False,1026,1072,46,7160,7356,101,103,14,12,8256,8256,0,0,32,32,28,28
gfx1201,c64-wave2.hsaco,mh_ffn_fused_c128_project_g128,False,940,986,46,6436,6636,102,103,15,12,8256,8256,0,0,32,32,28,28
gfx1201,c64-wave2.hsaco,mh_ffn_fused_c128_project_g128_qkv,False,1424,1430,6,9352,9476,99,98,16,21,10816,10816,0,0,32,32,64,64
gfx1201,c64-wave2.hsaco,mh_ffn_fused_c128_project_g128_qkv_bn,False,1248,1282,34,8704,8748,126,122,16,16,19520,19520,0,0,32,32,64,64
gfx1201,c64-wave2.hsaco,mh_ffn_fused_c128_project_g128_qkv_bytein_fb,False,1362,1401,39,9016,9264,96,98,15,22,10816,10816,0,0,32,32,64,64
gfx1201,c64-wave2.hsaco,mh_ffn_fused_c128_project_g128_qkv_fb,False,1402,1417,15,9244,9392,99,98,16,21,10816,10816,0,0,32,32,64,64
gfx1201,c64-wave2.hsaco,mh_ffn_fused_c128_project_mapped,False,1538,1565,27,9724,9860,102,104,28,28,8256,8256,0,0,32,32,48,48
gfx1201,c64-wave2.hsaco,mh_ffn_fused_c128_project_mapped_g128,False,1441,1486,45,8992,9156,102,104,28,28,8256,8256,0,0,32,32,48,48
gfx1201,c64-wave2.hsaco,mh_ffn_fused_c128_project_mapped_g128_qkv,False,1573,1608,35,10224,10396,99,98,25,27,10816,10816,0,0,32,32,64,64
gfx1201,c64-wave2.hsaco,mh_ffn_fused_c128_project_mapped_g128_qkv_bn,False,1445,1437,-8,9720,9640,126,125,25,25,19520,19520,0,0,32,32,64,64
gfx1201,c64-wave2.hsaco,mh_ffn_fused_c128_project_mapped_g128_qkv_bytein_fb,False,1534,1594,60,10320,10556,100,102,21,21,10816,10816,0,0,32,32,64,64
gfx1201,c64-wave2.hsaco,mh_ffn_fused_c128_project_mapped_g128_qkv_fb,False,1606,1645,39,10432,10644,99,98,26,27,10816,10816,0,0,32,32,64,64
gfx1201,c64-wave2.hsaco,mh_ffn_fused_c128_tiled,False,922,1629,707,6212,11556,75,98,12,22,8256,8256,0,0,32,32,28,28
gfx1201,c64-wave2.hsaco,mh_ffn_fused_c128_tiled_project_g128_qkv,False,1617,1686,69,10752,11088,82,82,32,16,10816,10816,0,0,32,32,64,64
gfx1201,c64-wave2.hsaco,mh_ffn_fused_c128_tiled_project_mapped_g128_qkv,False,1776,1854,78,11620,11972,83,83,38,24,10816,10816,0,0,32,32,64,64
gfx1201,c64-wave2.hsaco,mh_ffn_fused_c256,False,1003,1165,162,6676,8228,73,101,11,11,16448,16448,0,0,32,32,28,28
gfx1201,c64-wave2.hsaco,mh_ffn_fused_c256_frag_project_g128_qkv,False,1778,1762,-16,12036,11972,97,97,15,15,21568,21568,0,0,32,32,64,64
gfx1201,c64-wave2.hsaco,mh_ffn_fused_c256_frag_project_g128_qkv_bytein_fb,False,1717,1725,8,11760,11792,97,97,15,15,21568,21568,0,0,32,32,64,64
gfx1201,c64-wave2.hsaco,mh_ffn_fused_c256_frag_project_g128_qkv_fb,False,1750,1752,2,11900,11904,97,97,15,15,21568,21568,0,0,32,32,64,64
gfx1201,c64-wave2.hsaco,mh_ffn_fused_c256_frag_project_mapped_g128_qkv,False,1915,1897,-18,12812,12780,97,96,23,23,21568,21568,0,0,32,32,64,64
gfx1201,c64-wave2.hsaco,mh_ffn_fused_c256_frag_project_mapped_g128_qkv_bytein_fb,False,1918,1931,13,13128,13164,99,99,21,21,21568,21568,0,0,32,32,64,64
gfx1201,c64-wave2.hsaco,mh_ffn_fused_c256_frag_project_mapped_g128_qkv_fb,False,1952,1941,-11,13044,13028,97,96,24,24,21568,21568,0,0,32,32,64,64
gfx1201,c64-wave2.hsaco,mh_ffn_fused_c256_tiled,False,911,901,-10,6088,6068,74,71,11,11,16448,16448,0,0,32,32,28,28
gfx1201,c64-wave2.hsaco,mh_ffn_fused_c256_tiled_project,False,1102,1081,-21,7380,7304,74,71,13,13,16448,16448,0,0,32,32,28,28
gfx1201,c64-wave2.hsaco,mh_ffn_fused_c256_tiled_project_g128,False,1193,1156,-37,8120,7976,77,77,26,11,16448,16448,0,0,32,32,28,28
gfx1201,c64-wave2.hsaco,mh_ffn_fused_c256_tiled_project_g128_qkv,False,1802,1792,-10,12020,11928,81,81,30,15,21568,21568,0,0,32,32,64,64
gfx1201,c64-wave2.hsaco,mh_ffn_fused_c256_tiled_project_g128_qkv_bytein_fb,False,1743,1719,-24,11716,11640,80,80,30,15,21568,21568,0,0,32,32,64,64
gfx1201,c64-wave2.hsaco,mh_ffn_fused_c256_tiled_project_g128_qkv_fb,False,1786,1781,-5,11928,11856,81,81,30,15,21568,21568,0,0,32,32,64,64
gfx1201,c64-wave2.hsaco,mh_ffn_fused_c256_tiled_project_mapped,False,1585,1553,-32,9844,9724,74,71,26,26,16448,16448,0,0,32,32,48,48
gfx1201,c64-wave2.hsaco,mh_ffn_fused_c256_tiled_project_mapped_g128,False,1679,1639,-40,10576,10424,77,77,32,26,16448,16448,0,0,32,32,48,48
gfx1201,c64-wave2.hsaco,mh_ffn_fused_c256_tiled_project_mapped_g128_qkv,False,1950,1942,-8,12792,12748,81,81,37,23,21568,21568,0,0,32,32,64,64
gfx1201,c64-wave2.hsaco,mh_ffn_fused_c256_tiled_project_mapped_g128_qkv_bytein_fb,False,1915,1916,1,12920,12840,81,81,30,21,21568,21568,0,0,32,32,64,64
gfx1201,c64-wave2.hsaco,mh_ffn_fused_c256_tiled_project_mapped_g128_qkv_fb,False,1988,2000,12,13024,13076,81,81,38,24,21568,21568,0,0,32,32,64,64
gfx1201,c64-wave2.hsaco,mh_ffn_fused_c64,False,721,741,20,5084,5192,100,97,15,15,4160,4160,0,0,32,32,28,28
gfx1201,c64-wave2.hsaco,mh_ffn_fused_c64_frag_project_g128_qkv,False,1352,1354,2,8772,8816,96,96,16,16,5440,5440,0,0,32,32,64,64
gfx1201,c64-wave2.hsaco,mh_ffn_fused_c64_frag_project_mapped_g128_qkv,False,1469,1482,13,9436,9432,97,96,25,25,5440,5440,0,0,32,32,64,64
gfx1201,c64-wave2.hsaco,mh_ffn_fused_c64_project,False,904,922,18,6268,6352,100,98,18,18,4160,4160,0,0,32,32,28,28
gfx1201,c64-wave2.hsaco,mh_ffn_fused_c64_project_g128,False,884,910,26,6072,6164,100,98,19,18,4160,4160,0,0,32,32,28,28
gfx1201,c64-wave2.hsaco,mh_ffn_fused_c64_project_g128_qkv,False,1283,1289,6,8364,8412,98,98,16,19,5440,5440,0,0,32,32,64,64
gfx1201,c64-wave2.hsaco,mh_ffn_fused_c64_project_g128_qkv_bn,False,1153,1130,-23,7784,7772,98,97,16,21,9792,9792,0,0,32,32,64,64
gfx1201,c64-wave2.hsaco,mh_ffn_fused_c64_project_g128_qkv_bytein_fb,False,1237,1241,4,8064,8148,96,95,15,19,5440,5440,0,0,32,32,64,64
gfx1201,c64-wave2.hsaco,mh_ffn_fused_c64_project_g128_qkv_fb,False,1261,1271,10,8232,8312,98,98,16,19,5440,5440,0,0,32,32,64,64
gfx1201,c64-wave2.hsaco,mh_ffn_fused_c64_project_mapped,False,1380,1400,20,8608,8680,101,98,28,28,4160,4160,0,0,32,32,48,48
gfx1201,c64-wave2.hsaco,mh_ffn_fused_c64_project_mapped_g128,False,1354,1381,27,8404,8500,100,99,28,28,4160,4160,0,0,32,32,48,48
gfx1201,c64-wave2.hsaco,mh_ffn_fused_c64_project_mapped_g128_qkv,False,1393,1402,9,8964,9072,96,100,25,27,5440,5440,0,0,32,32,64,64
gfx1201,c64-wave2.hsaco,mh_ffn_fused_c64_project_mapped_g128_qkv_bn,False,1262,1287,25,8420,8536,98,97,25,26,9792,9792,0,0,32,32,64,64
gfx1201,c64-wave2.hsaco,mh_ffn_fused_c64_project_mapped_g128_qkv_bytein_fb,False,1304,1336,32,8712,8868,97,97,20,20,5440,5440,0,0,32,32,64,64
gfx1201,c64-wave2.hsaco,mh_ffn_fused_c64_project_mapped_g128_qkv_fb,False,1373,1388,15,8856,8952,96,99,25,27,5440,5440,0,0,32,32,64,64
gfx1201,c64-wave2.hsaco,mh_ffn_fused_c64_tiled,False,939,1382,443,6252,9960,75,110,12,12,4160,4160,0,0,32,32,28,28
gfx1201,c64-wave2.hsaco,mh_ffn_fused_c64_tiled_project_g128_qkv,False,1565,1769,204,10280,12032,81,105,32,16,5440,5440,0,0,32,32,64,64
gfx1201,c64-wave2.hsaco,mh_ffn_fused_c64_tiled_project_mapped_g128_qkv,False,1660,1894,234,10780,12652,82,104,38,25,5440,5440,0,0,32,32,64,64
gfx1201,c64-wave2.hsaco,mh_ffn_project_fast,False,585,592,7,3212,3240,32,32,18,18,4608,4608,0,0,32,32,40,40
gfx1201,c64-wave2.hsaco,mh_ffn_project_fast_fp8,False,552,559,7,2980,3008,33,33,18,18,4608,4608,0,0,32,32,40,40
gfx1201,c64-wave2.hsaco,mh_pool_project_fused_c128,False,3445,3437,-8,17628,17616,152,152,22,21,0,0,144,144,32,32,44,44
gfx1201,c64-wave2.hsaco,mh_pool_project_fused_c256,False,3884,3873,-11,20332,20284,192,192,22,21,0,0,272,272,32,32,44,44
gfx1201,c64-wave2.hsaco,mh_pool_project_fused_c64,False,6334,6352,18,32732,32816,128,128,80,79,0,0,0,0,32,32,44,44
gfx1201,c64-wave2.hsaco,mh_pool_project_group_c128,False,2289,2612,323,11568,13220,98,146,29,28,4352,4352,0,0,32,32,44,44
gfx1201,c64-wave2.hsaco,mh_pool_project_group_c256,False,2283,2286,3,11540,11544,98,98,29,28,8448,8448,0,0,32,32,44,44
gfx1201,c64-wave2.hsaco,mh_pool_project_group_c64,False,2331,2381,50,11768,11968,100,102,29,28,2304,2304,0,0,32,32,44,44
gfx1201,c64-wave2.hsaco,mh_pool_project_production,False,1314,1336,22,6656,6780,48,47,21,36,0,0,0,0,32,32,44,44
gfx1201,c64-wave2.hsaco,mh_pool_project_production_h16w,False,1387,1413,26,7040,7160,62,62,20,20,0,0,0,0,32,32,44,44
gfx1201,c64-wave2.hsaco,mh_probabilities_fast,False,572,577,5,3284,3304,50,50,12,12,0,0,0,0,32,32,24,24
gfx1201,c64-wave2.hsaco,mh_qkv_fast,False,340,347,7,1796,1824,26,26,16,16,4608,4608,0,0,32,32,32,32
gfx1201,c64-wave2.hsaco,mh_qkv_normalize_fast,False,1115,1116,1,6532,6536,110,110,11,11,0,0,0,0,32,32,32,32
gfx1201,c64-wave2.hsaco,mh_qkv_normalize_fast_wave,False,395,396,1,2080,2084,9,9,11,11,0,0,0,0,32,32,32,32
gfx1201,c64-wave2.hsaco,mh_qkv_normalize_fast_wave_fp8,False,396,397,1,2072,2076,7,7,11,11,0,0,0,0,32,32,32,32
gfx1201,c64-wave2.hsaco,mh_qkv_normalize_frag_c512,False,1249,1277,28,7672,7840,90,124,18,18,4420,4420,0,0,32,32,28,28
gfx1201,c64-wave2.hsaco,mh_qkv_normalize_fused,False,2335,2312,-23,13492,13204,45,45,18,18,21760,21760,0,0,32,32,32,32
gfx1201,c64-wave2.hsaco,mh_qkv_normalize_wave_c512,False,1146,1729,583,6876,10920,72,233,14,14,17680,17680,0,0,32,32,28,28
gfx1201,c64-wave2.hsaco,mh_scores_exp_fast,False,1108,1088,-20,6156,6176,67,68,16,15,0,0,0,0,32,32,36,36
gfx1201,deep_fast-packed.hsaco,decoder_project2x,False,587,589,2,3168,3192,40,40,25,25,0,0,0,0,32,32,56,56
gfx1201,deep_fast-packed.hsaco,decoder_project2x_h16w,False,5940,5984,44,32664,32880,64,64,34,34,0,0,0,0,32,32,56,56
gfx1201,deep_fast-packed.hsaco,decoder_project2x_h16w_byteout,False,5978,6017,39,32788,32980,64,64,34,34,0,0,0,0,32,32,56,56
gfx1201,deep_fast-packed.hsaco,reuse_decide,False,396,398,2,2020,2028,14,14,17,17,0,0,0,0,32,32,60,60
gfx1201,deep_fast-packed.hsaco,reuse_finish,False,646,654,8,3864,3896,11,11,27,27,0,0,0,0,32,32,84,84
gfx1201,deep_fast-packed.hsaco,reuse_image_commit,False,161,168,7,968,996,5,5,8,8,0,0,0,0,32,32,28,28
gfx1201,deep_fast-packed.hsaco,reuse_image_stats,False,250,251,1,1360,1364,14,14,22,22,0,0,0,0,32,32,48,48
gfx1201,deep_fast-packed.hsaco,reuse_token_stats,False,218,218,0,1180,1180,14,14,17,17,0,0,0,0,32,32,48,48
gfx1201,deep_fast-packed.hsaco,split_contract,False,198,198,0,1156,1156,33,33,12,12,0,0,0,0,32,32,28,28
gfx1201,deep_fast-packed.hsaco,split_contract_fp8,False,202,202,0,1176,1176,31,31,12,12,0,0,0,0,32,32,28,28
gfx1201,deep_fast-packed.hsaco,split_expand,False,238,238,0,1452,1452,33,33,12,12,0,0,0,0,32,32,28,28
gfx1201,deep_fast-packed.hsaco,split_expand_fp8,False,254,254,0,1556,1556,33,33,12,12,0,0,0,0,32,32,28,28
gfx1201,deep_fast-packed.hsaco,split_ffn_fused,False,1078,1079,1,6560,6600,60,59,15,15,4160,4160,0,0,32,32,28,28
gfx1201,deep_fast-packed.hsaco,split_ffn_fused_fp8,False,855,866,11,5580,5660,102,101,11,11,4160,4160,0,0,32,32,28,28
gfx1201,deep_fast-packed.hsaco,split_ffn_fused_fp8_mix,False,980,960,-20,6280,6172,103,110,13,12,6464,6464,0,0,32,32,28,28
gfx1201,deep_fast-packed.hsaco,split_ffn_fused_fp8_t8,False,919,930,11,6140,6192,111,111,14,14,4160,4160,0,0,32,32,36,36
gfx1201,deep_fast-packed.hsaco,split_mix,False,200,200,0,1160,1160,35,35,11,11,0,0,0,0,32,32,28,28
gfx1201,deep_fast-packed.hsaco,split_mix_blocked,False,514,526,12,3084,3164,80,80,11,11,0,0,0,0,32,32,28,28
gfx1201,deep_fast-packed.hsaco,split_mix_blocked_h16w,False,497,518,21,3032,3152,91,91,11,11,0,0,0,0,32,32,28,28
gfx1201,deep_fast-packed.hsaco,split_projection,False,245,240,-5,1500,1488,32,32,12,12,0,0,0,0,32,32,36,36
gfx1201,deep_fast-packed.hsaco,split_projection_blocked,False,667,681,14,4048,4188,68,74,12,12,0,0,0,0,32,32,36,36
gfx1201,deep_fast-packed.hsaco,split_projection_blocked_t8,False,878,929,51,5528,5688,74,75,16,16,0,0,0,0,32,32,44,44
gfx1201,deep_fast-packed.hsaco,split_projection_frag,False,859,930,71,5348,5836,83,102,17,17,0,0,0,0,32,32,44,44
gfx1201,deep_fast-packed.hsaco,vit_attention_av_fast,False,486,486,0,3092,3068,48,48,17,17,0,0,0,0,32,32,48,48
gfx1201,deep_fast-packed.hsaco,vit_attention_fused_256,False,1197,1238,41,7588,7912,91,91,16,16,1536,1536,0,0,32,32,32,32
gfx1201,deep_fast-packed.hsaco,vit_attention_fused_256_bytein,False,938,962,24,5568,5732,75,75,17,17,1536,1536,0,0,32,32,32,32
gfx1201,deep_fast-packed.hsaco,vit_attention_fused_256_bytein_bout,False,958,977,19,5732,5844,75,75,17,17,1536,1536,0,0,32,32,32,32
gfx1201,deep_fast-packed.hsaco,vit_attention_fused_400,False,1197,1238,41,7588,7912,91,91,16,16,1536,1536,0,0,32,32,32,32
gfx1201,deep_fast-packed.hsaco,vit_attention_fused_400_bytein,False,938,962,24,5568,5732,75,75,17,17,1536,1536,0,0,32,32,32,32
gfx1201,deep_fast-packed.hsaco,vit_attention_fused_400_bytein_bout,False,942,954,12,5600,5684,72,72,16,16,0,0,0,0,32,32,32,32
gfx1201,deep_fast-packed.hsaco,vit_attention_fused_640,False,1197,1238,41,7588,7912,91,91,16,16,1536,1536,0,0,32,32,32,32
gfx1201,deep_fast-packed.hsaco,vit_attention_fused_640_bytein,False,938,962,24,5568,5732,75,75,17,17,1536,1536,0,0,32,32,32,32
gfx1201,deep_fast-packed.hsaco,vit_attention_fused_640_bytein_bout,False,942,954,12,5600,5684,72,72,16,16,0,0,0,0,32,32,32,32
gfx1201,deep_fast-packed.hsaco,vit_attention_inverse_fast,False,265,266,1,1584,1588,34,34,10,10,0,0,0,0,32,32,32,32
gfx1201,deep_fast-packed.hsaco,vit_attention_scores_fast,False,771,772,1,4552,4556,66,66,13,13,0,0,0,0,32,32,32,32
gfx1201,deep_fast-packed.hsaco,vit_contract_blocked_fp8,False,1830,1868,38,12132,12324,235,241,26,26,0,0,0,0,32,32,56,56
gfx1201,deep_fast-packed.hsaco,vit_contract_blocked_fp8_bstream,False,1872,1936,64,12488,12732,234,237,26,26,0,0,0,0,32,32,56,56
gfx1201,deep_fast-packed.hsaco,vit_contract_blocked_fp8_frag,False,1077,1090,13,7160,7260,205,211,12,12,0,0,0,0,32,32,56,56
gfx1201,deep_fast-packed.hsaco,vit_contract_blocked_fp8_hstream,False,1862,1908,46,12272,12480,235,241,26,26,0,0,0,0,32,32,56,56
gfx1201,deep_fast-packed.hsaco,vit_contract_blocked_fp8_tiled,False,743,762,19,4632,4708,104,113,21,14,0,0,0,0,32,32,56,56
gfx1201,deep_fast-packed.hsaco,vit_contract_blocked_fp8_tiled_bstream,False,822,832,10,5052,5152,103,109,21,14,0,0,0,0,32,32,56,56
gfx1201,deep_fast-packed.hsaco,vit_contract_blocked_fp8_tiled_hstream,False,789,809,20,4760,4924,103,112,21,14,0,0,0,0,32,32,56,56
gfx1201,deep_fast-packed.hsaco,vit_contract_combine,False,96,97,1,556,560,14,14,11,11,0,0,0,0,32,32,48,48
gfx1201,deep_fast-packed.hsaco,vit_contract_parts_blocked_fp8,False,312,198,-114,2032,1352,53,48,14,14,0,0,0,0,32,32,40,40
gfx1201,deep_fast-packed.hsaco,vit_contract_parts_blocked_fp8_tiled,False,406,281,-125,2720,1968,71,70,16,14,0,0,0,0,32,32,40,40
gfx1201,deep_fast-packed.hsaco,vit_contract_parts_fp8,False,157,159,2,864,876,23,23,14,14,0,0,0,0,32,32,40,40
gfx1201,deep_fast-packed.hsaco,vit_expand,False,356,355,-1,2200,2200,32,32,14,14,0,0,0,0,32,32,48,48
gfx1201,deep_fast-packed.hsaco,vit_expand_blocked_fp8,False,810,810,0,5244,5244,69,69,14,14,0,0,0,0,32,32,48,48
gfx1201,deep_fast-packed.hsaco,vit_expand_blocked_fp8_bytein,False,723,723,0,4592,4592,55,55,14,14,0,0,0,0,32,32,48,48
gfx1201,deep_fast-packed.hsaco,vit_expand_blocked_fp8_frag_bytein,False,1329,1368,39,8804,8968,77,77,23,25,0,0,0,0,32,32,48,48
gfx1201,deep_fast-packed.hsaco,vit_expand_blocked_fp8_frag_bytein_m2,False,1335,1336,1,8696,8704,86,86,22,25,0,0,0,0,32,32,48,48
gfx1201,deep_fast-packed.hsaco,vit_expand_blocked_fp8_frag_bytein_m4,False,2595,2598,3,17012,16992,154,154,27,30,0,0,0,0,32,32,48,48
gfx1201,deep_fast-packed.hsaco,vit_expand_blocked_fp8_frag_tiledin,False,711,713,2,4572,4580,46,46,23,25,0,0,0,0,32,32,48,48
gfx1201,deep_fast-packed.hsaco,vit_expand_blocked_fp8_tiled,False,883,886,3,5804,5812,95,94,20,23,0,0,0,0,32,32,48,48
gfx1201,deep_fast-packed.hsaco,vit_expand_blocked_fp8_tiled_bytein,False,782,781,-1,5132,5132,73,73,18,22,0,0,0,0,32,32,48,48
gfx1201,deep_fast-packed.hsaco,vit_expand_blocked_fp8_tiled_bytein_m4,False,2668,2668,0,17556,17536,153,153,25,27,0,0,0,0,32,32,48,48
gfx1201,deep_fast-packed.hsaco,vit_expand_fp8,False,351,350,-1,2156,2156,32,32,14,14,0,0,0,0,32,32,48,48
gfx1201,deep_fast-packed.hsaco,vit_ffn_fused,False,1493,1492,-1,9660,9728,151,161,14,14,16640,16640,0,0,32,32,56,56
gfx1201,deep_fast-packed.hsaco,vit_pack_input,False,57,57,0,340,340,7,7,7,7,0,0,0,0,32,32,32,32
gfx1201,deep_fast-packed.hsaco,vit_pack_input_tiled,False,57,57,0,352,352,10,10,7,7,0,0,0,0,32,32,32,32
gfx1201,deep_fast-packed.hsaco,vit_project,False,1285,1287,2,8192,8200,77,77,20,20,0,0,0,0,32,32,56,56
gfx1201,deep_fast-packed.hsaco,vit_project_bytein_bout,False,586,597,11,4088,4136,98,98,14,14,0,0,0,0,32,32,56,56
gfx1201,deep_fast-packed.hsaco,vit_project_bytein_bout_hskip,False,593,605,12,4128,4180,99,99,14,14,0,0,0,0,32,32,56,56
gfx1201,deep_fast-packed.hsaco,vit_project_fp8,False,1310,1327,17,8336,8408,90,90,20,20,0,0,0,0,32,32,56,56
gfx1201,deep_fast-packed.hsaco,vit_project_frag,False,1850,1861,11,11692,11744,79,79,34,34,0,0,0,0,32,32,56,56
gfx1201,deep_fast-packed.hsaco,vit_qkv_normalize,False,478,478,0,2724,2724,31,31,18,18,0,0,0,0,32,32,40,40
gfx1201,deep_fast-packed.hsaco,vit_qkv_project,False,215,221,6,1204,1228,32,32,14,14,0,0,0,0,32,32,40,40
gfx1201,deep_fast-packed.hsaco,vit_qkv_project_blocked,False,266,227,-39,1604,1384,48,48,13,13,0,0,0,0,32,32,40,40
gfx1201,deep_fast-packed.hsaco,vit_qkv_project_normalize_fused,False,848,958,110,4768,5320,51,50,22,18,2112,2112,0,0,32,32,40,40
gfx1201,deep_fast-packed.hsaco,vit_qkv_project_normalize_fused_f16compact,False,853,957,104,4868,5364,60,58,22,22,2112,2112,0,0,32,32,40,40
gfx1201,deep_fast-packed.hsaco,vit_qkv_project_normalize_fused_f16compact_fp8,False,777,767,-10,4516,4352,60,58,22,22,2112,2112,0,0,32,32,40,40
gfx1201,deep_fast-packed.hsaco,vit_qkv_project_normalize_fused_f16compact_fp8_bytein,False,776,818,42,4488,4680,58,91,22,22,2112,2112,0,0,32,32,40,40
gfx1201,deep_fast-packed.hsaco,vit_qkv_project_normalize_fused_f16compact_fp8_frag,False,766,767,1,4440,4348,59,58,22,22,2112,2112,0,0,32,32,40,40
gfx1201,deep_fast-packed.hsaco,vit_qkv_project_normalize_fused_f16compact_fp8_h16in,False,1164,1198,34,7860,7908,96,95,22,22,2112,2112,0,0,32,32,40,40
gfx1201,deep_fast-packed.hsaco,vit_qkv_project_normalize_fused_f16compact_fp8_h16in_n4,False,1392,1408,16,8424,8264,192,192,22,22,4160,4160,0,0,32,32,40,40
gfx1201,deep_fast-packed.hsaco,vit_qkv_project_normalize_fused_f16weight,False,854,960,106,4876,5380,60,58,22,22,2112,2112,0,0,32,32,40,40
gfx1201,deep_fast.hsaco,decoder_project2x,False,587,589,2,3168,3192,40,40,25,25,0,0,0,0,32,32,56,56
gfx1201,deep_fast.hsaco,decoder_project2x_h16w,False,5940,5984,44,32664,32880,64,64,34,34,0,0,0,0,32,32,56,56
gfx1201,deep_fast.hsaco,decoder_project2x_h16w_byteout,False,5978,6017,39,32788,32980,64,64,34,34,0,0,0,0,32,32,56,56
gfx1201,deep_fast.hsaco,reuse_decide,False,396,398,2,2020,2028,14,14,17,17,0,0,0,0,32,32,60,60
gfx1201,deep_fast.hsaco,reuse_finish,False,646,654,8,3864,3896,11,11,27,27,0,0,0,0,32,32,84,84
gfx1201,deep_fast.hsaco,reuse_image_commit,False,161,168,7,968,996,5,5,8,8,0,0,0,0,32,32,28,28
gfx1201,deep_fast.hsaco,reuse_image_stats,False,250,251,1,1360,1364,14,14,22,22,0,0,0,0,32,32,48,48
gfx1201,deep_fast.hsaco,reuse_token_stats,False,218,218,0,1180,1180,14,14,17,17,0,0,0,0,32,32,48,48
gfx1201,deep_fast.hsaco,split_contract,False,198,198,0,1156,1156,33,33,12,12,0,0,0,0,32,32,28,28
gfx1201,deep_fast.hsaco,split_contract_fp8,False,202,202,0,1176,1176,31,31,12,12,0,0,0,0,32,32,28,28
gfx1201,deep_fast.hsaco,split_expand,False,238,238,0,1452,1452,33,33,12,12,0,0,0,0,32,32,28,28
gfx1201,deep_fast.hsaco,split_expand_fp8,False,254,254,0,1556,1556,33,33,12,12,0,0,0,0,32,32,28,28
gfx1201,deep_fast.hsaco,split_ffn_fused,False,1078,1079,1,6560,6600,60,59,15,15,4160,4160,0,0,32,32,28,28
gfx1201,deep_fast.hsaco,split_ffn_fused_fp8,False,855,866,11,5580,5660,102,101,11,11,4160,4160,0,0,32,32,28,28
gfx1201,deep_fast.hsaco,split_ffn_fused_fp8_mix,False,980,960,-20,6280,6172,103,110,13,12,6464,6464,0,0,32,32,28,28
gfx1201,deep_fast.hsaco,split_ffn_fused_fp8_t8,False,919,930,11,6140,6192,111,111,14,14,4160,4160,0,0,32,32,36,36
gfx1201,deep_fast.hsaco,split_mix,False,200,200,0,1160,1160,35,35,11,11,0,0,0,0,32,32,28,28
gfx1201,deep_fast.hsaco,split_mix_blocked,False,514,526,12,3084,3164,80,80,11,11,0,0,0,0,32,32,28,28
gfx1201,deep_fast.hsaco,split_mix_blocked_h16w,False,497,518,21,3032,3152,91,91,11,11,0,0,0,0,32,32,28,28
gfx1201,deep_fast.hsaco,split_projection,False,291,278,-13,1884,1816,48,46,12,12,0,0,0,0,32,32,36,36
gfx1201,deep_fast.hsaco,split_projection_blocked,False,798,821,23,5104,5284,93,99,12,12,0,0,0,0,32,32,36,36
gfx1201,deep_fast.hsaco,split_projection_blocked_t8,False,1011,1038,27,6628,6680,98,100,16,16,0,0,0,0,32,32,44,44
gfx1201,deep_fast.hsaco,split_projection_frag,False,859,930,71,5348,5836,83,102,17,17,0,0,0,0,32,32,44,44
gfx1201,deep_fast.hsaco,vit_attention_av_fast,False,486,486,0,3092,3068,48,48,17,17,0,0,0,0,32,32,48,48
gfx1201,deep_fast.hsaco,vit_attention_fused_256,False,1197,1238,41,7588,7912,91,91,16,16,1536,1536,0,0,32,32,32,32
gfx1201,deep_fast.hsaco,vit_attention_fused_256_bytein,False,938,962,24,5568,5732,75,75,17,17,1536,1536,0,0,32,32,32,32
gfx1201,deep_fast.hsaco,vit_attention_fused_256_bytein_bout,False,958,977,19,5732,5844,75,75,17,17,1536,1536,0,0,32,32,32,32
gfx1201,deep_fast.hsaco,vit_attention_fused_400,False,1197,1238,41,7588,7912,91,91,16,16,1536,1536,0,0,32,32,32,32
gfx1201,deep_fast.hsaco,vit_attention_fused_400_bytein,False,938,962,24,5568,5732,75,75,17,17,1536,1536,0,0,32,32,32,32
gfx1201,deep_fast.hsaco,vit_attention_fused_400_bytein_bout,False,958,977,19,5732,5844,75,75,17,17,1536,1536,0,0,32,32,32,32
gfx1201,deep_fast.hsaco,vit_attention_fused_640,False,1197,1238,41,7588,7912,91,91,16,16,1536,1536,0,0,32,32,32,32
gfx1201,deep_fast.hsaco,vit_attention_fused_640_bytein,False,938,962,24,5568,5732,75,75,17,17,1536,1536,0,0,32,32,32,32
gfx1201,deep_fast.hsaco,vit_attention_fused_640_bytein_bout,False,958,977,19,5732,5844,75,75,17,17,1536,1536,0,0,32,32,32,32
gfx1201,deep_fast.hsaco,vit_attention_inverse_fast,False,265,266,1,1584,1588,34,34,10,10,0,0,0,0,32,32,32,32
gfx1201,deep_fast.hsaco,vit_attention_scores_fast,False,771,772,1,4552,4556,66,66,13,13,0,0,0,0,32,32,32,32
gfx1201,deep_fast.hsaco,vit_contract_blocked_fp8,False,1830,1868,38,12132,12324,235,241,26,26,0,0,0,0,32,32,56,56
gfx1201,deep_fast.hsaco,vit_contract_blocked_fp8_bstream,False,1872,1936,64,12488,12732,234,237,26,26,0,0,0,0,32,32,56,56
gfx1201,deep_fast.hsaco,vit_contract_blocked_fp8_frag,False,1077,1090,13,7160,7260,205,211,12,12,0,0,0,0,32,32,56,56
gfx1201,deep_fast.hsaco,vit_contract_blocked_fp8_hstream,False,1862,1908,46,12272,12480,235,241,26,26,0,0,0,0,32,32,56,56
gfx1201,deep_fast.hsaco,vit_contract_blocked_fp8_tiled,False,743,762,19,4632,4708,104,113,21,14,0,0,0,0,32,32,56,56
gfx1201,deep_fast.hsaco,vit_contract_blocked_fp8_tiled_bstream,False,822,832,10,5052,5152,103,109,21,14,0,0,0,0,32,32,56,56
gfx1201,deep_fast.hsaco,vit_contract_blocked_fp8_tiled_hstream,False,789,809,20,4760,4924,103,112,21,14,0,0,0,0,32,32,56,56
gfx1201,deep_fast.hsaco,vit_contract_combine,False,96,97,1,556,560,14,14,11,11,0,0,0,0,32,32,48,48
gfx1201,deep_fast.hsaco,vit_contract_parts_blocked_fp8,False,312,198,-114,2032,1352,53,48,14,14,0,0,0,0,32,32,40,40
gfx1201,deep_fast.hsaco,vit_contract_parts_blocked_fp8_tiled,False,406,281,-125,2720,1968,71,70,16,14,0,0,0,0,32,32,40,40
gfx1201,deep_fast.hsaco,vit_contract_parts_fp8,False,207,212,5,1240,1260,32,32,15,15,0,0,0,0,32,32,40,40
gfx1201,deep_fast.hsaco,vit_expand,False,432,432,0,2812,2808,48,48,14,14,0,0,0,0,32,32,48,48
gfx1201,deep_fast.hsaco,vit_expand_blocked_fp8,False,810,810,0,5244,5244,69,69,14,14,0,0,0,0,32,32,48,48
gfx1201,deep_fast.hsaco,vit_expand_blocked_fp8_bytein,False,723,723,0,4592,4592,55,55,14,14,0,0,0,0,32,32,48,48
gfx1201,deep_fast.hsaco,vit_expand_blocked_fp8_frag_bytein,False,1329,1368,39,8804,8968,77,77,23,25,0,0,0,0,32,32,48,48
gfx1201,deep_fast.hsaco,vit_expand_blocked_fp8_frag_bytein_m2,False,1335,1336,1,8696,8704,86,86,22,25,0,0,0,0,32,32,48,48
gfx1201,deep_fast.hsaco,vit_expand_blocked_fp8_frag_bytein_m4,False,2595,2598,3,17012,16992,154,154,27,30,0,0,0,0,32,32,48,48
gfx1201,deep_fast.hsaco,vit_expand_blocked_fp8_frag_tiledin,False,711,713,2,4572,4580,46,46,23,25,0,0,0,0,32,32,48,48
gfx1201,deep_fast.hsaco,vit_expand_blocked_fp8_tiled,False,883,886,3,5804,5812,95,94,20,23,0,0,0,0,32,32,48,48
gfx1201,deep_fast.hsaco,vit_expand_blocked_fp8_tiled_bytein,False,782,781,-1,5132,5132,73,73,18,22,0,0,0,0,32,32,48,48
gfx1201,deep_fast.hsaco,vit_expand_blocked_fp8_tiled_bytein_m4,False,2668,2668,0,17556,17536,153,153,25,27,0,0,0,0,32,32,48,48
gfx1201,deep_fast.hsaco,vit_expand_fp8,False,427,427,0,2768,2764,48,48,14,14,0,0,0,0,32,32,48,48
gfx1201,deep_fast.hsaco,vit_ffn_fused,False,1493,1492,-1,9660,9728,151,161,14,14,16640,16640,0,0,32,32,56,56
gfx1201,deep_fast.hsaco,vit_pack_input,False,57,57,0,340,340,7,7,7,7,0,0,0,0,32,32,32,32
gfx1201,deep_fast.hsaco,vit_pack_input_tiled,False,57,57,0,352,352,10,10,7,7,0,0,0,0,32,32,32,32
gfx1201,deep_fast.hsaco,vit_project,False,1443,1400,-43,9372,9204,90,90,32,19,0,0,0,0,32,32,56,56
gfx1201,deep_fast.hsaco,vit_project_bytein_bout,False,644,649,5,4024,4052,55,55,14,14,0,0,0,0,32,32,56,56
gfx1201,deep_fast.hsaco,vit_project_bytein_bout_hskip,False,650,655,5,4056,4084,55,55,14,14,0,0,0,0,32,32,56,56
gfx1201,deep_fast.hsaco,vit_project_fp8,False,1274,1273,-1,8140,8136,77,77,19,19,0,0,0,0,32,32,56,56
gfx1201,deep_fast.hsaco,vit_project_frag,False,1850,1861,11,11692,11744,79,79,34,34,0,0,0,0,32,32,56,56
gfx1201,deep_fast.hsaco,vit_qkv_normalize,False,478,478,0,2724,2724,31,31,18,18,0,0,0,0,32,32,40,40
gfx1201,deep_fast.hsaco,vit_qkv_project,False,215,221,6,1204,1228,32,32,14,14,0,0,0,0,32,32,40,40
gfx1201,deep_fast.hsaco,vit_qkv_project_blocked,False,266,227,-39,1604,1384,48,48,13,13,0,0,0,0,32,32,40,40
gfx1201,deep_fast.hsaco,vit_qkv_project_normalize_fused,False,848,958,110,4768,5320,51,50,22,18,2112,2112,0,0,32,32,40,40
gfx1201,deep_fast.hsaco,vit_qkv_project_normalize_fused_f16compact,False,853,957,104,4868,5364,60,58,22,22,2112,2112,0,0,32,32,40,40
gfx1201,deep_fast.hsaco,vit_qkv_project_normalize_fused_f16compact_fp8,False,777,767,-10,4516,4352,60,58,22,22,2112,2112,0,0,32,32,40,40
gfx1201,deep_fast.hsaco,vit_qkv_project_normalize_fused_f16compact_fp8_bytein,False,776,818,42,4488,4680,58,91,22,22,2112,2112,0,0,32,32,40,40
gfx1201,deep_fast.hsaco,vit_qkv_project_normalize_fused_f16compact_fp8_frag,False,766,767,1,4440,4348,59,58,22,22,2112,2112,0,0,32,32,40,40
gfx1201,deep_fast.hsaco,vit_qkv_project_normalize_fused_f16compact_fp8_h16in,False,1164,1198,34,7860,7908,96,95,22,22,2112,2112,0,0,32,32,40,40
gfx1201,deep_fast.hsaco,vit_qkv_project_normalize_fused_f16compact_fp8_h16in_n4,False,1392,1408,16,8424,8264,192,192,22,22,4160,4160,0,0,32,32,40,40
gfx1201,deep_fast.hsaco,vit_qkv_project_normalize_fused_f16weight,False,854,960,106,4876,5380,60,58,22,22,2112,2112,0,0,32,32,40,40
gfx1201,deep_reference.hsaco,decoder_project2x,False,1315,1331,16,7484,7520,15,14,20,20,0,0,0,0,32,32,56,56
gfx1201,deep_reference.hsaco,split_contract,False,202,209,7,1176,1200,70,70,10,10,0,0,0,0,32,32,28,28
gfx1201,deep_reference.hsaco,split_expand,False,224,232,8,1236,1264,70,70,10,10,0,0,0,0,32,32,28,28
gfx1201,deep_reference.hsaco,split_mix,False,196,204,8,1140,1168,71,71,10,10,0,0,0,0,32,32,28,28
gfx1201,deep_reference.hsaco,split_projection,False,205,213,8,1212,1240,71,71,10,10,0,0,0,0,32,32,36,36
gfx1201,deep_reference.hsaco,vit_attention_av,False,261,261,0,1440,1428,16,16,19,19,0,0,0,0,32,32,36,36
gfx1201,deep_reference.hsaco,vit_attention_av_fast,False,176,176,0,968,960,11,11,17,17,0,0,0,0,32,32,36,36
gfx1201,deep_reference.hsaco,vit_attention_inverse,False,419,432,13,2256,2308,51,51,14,14,0,0,0,0,32,32,20,20
gfx1201,deep_reference.hsaco,vit_attention_inverse_fast,False,57,58,1,304,308,7,7,7,7,0,0,0,0,32,32,20,20
gfx1201,deep_reference.hsaco,vit_attention_scores,False,309,311,2,1684,1692,66,66,9,9,0,0,0,0,32,32,20,20
gfx1201,deep_reference.hsaco,vit_attention_scores_fast,False,303,305,2,1660,1668,66,66,9,9,0,0,0,0,32,32,20,20
gfx1201,deep_reference.hsaco,vit_expand,False,748,765,17,4312,4376,11,11,13,13,0,0,0,0,32,32,36,36
gfx1201,deep_reference.hsaco,vit_gather,False,29,30,1,180,184,6,6,10,10,0,0,0,0,32,32,28,28
gfx1201,deep_reference.hsaco,vit_project,False,750,767,17,4448,4512,17,17,13,13,0,0,0,0,32,32,44,44
gfx1201,deep_reference.hsaco,vit_qkv_normalize,False,2495,2495,0,13944,13812,57,57,23,23,0,0,144,144,32,32,28,28
gfx1201,deep_reference.hsaco,vit_qkv_project,False,223,230,7,1212,1240,76,76,12,12,0,0,0,0,32,32,28,28
gfx1201,deep_wmma.hsaco,decoder_project2x,False,5671,5688,17,30744,30496,56,56,25,25,0,0,0,0,32,32,56,56
gfx1201,deep_wmma.hsaco,split_contract,False,635,638,3,3556,3520,53,50,13,14,0,0,0,0,32,32,28,28
gfx1201,deep_wmma.hsaco,split_expand,False,767,762,-5,4232,4180,50,48,14,14,0,0,0,0,32,32,28,28
gfx1201,deep_wmma.hsaco,split_mix,False,624,628,4,3472,3464,50,50,11,11,0,0,0,0,32,32,28,28
gfx1201,deep_wmma.hsaco,split_projection,False,660,666,6,3684,3704,50,50,12,12,0,0,0,0,32,32,36,36
gfx1201,deep_wmma.hsaco,vit_expand,False,1142,1166,24,6360,6432,49,49,16,16,0,0,0,0,32,32,36,36
gfx1201,deep_wmma.hsaco,vit_project,False,2478,2555,77,14048,14344,73,74,18,18,0,0,0,0,32,32,44,44
gfx1201,deep_wmma.hsaco,vit_qkv_project,False,420,381,-39,2368,2124,62,60,14,15,0,0,0,0,32,32,28,28
gfx1201,multihead-fast-packed.hsaco,mh_attention_av_fast,False,564,549,-15,3072,2972,52,52,22,19,0,0,0,0,32,32,36,36
gfx1201,multihead-fast-packed.hsaco,mh_attention_project_fast_matrix,False,2596,2608,12,13924,13960,95,95,52,52,4096,4096,0,0,32,32,44,44
gfx1201,multihead-fast-packed.hsaco,mh_attention_project_fast_scalar,False,1784,1800,16,8776,8840,32,32,21,21,4096,4096,0,0,32,32,44,44
gfx1201,multihead-fast-packed.hsaco,mh_ffn_contract_fast,False,482,490,8,2548,2576,27,27,17,17,4096,4096,0,0,32,32,32,32
gfx1201,multihead-fast-packed.hsaco,mh_ffn_contract_fast_pre,False,289,297,8,1528,1556,27,27,17,17,4096,4096,0,0,32,32,32,32
gfx1201,multihead-fast-packed.hsaco,mh_ffn_contract_fast_rne,False,482,490,8,2548,2576,27,27,17,17,4096,4096,0,0,32,32,32,32
gfx1201,multihead-fast-packed.hsaco,mh_ffn_contract_fast_rtz,False,482,490,8,2548,2576,27,27,17,17,4096,4096,0,0,32,32,32,32
gfx1201,multihead-fast-packed.hsaco,mh_ffn_expand_fast,False,545,547,2,3036,3040,29,29,16,16,4096,4096,0,0,32,32,32,32
gfx1201,multihead-fast-packed.hsaco,mh_ffn_project_fast,False,663,677,14,3568,3624,32,32,18,18,4096,4096,0,0,32,32,40,40
gfx1201,multihead-fast-packed.hsaco,mh_pool_project_production,False,1410,1432,22,7136,7260,48,47,21,36,0,0,0,0,32,32,44,44
gfx1201,multihead-fast-packed.hsaco,mh_probabilities_fast,False,678,692,14,3716,3772,50,50,12,12,0,0,0,0,32,32,24,24
gfx1201,multihead-fast-packed.hsaco,mh_qkv_fast,False,334,342,8,1760,1788,26,26,16,16,4096,4096,0,0,32,32,32,32
gfx1201,multihead-fast-packed.hsaco,mh_qkv_normalize_fast,False,3520,3556,36,20560,20700,148,148,11,11,0,0,0,0,32,32,32,32
gfx1201,multihead-fast-packed.hsaco,mh_scores_exp_fast,False,1108,1088,-20,6156,6176,67,68,16,15,0,0,0,0,32,32,36,36
gfx1201,multihead-fast-padded-wave-packed.hsaco,mh_attention_av_fast,False,444,432,-12,2472,2388,52,52,22,19,0,0,0,0,32,32,36,36
gfx1201,multihead-fast-padded-wave-packed.hsaco,mh_attention_crop,False,2625,2665,40,13160,13320,33,33,36,36,4608,4608,0,0,32,32,64,64
gfx1201,multihead-fast-padded-wave-packed.hsaco,mh_attention_project_fast_matrix,False,2102,2137,35,10684,10824,34,34,28,28,4608,4608,0,0,32,32,44,44
gfx1201,multihead-fast-padded-wave-packed.hsaco,mh_attention_project_fast_matrix_fp8,False,2068,2103,35,10448,10588,34,34,28,28,4608,4608,0,0,32,32,44,44
gfx1201,multihead-fast-padded-wave-packed.hsaco,mh_attention_project_fast_scalar,False,1412,1428,16,6984,7048,32,32,21,21,4608,4608,0,0,32,32,44,44
gfx1201,multihead-fast-padded-wave-packed.hsaco,mh_attention_project_fast_scalar_fp8,False,1378,1394,16,6748,6812,33,33,21,21,4608,4608,0,0,32,32,44,44
gfx1201,multihead-fast-padded-wave-packed.hsaco,mh_attention_project_frag_c512,False,1283,1314,31,6812,6936,80,80,28,28,0,0,0,0,32,32,60,60
gfx1201,multihead-fast-padded-wave-packed.hsaco,mh_ffn_contract_fast,False,399,398,-1,2192,2192,27,27,17,17,4608,4608,0,0,32,32,32,32
gfx1201,multihead-fast-padded-wave-packed.hsaco,mh_ffn_contract_fast_fp8,False,383,383,0,2084,2084,28,28,17,17,4608,4608,0,0,32,32,32,32
gfx1201,multihead-fast-padded-wave-packed.hsaco,mh_ffn_contract_fast_fp8_out,False,349,348,-1,1900,1896,28,28,17,17,4608,4608,0,0,32,32,32,32
gfx1201,multihead-fast-padded-wave-packed.hsaco,mh_ffn_contract_fast_pre,False,296,302,6,1564,1592,27,27,17,17,4608,4608,0,0,32,32,32,32
gfx1201,multihead-fast-padded-wave-packed.hsaco,mh_ffn_contract_fast_rne,False,399,398,-1,2192,2192,27,27,17,17,4608,4608,0,0,32,32,32,32
gfx1201,multihead-fast-padded-wave-packed.hsaco,mh_ffn_contract_fast_rtz,False,399,398,-1,2192,2192,27,27,17,17,4608,4608,0,0,32,32,32,32
gfx1201,multihead-fast-padded-wave-packed.hsaco,mh_ffn_expand_fast,False,461,461,0,2632,2636,29,29,16,16,4608,4608,0,0,32,32,32,32
gfx1201,multihead-fast-padded-wave-packed.hsaco,mh_ffn_expand_fast_fp8,False,425,426,1,2456,2460,29,29,16,16,4608,4608,0,0,32,32,32,32
gfx1201,multihead-fast-padded-wave-packed.hsaco,mh_ffn_fused_c128,False,840,893,53,6012,6216,101,103,12,12,8256,8256,0,0,32,32,28,28
gfx1201,multihead-fast-padded-wave-packed.hsaco,mh_ffn_fused_c128_frag_project_g128_qkv,False,1510,1508,-2,9976,9976,100,100,16,16,15168,15168,0,0,32,32,64,64
gfx1201,multihead-fast-padded-wave-packed.hsaco,mh_ffn_fused_c128_frag_project_mapped_g128_qkv,False,1669,1671,2,10868,10872,99,99,25,25,15168,15168,0,0,32,32,64,64
gfx1201,multihead-fast-padded-wave-packed.hsaco,mh_ffn_fused_c128_project,False,1026,1072,46,7160,7356,101,103,14,12,8256,8256,0,0,32,32,28,28
gfx1201,multihead-fast-padded-wave-packed.hsaco,mh_ffn_fused_c128_project_g128,False,940,986,46,6436,6636,102,103,15,12,8256,8256,0,0,32,32,28,28
gfx1201,multihead-fast-padded-wave-packed.hsaco,mh_ffn_fused_c128_project_g128_qkv,False,1439,1456,17,9540,9692,99,98,16,21,15168,15168,0,0,32,32,64,64
gfx1201,multihead-fast-padded-wave-packed.hsaco,mh_ffn_fused_c128_project_g128_qkv_bn,False,1283,1298,15,8924,8904,142,137,16,16,23872,23872,0,0,32,32,64,64
gfx1201,multihead-fast-padded-wave-packed.hsaco,mh_ffn_fused_c128_project_g128_qkv_bytein_fb,False,1397,1410,13,9356,9472,97,98,15,22,15168,15168,0,0,32,32,64,64
gfx1201,multihead-fast-padded-wave-packed.hsaco,mh_ffn_fused_c128_project_g128_qkv_bytein_fb_pdl,False,1521,1545,24,9928,10120,97,98,17,22,15168,15168,0,0,32,32,100,100
gfx1201,multihead-fast-padded-wave-packed.hsaco,mh_ffn_fused_c128_project_g128_qkv_fb,False,1430,1448,18,9508,9692,99,98,16,21,15168,15168,0,0,32,32,64,64
gfx1201,multihead-fast-padded-wave-packed.hsaco,mh_ffn_fused_c128_project_g128_qkv_fb_pdl,False,1556,1567,11,10104,10240,99,98,18,23,15168,15168,0,0,32,32,100,100
gfx1201,multihead-fast-padded-wave-packed.hsaco,mh_ffn_fused_c128_project_mapped,False,1538,1565,27,9724,9860,102,104,28,28,8256,8256,0,0,32,32,48,48
gfx1201,multihead-fast-padded-wave-packed.hsaco,mh_ffn_fused_c128_project_mapped_g128,False,1441,1486,45,8992,9156,102,104,28,28,8256,8256,0,0,32,32,48,48
gfx1201,multihead-fast-padded-wave-packed.hsaco,mh_ffn_fused_c128_project_mapped_g128_qkv,False,1592,1629,37,10464,10612,99,98,25,26,15168,15168,0,0,32,32,64,64
gfx1201,multihead-fast-padded-wave-packed.hsaco,mh_ffn_fused_c128_project_mapped_g128_qkv_bn,False,1460,1468,8,9880,9812,144,143,25,25,23872,23872,0,0,32,32,64,64
gfx1201,multihead-fast-padded-wave-packed.hsaco,mh_ffn_fused_c128_project_mapped_g128_qkv_bytein_fb,False,1570,1621,51,10592,10808,99,101,21,21,15168,15168,0,0,32,32,64,64
gfx1201,multihead-fast-padded-wave-packed.hsaco,mh_ffn_fused_c128_project_mapped_g128_qkv_bytein_fb_pdl,False,1695,1745,50,11172,11384,99,101,23,23,15168,15168,0,0,32,32,100,100
gfx1201,multihead-fast-padded-wave-packed.hsaco,mh_ffn_fused_c128_project_mapped_g128_qkv_fb,False,1638,1674,36,10764,10932,99,98,26,27,15168,15168,0,0,32,32,64,64
gfx1201,multihead-fast-padded-wave-packed.hsaco,mh_ffn_fused_c128_project_mapped_g128_qkv_fb_pdl,False,1763,1800,37,11344,11516,99,98,28,30,15168,15168,0,0,32,32,100,100
gfx1201,multihead-fast-padded-wave-packed.hsaco,mh_ffn_fused_c128_tiled,False,922,1629,707,6212,11556,75,98,12,22,8256,8256,0,0,32,32,28,28
gfx1201,multihead-fast-padded-wave-packed.hsaco,mh_ffn_fused_c128_tiled_project_g128_qkv,False,1631,1707,76,10920,11280,82,82,32,16,15168,15168,0,0,32,32,64,64
gfx1201,multihead-fast-padded-wave-packed.hsaco,mh_ffn_fused_c128_tiled_project_mapped_g128_qkv,False,1816,1896,80,11864,12216,83,83,38,24,15168,15168,0,0,32,32,64,64
gfx1201,multihead-fast-padded-wave-packed.hsaco,mh_ffn_fused_c256,False,1003,1165,162,6676,8228,73,101,11,11,16448,16448,0,0,32,32,28,28
gfx1201,multihead-fast-padded-wave-packed.hsaco,mh_ffn_fused_c256_frag_project_g128_qkv,False,1738,1748,10,11852,11884,96,96,15,15,30016,30016,0,0,32,32,64,64
gfx1201,multihead-fast-padded-wave-packed.hsaco,mh_ffn_fused_c256_frag_project_g128_qkv_bytein_fb,False,1720,1729,9,11752,11784,97,97,15,15,30016,30016,0,0,32,32,64,64
gfx1201,multihead-fast-padded-wave-packed.hsaco,mh_ffn_fused_c256_frag_project_g128_qkv_bytein_fb_pdl,False,1838,1848,10,12324,12368,97,97,17,17,30016,30016,0,0,32,32,100,100
gfx1201,multihead-fast-padded-wave-packed.hsaco,mh_ffn_fused_c256_frag_project_g128_qkv_fb,False,1746,1758,12,11860,11912,98,98,15,15,30016,30016,0,0,32,32,64,64
gfx1201,multihead-fast-padded-wave-packed.hsaco,mh_ffn_fused_c256_frag_project_g128_qkv_fb_pdl,False,1882,1893,11,12492,12544,98,98,17,17,30016,30016,0,0,32,32,100,100
gfx1201,multihead-fast-padded-wave-packed.hsaco,mh_ffn_fused_c256_frag_project_mapped_g128_qkv,False,1886,1887,1,12680,12668,97,98,23,23,30016,30016,0,0,32,32,64,64
gfx1201,multihead-fast-padded-wave-packed.hsaco,mh_ffn_fused_c256_frag_project_mapped_g128_qkv_bytein_fb,False,1894,1915,21,13016,13104,101,101,21,21,30016,30016,0,0,32,32,64,64
gfx1201,multihead-fast-padded-wave-packed.hsaco,mh_ffn_fused_c256_frag_project_mapped_g128_qkv_bytein_fb_pdl,False,2019,2040,21,13596,13684,101,101,23,23,30016,30016,0,0,32,32,100,100
gfx1201,multihead-fast-padded-wave-packed.hsaco,mh_ffn_fused_c256_frag_project_mapped_g128_qkv_fb,False,1952,1932,-20,13008,12968,98,97,24,24,30016,30016,0,0,32,32,64,64
gfx1201,multihead-fast-padded-wave-packed.hsaco,mh_ffn_fused_c256_frag_project_mapped_g128_qkv_fb_pdl,False,2077,2057,-20,13588,13548,98,97,26,26,30016,30016,0,0,32,32,100,100
gfx1201,multihead-fast-padded-wave-packed.hsaco,mh_ffn_fused_c256_tiled,False,911,901,-10,6088,6068,74,71,11,11,16448,16448,0,0,32,32,28,28
gfx1201,multihead-fast-padded-wave-packed.hsaco,mh_ffn_fused_c256_tiled_project,False,1102,1081,-21,7380,7304,74,71,13,13,16448,16448,0,0,32,32,28,28
gfx1201,multihead-fast-padded-wave-packed.hsaco,mh_ffn_fused_c256_tiled_project_g128,False,1193,1156,-37,8120,7976,77,77,26,11,16448,16448,0,0,32,32,28,28
gfx1201,multihead-fast-padded-wave-packed.hsaco,mh_ffn_fused_c256_tiled_project_g128_qkv,False,1813,1802,-11,12192,12104,93,94,30,15,30016,30016,0,0,32,32,64,64
gfx1201,multihead-fast-padded-wave-packed.hsaco,mh_ffn_fused_c256_tiled_project_g128_qkv_bytein_fb,False,1746,1744,-2,11920,11900,93,93,30,15,30016,30016,0,0,32,32,64,64
gfx1201,multihead-fast-padded-wave-packed.hsaco,mh_ffn_fused_c256_tiled_project_g128_qkv_fb,False,1813,1803,-10,12172,12124,93,93,30,15,30016,30016,0,0,32,32,64,64
gfx1201,multihead-fast-padded-wave-packed.hsaco,mh_ffn_fused_c256_tiled_project_mapped,False,1585,1553,-32,9844,9724,74,71,26,26,16448,16448,0,0,32,32,48,48
gfx1201,multihead-fast-padded-wave-packed.hsaco,mh_ffn_fused_c256_tiled_project_mapped_g128,False,1679,1639,-40,10576,10424,77,77,32,26,16448,16448,0,0,32,32,48,48
gfx1201,multihead-fast-padded-wave-packed.hsaco,mh_ffn_fused_c256_tiled_project_mapped_g128_qkv,False,1970,1962,-8,12992,12936,94,94,37,23,30016,30016,0,0,32,32,64,64
gfx1201,multihead-fast-padded-wave-packed.hsaco,mh_ffn_fused_c256_tiled_project_mapped_g128_qkv_bytein_fb,False,1936,1926,-10,13184,13084,94,94,31,21,30016,30016,0,0,32,32,64,64
gfx1201,multihead-fast-padded-wave-packed.hsaco,mh_ffn_fused_c256_tiled_project_mapped_g128_qkv_fb,False,2015,2003,-12,13320,13224,94,94,38,24,30016,30016,0,0,32,32,64,64
gfx1201,multihead-fast-padded-wave-packed.hsaco,mh_ffn_fused_c64,False,721,741,20,5084,5192,100,97,15,15,4160,4160,0,0,32,32,28,28
gfx1201,multihead-fast-padded-wave-packed.hsaco,mh_ffn_fused_c64_frag_project_g128_qkv,False,1359,1361,2,8952,8952,96,96,16,16,7744,7744,0,0,32,32,64,64
gfx1201,multihead-fast-padded-wave-packed.hsaco,mh_ffn_fused_c64_frag_project_mapped_g128_qkv,False,1476,1488,12,9564,9604,97,96,25,25,7744,7744,0,0,32,32,64,64
gfx1201,multihead-fast-padded-wave-packed.hsaco,mh_ffn_fused_c64_project,False,904,922,18,6268,6352,100,98,18,18,4160,4160,0,0,32,32,28,28
gfx1201,multihead-fast-padded-wave-packed.hsaco,mh_ffn_fused_c64_project_g128,False,884,910,26,6072,6164,100,98,19,18,4160,4160,0,0,32,32,28,28
gfx1201,multihead-fast-padded-wave-packed.hsaco,mh_ffn_fused_c64_project_g128_qkv,False,1304,1323,19,8548,8652,98,98,16,19,7744,7744,0,0,32,32,64,64
gfx1201,multihead-fast-padded-wave-packed.hsaco,mh_ffn_fused_c64_project_g128_qkv_bn,False,1180,1157,-23,7932,7912,139,131,16,16,12096,12096,0,0,32,32,64,64
gfx1201,multihead-fast-padded-wave-packed.hsaco,mh_ffn_fused_c64_project_g128_qkv_bytein_fb,False,1266,1278,12,8336,8420,97,97,15,19,7744,7744,0,0,32,32,64,64
gfx1201,multihead-fast-padded-wave-packed.hsaco,mh_ffn_fused_c64_project_g128_qkv_bytein_fb_pdl,False,1397,1406,9,8928,9036,97,97,17,19,7744,7744,0,0,32,32,100,100
gfx1201,multihead-fast-padded-wave-packed.hsaco,mh_ffn_fused_c64_project_g128_qkv_fb,False,1288,1314,26,8500,8628,99,99,16,19,7744,7744,0,0,32,32,64,64
gfx1201,multihead-fast-padded-wave-packed.hsaco,mh_ffn_fused_c64_project_g128_qkv_fb_pdl,False,1416,1445,29,9116,9232,99,99,18,21,7744,7744,0,0,32,32,100,100
gfx1201,multihead-fast-padded-wave-packed.hsaco,mh_ffn_fused_c64_project_mapped,False,1380,1400,20,8608,8680,101,98,28,28,4160,4160,0,0,32,32,48,48
gfx1201,multihead-fast-padded-wave-packed.hsaco,mh_ffn_fused_c64_project_mapped_g128,False,1354,1381,27,8404,8500,100,99,28,28,4160,4160,0,0,32,32,48,48
gfx1201,multihead-fast-padded-wave-packed.hsaco,mh_ffn_fused_c64_project_mapped_g128_qkv,False,1411,1437,26,9160,9304,96,98,25,26,7744,7744,0,0,32,32,64,64
gfx1201,multihead-fast-padded-wave-packed.hsaco,mh_ffn_fused_c64_project_mapped_g128_qkv_bn,False,1284,1275,-9,8544,8556,141,133,25,25,12096,12096,0,0,32,32,64,64
gfx1201,multihead-fast-padded-wave-packed.hsaco,mh_ffn_fused_c64_project_mapped_g128_qkv_bytein_fb,False,1326,1371,45,8956,9092,97,97,21,21,7744,7744,0,0,32,32,64,64
gfx1201,multihead-fast-padded-wave-packed.hsaco,mh_ffn_fused_c64_project_mapped_g128_qkv_bytein_fb_pdl,False,1452,1488,36,9540,9644,97,97,22,22,7744,7744,0,0,32,32,100,100
gfx1201,multihead-fast-padded-wave-packed.hsaco,mh_ffn_fused_c64_project_mapped_g128_qkv_fb,False,1402,1416,14,9120,9244,96,99,25,27,7744,7744,0,0,32,32,64,64
gfx1201,multihead-fast-padded-wave-packed.hsaco,mh_ffn_fused_c64_project_mapped_g128_qkv_fb_pdl,False,1526,1537,11,9708,9800,96,99,27,30,7744,7744,0,0,32,32,100,100
gfx1201,multihead-fast-padded-wave-packed.hsaco,mh_ffn_fused_c64_tiled,False,939,1382,443,6252,9960,75,110,12,12,4160,4160,0,0,32,32,28,28
gfx1201,multihead-fast-padded-wave-packed.hsaco,mh_ffn_fused_c64_tiled_project_g128_qkv,False,1589,1807,218,10484,12300,81,105,32,16,7744,7744,0,0,32,32,64,64
gfx1201,multihead-fast-padded-wave-packed.hsaco,mh_ffn_fused_c64_tiled_project_mapped_g128_qkv,False,1688,1935,247,10988,12900,82,104,38,25,7744,7744,0,0,32,32,64,64
gfx1201,multihead-fast-padded-wave-packed.hsaco,mh_ffn_project_fast,False,585,592,7,3212,3240,32,32,18,18,4608,4608,0,0,32,32,40,40
gfx1201,multihead-fast-padded-wave-packed.hsaco,mh_ffn_project_fast_fp8,False,552,559,7,2980,3008,33,33,18,18,4608,4608,0,0,32,32,40,40
gfx1201,multihead-fast-padded-wave-packed.hsaco,mh_pool_project_fused_c128,False,3445,3437,-8,17628,17616,152,152,22,21,0,0,144,144,32,32,44,44
gfx1201,multihead-fast-padded-wave-packed.hsaco,mh_pool_project_fused_c256,False,3884,3873,-11,20332,20284,192,192,22,21,0,0,272,272,32,32,44,44
gfx1201,multihead-fast-padded-wave-packed.hsaco,mh_pool_project_fused_c64,False,6334,6352,18,32732,32816,128,128,80,79,0,0,0,0,32,32,44,44
gfx1201,multihead-fast-padded-wave-packed.hsaco,mh_pool_project_group_c128,False,2289,2612,323,11568,13220,98,146,29,28,4352,4352,0,0,32,32,44,44
gfx1201,multihead-fast-padded-wave-packed.hsaco,mh_pool_project_group_c256,False,2283,2286,3,11540,11544,98,98,29,28,8448,8448,0,0,32,32,44,44
gfx1201,multihead-fast-padded-wave-packed.hsaco,mh_pool_project_group_c512,False,2287,2287,0,11564,11556,98,98,29,28,16640,16640,0,0,32,32,44,44
gfx1201,multihead-fast-padded-wave-packed.hsaco,mh_pool_project_group_c64,False,2331,2381,50,11768,11968,100,102,29,28,2304,2304,0,0,32,32,44,44
gfx1201,multihead-fast-padded-wave-packed.hsaco,mh_pool_project_production,False,1314,1336,22,6656,6780,48,47,21,36,0,0,0,0,32,32,44,44
gfx1201,multihead-fast-padded-wave-packed.hsaco,mh_pool_project_production_h16w,False,1387,1413,26,7040,7160,62,62,20,20,0,0,0,0,32,32,44,44
gfx1201,multihead-fast-padded-wave-packed.hsaco,mh_probabilities_fast,False,572,577,5,3284,3304,50,50,12,12,0,0,0,0,32,32,24,24
gfx1201,multihead-fast-padded-wave-packed.hsaco,mh_qkv_fast,False,340,347,7,1796,1824,26,26,16,16,4608,4608,0,0,32,32,32,32
gfx1201,multihead-fast-padded-wave-packed.hsaco,mh_qkv_normalize_fast,False,1115,1116,1,6532,6536,110,110,11,11,0,0,0,0,32,32,32,32
gfx1201,multihead-fast-padded-wave-packed.hsaco,mh_qkv_normalize_fast_wave,False,395,396,1,2080,2084,9,9,11,11,0,0,0,0,32,32,32,32
gfx1201,multihead-fast-padded-wave-packed.hsaco,mh_qkv_normalize_fast_wave_fp8,False,396,397,1,2072,2076,7,7,11,11,0,0,0,0,32,32,32,32
gfx1201,multihead-fast-padded-wave-packed.hsaco,mh_qkv_normalize_frag_c512,False,1249,1277,28,7672,7840,90,124,18,18,4420,4420,0,0,32,32,28,28
gfx1201,multihead-fast-padded-wave-packed.hsaco,mh_qkv_normalize_fused,False,2335,2312,-23,13492,13204,45,45,18,18,21760,21760,0,0,32,32,32,32
gfx1201,multihead-fast-padded-wave-packed.hsaco,mh_qkv_normalize_wave_c512,False,1146,1729,583,6876,10920,72,233,14,14,17680,17680,0,0,32,32,28,28
gfx1201,multihead-fast-padded-wave-packed.hsaco,mh_scores_exp_fast,False,1108,1088,-20,6156,6176,67,68,16,15,0,0,0,0,32,32,36,36
gfx1201,multihead-fast-padded-wave.hsaco,mh_attention_av_fast,False,444,432,-12,2472,2388,52,52,22,19,0,0,0,0,32,32,36,36
gfx1201,multihead-fast-padded-wave.hsaco,mh_attention_crop,False,2649,2690,41,13352,13512,32,32,34,34,4608,4608,0,0,32,32,64,64
gfx1201,multihead-fast-padded-wave.hsaco,mh_attention_project_fast_matrix,False,2131,2166,35,10856,11000,38,38,27,27,4608,4608,0,0,32,32,44,44
gfx1201,multihead-fast-padded-wave.hsaco,mh_attention_project_fast_matrix_fp8,False,2094,2129,35,10640,10784,34,34,27,27,4608,4608,0,0,32,32,44,44
gfx1201,multihead-fast-padded-wave.hsaco,mh_attention_project_fast_scalar,False,1433,1450,17,7144,7212,38,38,20,20,4608,4608,0,0,32,32,44,44
gfx1201,multihead-fast-padded-wave.hsaco,mh_attention_project_fast_scalar_fp8,False,1399,1416,17,6928,6992,32,32,20,20,4608,4608,0,0,32,32,44,44
gfx1201,multihead-fast-padded-wave.hsaco,mh_attention_project_frag_c512,False,1283,1314,31,6812,6936,80,80,28,28,0,0,0,0,32,32,60,60
gfx1201,multihead-fast-padded-wave.hsaco,mh_ffn_contract_fast,False,401,402,1,2232,2236,30,30,16,16,4608,4608,0,0,32,32,32,32
gfx1201,multihead-fast-padded-wave.hsaco,mh_ffn_contract_fast_fp8,False,387,388,1,2132,2132,27,27,16,16,4608,4608,0,0,32,32,32,32
gfx1201,multihead-fast-padded-wave.hsaco,mh_ffn_contract_fast_fp8_out,False,354,354,0,1940,1940,27,27,16,16,4608,4608,0,0,32,32,32,32
gfx1201,multihead-fast-padded-wave.hsaco,mh_ffn_contract_fast_pre,False,298,306,8,1604,1636,30,30,16,16,4608,4608,0,0,32,32,32,32
gfx1201,multihead-fast-padded-wave.hsaco,mh_ffn_contract_fast_rne,False,401,402,1,2232,2236,30,30,16,16,4608,4608,0,0,32,32,32,32
gfx1201,multihead-fast-padded-wave.hsaco,mh_ffn_contract_fast_rtz,False,401,402,1,2232,2236,30,30,16,16,4608,4608,0,0,32,32,32,32
gfx1201,multihead-fast-padded-wave.hsaco,mh_ffn_expand_fast,False,495,495,0,2848,2848,32,32,16,16,4608,4608,0,0,32,32,32,32
gfx1201,multihead-fast-padded-wave.hsaco,mh_ffn_expand_fast_fp8,False,456,456,0,2656,2656,32,32,16,16,4608,4608,0,0,32,32,32,32
gfx1201,multihead-fast-padded-wave.hsaco,mh_ffn_fused_c128,False,840,893,53,6012,6216,101,103,12,12,8256,8256,0,0,32,32,28,28
gfx1201,multihead-fast-padded-wave.hsaco,mh_ffn_fused_c128_frag_project_g128_qkv,False,1475,1468,-7,9768,9764,99,99,16,16,10816,10816,0,0,32,32,64,64
gfx1201,multihead-fast-padded-wave.hsaco,mh_ffn_fused_c128_frag_project_mapped_g128_qkv,False,1650,1644,-6,10660,10648,98,97,25,25,10816,10816,0,0,32,32,64,64
gfx1201,multihead-fast-padded-wave.hsaco,mh_ffn_fused_c128_project,False,1026,1072,46,7160,7356,101,103,14,12,8256,8256,0,0,32,32,28,28
gfx1201,multihead-fast-padded-wave.hsaco,mh_ffn_fused_c128_project_g128,False,940,986,46,6436,6636,102,103,15,12,8256,8256,0,0,32,32,28,28
gfx1201,multihead-fast-padded-wave.hsaco,mh_ffn_fused_c128_project_g128_qkv,False,1424,1430,6,9352,9476,99,98,16,21,10816,10816,0,0,32,32,64,64
gfx1201,multihead-fast-padded-wave.hsaco,mh_ffn_fused_c128_project_g128_qkv_bn,False,1248,1282,34,8704,8748,126,122,16,16,19520,19520,0,0,32,32,64,64
gfx1201,multihead-fast-padded-wave.hsaco,mh_ffn_fused_c128_project_g128_qkv_bytein_fb,False,1362,1401,39,9016,9264,96,98,15,22,10816,10816,0,0,32,32,64,64
gfx1201,multihead-fast-padded-wave.hsaco,mh_ffn_fused_c128_project_g128_qkv_bytein_fb_pdl,False,1477,1524,47,9612,9868,96,98,17,22,10816,10816,0,0,32,32,100,100
gfx1201,multihead-fast-padded-wave.hsaco,mh_ffn_fused_c128_project_g128_qkv_fb,False,1402,1417,15,9244,9392,99,98,16,21,10816,10816,0,0,32,32,64,64
gfx1201,multihead-fast-padded-wave.hsaco,mh_ffn_fused_c128_project_g128_qkv_fb_pdl,False,1528,1546,18,9828,10004,99,98,18,23,10816,10816,0,0,32,32,100,100
gfx1201,multihead-fast-padded-wave.hsaco,mh_ffn_fused_c128_project_mapped,False,1538,1565,27,9724,9860,102,104,28,28,8256,8256,0,0,32,32,48,48
gfx1201,multihead-fast-padded-wave.hsaco,mh_ffn_fused_c128_project_mapped_g128,False,1441,1486,45,8992,9156,102,104,28,28,8256,8256,0,0,32,32,48,48
gfx1201,multihead-fast-padded-wave.hsaco,mh_ffn_fused_c128_project_mapped_g128_qkv,False,1573,1608,35,10224,10396,99,98,25,27,10816,10816,0,0,32,32,64,64
gfx1201,multihead-fast-padded-wave.hsaco,mh_ffn_fused_c128_project_mapped_g128_qkv_bn,False,1445,1437,-8,9720,9640,126,125,25,25,19520,19520,0,0,32,32,64,64
gfx1201,multihead-fast-padded-wave.hsaco,mh_ffn_fused_c128_project_mapped_g128_qkv_bytein_fb,False,1534,1594,60,10320,10556,100,102,21,21,10816,10816,0,0,32,32,64,64
gfx1201,multihead-fast-padded-wave.hsaco,mh_ffn_fused_c128_project_mapped_g128_qkv_bytein_fb_pdl,False,1658,1717,59,10896,11128,100,102,23,23,10816,10816,0,0,32,32,100,100
gfx1201,multihead-fast-padded-wave.hsaco,mh_ffn_fused_c128_project_mapped_g128_qkv_fb,False,1606,1645,39,10432,10644,99,98,26,27,10816,10816,0,0,32,32,64,64
gfx1201,multihead-fast-padded-wave.hsaco,mh_ffn_fused_c128_project_mapped_g128_qkv_fb_pdl,False,1731,1771,40,11012,11228,99,98,28,30,10816,10816,0,0,32,32,100,100
gfx1201,multihead-fast-padded-wave.hsaco,mh_ffn_fused_c128_tiled,False,922,1629,707,6212,11556,75,98,12,22,8256,8256,0,0,32,32,28,28
gfx1201,multihead-fast-padded-wave.hsaco,mh_ffn_fused_c128_tiled_project_g128_qkv,False,1617,1686,69,10752,11088,82,82,32,16,10816,10816,0,0,32,32,64,64
gfx1201,multihead-fast-padded-wave.hsaco,mh_ffn_fused_c128_tiled_project_mapped_g128_qkv,False,1776,1854,78,11620,11972,83,83,38,24,10816,10816,0,0,32,32,64,64
gfx1201,multihead-fast-padded-wave.hsaco,mh_ffn_fused_c256,False,1003,1165,162,6676,8228,73,101,11,11,16448,16448,0,0,32,32,28,28
gfx1201,multihead-fast-padded-wave.hsaco,mh_ffn_fused_c256_frag_project_g128_qkv,False,1778,1762,-16,12036,11972,97,97,15,15,21568,21568,0,0,32,32,64,64
gfx1201,multihead-fast-padded-wave.hsaco,mh_ffn_fused_c256_frag_project_g128_qkv_bytein_fb,False,1717,1725,8,11760,11792,97,97,15,15,21568,21568,0,0,32,32,64,64
gfx1201,multihead-fast-padded-wave.hsaco,mh_ffn_fused_c256_frag_project_g128_qkv_bytein_fb_pdl,False,1846,1860,14,12356,12396,97,97,17,17,21568,21568,0,0,32,32,100,100
gfx1201,multihead-fast-padded-wave.hsaco,mh_ffn_fused_c256_frag_project_g128_qkv_fb,False,1750,1752,2,11900,11904,97,97,15,15,21568,21568,0,0,32,32,64,64
gfx1201,multihead-fast-padded-wave.hsaco,mh_ffn_fused_c256_frag_project_g128_qkv_fb_pdl,False,1878,1898,20,12500,12516,97,97,17,17,21568,21568,0,0,32,32,100,100
gfx1201,multihead-fast-padded-wave.hsaco,mh_ffn_fused_c256_frag_project_mapped_g128_qkv,False,1915,1897,-18,12812,12780,97,96,23,23,21568,21568,0,0,32,32,64,64
gfx1201,multihead-fast-padded-wave.hsaco,mh_ffn_fused_c256_frag_project_mapped_g128_qkv_bytein_fb,False,1918,1931,13,13128,13164,99,99,21,21,21568,21568,0,0,32,32,64,64
gfx1201,multihead-fast-padded-wave.hsaco,mh_ffn_fused_c256_frag_project_mapped_g128_qkv_bytein_fb_pdl,False,2041,2055,14,13700,13740,99,99,23,23,21568,21568,0,0,32,32,100,100
gfx1201,multihead-fast-padded-wave.hsaco,mh_ffn_fused_c256_frag_project_mapped_g128_qkv_fb,False,1952,1941,-11,13044,13028,97,96,24,24,21568,21568,0,0,32,32,64,64
gfx1201,multihead-fast-padded-wave.hsaco,mh_ffn_fused_c256_frag_project_mapped_g128_qkv_fb_pdl,False,2077,2066,-11,13624,13608,97,96,26,26,21568,21568,0,0,32,32,100,100
gfx1201,multihead-fast-padded-wave.hsaco,mh_ffn_fused_c256_tiled,False,911,901,-10,6088,6068,74,71,11,11,16448,16448,0,0,32,32,28,28
gfx1201,multihead-fast-padded-wave.hsaco,mh_ffn_fused_c256_tiled_project,False,1102,1081,-21,7380,7304,74,71,13,13,16448,16448,0,0,32,32,28,28
gfx1201,multihead-fast-padded-wave.hsaco,mh_ffn_fused_c256_tiled_project_g128,False,1193,1156,-37,8120,7976,77,77,26,11,16448,16448,0,0,32,32,28,28
gfx1201,multihead-fast-padded-wave.hsaco,mh_ffn_fused_c256_tiled_project_g128_qkv,False,1802,1792,-10,12020,11928,81,81,30,15,21568,21568,0,0,32,32,64,64
gfx1201,multihead-fast-padded-wave.hsaco,mh_ffn_fused_c256_tiled_project_g128_qkv_bytein_fb,False,1743,1719,-24,11716,11640,80,80,30,15,21568,21568,0,0,32,32,64,64
gfx1201,multihead-fast-padded-wave.hsaco,mh_ffn_fused_c256_tiled_project_g128_qkv_fb,False,1786,1781,-5,11928,11856,81,81,30,15,21568,21568,0,0,32,32,64,64
gfx1201,multihead-fast-padded-wave.hsaco,mh_ffn_fused_c256_tiled_project_mapped,False,1585,1553,-32,9844,9724,74,71,26,26,16448,16448,0,0,32,32,48,48
gfx1201,multihead-fast-padded-wave.hsaco,mh_ffn_fused_c256_tiled_project_mapped_g128,False,1679,1639,-40,10576,10424,77,77,32,26,16448,16448,0,0,32,32,48,48
gfx1201,multihead-fast-padded-wave.hsaco,mh_ffn_fused_c256_tiled_project_mapped_g128_qkv,False,1950,1942,-8,12792,12748,81,81,37,23,21568,21568,0,0,32,32,64,64
gfx1201,multihead-fast-padded-wave.hsaco,mh_ffn_fused_c256_tiled_project_mapped_g128_qkv_bytein_fb,False,1915,1916,1,12920,12840,81,81,30,21,21568,21568,0,0,32,32,64,64
gfx1201,multihead-fast-padded-wave.hsaco,mh_ffn_fused_c256_tiled_project_mapped_g128_qkv_fb,False,1988,2000,12,13024,13076,81,81,38,24,21568,21568,0,0,32,32,64,64
gfx1201,multihead-fast-padded-wave.hsaco,mh_ffn_fused_c64,False,721,741,20,5084,5192,100,97,15,15,4160,4160,0,0,32,32,28,28
gfx1201,multihead-fast-padded-wave.hsaco,mh_ffn_fused_c64_frag_project_g128_qkv,False,1352,1354,2,8772,8816,96,96,16,16,5440,5440,0,0,32,32,64,64
gfx1201,multihead-fast-padded-wave.hsaco,mh_ffn_fused_c64_frag_project_mapped_g128_qkv,False,1469,1482,13,9436,9432,97,96,25,25,5440,5440,0,0,32,32,64,64
gfx1201,multihead-fast-padded-wave.hsaco,mh_ffn_fused_c64_project,False,904,922,18,6268,6352,100,98,18,18,4160,4160,0,0,32,32,28,28
gfx1201,multihead-fast-padded-wave.hsaco,mh_ffn_fused_c64_project_g128,False,884,910,26,6072,6164,100,98,19,18,4160,4160,0,0,32,32,28,28
gfx1201,multihead-fast-padded-wave.hsaco,mh_ffn_fused_c64_project_g128_qkv,False,1283,1289,6,8364,8412,98,98,16,19,5440,5440,0,0,32,32,64,64
gfx1201,multihead-fast-padded-wave.hsaco,mh_ffn_fused_c64_project_g128_qkv_bn,False,1153,1130,-23,7784,7772,98,97,16,21,9792,9792,0,0,32,32,64,64
gfx1201,multihead-fast-padded-wave.hsaco,mh_ffn_fused_c64_project_g128_qkv_bytein_fb,False,1237,1241,4,8064,8148,96,95,15,19,5440,5440,0,0,32,32,64,64
gfx1201,multihead-fast-padded-wave.hsaco,mh_ffn_fused_c64_project_g128_qkv_bytein_fb_pdl,False,1362,1363,1,8656,8728,96,95,17,19,5440,5440,0,0,32,32,100,100
gfx1201,multihead-fast-padded-wave.hsaco,mh_ffn_fused_c64_project_g128_qkv_fb,False,1261,1271,10,8232,8312,98,98,16,19,5440,5440,0,0,32,32,64,64
gfx1201,multihead-fast-padded-wave.hsaco,mh_ffn_fused_c64_project_g128_qkv_fb_pdl,False,1380,1403,23,8820,8948,98,98,18,21,5440,5440,0,0,32,32,100,100
gfx1201,multihead-fast-padded-wave.hsaco,mh_ffn_fused_c64_project_mapped,False,1380,1400,20,8608,8680,101,98,28,28,4160,4160,0,0,32,32,48,48
gfx1201,multihead-fast-padded-wave.hsaco,mh_ffn_fused_c64_project_mapped_g128,False,1354,1381,27,8404,8500,100,99,28,28,4160,4160,0,0,32,32,48,48
gfx1201,multihead-fast-padded-wave.hsaco,mh_ffn_fused_c64_project_mapped_g128_qkv,False,1393,1402,9,8964,9072,96,100,25,27,5440,5440,0,0,32,32,64,64
gfx1201,multihead-fast-padded-wave.hsaco,mh_ffn_fused_c64_project_mapped_g128_qkv_bn,False,1262,1287,25,8420,8536,98,97,25,26,9792,9792,0,0,32,32,64,64
gfx1201,multihead-fast-padded-wave.hsaco,mh_ffn_fused_c64_project_mapped_g128_qkv_bytein_fb,False,1304,1336,32,8712,8868,97,97,20,20,5440,5440,0,0,32,32,64,64
gfx1201,multihead-fast-padded-wave.hsaco,mh_ffn_fused_c64_project_mapped_g128_qkv_bytein_fb_pdl,False,1425,1453,28,9272,9404,97,97,22,22,5440,5440,0,0,32,32,100,100
gfx1201,multihead-fast-padded-wave.hsaco,mh_ffn_fused_c64_project_mapped_g128_qkv_fb,False,1373,1388,15,8856,8952,96,99,25,27,5440,5440,0,0,32,32,64,64
gfx1201,multihead-fast-padded-wave.hsaco,mh_ffn_fused_c64_project_mapped_g128_qkv_fb_pdl,False,1488,1503,15,9416,9544,96,100,27,30,5440,5440,0,0,32,32,100,100
gfx1201,multihead-fast-padded-wave.hsaco,mh_ffn_fused_c64_tiled,False,939,1382,443,6252,9960,75,110,12,12,4160,4160,0,0,32,32,28,28
gfx1201,multihead-fast-padded-wave.hsaco,mh_ffn_fused_c64_tiled_project_g128_qkv,False,1565,1769,204,10280,12032,81,105,32,16,5440,5440,0,0,32,32,64,64
gfx1201,multihead-fast-padded-wave.hsaco,mh_ffn_fused_c64_tiled_project_mapped_g128_qkv,False,1660,1894,234,10780,12652,82,104,38,25,5440,5440,0,0,32,32,64,64
gfx1201,multihead-fast-padded-wave.hsaco,mh_ffn_project_fast,False,605,612,7,3372,3400,38,38,17,17,4608,4608,0,0,32,32,40,40
gfx1201,multihead-fast-padded-wave.hsaco,mh_ffn_project_fast_fp8,False,570,577,7,3144,3172,32,32,17,17,4608,4608,0,0,32,32,40,40
gfx1201,multihead-fast-padded-wave.hsaco,mh_pool_project_fused_c128,False,3445,3437,-8,17628,17616,152,152,22,21,0,0,144,144,32,32,44,44
gfx1201,multihead-fast-padded-wave.hsaco,mh_pool_project_fused_c256,False,3884,3873,-11,20332,20284,192,192,22,21,0,0,272,272,32,32,44,44
gfx1201,multihead-fast-padded-wave.hsaco,mh_pool_project_fused_c64,False,6334,6352,18,32732,32816,128,128,80,79,0,0,0,0,32,32,44,44
gfx1201,multihead-fast-padded-wave.hsaco,mh_pool_project_group_c128,False,2289,2612,323,11568,13220,98,146,29,28,4352,4352,0,0,32,32,44,44
gfx1201,multihead-fast-padded-wave.hsaco,mh_pool_project_group_c256,False,2283,2286,3,11540,11544,98,98,29,28,8448,8448,0,0,32,32,44,44
gfx1201,multihead-fast-padded-wave.hsaco,mh_pool_project_group_c64,False,2331,2381,50,11768,11968,100,102,29,28,2304,2304,0,0,32,32,44,44
gfx1201,multihead-fast-padded-wave.hsaco,mh_pool_project_production,False,1314,1336,22,6656,6780,48,47,21,36,0,0,0,0,32,32,44,44
gfx1201,multihead-fast-padded-wave.hsaco,mh_pool_project_production_h16w,False,1387,1413,26,7040,7160,62,62,20,20,0,0,0,0,32,32,44,44
gfx1201,multihead-fast-padded-wave.hsaco,mh_probabilities_fast,False,572,577,5,3284,3304,50,50,12,12,0,0,0,0,32,32,24,24
gfx1201,multihead-fast-padded-wave.hsaco,mh_qkv_fast,False,369,376,7,2000,2028,32,32,16,16,4608,4608,0,0,32,32,32,32
gfx1201,multihead-fast-padded-wave.hsaco,mh_qkv_normalize_fast,False,1115,1116,1,6532,6536,110,110,11,11,0,0,0,0,32,32,32,32
gfx1201,multihead-fast-padded-wave.hsaco,mh_qkv_normalize_fast_wave,False,395,396,1,2080,2084,9,9,11,11,0,0,0,0,32,32,32,32
gfx1201,multihead-fast-padded-wave.hsaco,mh_qkv_normalize_fast_wave_fp8,False,396,397,1,2072,2076,7,7,11,11,0,0,0,0,32,32,32,32
gfx1201,multihead-fast-padded-wave.hsaco,mh_qkv_normalize_frag_c512,False,1249,1277,28,7672,7840,90,124,18,18,4420,4420,0,0,32,32,28,28
gfx1201,multihead-fast-padded-wave.hsaco,mh_qkv_normalize_fused,False,2497,2510,13,14508,14468,45,45,20,20,21760,21760,0,0,32,32,32,32
gfx1201,multihead-fast-padded-wave.hsaco,mh_qkv_normalize_wave_c512,False,1146,1729,583,6876,10920,72,233,14,14,17680,17680,0,0,32,32,28,28
gfx1201,multihead-fast-padded-wave.hsaco,mh_scores_exp_fast,False,1108,1088,-20,6156,6176,67,68,16,15,0,0,0,0,32,32,36,36
gfx1201,multihead-fast.hsaco,mh_attention_av_fast,False,564,549,-15,3072,2972,52,52,22,19,0,0,0,0,32,32,36,36
gfx1201,multihead-fast.hsaco,mh_attention_project_fast_matrix,False,2624,2636,12,14104,14140,95,95,51,51,4096,4096,0,0,32,32,44,44
gfx1201,multihead-fast.hsaco,mh_attention_project_fast_scalar,False,1805,1821,16,8936,9000,38,38,20,20,4096,4096,0,0,32,32,44,44
gfx1201,multihead-fast.hsaco,mh_ffn_contract_fast,False,488,496,8,2584,2616,30,30,16,16,4096,4096,0,0,32,32,32,32
gfx1201,multihead-fast.hsaco,mh_ffn_contract_fast_pre,False,295,303,8,1564,1596,30,30,16,16,4096,4096,0,0,32,32,32,32
gfx1201,multihead-fast.hsaco,mh_ffn_contract_fast_rne,False,488,496,8,2584,2616,30,30,16,16,4096,4096,0,0,32,32,32,32
gfx1201,multihead-fast.hsaco,mh_ffn_contract_fast_rtz,False,488,496,8,2584,2616,30,30,16,16,4096,4096,0,0,32,32,32,32
gfx1201,multihead-fast.hsaco,mh_ffn_expand_fast,False,580,580,0,3248,3248,32,32,16,16,4096,4096,0,0,32,32,32,32
gfx1201,multihead-fast.hsaco,mh_ffn_project_fast,False,684,698,14,3728,3784,38,38,17,17,4096,4096,0,0,32,32,40,40
gfx1201,multihead-fast.hsaco,mh_pool_project_production,False,1410,1432,22,7136,7260,48,47,21,36,0,0,0,0,32,32,44,44
gfx1201,multihead-fast.hsaco,mh_probabilities_fast,False,678,692,14,3716,3772,50,50,12,12,0,0,0,0,32,32,24,24
gfx1201,multihead-fast.hsaco,mh_qkv_fast,False,364,370,6,1964,1992,32,32,16,16,4096,4096,0,0,32,32,32,32
gfx1201,multihead-fast.hsaco,mh_qkv_normalize_fast,False,3520,3556,36,20560,20700,148,148,11,11,0,0,0,0,32,32,32,32
gfx1201,multihead-fast.hsaco,mh_scores_exp_fast,False,1108,1088,-20,6156,6176,67,68,16,15,0,0,0,0,32,32,36,36
gfx1201,multihead-reference.hsaco,mh_attention_av,False,580,588,8,3092,3108,18,18,17,17,0,0,0,0,32,32,36,36
gfx1201,multihead-reference.hsaco,mh_attention_project,False,778,796,18,4460,4528,12,12,15,15,0,0,0,0,32,32,44,44
gfx1201,multihead-reference.hsaco,mh_ffn_contract,False,338,340,2,1856,1860,70,70,13,13,0,0,0,0,32,32,32,32
gfx1201,multihead-reference.hsaco,mh_ffn_expand,False,771,788,17,4420,4484,12,12,12,12,0,0,0,0,32,32,32,32
gfx1201,multihead-reference.hsaco,mh_ffn_project,False,783,800,17,4484,4548,12,12,12,12,0,0,0,0,32,32,40,40
gfx1201,multihead-reference.hsaco,mh_normalize,False,519,522,3,2612,2620,32,32,23,23,0,0,0,0,32,32,32,32
gfx1201,multihead-reference.hsaco,mh_pool,False,279,279,0,1380,1376,12,12,12,12,0,0,0,0,32,32,40,40
gfx1201,multihead-reference.hsaco,mh_pool_project,False,855,872,17,4764,4828,12,12,16,16,0,0,0,0,32,32,44,44
gfx1201,multihead-reference.hsaco,mh_probabilities,False,363,365,2,2044,2044,37,37,10,10,0,0,0,0,32,32,24,24
gfx1201,multihead-reference.hsaco,mh_qkv,False,691,709,18,4264,4336,13,13,12,12,0,0,0,0,32,32,32,32
gfx1201,multihead-reference.hsaco,mh_scores_exp,False,694,694,0,4008,4008,75,75,13,13,0,0,0,0,32,32,36,36
gfx1201,multihead-reference.hsaco,mh_shift_crop,False,156,157,1,728,732,6,6,11,11,0,0,0,0,32,32,40,40
gfx1201,multihead-reference.hsaco,mh_shift_pack,False,184,185,1,848,852,6,6,18,18,0,0,0,0,32,32,48,48
gfx1201,multihead-reference.hsaco,mh_split_project,False,769,786,17,4416,4480,12,12,12,12,0,0,0,0,32,32,40,40
gfx1201,multihead-tiled.hsaco,mh_attention_project_tiled,False,1040,1056,16,5584,5620,42,42,20,20,4096,4096,0,0,32,32,44,44
gfx1201,multihead-tiled.hsaco,mh_dense_tiled_probe,False,973,989,16,5192,5228,41,41,20,20,4096,4096,0,0,32,32,52,52
gfx1201,multihead-tiled.hsaco,mh_ffn_contract_tiled,False,784,793,9,4328,4332,35,35,16,16,4096,4096,0,0,32,32,32,32
gfx1201,multihead-tiled.hsaco,mh_ffn_expand_tiled,False,949,958,9,5256,5260,36,36,16,16,4096,4096,0,0,32,32,32,32
gfx1201,multihead-tiled.hsaco,mh_ffn_project_tiled,False,997,1013,16,5512,5544,42,42,17,17,4096,4096,0,0,32,32,40,40
gfx1201,multihead-tiled.hsaco,mh_pool_project_tiled,False,1450,1460,10,7264,7272,36,36,24,24,4096,4096,0,0,32,32,44,44
gfx1201,multihead-tiled.hsaco,mh_qkv_tiled,False,379,387,8,2064,2096,36,36,16,16,4096,4096,0,0,32,32,32,32
gfx1201,multihead-wmma.hsaco,mh_attention_av_wmma,False,3197,3180,-17,18096,17880,50,47,24,17,0,0,0,0,32,32,36,36
gfx1201,multihead-wmma.hsaco,mh_attention_project_wmma,False,1356,1384,28,7564,7660,85,85,25,25,0,0,0,0,32,32,44,44
gfx1201,multihead-wmma.hsaco,mh_ffn_contract_wmma,False,1104,1112,8,6376,6320,77,77,15,21,0,0,0,0,32,32,32,32
gfx1201,multihead-wmma.hsaco,mh_ffn_expand_wmma,False,1229,1256,27,7044,7116,77,77,15,15,0,0,0,0,32,32,32,32
gfx1201,multihead-wmma.hsaco,mh_ffn_project_wmma,False,1290,1321,31,7424,7516,85,85,23,23,0,0,0,0,32,32,40,40
gfx1201,multihead-wmma.hsaco,mh_pool_project_wmma,False,1928,1942,14,9956,9964,77,77,25,25,0,0,0,0,32,32,44,44
gfx1201,multihead-wmma.hsaco,mh_qkv_wmma,False,661,684,23,3920,4016,77,77,16,16,0,0,0,0,32,32,32,32
gfx1201,multihead-wmma.hsaco,mh_scores_exp_wmma,False,1594,1571,-23,8764,8652,69,68,15,15,0,0,0,0,32,32,36,36
gfx1201,multihead-wmma.hsaco,mh_split_project_wmma,False,1300,1331,31,7460,7556,85,85,23,23,0,0,0,0,32,32,40,40
gfx1201,multihead_fused_attention.hsaco,c128_attention_project,False,2032,2043,11,12920,13008,94,96,28,28,17664,17664,0,0,32,32,60,60
gfx1201,multihead_fused_attention.hsaco,c128_attention_project_diag,False,1583,1590,7,10508,10528,91,91,28,28,17664,17664,0,0,32,32,60,60
gfx1201,multihead_fused_attention.hsaco,c128_attention_project_fb,False,1874,1877,3,11432,11448,95,94,36,32,17664,17664,0,0,32,32,60,60
gfx1201,multihead_fused_attention.hsaco,c128_attention_project_fb_bout,False,1871,1875,4,11444,11456,95,94,36,32,17664,17664,0,0,32,32,60,60
gfx1201,multihead_fused_attention.hsaco,c128_attention_project_fb_bout_diag,False,1495,1514,19,9832,9900,92,91,28,28,17664,17664,0,0,32,32,60,60
gfx1201,multihead_fused_attention.hsaco,c128_attention_project_fb_bout_diag_pdl,False,1589,1610,21,10276,10352,92,91,28,28,17664,17664,0,0,32,32,92,92
gfx1201,multihead_fused_attention.hsaco,c128_attention_project_fb_diag,False,1489,1496,7,9800,9840,92,91,28,28,17664,17664,0,0,32,32,60,60
gfx1201,multihead_fused_attention.hsaco,c128_attention_project_fb_diag_pdl,False,1584,1591,7,10252,10280,92,91,28,28,17664,17664,0,0,32,32,92,92
gfx1201,multihead_fused_attention.hsaco,c256_attention_project,False,2334,2150,-184,14928,13640,107,120,34,34,25856,25856,0,0,32,32,60,60
gfx1201,multihead_fused_attention.hsaco,c256_attention_project_diag,False,1890,1705,-185,12520,11228,119,122,34,34,25856,25856,0,0,32,32,60,60
gfx1201,multihead_fused_attention.hsaco,c256_attention_project_fb,False,2220,1998,-222,13564,12136,106,120,39,38,25856,25856,0,0,32,32,60,60
gfx1201,multihead_fused_attention.hsaco,c256_attention_project_fb_bout,False,2221,1998,-223,13580,12152,106,120,39,38,25856,25856,0,0,32,32,60,60
gfx1201,multihead_fused_attention.hsaco,c256_attention_project_fb_bout_diag,False,1818,1617,-201,11908,10580,118,122,34,34,25856,25856,0,0,32,32,60,60
gfx1201,multihead_fused_attention.hsaco,c256_attention_project_fb_bout_diag_pdl,False,1912,1718,-194,12360,11064,119,122,34,34,25856,25856,0,0,32,32,92,92
gfx1201,multihead_fused_attention.hsaco,c256_attention_project_fb_diag,False,1818,1620,-198,11896,10580,120,122,34,34,25856,25856,0,0,32,32,60,60
gfx1201,multihead_fused_attention.hsaco,c256_attention_project_fb_diag_pdl,False,1916,1721,-195,12364,11060,121,122,34,34,25856,25856,0,0,32,32,92,92
gfx1201,multihead_fused_attention.hsaco,c64_attention_project,False,1959,2001,42,12500,12640,95,96,28,28,8960,8960,0,0,32,32,60,60
gfx1201,multihead_fused_attention.hsaco,c64_attention_project_diag,False,1540,1554,14,10192,10232,91,91,28,28,8960,8960,0,0,32,32,60,60
gfx1201,multihead_fused_attention.hsaco,c64_attention_project_fb,False,1839,1832,-7,11124,11128,96,94,36,32,8960,8960,0,0,32,32,60,60
gfx1201,multihead_fused_attention.hsaco,c64_attention_project_fb_bout,False,1838,1831,-7,11140,11140,96,94,36,32,8960,8960,0,0,32,32,60,60
gfx1201,multihead_fused_attention.hsaco,c64_attention_project_fb_bout_diag,False,1445,1454,9,9512,9560,92,92,28,28,8960,8960,0,0,32,32,60,60
gfx1201,multihead_fused_attention.hsaco,c64_attention_project_fb_bout_diag_pdl,False,1541,1546,5,9964,9996,92,92,28,28,8960,8960,0,0,32,32,92,92
gfx1201,multihead_fused_attention.hsaco,c64_attention_project_fb_diag,False,1456,1478,22,9536,9644,92,91,28,28,8960,8960,0,0,32,32,60,60
gfx1201,multihead_fused_attention.hsaco,c64_attention_project_fb_diag_pdl,False,1551,1575,24,9984,10080,92,91,28,28,8960,8960,0,0,32,32,92,92
gfx1201,multihead_fused_attention.hsaco,c64_attention_project_w16,False,1293,1288,-5,8180,8164,90,90,30,30,22528,22528,0,0,32,32,60,60
gfx1201,multihead_fused_attention.hsaco,mh_attention_fused,False,1442,1476,34,9524,9548,103,93,18,18,15360,15360,0,0,32,32,36,36
gfx1201,multihead_fused_attention.hsaco,mh_attention_fused_fp8,False,1438,1470,32,9500,9516,103,93,20,20,15360,15360,0,0,32,32,36,36
gfx1201,multihead_fused_attention.hsaco,mh_attention_fused_fp8_out,False,1433,1469,36,9568,9608,103,93,20,20,15360,15360,0,0,32,32,36,36
gfx1201,prefix_fast.hsaco,dlss5_prefix_fast_features,False,2499,2499,0,12840,12840,22,22,14,14,0,0,0,0,32,32,40,40
gfx1201,prefix_fast.hsaco,dlss5_prefix_fast_fused,False,4634,4639,5,23996,24004,32,30,23,23,1024,1024,0,0,32,32,48,48
gfx1201,prefix_fast.hsaco,dlss5_prefix_fast_fused_raster,False,4633,4638,5,23988,23996,32,30,23,23,1024,1024,0,0,32,32,48,48
gfx1201,prefix_fast.hsaco,dlss5_prefix_fast_project,False,1348,1362,14,7104,7160,28,28,13,13,0,0,0,0,32,32,28,28
gfx1201,vit-stream.hsaco,decoder_project2x,False,587,589,2,3168,3192,40,40,25,25,0,0,0,0,32,32,56,56
gfx1201,vit-stream.hsaco,decoder_project2x_h16w,False,5940,5984,44,32664,32880,64,64,34,34,0,0,0,0,32,32,56,56
gfx1201,vit-stream.hsaco,decoder_project2x_h16w_byteout,False,5978,6017,39,32788,32980,64,64,34,34,0,0,0,0,32,32,56,56
gfx1201,vit-stream.hsaco,reuse_decide,False,396,398,2,2020,2028,14,14,17,17,0,0,0,0,32,32,60,60
gfx1201,vit-stream.hsaco,reuse_finish,False,646,654,8,3864,3896,11,11,27,27,0,0,0,0,32,32,84,84
gfx1201,vit-stream.hsaco,reuse_image_commit,False,161,168,7,968,996,5,5,8,8,0,0,0,0,32,32,28,28
gfx1201,vit-stream.hsaco,reuse_image_stats,False,250,251,1,1360,1364,14,14,22,22,0,0,0,0,32,32,48,48
gfx1201,vit-stream.hsaco,reuse_token_stats,False,218,218,0,1180,1180,14,14,17,17,0,0,0,0,32,32,48,48
gfx1201,vit-stream.hsaco,split_contract,False,198,198,0,1156,1156,33,33,12,12,0,0,0,0,32,32,28,28
gfx1201,vit-stream.hsaco,split_contract_fp8,False,202,202,0,1176,1176,31,31,12,12,0,0,0,0,32,32,28,28
gfx1201,vit-stream.hsaco,split_expand,False,238,238,0,1452,1452,33,33,12,12,0,0,0,0,32,32,28,28
gfx1201,vit-stream.hsaco,split_expand_fp8,False,254,254,0,1556,1556,33,33,12,12,0,0,0,0,32,32,28,28
gfx1201,vit-stream.hsaco,split_ffn_fused,False,1078,1079,1,6560,6600,60,59,15,15,4160,4160,0,0,32,32,28,28
gfx1201,vit-stream.hsaco,split_ffn_fused_fp8,False,855,866,11,5580,5660,102,101,11,11,4160,4160,0,0,32,32,28,28
gfx1201,vit-stream.hsaco,split_ffn_fused_fp8_mix,False,980,960,-20,6280,6172,103,110,13,12,6464,6464,0,0,32,32,28,28
gfx1201,vit-stream.hsaco,split_ffn_fused_fp8_t8,False,919,930,11,6140,6192,111,111,14,14,4160,4160,0,0,32,32,36,36
gfx1201,vit-stream.hsaco,split_mix,False,200,200,0,1160,1160,35,35,11,11,0,0,0,0,32,32,28,28
gfx1201,vit-stream.hsaco,split_mix_blocked,False,514,526,12,3084,3164,80,80,11,11,0,0,0,0,32,32,28,28
gfx1201,vit-stream.hsaco,split_mix_blocked_h16w,False,497,518,21,3032,3152,91,91,11,11,0,0,0,0,32,32,28,28
gfx1201,vit-stream.hsaco,split_projection,False,245,240,-5,1500,1488,32,32,12,12,0,0,0,0,32,32,36,36
gfx1201,vit-stream.hsaco,split_projection_blocked,False,667,681,14,4048,4188,68,74,12,12,0,0,0,0,32,32,36,36
gfx1201,vit-stream.hsaco,split_projection_blocked_t8,False,878,929,51,5528,5688,74,75,16,16,0,0,0,0,32,32,44,44
gfx1201,vit-stream.hsaco,split_projection_frag,False,859,930,71,5348,5836,83,102,17,17,0,0,0,0,32,32,44,44
gfx1201,vit-stream.hsaco,vit_attention_av_fast,False,486,486,0,3092,3068,48,48,17,17,0,0,0,0,32,32,48,48
gfx1201,vit-stream.hsaco,vit_attention_fused_256,False,1197,1238,41,7588,7912,91,91,16,16,1536,1536,0,0,32,32,32,32
gfx1201,vit-stream.hsaco,vit_attention_fused_256_bytein,False,938,962,24,5568,5732,75,75,17,17,1536,1536,0,0,32,32,32,32
gfx1201,vit-stream.hsaco,vit_attention_fused_256_bytein_bout,False,958,977,19,5732,5844,75,75,17,17,1536,1536,0,0,32,32,32,32
gfx1201,vit-stream.hsaco,vit_attention_fused_400,False,1197,1238,41,7588,7912,91,91,16,16,1536,1536,0,0,32,32,32,32
gfx1201,vit-stream.hsaco,vit_attention_fused_400_bytein,False,938,962,24,5568,5732,75,75,17,17,1536,1536,0,0,32,32,32,32
gfx1201,vit-stream.hsaco,vit_attention_fused_400_bytein_bout,False,958,977,19,5732,5844,75,75,17,17,1536,1536,0,0,32,32,32,32
gfx1201,vit-stream.hsaco,vit_attention_fused_640,False,1197,1238,41,7588,7912,91,91,16,16,1536,1536,0,0,32,32,32,32
gfx1201,vit-stream.hsaco,vit_attention_fused_640_bytein,False,938,962,24,5568,5732,75,75,17,17,1536,1536,0,0,32,32,32,32
gfx1201,vit-stream.hsaco,vit_attention_fused_640_bytein_bout,False,958,977,19,5732,5844,75,75,17,17,1536,1536,0,0,32,32,32,32
gfx1201,vit-stream.hsaco,vit_attention_inverse_fast,False,265,266,1,1584,1588,34,34,10,10,0,0,0,0,32,32,32,32
gfx1201,vit-stream.hsaco,vit_attention_scores_fast,False,771,772,1,4552,4556,66,66,13,13,0,0,0,0,32,32,32,32
gfx1201,vit-stream.hsaco,vit_contract_blocked_fp8,False,1830,1868,38,12132,12324,235,241,26,26,0,0,0,0,32,32,56,56
gfx1201,vit-stream.hsaco,vit_contract_blocked_fp8_bstream,False,1872,1936,64,12488,12732,234,237,26,26,0,0,0,0,32,32,56,56
gfx1201,vit-stream.hsaco,vit_contract_blocked_fp8_frag,False,1077,1090,13,7160,7260,205,211,12,12,0,0,0,0,32,32,56,56
gfx1201,vit-stream.hsaco,vit_contract_blocked_fp8_hstream,False,1862,1908,46,12272,12480,235,241,26,26,0,0,0,0,32,32,56,56
gfx1201,vit-stream.hsaco,vit_contract_blocked_fp8_tiled,False,743,762,19,4632,4708,104,113,21,14,0,0,0,0,32,32,56,56
gfx1201,vit-stream.hsaco,vit_contract_blocked_fp8_tiled_bstream,False,822,832,10,5052,5152,103,109,21,14,0,0,0,0,32,32,56,56
gfx1201,vit-stream.hsaco,vit_contract_blocked_fp8_tiled_hstream,False,789,809,20,4760,4924,103,112,21,14,0,0,0,0,32,32,56,56
gfx1201,vit-stream.hsaco,vit_contract_combine,False,96,97,1,556,560,14,14,11,11,0,0,0,0,32,32,48,48
gfx1201,vit-stream.hsaco,vit_contract_parts_blocked_fp8,False,312,198,-114,2032,1352,53,48,14,14,0,0,0,0,32,32,40,40
gfx1201,vit-stream.hsaco,vit_contract_parts_blocked_fp8_tiled,False,406,281,-125,2720,1968,71,70,16,14,0,0,0,0,32,32,40,40
gfx1201,vit-stream.hsaco,vit_contract_parts_fp8,False,157,159,2,864,876,23,23,14,14,0,0,0,0,32,32,40,40
gfx1201,vit-stream.hsaco,vit_expand,False,356,355,-1,2200,2200,32,32,14,14,0,0,0,0,32,32,48,48
gfx1201,vit-stream.hsaco,vit_expand_blocked_fp8,False,810,810,0,5244,5244,69,69,14,14,0,0,0,0,32,32,48,48
gfx1201,vit-stream.hsaco,vit_expand_blocked_fp8_bytein,False,723,723,0,4592,4592,55,55,14,14,0,0,0,0,32,32,48,48
gfx1201,vit-stream.hsaco,vit_expand_blocked_fp8_frag_bytein,False,1329,1368,39,8804,8968,77,77,23,25,0,0,0,0,32,32,48,48
gfx1201,vit-stream.hsaco,vit_expand_blocked_fp8_frag_bytein_m2,False,1335,1336,1,8696,8704,86,86,22,25,0,0,0,0,32,32,48,48
gfx1201,vit-stream.hsaco,vit_expand_blocked_fp8_frag_bytein_m4,False,2595,2598,3,17012,16992,154,154,27,30,0,0,0,0,32,32,48,48
gfx1201,vit-stream.hsaco,vit_expand_blocked_fp8_frag_tiledin,False,711,713,2,4572,4580,46,46,23,25,0,0,0,0,32,32,48,48
gfx1201,vit-stream.hsaco,vit_expand_blocked_fp8_tiled,False,883,886,3,5804,5812,95,94,20,23,0,0,0,0,32,32,48,48
gfx1201,vit-stream.hsaco,vit_expand_blocked_fp8_tiled_bytein,False,782,781,-1,5132,5132,73,73,18,22,0,0,0,0,32,32,48,48
gfx1201,vit-stream.hsaco,vit_expand_blocked_fp8_tiled_bytein_m4,False,2668,2668,0,17556,17536,153,153,25,27,0,0,0,0,32,32,48,48
gfx1201,vit-stream.hsaco,vit_expand_fp8,False,351,350,-1,2156,2156,32,32,14,14,0,0,0,0,32,32,48,48
gfx1201,vit-stream.hsaco,vit_ffn_fused,False,1493,1492,-1,9660,9728,151,161,14,14,16640,16640,0,0,32,32,56,56
gfx1201,vit-stream.hsaco,vit_pack_input,False,57,57,0,340,340,7,7,7,7,0,0,0,0,32,32,32,32
gfx1201,vit-stream.hsaco,vit_pack_input_tiled,False,57,57,0,352,352,10,10,7,7,0,0,0,0,32,32,32,32
gfx1201,vit-stream.hsaco,vit_project,False,1285,1287,2,8192,8200,77,77,20,20,0,0,0,0,32,32,56,56
gfx1201,vit-stream.hsaco,vit_project_bytein_bout,False,586,597,11,4088,4136,98,98,14,14,0,0,0,0,32,32,56,56
gfx1201,vit-stream.hsaco,vit_project_bytein_bout_hskip,False,593,605,12,4128,4180,99,99,14,14,0,0,0,0,32,32,56,56
gfx1201,vit-stream.hsaco,vit_project_fp8,False,1310,1327,17,8336,8408,90,90,20,20,0,0,0,0,32,32,56,56
gfx1201,vit-stream.hsaco,vit_project_frag,False,1850,1861,11,11692,11744,79,79,34,34,0,0,0,0,32,32,56,56
gfx1201,vit-stream.hsaco,vit_qkv_normalize,False,478,478,0,2724,2724,31,31,18,18,0,0,0,0,32,32,40,40
gfx1201,vit-stream.hsaco,vit_qkv_project,False,215,221,6,1204,1228,32,32,14,14,0,0,0,0,32,32,40,40
gfx1201,vit-stream.hsaco,vit_qkv_project_blocked,False,266,227,-39,1604,1384,48,48,13,13,0,0,0,0,32,32,40,40
gfx1201,vit-stream.hsaco,vit_qkv_project_normalize_fused,False,848,958,110,4768,5320,51,50,22,18,2112,2112,0,0,32,32,40,40
gfx1201,vit-stream.hsaco,vit_qkv_project_normalize_fused_f16compact,False,853,957,104,4868,5364,60,58,22,22,2112,2112,0,0,32,32,40,40
gfx1201,vit-stream.hsaco,vit_qkv_project_normalize_fused_f16compact_fp8,False,777,767,-10,4516,4352,60,58,22,22,2112,2112,0,0,32,32,40,40
gfx1201,vit-stream.hsaco,vit_qkv_project_normalize_fused_f16compact_fp8_bytein,False,776,818,42,4488,4680,58,91,22,22,2112,2112,0,0,32,32,40,40
gfx1201,vit-stream.hsaco,vit_qkv_project_normalize_fused_f16compact_fp8_frag,False,766,767,1,4440,4348,59,58,22,22,2112,2112,0,0,32,32,40,40
gfx1201,vit-stream.hsaco,vit_qkv_project_normalize_fused_f16compact_fp8_h16in,False,1164,1198,34,7860,7908,96,95,22,22,2112,2112,0,0,32,32,40,40
gfx1201,vit-stream.hsaco,vit_qkv_project_normalize_fused_f16compact_fp8_h16in_n4,False,1392,1408,16,8424,8264,192,192,22,22,4160,4160,0,0,32,32,40,40
gfx1201,vit-stream.hsaco,vit_qkv_project_normalize_fused_f16weight,False,854,960,106,4876,5380,60,58,22,22,2112,2112,0,0,32,32,40,40
gfx1201,vit-stream.hsaco,vit_stream_contract_frag_hout,False,1099,1125,26,7292,7360,205,211,12,12,0,0,0,0,32,32,56,56
gfx1201,vit-stream.hsaco,vit_stream_project_n64_b,False,745,781,36,4576,4824,120,136,13,12,0,0,0,0,32,32,56,56
gfx1201,vit-stream.hsaco,vit_stream_project_n64_bh,False,758,792,34,4688,4916,120,136,13,12,0,0,0,0,32,32,56,56
gfx1201,vit-stream.hsaco,vit_stream_project_n64_h,False,1648,1729,81,11620,11992,160,180,14,14,0,0,0,0,32,32,56,56
gfx1201,vit-stream.hsaco,vit_stream_qkv_frag_hin,False,775,786,11,4608,4548,96,94,22,18,2112,2112,0,0,32,32,40,40
gfx1201,vit-wide-deep.hsaco,decoder_project2x,False,587,589,2,3168,3192,40,40,25,25,0,0,0,0,32,32,56,56
gfx1201,vit-wide-deep.hsaco,decoder_project2x_h16w,False,5940,5984,44,32664,32880,64,64,34,34,0,0,0,0,32,32,56,56
gfx1201,vit-wide-deep.hsaco,decoder_project2x_h16w_byteout,False,5978,6017,39,32788,32980,64,64,34,34,0,0,0,0,32,32,56,56
gfx1201,vit-wide-deep.hsaco,reuse_decide,False,396,398,2,2020,2028,14,14,17,17,0,0,0,0,32,32,60,60
gfx1201,vit-wide-deep.hsaco,reuse_finish,False,646,654,8,3864,3896,11,11,27,27,0,0,0,0,32,32,84,84
gfx1201,vit-wide-deep.hsaco,reuse_image_commit,False,161,168,7,968,996,5,5,8,8,0,0,0,0,32,32,28,28
gfx1201,vit-wide-deep.hsaco,reuse_image_stats,False,250,251,1,1360,1364,14,14,22,22,0,0,0,0,32,32,48,48
gfx1201,vit-wide-deep.hsaco,reuse_token_stats,False,218,218,0,1180,1180,14,14,17,17,0,0,0,0,32,32,48,48
gfx1201,vit-wide-deep.hsaco,split_contract,False,198,198,0,1156,1156,33,33,12,12,0,0,0,0,32,32,28,28
gfx1201,vit-wide-deep.hsaco,split_contract_fp8,False,202,202,0,1176,1176,31,31,12,12,0,0,0,0,32,32,28,28
gfx1201,vit-wide-deep.hsaco,split_expand,False,238,238,0,1452,1452,33,33,12,12,0,0,0,0,32,32,28,28
gfx1201,vit-wide-deep.hsaco,split_expand_fp8,False,254,254,0,1556,1556,33,33,12,12,0,0,0,0,32,32,28,28
gfx1201,vit-wide-deep.hsaco,split_ffn_fused,False,1078,1079,1,6560,6600,60,59,15,15,4160,4160,0,0,32,32,28,28
gfx1201,vit-wide-deep.hsaco,split_ffn_fused_fp8,False,855,866,11,5580,5660,102,101,11,11,4160,4160,0,0,32,32,28,28
gfx1201,vit-wide-deep.hsaco,split_ffn_fused_fp8_mix,False,980,960,-20,6280,6172,103,110,13,12,6464,6464,0,0,32,32,28,28
gfx1201,vit-wide-deep.hsaco,split_ffn_fused_fp8_t8,False,919,930,11,6140,6192,111,111,14,14,4160,4160,0,0,32,32,36,36
gfx1201,vit-wide-deep.hsaco,split_mix,False,200,200,0,1160,1160,35,35,11,11,0,0,0,0,32,32,28,28
gfx1201,vit-wide-deep.hsaco,split_mix_blocked,False,514,526,12,3084,3164,80,80,11,11,0,0,0,0,32,32,28,28
gfx1201,vit-wide-deep.hsaco,split_mix_blocked_h16w,False,497,518,21,3032,3152,91,91,11,11,0,0,0,0,32,32,28,28
gfx1201,vit-wide-deep.hsaco,split_projection,False,245,240,-5,1500,1488,32,32,12,12,0,0,0,0,32,32,36,36
gfx1201,vit-wide-deep.hsaco,split_projection_blocked,False,667,681,14,4048,4188,68,74,12,12,0,0,0,0,32,32,36,36
gfx1201,vit-wide-deep.hsaco,split_projection_blocked_t8,False,878,929,51,5528,5688,74,75,16,16,0,0,0,0,32,32,44,44
gfx1201,vit-wide-deep.hsaco,split_projection_frag,False,859,930,71,5348,5836,83,102,17,17,0,0,0,0,32,32,44,44
gfx1201,vit-wide-deep.hsaco,vit_attention_av_fast,False,486,486,0,3092,3068,48,48,17,17,0,0,0,0,32,32,48,48
gfx1201,vit-wide-deep.hsaco,vit_attention_fused_256,False,1197,1238,41,7588,7912,91,91,16,16,1536,1536,0,0,32,32,32,32
gfx1201,vit-wide-deep.hsaco,vit_attention_fused_256_bytein,False,938,962,24,5568,5732,75,75,17,17,1536,1536,0,0,32,32,32,32
gfx1201,vit-wide-deep.hsaco,vit_attention_fused_256_bytein_bout,False,958,977,19,5732,5844,75,75,17,17,1536,1536,0,0,32,32,32,32
gfx1201,vit-wide-deep.hsaco,vit_attention_fused_400,False,1197,1238,41,7588,7912,91,91,16,16,1536,1536,0,0,32,32,32,32
gfx1201,vit-wide-deep.hsaco,vit_attention_fused_400_bytein,False,938,962,24,5568,5732,75,75,17,17,1536,1536,0,0,32,32,32,32
gfx1201,vit-wide-deep.hsaco,vit_attention_fused_400_bytein_bout,False,958,977,19,5732,5844,75,75,17,17,1536,1536,0,0,32,32,32,32
gfx1201,vit-wide-deep.hsaco,vit_attention_fused_640,False,1197,1238,41,7588,7912,91,91,16,16,1536,1536,0,0,32,32,32,32
gfx1201,vit-wide-deep.hsaco,vit_attention_fused_640_bytein,False,938,962,24,5568,5732,75,75,17,17,1536,1536,0,0,32,32,32,32
gfx1201,vit-wide-deep.hsaco,vit_attention_fused_640_bytein_bout,False,958,977,19,5732,5844,75,75,17,17,1536,1536,0,0,32,32,32,32
gfx1201,vit-wide-deep.hsaco,vit_attention_inverse_fast,False,265,266,1,1584,1588,34,34,10,10,0,0,0,0,32,32,32,32
gfx1201,vit-wide-deep.hsaco,vit_attention_scores_fast,False,771,772,1,4552,4556,66,66,13,13,0,0,0,0,32,32,32,32
gfx1201,vit-wide-deep.hsaco,vit_contract_blocked_fp8,False,1830,1868,38,12132,12324,235,241,26,26,0,0,0,0,32,32,56,56
gfx1201,vit-wide-deep.hsaco,vit_contract_blocked_fp8_bstream,False,1872,1936,64,12488,12732,234,237,26,26,0,0,0,0,32,32,56,56
gfx1201,vit-wide-deep.hsaco,vit_contract_blocked_fp8_frag,False,1077,1090,13,7160,7260,205,211,12,12,0,0,0,0,32,32,56,56
gfx1201,vit-wide-deep.hsaco,vit_contract_blocked_fp8_hstream,False,1862,1908,46,12272,12480,235,241,26,26,0,0,0,0,32,32,56,56
gfx1201,vit-wide-deep.hsaco,vit_contract_blocked_fp8_tiled,False,743,762,19,4632,4708,104,113,21,14,0,0,0,0,32,32,56,56
gfx1201,vit-wide-deep.hsaco,vit_contract_blocked_fp8_tiled_bstream,False,822,832,10,5052,5152,103,109,21,14,0,0,0,0,32,32,56,56
gfx1201,vit-wide-deep.hsaco,vit_contract_blocked_fp8_tiled_hstream,False,789,809,20,4760,4924,103,112,21,14,0,0,0,0,32,32,56,56
gfx1201,vit-wide-deep.hsaco,vit_contract_combine,False,96,97,1,556,560,14,14,11,11,0,0,0,0,32,32,48,48
gfx1201,vit-wide-deep.hsaco,vit_contract_parts_blocked_fp8,False,312,198,-114,2032,1352,53,48,14,14,0,0,0,0,32,32,40,40
gfx1201,vit-wide-deep.hsaco,vit_contract_parts_blocked_fp8_tiled,False,406,281,-125,2720,1968,71,70,16,14,0,0,0,0,32,32,40,40
gfx1201,vit-wide-deep.hsaco,vit_contract_parts_fp8,False,157,159,2,864,876,23,23,14,14,0,0,0,0,32,32,40,40
gfx1201,vit-wide-deep.hsaco,vit_expand,False,356,355,-1,2200,2200,32,32,14,14,0,0,0,0,32,32,48,48
gfx1201,vit-wide-deep.hsaco,vit_expand_blocked_fp8,False,810,810,0,5244,5244,69,69,14,14,0,0,0,0,32,32,48,48
gfx1201,vit-wide-deep.hsaco,vit_expand_blocked_fp8_bytein,False,723,723,0,4592,4592,55,55,14,14,0,0,0,0,32,32,48,48
gfx1201,vit-wide-deep.hsaco,vit_expand_blocked_fp8_frag_bytein,False,1329,1368,39,8804,8968,77,77,23,25,0,0,0,0,32,32,48,48
gfx1201,vit-wide-deep.hsaco,vit_expand_blocked_fp8_frag_bytein_m2,False,1335,1336,1,8696,8704,86,86,22,25,0,0,0,0,32,32,48,48
gfx1201,vit-wide-deep.hsaco,vit_expand_blocked_fp8_frag_bytein_m4,False,2595,2598,3,17012,16992,154,154,27,30,0,0,0,0,32,32,48,48
gfx1201,vit-wide-deep.hsaco,vit_expand_blocked_fp8_frag_tiledin,False,711,713,2,4572,4580,46,46,23,25,0,0,0,0,32,32,48,48
gfx1201,vit-wide-deep.hsaco,vit_expand_blocked_fp8_tiled,False,883,886,3,5804,5812,95,94,20,23,0,0,0,0,32,32,48,48
gfx1201,vit-wide-deep.hsaco,vit_expand_blocked_fp8_tiled_bytein,False,782,781,-1,5132,5132,73,73,18,22,0,0,0,0,32,32,48,48
gfx1201,vit-wide-deep.hsaco,vit_expand_blocked_fp8_tiled_bytein_m4,False,2668,2668,0,17556,17536,153,153,25,27,0,0,0,0,32,32,48,48
gfx1201,vit-wide-deep.hsaco,vit_expand_fp8,False,351,350,-1,2156,2156,32,32,14,14,0,0,0,0,32,32,48,48
gfx1201,vit-wide-deep.hsaco,vit_ffn_fused,False,1493,1492,-1,9660,9728,151,161,14,14,16640,16640,0,0,32,32,56,56
gfx1201,vit-wide-deep.hsaco,vit_pack_input,False,57,57,0,340,340,7,7,7,7,0,0,0,0,32,32,32,32
gfx1201,vit-wide-deep.hsaco,vit_pack_input_tiled,False,57,57,0,352,352,10,10,7,7,0,0,0,0,32,32,32,32
gfx1201,vit-wide-deep.hsaco,vit_project,False,1285,1287,2,8192,8200,77,77,20,20,0,0,0,0,32,32,56,56
gfx1201,vit-wide-deep.hsaco,vit_project_bytein_bout,False,586,597,11,4088,4136,98,98,14,14,0,0,0,0,32,32,56,56
gfx1201,vit-wide-deep.hsaco,vit_project_bytein_bout_hskip,False,593,605,12,4128,4180,99,99,14,14,0,0,0,0,32,32,56,56
gfx1201,vit-wide-deep.hsaco,vit_project_fp8,False,1310,1327,17,8336,8408,90,90,20,20,0,0,0,0,32,32,56,56
gfx1201,vit-wide-deep.hsaco,vit_project_frag,False,1850,1861,11,11692,11744,79,79,34,34,0,0,0,0,32,32,56,56
gfx1201,vit-wide-deep.hsaco,vit_project_frag_n64,False,1637,1710,73,11476,11852,160,180,14,14,0,0,0,0,32,32,56,56
gfx1201,vit-wide-deep.hsaco,vit_qkv_normalize,False,478,478,0,2724,2724,31,31,18,18,0,0,0,0,32,32,40,40
gfx1201,vit-wide-deep.hsaco,vit_qkv_project,False,215,221,6,1204,1228,32,32,14,14,0,0,0,0,32,32,40,40
gfx1201,vit-wide-deep.hsaco,vit_qkv_project_blocked,False,266,227,-39,1604,1384,48,48,13,13,0,0,0,0,32,32,40,40
gfx1201,vit-wide-deep.hsaco,vit_qkv_project_normalize_fused,False,848,958,110,4768,5320,51,50,22,18,2112,2112,0,0,32,32,40,40
gfx1201,vit-wide-deep.hsaco,vit_qkv_project_normalize_fused_f16compact,False,853,957,104,4868,5364,60,58,22,22,2112,2112,0,0,32,32,40,40
gfx1201,vit-wide-deep.hsaco,vit_qkv_project_normalize_fused_f16compact_fp8,False,777,767,-10,4516,4352,60,58,22,22,2112,2112,0,0,32,32,40,40
gfx1201,vit-wide-deep.hsaco,vit_qkv_project_normalize_fused_f16compact_fp8_bytein,False,776,818,42,4488,4680,58,91,22,22,2112,2112,0,0,32,32,40,40
gfx1201,vit-wide-deep.hsaco,vit_qkv_project_normalize_fused_f16compact_fp8_frag,False,766,767,1,4440,4348,59,58,22,22,2112,2112,0,0,32,32,40,40
gfx1201,vit-wide-deep.hsaco,vit_qkv_project_normalize_fused_f16compact_fp8_h16in,False,1164,1198,34,7860,7908,96,95,22,22,2112,2112,0,0,32,32,40,40
gfx1201,vit-wide-deep.hsaco,vit_qkv_project_normalize_fused_f16compact_fp8_h16in_n4,False,1392,1408,16,8424,8264,192,192,22,22,4160,4160,0,0,32,32,40,40
gfx1201,vit-wide-deep.hsaco,vit_qkv_project_normalize_fused_f16weight,False,854,960,106,4876,5380,60,58,22,22,2112,2112,0,0,32,32,40,40
gfx1201,wave-pointwise.hsaco,c32_attn_av,False,431,245,-186,2668,1516,74,73,11,11,0,0,0,0,32,32,28,28
gfx1201,wave-pointwise.hsaco,c32_attn_normalize,False,439,440,1,2256,2256,31,31,26,26,0,0,0,0,32,32,28,28
gfx1201,wave-pointwise.hsaco,c32_attn_normalize_wave,False,714,716,2,3692,3692,16,16,18,18,0,0,0,0,32,32,28,28
gfx1201,wave-pointwise.hsaco,c32_attn_probabilities,False,331,333,2,1896,1896,37,37,10,10,0,0,0,0,32,32,20,20
gfx1201,wave-pointwise.hsaco,c32_attn_probabilities_wave,False,234,238,4,1304,1304,15,15,9,9,0,0,0,0,32,32,20,20
gfx1201,wave-pointwise.hsaco,c32_attn_project,False,219,227,8,1276,1296,71,71,12,12,0,0,0,0,32,32,40,40
gfx1201,wave-pointwise.hsaco,c32_attn_qkv,False,281,282,1,1512,1504,17,17,12,12,0,0,0,0,32,32,28,28
gfx1201,wave-pointwise.hsaco,c32_attn_scores,False,261,261,0,1428,1432,68,68,10,10,0,0,0,0,32,32,28,28
gfx1201,wave-pointwise.hsaco,c32_ffn_contract,False,203,210,7,1192,1216,71,71,12,12,0,0,0,0,32,32,40,40
gfx1201,wave-pointwise.hsaco,c32_ffn_expand,False,248,248,0,1380,1368,16,16,12,12,0,0,0,0,32,32,28,28
gfx1201,wave-pointwise.hsaco,c32_finish,False,255,258,3,1380,1384,16,16,14,14,0,0,0,0,32,32,32,32
gfx1201,wave-pointwise.hsaco,mh_normalize_wave,False,769,774,5,3956,3964,16,16,19,19,0,0,0,0,32,32,32,32
gfx1201,wave-pointwise.hsaco,mh_probabilities_wave,False,236,240,4,1312,1312,15,15,9,9,0,0,0,0,32,32,24,24
gfx1200,boundary-fast.hsaco,c32_fast_av,False,387,332,-55,2376,2084,46,45,15,12,0,0,0,0,32,32,28,28
gfx1200,boundary-fast.hsaco,c32_fast_normalize,False,496,499,3,2796,2808,31,31,18,18,0,0,0,0,32,32,28,28
gfx1200,boundary-fast.hsaco,c32_fast_probabilities,False,528,473,-55,3032,2680,47,48,10,10,0,0,0,0,32,32,20,20
gfx1200,boundary-fast.hsaco,c32_fast_project,False,537,510,-27,3340,3228,72,72,13,13,0,0,0,0,32,32,40,40
gfx1200,boundary-fast.hsaco,c32_fast_qkv,False,284,269,-15,2092,1984,81,81,12,13,0,0,0,0,32,32,28,28
gfx1200,boundary-fast.hsaco,c32_fast_scores,False,790,701,-89,4800,4288,66,66,13,13,0,0,0,0,32,32,28,28
gfx1200,boundary-fast.hsaco,c32_finish_crop_half,False,267,271,4,1356,1372,13,13,16,16,0,0,0,0,32,32,48,48
gfx1200,boundary-fast.hsaco,c32_finish_fast,False,203,206,3,1080,1092,13,13,12,12,0,0,0,0,32,32,32,32
gfx1200,boundary-fast.hsaco,c32_finish_fast_half,False,212,215,3,1112,1124,13,13,12,12,0,0,0,0,32,32,32,32
gfx1200,boundary-fast.hsaco,c32_finish_fast_half_main8,False,211,214,3,1124,1136,14,14,12,12,0,0,0,0,32,32,32,32
gfx1200,boundary-fast.hsaco,hip_post_head_fast,False,191,200,9,1096,1128,70,69,12,12,0,0,0,0,32,32,56,56
gfx1200,boundary-fast.hsaco,hip_post_head_fast_half,False,252,252,0,1300,1300,53,53,12,12,0,0,0,0,32,32,56,56
gfx1200,boundary-fast.hsaco,hip_post_merge_fast,False,86,87,1,456,460,7,7,12,12,0,0,0,0,32,32,40,40
gfx1200,boundary-fast.hsaco,hip_post_merge_fast_skip8,False,85,86,1,440,444,7,7,14,14,0,0,0,0,32,32,40,40
gfx1200,boundary_reference.hsaco,hip_c32_pack,False,92,92,0,468,468,7,7,14,14,0,0,0,0,32,32,40,40
gfx1200,boundary_reference.hsaco,hip_crop,False,122,123,1,596,600,8,8,13,13,0,0,0,0,32,32,44,44
gfx1200,boundary_reference.hsaco,hip_input_reflect,False,179,181,2,920,928,9,9,14,14,0,0,0,0,32,32,40,40
gfx1200,boundary_reference.hsaco,hip_post_head_exact,False,913,910,-3,5056,5036,27,27,17,17,0,0,0,0,32,32,56,56
gfx1200,boundary_reference.hsaco,hip_post_merge,False,86,87,1,456,460,7,7,12,12,0,0,0,0,32,32,40,40
gfx1200,c32-wave1.hsaco,c32_fast_ffn_attention_fused,False,2286,2650,364,16100,18324,169,192,15,15,15360,15360,0,0,32,32,44,44
gfx1200,c32-wave1.hsaco,c32_fast_ffn_attention_fused_half,False,2742,3047,305,18816,20748,169,190,15,15,15360,15360,0,0,32,32,44,44
gfx1200,c32-wave1.hsaco,c32_fast_ffn_attention_fused_half_chain,False,3352,3646,294,21464,23420,151,177,32,32,15360,15360,0,0,32,32,72,72
gfx1200,c32-wave1.hsaco,c32_fast_ffn_attention_fused_half_chain_finish,False,3528,3794,266,22040,23948,153,178,38,38,15360,15360,0,0,32,32,80,80
gfx1200,c32-wave1.hsaco,c32_fast_ffn_attention_fused_half_chain_finish_dcrop,False,3633,3901,268,22524,24440,153,178,39,39,15360,15360,0,0,32,32,80,80
gfx1200,c32-wave1.hsaco,c32_fast_ffn_attention_fused_half_finish_main8,False,2912,3191,279,19576,21332,172,191,29,29,15360,15360,0,0,32,32,60,60
gfx1200,c32-wave1.hsaco,c32_fast_ffn_attention_fused_half_mapped,False,2929,3241,312,19648,21588,169,190,18,18,15360,15360,0,0,32,32,60,60
gfx1200,c32-wave1.hsaco,c32_fast_ffn_attention_fused_half_prefix_finish_main8,False,3202,3485,283,20752,22664,152,179,29,29,15360,15360,0,0,32,32,76,76
gfx1200,c32-wave1.hsaco,c32_post_merge_fused_half,False,2462,2688,226,16904,18568,153,182,14,14,15360,15360,0,0,32,32,68,68
gfx1200,c32-wave1.hsaco,c32_post_merge_head_half,False,2691,2872,181,17800,19304,158,184,86,86,15360,15360,0,0,32,32,88,88
gfx1200,c32-wave1.hsaco,c32_wave1_chain,False,1050,1045,-5,7148,7144,134,134,26,26,4096,4096,0,0,32,32,72,72
gfx1200,c32-wave1.hsaco,c32_wave1_finish,False,2527,2527,0,14984,14988,131,131,30,30,4096,4096,0,0,32,32,80,80
gfx1200,c32-wave1.hsaco,c32_wave1_finish_dcrop,False,2019,2017,-2,12176,12172,131,131,30,30,4096,4096,0,0,32,32,80,80
gfx1200,c32-wave1.hsaco,c32_wave1_mapped,False,1106,1103,-3,7536,7548,133,133,25,25,4096,4096,0,0,32,32,60,60
gfx1200,c32-wave1.hsaco,c32_wave1_post,False,1614,1612,-2,10304,10288,132,132,37,38,4096,4096,0,0,32,32,88,88
gfx1200,c32-wave1.hsaco,c32_wave1_prefix,False,1968,1975,7,12252,12284,129,129,32,32,4096,4096,0,0,32,32,76,76
gfx1200,c32-wave1.hsaco,c32_wave1_up,False,1819,1838,19,11716,11800,154,154,26,26,4096,4096,0,0,32,32,68,68
gfx1200,c32_fast.hsaco,c32_ffn_contract_fast,False,2103,2123,20,11552,11600,39,39,25,25,3072,3072,0,0,32,32,40,40
gfx1200,c32_fast.hsaco,c32_ffn_contract_fast_map3,False,2627,2647,20,14484,14460,33,33,20,20,3072,3072,0,0,32,32,40,40
gfx1200,c32_fast.hsaco,c32_ffn_expand_fast,False,759,767,8,4332,4332,20,20,13,13,4096,4096,0,0,32,32,28,28
gfx1200,c32_fast_attention.hsaco,c32_fast_av,False,387,332,-55,2376,2084,46,45,15,12,0,0,0,0,32,32,28,28
gfx1200,c32_fast_attention.hsaco,c32_fast_normalize,False,496,499,3,2796,2808,31,31,18,18,0,0,0,0,32,32,28,28
gfx1200,c32_fast_attention.hsaco,c32_fast_probabilities,False,528,473,-55,3032,2680,47,48,10,10,0,0,0,0,32,32,20,20
gfx1200,c32_fast_attention.hsaco,c32_fast_project,False,537,510,-27,3340,3228,72,72,13,13,0,0,0,0,32,32,40,40
gfx1200,c32_fast_attention.hsaco,c32_fast_qkv,False,284,269,-15,2092,1984,81,81,12,13,0,0,0,0,32,32,28,28
gfx1200,c32_fast_attention.hsaco,c32_fast_scores,False,790,701,-89,4800,4288,66,66,13,13,0,0,0,0,32,32,28,28
gfx1200,c32_fused_attention.hsaco,c32_fast_attention_fused,False,5569,5559,-10,34976,35024,122,121,17,18,15360,15360,0,0,32,32,32,32
gfx1200,c32_fused_ffn_attention-packed.hsaco,c32_fast_ffn_attention_fused,False,2286,2650,364,16100,18324,169,192,15,15,15360,15360,0,0,32,32,44,44
gfx1200,c32_fused_ffn_attention-packed.hsaco,c32_fast_ffn_attention_fused_half,False,2742,3047,305,18816,20748,169,190,15,15,15360,15360,0,0,32,32,44,44
gfx1200,c32_fused_ffn_attention-packed.hsaco,c32_fast_ffn_attention_fused_half_chain,False,3352,3646,294,21464,23420,151,177,32,32,15360,15360,0,0,32,32,72,72
gfx1200,c32_fused_ffn_attention-packed.hsaco,c32_fast_ffn_attention_fused_half_chain_finish,False,3528,3794,266,22040,23948,153,178,38,38,15360,15360,0,0,32,32,80,80
gfx1200,c32_fused_ffn_attention-packed.hsaco,c32_fast_ffn_attention_fused_half_chain_finish_dcrop,False,3633,3901,268,22524,24440,153,178,39,39,15360,15360,0,0,32,32,80,80
gfx1200,c32_fused_ffn_attention-packed.hsaco,c32_fast_ffn_attention_fused_half_finish_main8,False,2912,3191,279,19576,21332,172,191,29,29,15360,15360,0,0,32,32,60,60
gfx1200,c32_fused_ffn_attention-packed.hsaco,c32_fast_ffn_attention_fused_half_mapped,False,2929,3241,312,19648,21588,169,190,18,18,15360,15360,0,0,32,32,60,60
gfx1200,c32_fused_ffn_attention-packed.hsaco,c32_fast_ffn_attention_fused_half_prefix_finish_main8,False,3202,3485,283,20752,22664,152,179,29,29,15360,15360,0,0,32,32,76,76
gfx1200,c32_fused_ffn_attention-packed.hsaco,c32_post_merge_fused_half,False,2462,2688,226,16904,18568,153,182,14,14,15360,15360,0,0,32,32,68,68
gfx1200,c32_fused_ffn_attention-packed.hsaco,c32_post_merge_head_half,False,2691,2872,181,17800,19304,158,184,86,86,15360,15360,0,0,32,32,88,88
gfx1200,c32_fused_ffn_attention.hsaco,c32_fast_ffn_attention_fused,False,3102,3478,376,22936,25196,161,159,15,15,15360,15360,0,0,32,32,44,44
gfx1200,c32_fused_ffn_attention.hsaco,c32_fast_ffn_attention_fused_half,False,3579,3921,342,25744,27688,161,159,15,15,15360,15360,0,0,32,32,44,44
gfx1200,c32_fused_ffn_attention.hsaco,c32_fast_ffn_attention_fused_half_chain,False,4214,4478,264,28424,30192,160,139,32,32,15360,15360,0,0,32,32,72,72
gfx1200,c32_fused_ffn_attention.hsaco,c32_fast_ffn_attention_fused_half_chain_finish,False,4384,4636,252,29052,30772,162,140,38,38,15360,15360,0,0,32,32,80,80
gfx1200,c32_fused_ffn_attention.hsaco,c32_fast_ffn_attention_fused_half_chain_finish_dcrop,False,4489,4744,255,29536,31268,162,140,39,39,15360,15360,0,0,32,32,80,80
gfx1200,c32_fused_ffn_attention.hsaco,c32_fast_ffn_attention_fused_half_finish_main8,False,3749,4072,323,26536,28396,163,161,29,29,15360,15360,0,0,32,32,60,60
gfx1200,c32_fused_ffn_attention.hsaco,c32_fast_ffn_attention_fused_half_mapped,False,3738,4098,360,26540,28460,162,159,18,18,15360,15360,0,0,32,32,60,60
gfx1200,c32_fused_ffn_attention.hsaco,c32_fast_ffn_attention_fused_half_prefix_finish_main8,False,4078,4327,249,27776,29496,160,142,29,29,15360,15360,0,0,32,32,76,76
gfx1200,c32_fused_ffn_attention.hsaco,c32_post_merge_fused_half,False,3147,3392,245,22740,24320,163,145,14,14,15360,15360,0,0,32,32,68,68
gfx1200,c32_fused_ffn_attention.hsaco,c32_post_merge_head_half,False,3351,3632,281,23508,25224,165,146,86,86,15360,15360,0,0,32,32,88,88
gfx1200,c32_prefix_reference.hsaco,c32_attn_av,False,431,245,-186,2668,1516,74,73,11,11,0,0,0,0,32,32,28,28
gfx1200,c32_prefix_reference.hsaco,c32_attn_normalize,False,439,440,1,2256,2256,31,31,26,26,0,0,0,0,32,32,28,28
gfx1200,c32_prefix_reference.hsaco,c32_attn_probabilities,False,331,333,2,1896,1896,37,37,10,10,0,0,0,0,32,32,20,20
gfx1200,c32_prefix_reference.hsaco,c32_attn_project,False,219,227,8,1276,1296,71,71,12,12,0,0,0,0,32,32,40,40
gfx1200,c32_prefix_reference.hsaco,c32_attn_qkv,False,281,282,1,1512,1504,17,17,12,12,0,0,0,0,32,32,28,28
gfx1200,c32_prefix_reference.hsaco,c32_attn_scores,False,261,261,0,1428,1432,68,68,10,10,0,0,0,0,32,32,28,28
gfx1200,c32_prefix_reference.hsaco,c32_ffn_contract,False,203,210,7,1192,1216,71,71,12,12,0,0,0,0,32,32,40,40
gfx1200,c32_prefix_reference.hsaco,c32_ffn_expand,False,248,248,0,1380,1368,16,16,12,12,0,0,0,0,32,32,28,28
gfx1200,c32_prefix_reference.hsaco,c32_finish,False,255,258,3,1380,1384,16,16,14,14,0,0,0,0,32,32,32,32
gfx1200,c32_prefix_reference.hsaco,dlss5_prefix_reference,False,622,622,0,3272,3272,41,41,18,18,0,0,0,0,32,32,64,64
gfx1200,c32_tiled.hsaco,c32_attn_project_tiled,False,1077,1086,9,5956,5960,22,22,17,17,3072,3072,0,0,32,32,40,40
gfx1200,c32_tiled.hsaco,c32_attn_qkv_tiled,False,799,801,2,4364,4364,20,21,15,15,3072,3072,0,0,32,32,28,28
gfx1200,c32_tiled.hsaco,c32_ffn_contract_tiled,False,1281,1302,21,7220,7276,46,46,25,25,3072,3072,0,0,32,32,40,40
gfx1200,c32_tiled.hsaco,c32_ffn_expand_tiled,False,837,837,0,4648,4616,20,20,13,13,4096,4096,0,0,32,32,28,28
gfx1200,c32_wmma.hsaco,c32_attn_av_wmma,False,1165,1132,-33,7336,7100,94,81,14,13,0,0,0,0,32,32,28,28
gfx1200,c32_wmma.hsaco,c32_attn_project_wmma,False,1024,1012,-12,6036,5948,71,71,13,13,0,0,0,0,32,32,40,40
gfx1200,c32_wmma.hsaco,c32_attn_qkv_wmma,False,835,829,-6,4956,4888,68,68,14,14,0,0,0,0,32,32,28,28
gfx1200,c32_wmma.hsaco,c32_attn_scores_wmma,False,1319,1261,-58,7552,7176,69,69,13,13,0,0,0,0,32,32,28,28
gfx1200,c32_wmma.hsaco,c32_ffn_contract_wmma,False,2712,2629,-83,16852,16216,51,51,23,23,0,0,0,0,32,32,40,40
gfx1200,c32_wmma.hsaco,c32_ffn_expand_wmma,False,2087,2064,-23,12064,11888,33,33,18,17,0,0,0,0,32,32,28,28
gfx1200,c512-m32-deep.hsaco,decoder_project2x,False,587,589,2,3168,3192,40,40,25,25,0,0,0,0,32,32,56,56
gfx1200,c512-m32-deep.hsaco,decoder_project2x_h16w,False,5940,5984,44,32664,32880,64,64,34,34,0,0,0,0,32,32,56,56
gfx1200,c512-m32-deep.hsaco,decoder_project2x_h16w_byteout,False,5978,6017,39,32788,32980,64,64,34,34,0,0,0,0,32,32,56,56
gfx1200,c512-m32-deep.hsaco,reuse_decide,False,396,398,2,2020,2028,14,14,17,17,0,0,0,0,32,32,60,60
gfx1200,c512-m32-deep.hsaco,reuse_finish,False,646,654,8,3864,3896,11,11,27,27,0,0,0,0,32,32,84,84
gfx1200,c512-m32-deep.hsaco,reuse_image_commit,False,161,168,7,968,996,5,5,8,8,0,0,0,0,32,32,28,28
gfx1200,c512-m32-deep.hsaco,reuse_image_stats,False,250,251,1,1360,1364,14,14,22,22,0,0,0,0,32,32,48,48
gfx1200,c512-m32-deep.hsaco,reuse_token_stats,False,218,218,0,1180,1180,14,14,17,17,0,0,0,0,32,32,48,48
gfx1200,c512-m32-deep.hsaco,split_contract,False,198,198,0,1156,1156,33,33,12,12,0,0,0,0,32,32,28,28
gfx1200,c512-m32-deep.hsaco,split_contract_fp8,False,202,202,0,1176,1176,31,31,12,12,0,0,0,0,32,32,28,28
gfx1200,c512-m32-deep.hsaco,split_expand,False,238,238,0,1452,1452,33,33,12,12,0,0,0,0,32,32,28,28
gfx1200,c512-m32-deep.hsaco,split_expand_fp8,False,254,254,0,1556,1556,33,33,12,12,0,0,0,0,32,32,28,28
gfx1200,c512-m32-deep.hsaco,split_ffn_fused,False,1078,1079,1,6560,6600,60,59,15,15,4160,4160,0,0,32,32,28,28
gfx1200,c512-m32-deep.hsaco,split_ffn_fused_fp8,False,855,866,11,5580,5660,102,101,11,11,4160,4160,0,0,32,32,28,28
gfx1200,c512-m32-deep.hsaco,split_ffn_fused_fp8_mix,False,980,960,-20,6280,6172,103,110,13,12,6464,6464,0,0,32,32,28,28
gfx1200,c512-m32-deep.hsaco,split_ffn_fused_fp8_t8,False,919,930,11,6140,6192,111,111,14,14,4160,4160,0,0,32,32,36,36
gfx1200,c512-m32-deep.hsaco,split_mix,False,200,200,0,1160,1160,35,35,11,11,0,0,0,0,32,32,28,28
gfx1200,c512-m32-deep.hsaco,split_mix_blocked,False,514,526,12,3084,3164,80,80,11,11,0,0,0,0,32,32,28,28
gfx1200,c512-m32-deep.hsaco,split_mix_blocked_h16w,False,497,518,21,3032,3152,91,91,11,11,0,0,0,0,32,32,28,28
gfx1200,c512-m32-deep.hsaco,split_mix_blocked_h16w_m32,False,1047,909,-138,6548,5676,96,96,13,13,0,0,0,0,32,32,28,28
gfx1200,c512-m32-deep.hsaco,split_projection,False,245,240,-5,1500,1488,32,32,12,12,0,0,0,0,32,32,36,36
gfx1200,c512-m32-deep.hsaco,split_projection_blocked,False,667,681,14,4048,4188,68,74,12,12,0,0,0,0,32,32,36,36
gfx1200,c512-m32-deep.hsaco,split_projection_blocked_t8,False,878,929,51,5528,5688,74,75,16,16,0,0,0,0,32,32,44,44
gfx1200,c512-m32-deep.hsaco,split_projection_frag,False,859,930,71,5348,5836,83,102,17,17,0,0,0,0,32,32,44,44
gfx1200,c512-m32-deep.hsaco,vit_attention_av_fast,False,486,486,0,3092,3068,48,48,17,17,0,0,0,0,32,32,48,48
gfx1200,c512-m32-deep.hsaco,vit_attention_fused_256,False,1197,1238,41,7588,7912,91,91,16,16,1536,1536,0,0,32,32,32,32
gfx1200,c512-m32-deep.hsaco,vit_attention_fused_256_bytein,False,938,962,24,5568,5732,75,75,17,17,1536,1536,0,0,32,32,32,32
gfx1200,c512-m32-deep.hsaco,vit_attention_fused_256_bytein_bout,False,958,977,19,5732,5844,75,75,17,17,1536,1536,0,0,32,32,32,32
gfx1200,c512-m32-deep.hsaco,vit_attention_fused_400,False,1197,1238,41,7588,7912,91,91,16,16,1536,1536,0,0,32,32,32,32
gfx1200,c512-m32-deep.hsaco,vit_attention_fused_400_bytein,False,938,962,24,5568,5732,75,75,17,17,1536,1536,0,0,32,32,32,32
gfx1200,c512-m32-deep.hsaco,vit_attention_fused_400_bytein_bout,False,958,977,19,5732,5844,75,75,17,17,1536,1536,0,0,32,32,32,32
gfx1200,c512-m32-deep.hsaco,vit_attention_fused_640,False,1197,1238,41,7588,7912,91,91,16,16,1536,1536,0,0,32,32,32,32
gfx1200,c512-m32-deep.hsaco,vit_attention_fused_640_bytein,False,938,962,24,5568,5732,75,75,17,17,1536,1536,0,0,32,32,32,32
gfx1200,c512-m32-deep.hsaco,vit_attention_fused_640_bytein_bout,False,958,977,19,5732,5844,75,75,17,17,1536,1536,0,0,32,32,32,32
gfx1200,c512-m32-deep.hsaco,vit_attention_inverse_fast,False,265,266,1,1584,1588,34,34,10,10,0,0,0,0,32,32,32,32
gfx1200,c512-m32-deep.hsaco,vit_attention_scores_fast,False,771,772,1,4552,4556,66,66,13,13,0,0,0,0,32,32,32,32
gfx1200,c512-m32-deep.hsaco,vit_contract_blocked_fp8,False,1830,1868,38,12132,12324,235,241,26,26,0,0,0,0,32,32,56,56
gfx1200,c512-m32-deep.hsaco,vit_contract_blocked_fp8_bstream,False,1872,1936,64,12488,12732,234,237,26,26,0,0,0,0,32,32,56,56
gfx1200,c512-m32-deep.hsaco,vit_contract_blocked_fp8_frag,False,1077,1090,13,7160,7260,205,211,12,12,0,0,0,0,32,32,56,56
gfx1200,c512-m32-deep.hsaco,vit_contract_blocked_fp8_hstream,False,1862,1908,46,12272,12480,235,241,26,26,0,0,0,0,32,32,56,56
gfx1200,c512-m32-deep.hsaco,vit_contract_blocked_fp8_tiled,False,743,762,19,4632,4708,104,113,21,14,0,0,0,0,32,32,56,56
gfx1200,c512-m32-deep.hsaco,vit_contract_blocked_fp8_tiled_bstream,False,822,832,10,5052,5152,103,109,21,14,0,0,0,0,32,32,56,56
gfx1200,c512-m32-deep.hsaco,vit_contract_blocked_fp8_tiled_hstream,False,789,809,20,4760,4924,103,112,21,14,0,0,0,0,32,32,56,56
gfx1200,c512-m32-deep.hsaco,vit_contract_combine,False,96,97,1,556,560,14,14,11,11,0,0,0,0,32,32,48,48
gfx1200,c512-m32-deep.hsaco,vit_contract_parts_blocked_fp8,False,312,198,-114,2032,1352,53,48,14,14,0,0,0,0,32,32,40,40
gfx1200,c512-m32-deep.hsaco,vit_contract_parts_blocked_fp8_tiled,False,406,281,-125,2720,1968,71,70,16,14,0,0,0,0,32,32,40,40
gfx1200,c512-m32-deep.hsaco,vit_contract_parts_fp8,False,157,159,2,864,876,23,23,14,14,0,0,0,0,32,32,40,40
gfx1200,c512-m32-deep.hsaco,vit_expand,False,356,355,-1,2200,2200,32,32,14,14,0,0,0,0,32,32,48,48
gfx1200,c512-m32-deep.hsaco,vit_expand_blocked_fp8,False,810,810,0,5244,5244,69,69,14,14,0,0,0,0,32,32,48,48
gfx1200,c512-m32-deep.hsaco,vit_expand_blocked_fp8_bytein,False,723,723,0,4592,4592,55,55,14,14,0,0,0,0,32,32,48,48
gfx1200,c512-m32-deep.hsaco,vit_expand_blocked_fp8_frag_bytein,False,1329,1368,39,8804,8968,77,77,23,25,0,0,0,0,32,32,48,48
gfx1200,c512-m32-deep.hsaco,vit_expand_blocked_fp8_frag_bytein_m2,False,1335,1336,1,8696,8704,86,86,22,25,0,0,0,0,32,32,48,48
gfx1200,c512-m32-deep.hsaco,vit_expand_blocked_fp8_frag_bytein_m4,False,2595,2598,3,17012,16992,154,154,27,30,0,0,0,0,32,32,48,48
gfx1200,c512-m32-deep.hsaco,vit_expand_blocked_fp8_frag_tiledin,False,711,713,2,4572,4580,46,46,23,25,0,0,0,0,32,32,48,48
gfx1200,c512-m32-deep.hsaco,vit_expand_blocked_fp8_tiled,False,883,886,3,5804,5812,95,94,20,23,0,0,0,0,32,32,48,48
gfx1200,c512-m32-deep.hsaco,vit_expand_blocked_fp8_tiled_bytein,False,782,781,-1,5132,5132,73,73,18,22,0,0,0,0,32,32,48,48
gfx1200,c512-m32-deep.hsaco,vit_expand_blocked_fp8_tiled_bytein_m4,False,2668,2668,0,17556,17536,153,153,25,27,0,0,0,0,32,32,48,48
gfx1200,c512-m32-deep.hsaco,vit_expand_fp8,False,351,350,-1,2156,2156,32,32,14,14,0,0,0,0,32,32,48,48
gfx1200,c512-m32-deep.hsaco,vit_ffn_fused,False,1493,1492,-1,9660,9728,151,161,14,14,16640,16640,0,0,32,32,56,56
gfx1200,c512-m32-deep.hsaco,vit_pack_input,False,57,57,0,340,340,7,7,7,7,0,0,0,0,32,32,32,32
gfx1200,c512-m32-deep.hsaco,vit_pack_input_tiled,False,57,57,0,352,352,10,10,7,7,0,0,0,0,32,32,32,32
gfx1200,c512-m32-deep.hsaco,vit_project,False,1285,1287,2,8192,8200,77,77,20,20,0,0,0,0,32,32,56,56
gfx1200,c512-m32-deep.hsaco,vit_project_bytein_bout,False,586,597,11,4088,4136,98,98,14,14,0,0,0,0,32,32,56,56
gfx1200,c512-m32-deep.hsaco,vit_project_bytein_bout_hskip,False,593,605,12,4128,4180,99,99,14,14,0,0,0,0,32,32,56,56
gfx1200,c512-m32-deep.hsaco,vit_project_fp8,False,1310,1327,17,8336,8408,90,90,20,20,0,0,0,0,32,32,56,56
gfx1200,c512-m32-deep.hsaco,vit_project_frag,False,1850,1861,11,11692,11744,79,79,34,34,0,0,0,0,32,32,56,56
gfx1200,c512-m32-deep.hsaco,vit_qkv_normalize,False,478,478,0,2724,2724,31,31,18,18,0,0,0,0,32,32,40,40
gfx1200,c512-m32-deep.hsaco,vit_qkv_project,False,215,221,6,1204,1228,32,32,14,14,0,0,0,0,32,32,40,40
gfx1200,c512-m32-deep.hsaco,vit_qkv_project_blocked,False,266,227,-39,1604,1384,48,48,13,13,0,0,0,0,32,32,40,40
gfx1200,c512-m32-deep.hsaco,vit_qkv_project_normalize_fused,False,848,958,110,4768,5320,51,50,22,18,2112,2112,0,0,32,32,40,40
gfx1200,c512-m32-deep.hsaco,vit_qkv_project_normalize_fused_f16compact,False,853,957,104,4868,5364,60,58,22,22,2112,2112,0,0,32,32,40,40
gfx1200,c512-m32-deep.hsaco,vit_qkv_project_normalize_fused_f16compact_fp8,False,777,767,-10,4516,4352,60,58,22,22,2112,2112,0,0,32,32,40,40
gfx1200,c512-m32-deep.hsaco,vit_qkv_project_normalize_fused_f16compact_fp8_bytein,False,776,818,42,4488,4680,58,91,22,22,2112,2112,0,0,32,32,40,40
gfx1200,c512-m32-deep.hsaco,vit_qkv_project_normalize_fused_f16compact_fp8_frag,False,766,767,1,4440,4348,59,58,22,22,2112,2112,0,0,32,32,40,40
gfx1200,c512-m32-deep.hsaco,vit_qkv_project_normalize_fused_f16compact_fp8_h16in,False,1164,1198,34,7860,7908,96,95,22,22,2112,2112,0,0,32,32,40,40
gfx1200,c512-m32-deep.hsaco,vit_qkv_project_normalize_fused_f16compact_fp8_h16in_n4,False,1392,1408,16,8424,8264,192,192,22,22,4160,4160,0,0,32,32,40,40
gfx1200,c512-m32-deep.hsaco,vit_qkv_project_normalize_fused_f16weight,False,854,960,106,4876,5380,60,58,22,22,2112,2112,0,0,32,32,40,40
gfx1200,c512-m32-mh.hsaco,c512_qkv_attention_compact,False,1812,1835,23,11680,11764,141,141,30,30,6144,6144,0,0,32,32,48,48
gfx1200,c512-m32-mh.hsaco,c512_qkv_attention_fused,False,1760,1759,-1,11596,11572,122,122,32,32,6144,6144,0,0,32,32,32,32
gfx1200,c512-m32-mh.hsaco,mh_attention_av_fast,False,444,432,-12,2472,2388,52,52,22,19,0,0,0,0,32,32,36,36
gfx1200,c512-m32-mh.hsaco,mh_attention_crop,False,2625,2665,40,13160,13320,33,33,36,36,4608,4608,0,0,32,32,64,64
gfx1200,c512-m32-mh.hsaco,mh_attention_project_fast_matrix,False,2102,2137,35,10684,10824,34,34,28,28,4608,4608,0,0,32,32,44,44
gfx1200,c512-m32-mh.hsaco,mh_attention_project_fast_matrix_fp8,False,2068,2103,35,10448,10588,34,34,28,28,4608,4608,0,0,32,32,44,44
gfx1200,c512-m32-mh.hsaco,mh_attention_project_fast_scalar,False,1412,1428,16,6984,7048,32,32,21,21,4608,4608,0,0,32,32,44,44
gfx1200,c512-m32-mh.hsaco,mh_attention_project_fast_scalar_fp8,False,1378,1394,16,6748,6812,33,33,21,21,4608,4608,0,0,32,32,44,44
gfx1200,c512-m32-mh.hsaco,mh_attention_project_frag_c512,False,1283,1314,31,6812,6936,80,80,28,28,0,0,0,0,32,32,60,60
gfx1200,c512-m32-mh.hsaco,mh_ffn_contract_fast,False,399,398,-1,2192,2192,27,27,17,17,4608,4608,0,0,32,32,32,32
gfx1200,c512-m32-mh.hsaco,mh_ffn_contract_fast_fp8,False,383,383,0,2084,2084,28,28,17,17,4608,4608,0,0,32,32,32,32
gfx1200,c512-m32-mh.hsaco,mh_ffn_contract_fast_fp8_out,False,349,348,-1,1900,1896,28,28,17,17,4608,4608,0,0,32,32,32,32
gfx1200,c512-m32-mh.hsaco,mh_ffn_contract_fast_pre,False,296,302,6,1564,1592,27,27,17,17,4608,4608,0,0,32,32,32,32
gfx1200,c512-m32-mh.hsaco,mh_ffn_contract_fast_rne,False,399,398,-1,2192,2192,27,27,17,17,4608,4608,0,0,32,32,32,32
gfx1200,c512-m32-mh.hsaco,mh_ffn_contract_fast_rtz,False,399,398,-1,2192,2192,27,27,17,17,4608,4608,0,0,32,32,32,32
gfx1200,c512-m32-mh.hsaco,mh_ffn_expand_fast,False,461,461,0,2632,2636,29,29,16,16,4608,4608,0,0,32,32,32,32
gfx1200,c512-m32-mh.hsaco,mh_ffn_expand_fast_fp8,False,425,426,1,2456,2460,29,29,16,16,4608,4608,0,0,32,32,32,32
gfx1200,c512-m32-mh.hsaco,mh_ffn_fused_c128,False,840,893,53,6012,6216,101,103,12,12,8256,8256,0,0,32,32,28,28
gfx1200,c512-m32-mh.hsaco,mh_ffn_fused_c128_frag_project_g128_qkv,False,1475,1468,-7,9768,9764,99,99,16,16,10816,10816,0,0,32,32,64,64
gfx1200,c512-m32-mh.hsaco,mh_ffn_fused_c128_frag_project_mapped_g128_qkv,False,1650,1644,-6,10660,10648,98,97,25,25,10816,10816,0,0,32,32,64,64
gfx1200,c512-m32-mh.hsaco,mh_ffn_fused_c128_project,False,1026,1072,46,7160,7356,101,103,14,12,8256,8256,0,0,32,32,28,28
gfx1200,c512-m32-mh.hsaco,mh_ffn_fused_c128_project_g128,False,940,986,46,6436,6636,102,103,15,12,8256,8256,0,0,32,32,28,28
gfx1200,c512-m32-mh.hsaco,mh_ffn_fused_c128_project_g128_qkv,False,1424,1430,6,9352,9476,99,98,16,21,10816,10816,0,0,32,32,64,64
gfx1200,c512-m32-mh.hsaco,mh_ffn_fused_c128_project_g128_qkv_bn,False,1248,1282,34,8704,8748,126,122,16,16,19520,19520,0,0,32,32,64,64
gfx1200,c512-m32-mh.hsaco,mh_ffn_fused_c128_project_g128_qkv_bytein_fb,False,1362,1401,39,9016,9264,96,98,15,22,10816,10816,0,0,32,32,64,64
gfx1200,c512-m32-mh.hsaco,mh_ffn_fused_c128_project_g128_qkv_fb,False,1402,1417,15,9244,9392,99,98,16,21,10816,10816,0,0,32,32,64,64
gfx1200,c512-m32-mh.hsaco,mh_ffn_fused_c128_project_mapped,False,1538,1565,27,9724,9860,102,104,28,28,8256,8256,0,0,32,32,48,48
gfx1200,c512-m32-mh.hsaco,mh_ffn_fused_c128_project_mapped_g128,False,1441,1486,45,8992,9156,102,104,28,28,8256,8256,0,0,32,32,48,48
gfx1200,c512-m32-mh.hsaco,mh_ffn_fused_c128_project_mapped_g128_qkv,False,1573,1608,35,10224,10396,99,98,25,27,10816,10816,0,0,32,32,64,64
gfx1200,c512-m32-mh.hsaco,mh_ffn_fused_c128_project_mapped_g128_qkv_bn,False,1445,1437,-8,9720,9640,126,125,25,25,19520,19520,0,0,32,32,64,64
gfx1200,c512-m32-mh.hsaco,mh_ffn_fused_c128_project_mapped_g128_qkv_bytein_fb,False,1534,1594,60,10320,10556,100,102,21,21,10816,10816,0,0,32,32,64,64
gfx1200,c512-m32-mh.hsaco,mh_ffn_fused_c128_project_mapped_g128_qkv_fb,False,1606,1645,39,10432,10644,99,98,26,27,10816,10816,0,0,32,32,64,64
gfx1200,c512-m32-mh.hsaco,mh_ffn_fused_c128_tiled,False,922,1629,707,6212,11556,75,98,12,22,8256,8256,0,0,32,32,28,28
gfx1200,c512-m32-mh.hsaco,mh_ffn_fused_c128_tiled_project_g128_qkv,False,1617,1686,69,10752,11088,82,82,32,16,10816,10816,0,0,32,32,64,64
gfx1200,c512-m32-mh.hsaco,mh_ffn_fused_c128_tiled_project_mapped_g128_qkv,False,1776,1854,78,11620,11972,83,83,38,24,10816,10816,0,0,32,32,64,64
gfx1200,c512-m32-mh.hsaco,mh_ffn_fused_c256,False,1003,1165,162,6676,8228,73,101,11,11,16448,16448,0,0,32,32,28,28
gfx1200,c512-m32-mh.hsaco,mh_ffn_fused_c256_frag_project_g128_qkv,False,1778,1762,-16,12036,11972,97,97,15,15,21568,21568,0,0,32,32,64,64
gfx1200,c512-m32-mh.hsaco,mh_ffn_fused_c256_frag_project_g128_qkv_bytein_fb,False,1717,1725,8,11760,11792,97,97,15,15,21568,21568,0,0,32,32,64,64
gfx1200,c512-m32-mh.hsaco,mh_ffn_fused_c256_frag_project_g128_qkv_fb,False,1750,1752,2,11900,11904,97,97,15,15,21568,21568,0,0,32,32,64,64
gfx1200,c512-m32-mh.hsaco,mh_ffn_fused_c256_frag_project_mapped_g128_qkv,False,1915,1897,-18,12812,12780,97,96,23,23,21568,21568,0,0,32,32,64,64
gfx1200,c512-m32-mh.hsaco,mh_ffn_fused_c256_frag_project_mapped_g128_qkv_bytein_fb,False,1918,1931,13,13128,13164,99,99,21,21,21568,21568,0,0,32,32,64,64
gfx1200,c512-m32-mh.hsaco,mh_ffn_fused_c256_frag_project_mapped_g128_qkv_fb,False,1952,1941,-11,13044,13028,97,96,24,24,21568,21568,0,0,32,32,64,64
gfx1200,c512-m32-mh.hsaco,mh_ffn_fused_c256_tiled,False,911,901,-10,6088,6068,74,71,11,11,16448,16448,0,0,32,32,28,28
gfx1200,c512-m32-mh.hsaco,mh_ffn_fused_c256_tiled_project,False,1102,1081,-21,7380,7304,74,71,13,13,16448,16448,0,0,32,32,28,28
gfx1200,c512-m32-mh.hsaco,mh_ffn_fused_c256_tiled_project_g128,False,1193,1156,-37,8120,7976,77,77,26,11,16448,16448,0,0,32,32,28,28
gfx1200,c512-m32-mh.hsaco,mh_ffn_fused_c256_tiled_project_g128_qkv,False,1802,1792,-10,12020,11928,81,81,30,15,21568,21568,0,0,32,32,64,64
gfx1200,c512-m32-mh.hsaco,mh_ffn_fused_c256_tiled_project_g128_qkv_bytein_fb,False,1743,1719,-24,11716,11640,80,80,30,15,21568,21568,0,0,32,32,64,64
gfx1200,c512-m32-mh.hsaco,mh_ffn_fused_c256_tiled_project_g128_qkv_fb,False,1786,1781,-5,11928,11856,81,81,30,15,21568,21568,0,0,32,32,64,64
gfx1200,c512-m32-mh.hsaco,mh_ffn_fused_c256_tiled_project_mapped,False,1585,1553,-32,9844,9724,74,71,26,26,16448,16448,0,0,32,32,48,48
gfx1200,c512-m32-mh.hsaco,mh_ffn_fused_c256_tiled_project_mapped_g128,False,1679,1639,-40,10576,10424,77,77,32,26,16448,16448,0,0,32,32,48,48
gfx1200,c512-m32-mh.hsaco,mh_ffn_fused_c256_tiled_project_mapped_g128_qkv,False,1950,1942,-8,12792,12748,81,81,37,23,21568,21568,0,0,32,32,64,64
gfx1200,c512-m32-mh.hsaco,mh_ffn_fused_c256_tiled_project_mapped_g128_qkv_bytein_fb,False,1915,1916,1,12920,12840,81,81,30,21,21568,21568,0,0,32,32,64,64
gfx1200,c512-m32-mh.hsaco,mh_ffn_fused_c256_tiled_project_mapped_g128_qkv_fb,False,1988,2000,12,13024,13076,81,81,38,24,21568,21568,0,0,32,32,64,64
gfx1200,c512-m32-mh.hsaco,mh_ffn_fused_c64,False,721,741,20,5084,5192,100,97,15,15,4160,4160,0,0,32,32,28,28
gfx1200,c512-m32-mh.hsaco,mh_ffn_fused_c64_frag_project_g128_qkv,False,1352,1354,2,8772,8816,96,96,16,16,5440,5440,0,0,32,32,64,64
gfx1200,c512-m32-mh.hsaco,mh_ffn_fused_c64_frag_project_mapped_g128_qkv,False,1469,1482,13,9436,9432,97,96,25,25,5440,5440,0,0,32,32,64,64
gfx1200,c512-m32-mh.hsaco,mh_ffn_fused_c64_project,False,904,922,18,6268,6352,100,98,18,18,4160,4160,0,0,32,32,28,28
gfx1200,c512-m32-mh.hsaco,mh_ffn_fused_c64_project_g128,False,884,910,26,6072,6164,100,98,19,18,4160,4160,0,0,32,32,28,28
gfx1200,c512-m32-mh.hsaco,mh_ffn_fused_c64_project_g128_qkv,False,1283,1289,6,8364,8412,98,98,16,19,5440,5440,0,0,32,32,64,64
gfx1200,c512-m32-mh.hsaco,mh_ffn_fused_c64_project_g128_qkv_bn,False,1153,1130,-23,7784,7772,98,97,16,21,9792,9792,0,0,32,32,64,64
gfx1200,c512-m32-mh.hsaco,mh_ffn_fused_c64_project_g128_qkv_bytein_fb,False,1237,1241,4,8064,8148,96,95,15,19,5440,5440,0,0,32,32,64,64
gfx1200,c512-m32-mh.hsaco,mh_ffn_fused_c64_project_g128_qkv_fb,False,1261,1271,10,8232,8312,98,98,16,19,5440,5440,0,0,32,32,64,64
gfx1200,c512-m32-mh.hsaco,mh_ffn_fused_c64_project_mapped,False,1380,1400,20,8608,8680,101,98,28,28,4160,4160,0,0,32,32,48,48
gfx1200,c512-m32-mh.hsaco,mh_ffn_fused_c64_project_mapped_g128,False,1354,1381,27,8404,8500,100,99,28,28,4160,4160,0,0,32,32,48,48
gfx1200,c512-m32-mh.hsaco,mh_ffn_fused_c64_project_mapped_g128_qkv,False,1393,1402,9,8964,9072,96,100,25,27,5440,5440,0,0,32,32,64,64
gfx1200,c512-m32-mh.hsaco,mh_ffn_fused_c64_project_mapped_g128_qkv_bn,False,1262,1287,25,8420,8536,98,97,25,26,9792,9792,0,0,32,32,64,64
gfx1200,c512-m32-mh.hsaco,mh_ffn_fused_c64_project_mapped_g128_qkv_bytein_fb,False,1304,1336,32,8712,8868,97,97,20,20,5440,5440,0,0,32,32,64,64
gfx1200,c512-m32-mh.hsaco,mh_ffn_fused_c64_project_mapped_g128_qkv_fb,False,1373,1388,15,8856,8952,96,99,25,27,5440,5440,0,0,32,32,64,64
gfx1200,c512-m32-mh.hsaco,mh_ffn_fused_c64_tiled,False,939,1382,443,6252,9960,75,110,12,12,4160,4160,0,0,32,32,28,28
gfx1200,c512-m32-mh.hsaco,mh_ffn_fused_c64_tiled_project_g128_qkv,False,1565,1769,204,10280,12032,81,105,32,16,5440,5440,0,0,32,32,64,64
gfx1200,c512-m32-mh.hsaco,mh_ffn_fused_c64_tiled_project_mapped_g128_qkv,False,1660,1894,234,10780,12652,82,104,38,25,5440,5440,0,0,32,32,64,64
gfx1200,c512-m32-mh.hsaco,mh_ffn_project_fast,False,585,592,7,3212,3240,32,32,18,18,4608,4608,0,0,32,32,40,40
gfx1200,c512-m32-mh.hsaco,mh_ffn_project_fast_fp8,False,552,559,7,2980,3008,33,33,18,18,4608,4608,0,0,32,32,40,40
gfx1200,c512-m32-mh.hsaco,mh_pool_project_fused_c128,False,3445,3437,-8,17628,17616,152,152,22,21,0,0,144,144,32,32,44,44
gfx1200,c512-m32-mh.hsaco,mh_pool_project_fused_c256,False,3884,3873,-11,20332,20284,192,192,22,21,0,0,272,272,32,32,44,44
gfx1200,c512-m32-mh.hsaco,mh_pool_project_fused_c64,False,6334,6352,18,32732,32816,128,128,80,79,0,0,0,0,32,32,44,44
gfx1200,c512-m32-mh.hsaco,mh_pool_project_group_c128,False,2289,2612,323,11568,13220,98,146,29,28,4352,4352,0,0,32,32,44,44
gfx1200,c512-m32-mh.hsaco,mh_pool_project_group_c256,False,2283,2286,3,11540,11544,98,98,29,28,8448,8448,0,0,32,32,44,44
gfx1200,c512-m32-mh.hsaco,mh_pool_project_group_c64,False,2331,2381,50,11768,11968,100,102,29,28,2304,2304,0,0,32,32,44,44
gfx1200,c512-m32-mh.hsaco,mh_pool_project_production,False,1314,1336,22,6656,6780,48,47,21,36,0,0,0,0,32,32,44,44
gfx1200,c512-m32-mh.hsaco,mh_pool_project_production_h16w,False,1387,1413,26,7040,7160,62,62,20,20,0,0,0,0,32,32,44,44
gfx1200,c512-m32-mh.hsaco,mh_probabilities_fast,False,572,577,5,3284,3304,50,50,12,12,0,0,0,0,32,32,24,24
gfx1200,c512-m32-mh.hsaco,mh_qkv_fast,False,340,347,7,1796,1824,26,26,16,16,4608,4608,0,0,32,32,32,32
gfx1200,c512-m32-mh.hsaco,mh_qkv_normalize_fast,False,1115,1116,1,6532,6536,110,110,11,11,0,0,0,0,32,32,32,32
gfx1200,c512-m32-mh.hsaco,mh_qkv_normalize_fast_wave,False,395,396,1,2080,2084,9,9,11,11,0,0,0,0,32,32,32,32
gfx1200,c512-m32-mh.hsaco,mh_qkv_normalize_fast_wave_fp8,False,396,397,1,2072,2076,7,7,11,11,0,0,0,0,32,32,32,32
gfx1200,c512-m32-mh.hsaco,mh_qkv_normalize_frag_c512,False,1249,1277,28,7672,7840,90,124,18,18,4420,4420,0,0,32,32,28,28
gfx1200,c512-m32-mh.hsaco,mh_qkv_normalize_frag_c512_m32,False,866,803,-63,5472,5056,155,155,18,18,5456,5456,0,0,32,32,28,28
gfx1200,c512-m32-mh.hsaco,mh_qkv_normalize_fused,False,2335,2312,-23,13492,13204,45,45,18,18,21760,21760,0,0,32,32,32,32
gfx1200,c512-m32-mh.hsaco,mh_qkv_normalize_wave_c512,False,1146,1729,583,6876,10920,72,233,14,14,17680,17680,0,0,32,32,28,28
gfx1200,c512-m32-mh.hsaco,mh_scores_exp_fast,False,1108,1088,-20,6156,6176,67,68,16,15,0,0,0,0,32,32,36,36
gfx1200,c64-wave2.hsaco,c128_wave2,False,4703,4666,-37,29388,29156,159,156,28,29,16384,16384,0,0,32,32,60,60
gfx1200,c64-wave2.hsaco,c128_wave2_bi,False,4552,4512,-40,28148,27916,159,148,25,28,16384,16384,0,0,32,32,60,60
gfx1200,c64-wave2.hsaco,c128_wave2_bi_bo,False,3853,3811,-42,24940,24700,159,148,25,28,16384,16384,0,0,32,32,60,60
gfx1200,c64-wave2.hsaco,c128_wave2_bo,False,4004,3965,-39,26180,25940,159,156,28,29,16384,16384,0,0,32,32,60,60
gfx1200,c64-wave2.hsaco,c128_wave2_up,False,4560,4518,-42,28920,28600,162,148,26,54,16384,16384,0,0,32,32,80,80
gfx1200,c64-wave2.hsaco,c256_attn_wave,False,1647,1633,-14,10156,10044,150,141,26,26,32768,32768,0,0,32,32,88,88
gfx1200,c64-wave2.hsaco,c256_attn_wave_bo,False,1372,1352,-20,8924,8788,139,133,26,26,32768,32768,0,0,32,32,88,88
gfx1200,c64-wave2.hsaco,c256_wave2,False,5125,5206,81,33320,33996,159,181,34,31,32768,32768,0,0,32,32,60,60
gfx1200,c64-wave2.hsaco,c256_wave2_bi,False,4959,5032,73,32044,32696,154,179,33,30,32768,32768,0,0,32,32,60,60
gfx1200,c64-wave2.hsaco,c256_wave2_bi_bo,False,4267,4343,76,28864,29452,154,179,33,30,32768,32768,0,0,32,32,60,60
gfx1200,c64-wave2.hsaco,c256_wave2_bo,False,4433,4514,81,30140,30816,159,181,34,31,32768,32768,0,0,32,32,60,60
gfx1200,c64-wave2.hsaco,c64_wave2,False,4004,4000,-4,24504,24496,156,157,31,31,8192,8192,0,0,32,32,60,60
gfx1200,c64-wave2.hsaco,c64_wave2_bi,False,3837,3845,8,23232,23244,140,140,30,30,8192,8192,0,0,32,32,60,60
gfx1200,c64-wave2.hsaco,c64_wave2_bi_bo,False,3139,3141,2,20012,20032,140,140,30,30,8192,8192,0,0,32,32,60,60
gfx1200,c64-wave2.hsaco,c64_wave2_bo,False,3305,3292,-13,21288,21284,156,157,31,31,8192,8192,0,0,32,32,60,60
gfx1200,c64-wave2.hsaco,c64_wave2_up,False,4061,4057,-4,25140,25100,137,137,27,54,8192,8192,0,0,32,32,80,80
gfx1200,c64-wave2.hsaco,mh_attention_av_fast,False,444,432,-12,2472,2388,52,52,22,19,0,0,0,0,32,32,36,36
gfx1200,c64-wave2.hsaco,mh_attention_crop,False,2625,2665,40,13160,13320,33,33,36,36,4608,4608,0,0,32,32,64,64
gfx1200,c64-wave2.hsaco,mh_attention_project_fast_matrix,False,2102,2137,35,10684,10824,34,34,28,28,4608,4608,0,0,32,32,44,44
gfx1200,c64-wave2.hsaco,mh_attention_project_fast_matrix_fp8,False,2068,2103,35,10448,10588,34,34,28,28,4608,4608,0,0,32,32,44,44
gfx1200,c64-wave2.hsaco,mh_attention_project_fast_scalar,False,1412,1428,16,6984,7048,32,32,21,21,4608,4608,0,0,32,32,44,44
gfx1200,c64-wave2.hsaco,mh_attention_project_fast_scalar_fp8,False,1378,1394,16,6748,6812,33,33,21,21,4608,4608,0,0,32,32,44,44
gfx1200,c64-wave2.hsaco,mh_attention_project_frag_c512,False,1283,1314,31,6812,6936,80,80,28,28,0,0,0,0,32,32,60,60
gfx1200,c64-wave2.hsaco,mh_ffn_contract_fast,False,399,398,-1,2192,2192,27,27,17,17,4608,4608,0,0,32,32,32,32
gfx1200,c64-wave2.hsaco,mh_ffn_contract_fast_fp8,False,383,383,0,2084,2084,28,28,17,17,4608,4608,0,0,32,32,32,32
gfx1200,c64-wave2.hsaco,mh_ffn_contract_fast_fp8_out,False,349,348,-1,1900,1896,28,28,17,17,4608,4608,0,0,32,32,32,32
gfx1200,c64-wave2.hsaco,mh_ffn_contract_fast_pre,False,296,302,6,1564,1592,27,27,17,17,4608,4608,0,0,32,32,32,32
gfx1200,c64-wave2.hsaco,mh_ffn_contract_fast_rne,False,399,398,-1,2192,2192,27,27,17,17,4608,4608,0,0,32,32,32,32
gfx1200,c64-wave2.hsaco,mh_ffn_contract_fast_rtz,False,399,398,-1,2192,2192,27,27,17,17,4608,4608,0,0,32,32,32,32
gfx1200,c64-wave2.hsaco,mh_ffn_expand_fast,False,461,461,0,2632,2636,29,29,16,16,4608,4608,0,0,32,32,32,32
gfx1200,c64-wave2.hsaco,mh_ffn_expand_fast_fp8,False,425,426,1,2456,2460,29,29,16,16,4608,4608,0,0,32,32,32,32
gfx1200,c64-wave2.hsaco,mh_ffn_fused_c128,False,840,893,53,6012,6216,101,103,12,12,8256,8256,0,0,32,32,28,28
gfx1200,c64-wave2.hsaco,mh_ffn_fused_c128_frag_project_g128_qkv,False,1475,1468,-7,9768,9764,99,99,16,16,10816,10816,0,0,32,32,64,64
gfx1200,c64-wave2.hsaco,mh_ffn_fused_c128_frag_project_mapped_g128_qkv,False,1650,1644,-6,10660,10648,98,97,25,25,10816,10816,0,0,32,32,64,64
gfx1200,c64-wave2.hsaco,mh_ffn_fused_c128_project,False,1026,1072,46,7160,7356,101,103,14,12,8256,8256,0,0,32,32,28,28
gfx1200,c64-wave2.hsaco,mh_ffn_fused_c128_project_g128,False,940,986,46,6436,6636,102,103,15,12,8256,8256,0,0,32,32,28,28
gfx1200,c64-wave2.hsaco,mh_ffn_fused_c128_project_g128_qkv,False,1424,1430,6,9352,9476,99,98,16,21,10816,10816,0,0,32,32,64,64
gfx1200,c64-wave2.hsaco,mh_ffn_fused_c128_project_g128_qkv_bn,False,1248,1282,34,8704,8748,126,122,16,16,19520,19520,0,0,32,32,64,64
gfx1200,c64-wave2.hsaco,mh_ffn_fused_c128_project_g128_qkv_bytein_fb,False,1362,1401,39,9016,9264,96,98,15,22,10816,10816,0,0,32,32,64,64
gfx1200,c64-wave2.hsaco,mh_ffn_fused_c128_project_g128_qkv_fb,False,1402,1417,15,9244,9392,99,98,16,21,10816,10816,0,0,32,32,64,64
gfx1200,c64-wave2.hsaco,mh_ffn_fused_c128_project_mapped,False,1538,1565,27,9724,9860,102,104,28,28,8256,8256,0,0,32,32,48,48
gfx1200,c64-wave2.hsaco,mh_ffn_fused_c128_project_mapped_g128,False,1441,1486,45,8992,9156,102,104,28,28,8256,8256,0,0,32,32,48,48
gfx1200,c64-wave2.hsaco,mh_ffn_fused_c128_project_mapped_g128_qkv,False,1573,1608,35,10224,10396,99,98,25,27,10816,10816,0,0,32,32,64,64
gfx1200,c64-wave2.hsaco,mh_ffn_fused_c128_project_mapped_g128_qkv_bn,False,1445,1437,-8,9720,9640,126,125,25,25,19520,19520,0,0,32,32,64,64
gfx1200,c64-wave2.hsaco,mh_ffn_fused_c128_project_mapped_g128_qkv_bytein_fb,False,1534,1594,60,10320,10556,100,102,21,21,10816,10816,0,0,32,32,64,64
gfx1200,c64-wave2.hsaco,mh_ffn_fused_c128_project_mapped_g128_qkv_fb,False,1606,1645,39,10432,10644,99,98,26,27,10816,10816,0,0,32,32,64,64
gfx1200,c64-wave2.hsaco,mh_ffn_fused_c128_tiled,False,922,1629,707,6212,11556,75,98,12,22,8256,8256,0,0,32,32,28,28
gfx1200,c64-wave2.hsaco,mh_ffn_fused_c128_tiled_project_g128_qkv,False,1617,1686,69,10752,11088,82,82,32,16,10816,10816,0,0,32,32,64,64
gfx1200,c64-wave2.hsaco,mh_ffn_fused_c128_tiled_project_mapped_g128_qkv,False,1776,1854,78,11620,11972,83,83,38,24,10816,10816,0,0,32,32,64,64
gfx1200,c64-wave2.hsaco,mh_ffn_fused_c256,False,1003,1165,162,6676,8228,73,101,11,11,16448,16448,0,0,32,32,28,28
gfx1200,c64-wave2.hsaco,mh_ffn_fused_c256_frag_project_g128_qkv,False,1778,1762,-16,12036,11972,97,97,15,15,21568,21568,0,0,32,32,64,64
gfx1200,c64-wave2.hsaco,mh_ffn_fused_c256_frag_project_g128_qkv_bytein_fb,False,1717,1725,8,11760,11792,97,97,15,15,21568,21568,0,0,32,32,64,64
gfx1200,c64-wave2.hsaco,mh_ffn_fused_c256_frag_project_g128_qkv_fb,False,1750,1752,2,11900,11904,97,97,15,15,21568,21568,0,0,32,32,64,64
gfx1200,c64-wave2.hsaco,mh_ffn_fused_c256_frag_project_mapped_g128_qkv,False,1915,1897,-18,12812,12780,97,96,23,23,21568,21568,0,0,32,32,64,64
gfx1200,c64-wave2.hsaco,mh_ffn_fused_c256_frag_project_mapped_g128_qkv_bytein_fb,False,1918,1931,13,13128,13164,99,99,21,21,21568,21568,0,0,32,32,64,64
gfx1200,c64-wave2.hsaco,mh_ffn_fused_c256_frag_project_mapped_g128_qkv_fb,False,1952,1941,-11,13044,13028,97,96,24,24,21568,21568,0,0,32,32,64,64
gfx1200,c64-wave2.hsaco,mh_ffn_fused_c256_tiled,False,911,901,-10,6088,6068,74,71,11,11,16448,16448,0,0,32,32,28,28
gfx1200,c64-wave2.hsaco,mh_ffn_fused_c256_tiled_project,False,1102,1081,-21,7380,7304,74,71,13,13,16448,16448,0,0,32,32,28,28
gfx1200,c64-wave2.hsaco,mh_ffn_fused_c256_tiled_project_g128,False,1193,1156,-37,8120,7976,77,77,26,11,16448,16448,0,0,32,32,28,28
gfx1200,c64-wave2.hsaco,mh_ffn_fused_c256_tiled_project_g128_qkv,False,1802,1792,-10,12020,11928,81,81,30,15,21568,21568,0,0,32,32,64,64
gfx1200,c64-wave2.hsaco,mh_ffn_fused_c256_tiled_project_g128_qkv_bytein_fb,False,1743,1719,-24,11716,11640,80,80,30,15,21568,21568,0,0,32,32,64,64
gfx1200,c64-wave2.hsaco,mh_ffn_fused_c256_tiled_project_g128_qkv_fb,False,1786,1781,-5,11928,11856,81,81,30,15,21568,21568,0,0,32,32,64,64
gfx1200,c64-wave2.hsaco,mh_ffn_fused_c256_tiled_project_mapped,False,1585,1553,-32,9844,9724,74,71,26,26,16448,16448,0,0,32,32,48,48
gfx1200,c64-wave2.hsaco,mh_ffn_fused_c256_tiled_project_mapped_g128,False,1679,1639,-40,10576,10424,77,77,32,26,16448,16448,0,0,32,32,48,48
gfx1200,c64-wave2.hsaco,mh_ffn_fused_c256_tiled_project_mapped_g128_qkv,False,1950,1942,-8,12792,12748,81,81,37,23,21568,21568,0,0,32,32,64,64
gfx1200,c64-wave2.hsaco,mh_ffn_fused_c256_tiled_project_mapped_g128_qkv_bytein_fb,False,1915,1916,1,12920,12840,81,81,30,21,21568,21568,0,0,32,32,64,64
gfx1200,c64-wave2.hsaco,mh_ffn_fused_c256_tiled_project_mapped_g128_qkv_fb,False,1988,2000,12,13024,13076,81,81,38,24,21568,21568,0,0,32,32,64,64
gfx1200,c64-wave2.hsaco,mh_ffn_fused_c64,False,721,741,20,5084,5192,100,97,15,15,4160,4160,0,0,32,32,28,28
gfx1200,c64-wave2.hsaco,mh_ffn_fused_c64_frag_project_g128_qkv,False,1352,1354,2,8772,8816,96,96,16,16,5440,5440,0,0,32,32,64,64
gfx1200,c64-wave2.hsaco,mh_ffn_fused_c64_frag_project_mapped_g128_qkv,False,1469,1482,13,9436,9432,97,96,25,25,5440,5440,0,0,32,32,64,64
gfx1200,c64-wave2.hsaco,mh_ffn_fused_c64_project,False,904,922,18,6268,6352,100,98,18,18,4160,4160,0,0,32,32,28,28
gfx1200,c64-wave2.hsaco,mh_ffn_fused_c64_project_g128,False,884,910,26,6072,6164,100,98,19,18,4160,4160,0,0,32,32,28,28
gfx1200,c64-wave2.hsaco,mh_ffn_fused_c64_project_g128_qkv,False,1283,1289,6,8364,8412,98,98,16,19,5440,5440,0,0,32,32,64,64
gfx1200,c64-wave2.hsaco,mh_ffn_fused_c64_project_g128_qkv_bn,False,1153,1130,-23,7784,7772,98,97,16,21,9792,9792,0,0,32,32,64,64
gfx1200,c64-wave2.hsaco,mh_ffn_fused_c64_project_g128_qkv_bytein_fb,False,1237,1241,4,8064,8148,96,95,15,19,5440,5440,0,0,32,32,64,64
gfx1200,c64-wave2.hsaco,mh_ffn_fused_c64_project_g128_qkv_fb,False,1261,1271,10,8232,8312,98,98,16,19,5440,5440,0,0,32,32,64,64
gfx1200,c64-wave2.hsaco,mh_ffn_fused_c64_project_mapped,False,1380,1400,20,8608,8680,101,98,28,28,4160,4160,0,0,32,32,48,48
gfx1200,c64-wave2.hsaco,mh_ffn_fused_c64_project_mapped_g128,False,1354,1381,27,8404,8500,100,99,28,28,4160,4160,0,0,32,32,48,48
gfx1200,c64-wave2.hsaco,mh_ffn_fused_c64_project_mapped_g128_qkv,False,1393,1402,9,8964,9072,96,100,25,27,5440,5440,0,0,32,32,64,64
gfx1200,c64-wave2.hsaco,mh_ffn_fused_c64_project_mapped_g128_qkv_bn,False,1262,1287,25,8420,8536,98,97,25,26,9792,9792,0,0,32,32,64,64
gfx1200,c64-wave2.hsaco,mh_ffn_fused_c64_project_mapped_g128_qkv_bytein_fb,False,1304,1336,32,8712,8868,97,97,20,20,5440,5440,0,0,32,32,64,64
gfx1200,c64-wave2.hsaco,mh_ffn_fused_c64_project_mapped_g128_qkv_fb,False,1373,1388,15,8856,8952,96,99,25,27,5440,5440,0,0,32,32,64,64
gfx1200,c64-wave2.hsaco,mh_ffn_fused_c64_tiled,False,939,1382,443,6252,9960,75,110,12,12,4160,4160,0,0,32,32,28,28
gfx1200,c64-wave2.hsaco,mh_ffn_fused_c64_tiled_project_g128_qkv,False,1565,1769,204,10280,12032,81,105,32,16,5440,5440,0,0,32,32,64,64
gfx1200,c64-wave2.hsaco,mh_ffn_fused_c64_tiled_project_mapped_g128_qkv,False,1660,1894,234,10780,12652,82,104,38,25,5440,5440,0,0,32,32,64,64
gfx1200,c64-wave2.hsaco,mh_ffn_project_fast,False,585,592,7,3212,3240,32,32,18,18,4608,4608,0,0,32,32,40,40
gfx1200,c64-wave2.hsaco,mh_ffn_project_fast_fp8,False,552,559,7,2980,3008,33,33,18,18,4608,4608,0,0,32,32,40,40
gfx1200,c64-wave2.hsaco,mh_pool_project_fused_c128,False,3445,3437,-8,17628,17616,152,152,22,21,0,0,144,144,32,32,44,44
gfx1200,c64-wave2.hsaco,mh_pool_project_fused_c256,False,3884,3873,-11,20332,20284,192,192,22,21,0,0,272,272,32,32,44,44
gfx1200,c64-wave2.hsaco,mh_pool_project_fused_c64,False,6334,6352,18,32732,32816,128,128,80,79,0,0,0,0,32,32,44,44
gfx1200,c64-wave2.hsaco,mh_pool_project_group_c128,False,2289,2612,323,11568,13220,98,146,29,28,4352,4352,0,0,32,32,44,44
gfx1200,c64-wave2.hsaco,mh_pool_project_group_c256,False,2283,2286,3,11540,11544,98,98,29,28,8448,8448,0,0,32,32,44,44
gfx1200,c64-wave2.hsaco,mh_pool_project_group_c64,False,2331,2381,50,11768,11968,100,102,29,28,2304,2304,0,0,32,32,44,44
gfx1200,c64-wave2.hsaco,mh_pool_project_production,False,1314,1336,22,6656,6780,48,47,21,36,0,0,0,0,32,32,44,44
gfx1200,c64-wave2.hsaco,mh_pool_project_production_h16w,False,1387,1413,26,7040,7160,62,62,20,20,0,0,0,0,32,32,44,44
gfx1200,c64-wave2.hsaco,mh_probabilities_fast,False,572,577,5,3284,3304,50,50,12,12,0,0,0,0,32,32,24,24
gfx1200,c64-wave2.hsaco,mh_qkv_fast,False,340,347,7,1796,1824,26,26,16,16,4608,4608,0,0,32,32,32,32
gfx1200,c64-wave2.hsaco,mh_qkv_normalize_fast,False,1115,1116,1,6532,6536,110,110,11,11,0,0,0,0,32,32,32,32
gfx1200,c64-wave2.hsaco,mh_qkv_normalize_fast_wave,False,395,396,1,2080,2084,9,9,11,11,0,0,0,0,32,32,32,32
gfx1200,c64-wave2.hsaco,mh_qkv_normalize_fast_wave_fp8,False,396,397,1,2072,2076,7,7,11,11,0,0,0,0,32,32,32,32
gfx1200,c64-wave2.hsaco,mh_qkv_normalize_frag_c512,False,1249,1277,28,7672,7840,90,124,18,18,4420,4420,0,0,32,32,28,28
gfx1200,c64-wave2.hsaco,mh_qkv_normalize_fused,False,2335,2312,-23,13492,13204,45,45,18,18,21760,21760,0,0,32,32,32,32
gfx1200,c64-wave2.hsaco,mh_qkv_normalize_wave_c512,False,1146,1729,583,6876,10920,72,233,14,14,17680,17680,0,0,32,32,28,28
gfx1200,c64-wave2.hsaco,mh_scores_exp_fast,False,1108,1088,-20,6156,6176,67,68,16,15,0,0,0,0,32,32,36,36
gfx1200,deep_fast-packed.hsaco,decoder_project2x,False,587,589,2,3168,3192,40,40,25,25,0,0,0,0,32,32,56,56
gfx1200,deep_fast-packed.hsaco,decoder_project2x_h16w,False,5940,5984,44,32664,32880,64,64,34,34,0,0,0,0,32,32,56,56
gfx1200,deep_fast-packed.hsaco,decoder_project2x_h16w_byteout,False,5978,6017,39,32788,32980,64,64,34,34,0,0,0,0,32,32,56,56
gfx1200,deep_fast-packed.hsaco,reuse_decide,False,396,398,2,2020,2028,14,14,17,17,0,0,0,0,32,32,60,60
gfx1200,deep_fast-packed.hsaco,reuse_finish,False,646,654,8,3864,3896,11,11,27,27,0,0,0,0,32,32,84,84
gfx1200,deep_fast-packed.hsaco,reuse_image_commit,False,161,168,7,968,996,5,5,8,8,0,0,0,0,32,32,28,28
gfx1200,deep_fast-packed.hsaco,reuse_image_stats,False,250,251,1,1360,1364,14,14,22,22,0,0,0,0,32,32,48,48
gfx1200,deep_fast-packed.hsaco,reuse_token_stats,False,218,218,0,1180,1180,14,14,17,17,0,0,0,0,32,32,48,48
gfx1200,deep_fast-packed.hsaco,split_contract,False,198,198,0,1156,1156,33,33,12,12,0,0,0,0,32,32,28,28
gfx1200,deep_fast-packed.hsaco,split_contract_fp8,False,202,202,0,1176,1176,31,31,12,12,0,0,0,0,32,32,28,28
gfx1200,deep_fast-packed.hsaco,split_expand,False,238,238,0,1452,1452,33,33,12,12,0,0,0,0,32,32,28,28
gfx1200,deep_fast-packed.hsaco,split_expand_fp8,False,254,254,0,1556,1556,33,33,12,12,0,0,0,0,32,32,28,28
gfx1200,deep_fast-packed.hsaco,split_ffn_fused,False,1078,1079,1,6560,6600,60,59,15,15,4160,4160,0,0,32,32,28,28
gfx1200,deep_fast-packed.hsaco,split_ffn_fused_fp8,False,855,866,11,5580,5660,102,101,11,11,4160,4160,0,0,32,32,28,28
gfx1200,deep_fast-packed.hsaco,split_ffn_fused_fp8_mix,False,980,960,-20,6280,6172,103,110,13,12,6464,6464,0,0,32,32,28,28
gfx1200,deep_fast-packed.hsaco,split_ffn_fused_fp8_t8,False,919,930,11,6140,6192,111,111,14,14,4160,4160,0,0,32,32,36,36
gfx1200,deep_fast-packed.hsaco,split_mix,False,200,200,0,1160,1160,35,35,11,11,0,0,0,0,32,32,28,28
gfx1200,deep_fast-packed.hsaco,split_mix_blocked,False,514,526,12,3084,3164,80,80,11,11,0,0,0,0,32,32,28,28
gfx1200,deep_fast-packed.hsaco,split_mix_blocked_h16w,False,497,518,21,3032,3152,91,91,11,11,0,0,0,0,32,32,28,28
gfx1200,deep_fast-packed.hsaco,split_projection,False,245,240,-5,1500,1488,32,32,12,12,0,0,0,0,32,32,36,36
gfx1200,deep_fast-packed.hsaco,split_projection_blocked,False,667,681,14,4048,4188,68,74,12,12,0,0,0,0,32,32,36,36
gfx1200,deep_fast-packed.hsaco,split_projection_blocked_t8,False,878,929,51,5528,5688,74,75,16,16,0,0,0,0,32,32,44,44
gfx1200,deep_fast-packed.hsaco,split_projection_frag,False,859,930,71,5348,5836,83,102,17,17,0,0,0,0,32,32,44,44
gfx1200,deep_fast-packed.hsaco,vit_attention_av_fast,False,486,486,0,3092,3068,48,48,17,17,0,0,0,0,32,32,48,48
gfx1200,deep_fast-packed.hsaco,vit_attention_fused_256,False,1197,1238,41,7588,7912,91,91,16,16,1536,1536,0,0,32,32,32,32
gfx1200,deep_fast-packed.hsaco,vit_attention_fused_256_bytein,False,938,962,24,5568,5732,75,75,17,17,1536,1536,0,0,32,32,32,32
gfx1200,deep_fast-packed.hsaco,vit_attention_fused_256_bytein_bout,False,958,977,19,5732,5844,75,75,17,17,1536,1536,0,0,32,32,32,32
gfx1200,deep_fast-packed.hsaco,vit_attention_fused_400,False,1197,1238,41,7588,7912,91,91,16,16,1536,1536,0,0,32,32,32,32
gfx1200,deep_fast-packed.hsaco,vit_attention_fused_400_bytein,False,938,962,24,5568,5732,75,75,17,17,1536,1536,0,0,32,32,32,32
gfx1200,deep_fast-packed.hsaco,vit_attention_fused_400_bytein_bout,False,942,954,12,5600,5684,72,72,16,16,0,0,0,0,32,32,32,32
gfx1200,deep_fast-packed.hsaco,vit_attention_fused_640,False,1197,1238,41,7588,7912,91,91,16,16,1536,1536,0,0,32,32,32,32
gfx1200,deep_fast-packed.hsaco,vit_attention_fused_640_bytein,False,938,962,24,5568,5732,75,75,17,17,1536,1536,0,0,32,32,32,32
gfx1200,deep_fast-packed.hsaco,vit_attention_fused_640_bytein_bout,False,942,954,12,5600,5684,72,72,16,16,0,0,0,0,32,32,32,32
gfx1200,deep_fast-packed.hsaco,vit_attention_inverse_fast,False,265,266,1,1584,1588,34,34,10,10,0,0,0,0,32,32,32,32
gfx1200,deep_fast-packed.hsaco,vit_attention_scores_fast,False,771,772,1,4552,4556,66,66,13,13,0,0,0,0,32,32,32,32
gfx1200,deep_fast-packed.hsaco,vit_contract_blocked_fp8,False,1830,1868,38,12132,12324,235,241,26,26,0,0,0,0,32,32,56,56
gfx1200,deep_fast-packed.hsaco,vit_contract_blocked_fp8_bstream,False,1872,1936,64,12488,12732,234,237,26,26,0,0,0,0,32,32,56,56
gfx1200,deep_fast-packed.hsaco,vit_contract_blocked_fp8_frag,False,1077,1090,13,7160,7260,205,211,12,12,0,0,0,0,32,32,56,56
gfx1200,deep_fast-packed.hsaco,vit_contract_blocked_fp8_hstream,False,1862,1908,46,12272,12480,235,241,26,26,0,0,0,0,32,32,56,56
gfx1200,deep_fast-packed.hsaco,vit_contract_blocked_fp8_tiled,False,743,762,19,4632,4708,104,113,21,14,0,0,0,0,32,32,56,56
gfx1200,deep_fast-packed.hsaco,vit_contract_blocked_fp8_tiled_bstream,False,822,832,10,5052,5152,103,109,21,14,0,0,0,0,32,32,56,56
gfx1200,deep_fast-packed.hsaco,vit_contract_blocked_fp8_tiled_hstream,False,789,809,20,4760,4924,103,112,21,14,0,0,0,0,32,32,56,56
gfx1200,deep_fast-packed.hsaco,vit_contract_combine,False,96,97,1,556,560,14,14,11,11,0,0,0,0,32,32,48,48
gfx1200,deep_fast-packed.hsaco,vit_contract_parts_blocked_fp8,False,312,198,-114,2032,1352,53,48,14,14,0,0,0,0,32,32,40,40
gfx1200,deep_fast-packed.hsaco,vit_contract_parts_blocked_fp8_tiled,False,406,281,-125,2720,1968,71,70,16,14,0,0,0,0,32,32,40,40
gfx1200,deep_fast-packed.hsaco,vit_contract_parts_fp8,False,157,159,2,864,876,23,23,14,14,0,0,0,0,32,32,40,40
gfx1200,deep_fast-packed.hsaco,vit_expand,False,356,355,-1,2200,2200,32,32,14,14,0,0,0,0,32,32,48,48
gfx1200,deep_fast-packed.hsaco,vit_expand_blocked_fp8,False,810,810,0,5244,5244,69,69,14,14,0,0,0,0,32,32,48,48
gfx1200,deep_fast-packed.hsaco,vit_expand_blocked_fp8_bytein,False,723,723,0,4592,4592,55,55,14,14,0,0,0,0,32,32,48,48
gfx1200,deep_fast-packed.hsaco,vit_expand_blocked_fp8_frag_bytein,False,1329,1368,39,8804,8968,77,77,23,25,0,0,0,0,32,32,48,48
gfx1200,deep_fast-packed.hsaco,vit_expand_blocked_fp8_frag_bytein_m2,False,1335,1336,1,8696,8704,86,86,22,25,0,0,0,0,32,32,48,48
gfx1200,deep_fast-packed.hsaco,vit_expand_blocked_fp8_frag_bytein_m4,False,2595,2598,3,17012,16992,154,154,27,30,0,0,0,0,32,32,48,48
gfx1200,deep_fast-packed.hsaco,vit_expand_blocked_fp8_frag_tiledin,False,711,713,2,4572,4580,46,46,23,25,0,0,0,0,32,32,48,48
gfx1200,deep_fast-packed.hsaco,vit_expand_blocked_fp8_tiled,False,883,886,3,5804,5812,95,94,20,23,0,0,0,0,32,32,48,48
gfx1200,deep_fast-packed.hsaco,vit_expand_blocked_fp8_tiled_bytein,False,782,781,-1,5132,5132,73,73,18,22,0,0,0,0,32,32,48,48
gfx1200,deep_fast-packed.hsaco,vit_expand_blocked_fp8_tiled_bytein_m4,False,2668,2668,0,17556,17536,153,153,25,27,0,0,0,0,32,32,48,48
gfx1200,deep_fast-packed.hsaco,vit_expand_fp8,False,351,350,-1,2156,2156,32,32,14,14,0,0,0,0,32,32,48,48
gfx1200,deep_fast-packed.hsaco,vit_ffn_fused,False,1493,1492,-1,9660,9728,151,161,14,14,16640,16640,0,0,32,32,56,56
gfx1200,deep_fast-packed.hsaco,vit_pack_input,False,57,57,0,340,340,7,7,7,7,0,0,0,0,32,32,32,32
gfx1200,deep_fast-packed.hsaco,vit_pack_input_tiled,False,57,57,0,352,352,10,10,7,7,0,0,0,0,32,32,32,32
gfx1200,deep_fast-packed.hsaco,vit_project,False,1285,1287,2,8192,8200,77,77,20,20,0,0,0,0,32,32,56,56
gfx1200,deep_fast-packed.hsaco,vit_project_bytein_bout,False,586,597,11,4088,4136,98,98,14,14,0,0,0,0,32,32,56,56
gfx1200,deep_fast-packed.hsaco,vit_project_bytein_bout_hskip,False,593,605,12,4128,4180,99,99,14,14,0,0,0,0,32,32,56,56
gfx1200,deep_fast-packed.hsaco,vit_project_fp8,False,1310,1327,17,8336,8408,90,90,20,20,0,0,0,0,32,32,56,56
gfx1200,deep_fast-packed.hsaco,vit_project_frag,False,1850,1861,11,11692,11744,79,79,34,34,0,0,0,0,32,32,56,56
gfx1200,deep_fast-packed.hsaco,vit_qkv_normalize,False,478,478,0,2724,2724,31,31,18,18,0,0,0,0,32,32,40,40
gfx1200,deep_fast-packed.hsaco,vit_qkv_project,False,215,221,6,1204,1228,32,32,14,14,0,0,0,0,32,32,40,40
gfx1200,deep_fast-packed.hsaco,vit_qkv_project_blocked,False,266,227,-39,1604,1384,48,48,13,13,0,0,0,0,32,32,40,40
gfx1200,deep_fast-packed.hsaco,vit_qkv_project_normalize_fused,False,848,958,110,4768,5320,51,50,22,18,2112,2112,0,0,32,32,40,40
gfx1200,deep_fast-packed.hsaco,vit_qkv_project_normalize_fused_f16compact,False,853,957,104,4868,5364,60,58,22,22,2112,2112,0,0,32,32,40,40
gfx1200,deep_fast-packed.hsaco,vit_qkv_project_normalize_fused_f16compact_fp8,False,777,767,-10,4516,4352,60,58,22,22,2112,2112,0,0,32,32,40,40
gfx1200,deep_fast-packed.hsaco,vit_qkv_project_normalize_fused_f16compact_fp8_bytein,False,776,818,42,4488,4680,58,91,22,22,2112,2112,0,0,32,32,40,40
gfx1200,deep_fast-packed.hsaco,vit_qkv_project_normalize_fused_f16compact_fp8_frag,False,766,767,1,4440,4348,59,58,22,22,2112,2112,0,0,32,32,40,40
gfx1200,deep_fast-packed.hsaco,vit_qkv_project_normalize_fused_f16compact_fp8_h16in,False,1164,1198,34,7860,7908,96,95,22,22,2112,2112,0,0,32,32,40,40
gfx1200,deep_fast-packed.hsaco,vit_qkv_project_normalize_fused_f16compact_fp8_h16in_n4,False,1392,1408,16,8424,8264,192,192,22,22,4160,4160,0,0,32,32,40,40
gfx1200,deep_fast-packed.hsaco,vit_qkv_project_normalize_fused_f16weight,False,854,960,106,4876,5380,60,58,22,22,2112,2112,0,0,32,32,40,40
gfx1200,deep_fast.hsaco,decoder_project2x,False,587,589,2,3168,3192,40,40,25,25,0,0,0,0,32,32,56,56
gfx1200,deep_fast.hsaco,decoder_project2x_h16w,False,5940,5984,44,32664,32880,64,64,34,34,0,0,0,0,32,32,56,56
gfx1200,deep_fast.hsaco,decoder_project2x_h16w_byteout,False,5978,6017,39,32788,32980,64,64,34,34,0,0,0,0,32,32,56,56
gfx1200,deep_fast.hsaco,reuse_decide,False,396,398,2,2020,2028,14,14,17,17,0,0,0,0,32,32,60,60
gfx1200,deep_fast.hsaco,reuse_finish,False,646,654,8,3864,3896,11,11,27,27,0,0,0,0,32,32,84,84
gfx1200,deep_fast.hsaco,reuse_image_commit,False,161,168,7,968,996,5,5,8,8,0,0,0,0,32,32,28,28
gfx1200,deep_fast.hsaco,reuse_image_stats,False,250,251,1,1360,1364,14,14,22,22,0,0,0,0,32,32,48,48
gfx1200,deep_fast.hsaco,reuse_token_stats,False,218,218,0,1180,1180,14,14,17,17,0,0,0,0,32,32,48,48
gfx1200,deep_fast.hsaco,split_contract,False,198,198,0,1156,1156,33,33,12,12,0,0,0,0,32,32,28,28
gfx1200,deep_fast.hsaco,split_contract_fp8,False,202,202,0,1176,1176,31,31,12,12,0,0,0,0,32,32,28,28
gfx1200,deep_fast.hsaco,split_expand,False,238,238,0,1452,1452,33,33,12,12,0,0,0,0,32,32,28,28
gfx1200,deep_fast.hsaco,split_expand_fp8,False,254,254,0,1556,1556,33,33,12,12,0,0,0,0,32,32,28,28
gfx1200,deep_fast.hsaco,split_ffn_fused,False,1078,1079,1,6560,6600,60,59,15,15,4160,4160,0,0,32,32,28,28
gfx1200,deep_fast.hsaco,split_ffn_fused_fp8,False,855,866,11,5580,5660,102,101,11,11,4160,4160,0,0,32,32,28,28
gfx1200,deep_fast.hsaco,split_ffn_fused_fp8_mix,False,980,960,-20,6280,6172,103,110,13,12,6464,6464,0,0,32,32,28,28
gfx1200,deep_fast.hsaco,split_ffn_fused_fp8_t8,False,919,930,11,6140,6192,111,111,14,14,4160,4160,0,0,32,32,36,36
gfx1200,deep_fast.hsaco,split_mix,False,200,200,0,1160,1160,35,35,11,11,0,0,0,0,32,32,28,28
gfx1200,deep_fast.hsaco,split_mix_blocked,False,514,526,12,3084,3164,80,80,11,11,0,0,0,0,32,32,28,28
gfx1200,deep_fast.hsaco,split_mix_blocked_h16w,False,497,518,21,3032,3152,91,91,11,11,0,0,0,0,32,32,28,28
gfx1200,deep_fast.hsaco,split_projection,False,291,278,-13,1884,1816,48,46,12,12,0,0,0,0,32,32,36,36
gfx1200,deep_fast.hsaco,split_projection_blocked,False,798,821,23,5104,5284,93,99,12,12,0,0,0,0,32,32,36,36
gfx1200,deep_fast.hsaco,split_projection_blocked_t8,False,1011,1038,27,6628,6680,98,100,16,16,0,0,0,0,32,32,44,44
gfx1200,deep_fast.hsaco,split_projection_frag,False,859,930,71,5348,5836,83,102,17,17,0,0,0,0,32,32,44,44
gfx1200,deep_fast.hsaco,vit_attention_av_fast,False,486,486,0,3092,3068,48,48,17,17,0,0,0,0,32,32,48,48
gfx1200,deep_fast.hsaco,vit_attention_fused_256,False,1197,1238,41,7588,7912,91,91,16,16,1536,1536,0,0,32,32,32,32
gfx1200,deep_fast.hsaco,vit_attention_fused_256_bytein,False,938,962,24,5568,5732,75,75,17,17,1536,1536,0,0,32,32,32,32
gfx1200,deep_fast.hsaco,vit_attention_fused_256_bytein_bout,False,958,977,19,5732,5844,75,75,17,17,1536,1536,0,0,32,32,32,32
gfx1200,deep_fast.hsaco,vit_attention_fused_400,False,1197,1238,41,7588,7912,91,91,16,16,1536,1536,0,0,32,32,32,32
gfx1200,deep_fast.hsaco,vit_attention_fused_400_bytein,False,938,962,24,5568,5732,75,75,17,17,1536,1536,0,0,32,32,32,32
gfx1200,deep_fast.hsaco,vit_attention_fused_400_bytein_bout,False,958,977,19,5732,5844,75,75,17,17,1536,1536,0,0,32,32,32,32
gfx1200,deep_fast.hsaco,vit_attention_fused_640,False,1197,1238,41,7588,7912,91,91,16,16,1536,1536,0,0,32,32,32,32
gfx1200,deep_fast.hsaco,vit_attention_fused_640_bytein,False,938,962,24,5568,5732,75,75,17,17,1536,1536,0,0,32,32,32,32
gfx1200,deep_fast.hsaco,vit_attention_fused_640_bytein_bout,False,958,977,19,5732,5844,75,75,17,17,1536,1536,0,0,32,32,32,32
gfx1200,deep_fast.hsaco,vit_attention_inverse_fast,False,265,266,1,1584,1588,34,34,10,10,0,0,0,0,32,32,32,32
gfx1200,deep_fast.hsaco,vit_attention_scores_fast,False,771,772,1,4552,4556,66,66,13,13,0,0,0,0,32,32,32,32
gfx1200,deep_fast.hsaco,vit_contract_blocked_fp8,False,1830,1868,38,12132,12324,235,241,26,26,0,0,0,0,32,32,56,56
gfx1200,deep_fast.hsaco,vit_contract_blocked_fp8_bstream,False,1872,1936,64,12488,12732,234,237,26,26,0,0,0,0,32,32,56,56
gfx1200,deep_fast.hsaco,vit_contract_blocked_fp8_frag,False,1077,1090,13,7160,7260,205,211,12,12,0,0,0,0,32,32,56,56
gfx1200,deep_fast.hsaco,vit_contract_blocked_fp8_hstream,False,1862,1908,46,12272,12480,235,241,26,26,0,0,0,0,32,32,56,56
gfx1200,deep_fast.hsaco,vit_contract_blocked_fp8_tiled,False,743,762,19,4632,4708,104,113,21,14,0,0,0,0,32,32,56,56
gfx1200,deep_fast.hsaco,vit_contract_blocked_fp8_tiled_bstream,False,822,832,10,5052,5152,103,109,21,14,0,0,0,0,32,32,56,56
gfx1200,deep_fast.hsaco,vit_contract_blocked_fp8_tiled_hstream,False,789,809,20,4760,4924,103,112,21,14,0,0,0,0,32,32,56,56
gfx1200,deep_fast.hsaco,vit_contract_combine,False,96,97,1,556,560,14,14,11,11,0,0,0,0,32,32,48,48
gfx1200,deep_fast.hsaco,vit_contract_parts_blocked_fp8,False,312,198,-114,2032,1352,53,48,14,14,0,0,0,0,32,32,40,40
gfx1200,deep_fast.hsaco,vit_contract_parts_blocked_fp8_tiled,False,406,281,-125,2720,1968,71,70,16,14,0,0,0,0,32,32,40,40
gfx1200,deep_fast.hsaco,vit_contract_parts_fp8,False,207,212,5,1240,1260,32,32,15,15,0,0,0,0,32,32,40,40
gfx1200,deep_fast.hsaco,vit_expand,False,432,432,0,2812,2808,48,48,14,14,0,0,0,0,32,32,48,48
gfx1200,deep_fast.hsaco,vit_expand_blocked_fp8,False,810,810,0,5244,5244,69,69,14,14,0,0,0,0,32,32,48,48
gfx1200,deep_fast.hsaco,vit_expand_blocked_fp8_bytein,False,723,723,0,4592,4592,55,55,14,14,0,0,0,0,32,32,48,48
gfx1200,deep_fast.hsaco,vit_expand_blocked_fp8_frag_bytein,False,1329,1368,39,8804,8968,77,77,23,25,0,0,0,0,32,32,48,48
gfx1200,deep_fast.hsaco,vit_expand_blocked_fp8_frag_bytein_m2,False,1335,1336,1,8696,8704,86,86,22,25,0,0,0,0,32,32,48,48
gfx1200,deep_fast.hsaco,vit_expand_blocked_fp8_frag_bytein_m4,False,2595,2598,3,17012,16992,154,154,27,30,0,0,0,0,32,32,48,48
gfx1200,deep_fast.hsaco,vit_expand_blocked_fp8_frag_tiledin,False,711,713,2,4572,4580,46,46,23,25,0,0,0,0,32,32,48,48
gfx1200,deep_fast.hsaco,vit_expand_blocked_fp8_tiled,False,883,886,3,5804,5812,95,94,20,23,0,0,0,0,32,32,48,48
gfx1200,deep_fast.hsaco,vit_expand_blocked_fp8_tiled_bytein,False,782,781,-1,5132,5132,73,73,18,22,0,0,0,0,32,32,48,48
gfx1200,deep_fast.hsaco,vit_expand_blocked_fp8_tiled_bytein_m4,False,2668,2668,0,17556,17536,153,153,25,27,0,0,0,0,32,32,48,48
gfx1200,deep_fast.hsaco,vit_expand_fp8,False,427,427,0,2768,2764,48,48,14,14,0,0,0,0,32,32,48,48
gfx1200,deep_fast.hsaco,vit_ffn_fused,False,1493,1492,-1,9660,9728,151,161,14,14,16640,16640,0,0,32,32,56,56
gfx1200,deep_fast.hsaco,vit_pack_input,False,57,57,0,340,340,7,7,7,7,0,0,0,0,32,32,32,32
gfx1200,deep_fast.hsaco,vit_pack_input_tiled,False,57,57,0,352,352,10,10,7,7,0,0,0,0,32,32,32,32
gfx1200,deep_fast.hsaco,vit_project,False,1443,1400,-43,9372,9204,90,90,32,19,0,0,0,0,32,32,56,56
gfx1200,deep_fast.hsaco,vit_project_bytein_bout,False,644,649,5,4024,4052,55,55,14,14,0,0,0,0,32,32,56,56
gfx1200,deep_fast.hsaco,vit_project_bytein_bout_hskip,False,650,655,5,4056,4084,55,55,14,14,0,0,0,0,32,32,56,56
gfx1200,deep_fast.hsaco,vit_project_fp8,False,1274,1273,-1,8140,8136,77,77,19,19,0,0,0,0,32,32,56,56
gfx1200,deep_fast.hsaco,vit_project_frag,False,1850,1861,11,11692,11744,79,79,34,34,0,0,0,0,32,32,56,56
gfx1200,deep_fast.hsaco,vit_qkv_normalize,False,478,478,0,2724,2724,31,31,18,18,0,0,0,0,32,32,40,40
gfx1200,deep_fast.hsaco,vit_qkv_project,False,215,221,6,1204,1228,32,32,14,14,0,0,0,0,32,32,40,40
gfx1200,deep_fast.hsaco,vit_qkv_project_blocked,False,266,227,-39,1604,1384,48,48,13,13,0,0,0,0,32,32,40,40
gfx1200,deep_fast.hsaco,vit_qkv_project_normalize_fused,False,848,958,110,4768,5320,51,50,22,18,2112,2112,0,0,32,32,40,40
gfx1200,deep_fast.hsaco,vit_qkv_project_normalize_fused_f16compact,False,853,957,104,4868,5364,60,58,22,22,2112,2112,0,0,32,32,40,40
gfx1200,deep_fast.hsaco,vit_qkv_project_normalize_fused_f16compact_fp8,False,777,767,-10,4516,4352,60,58,22,22,2112,2112,0,0,32,32,40,40
gfx1200,deep_fast.hsaco,vit_qkv_project_normalize_fused_f16compact_fp8_bytein,False,776,818,42,4488,4680,58,91,22,22,2112,2112,0,0,32,32,40,40
gfx1200,deep_fast.hsaco,vit_qkv_project_normalize_fused_f16compact_fp8_frag,False,766,767,1,4440,4348,59,58,22,22,2112,2112,0,0,32,32,40,40
gfx1200,deep_fast.hsaco,vit_qkv_project_normalize_fused_f16compact_fp8_h16in,False,1164,1198,34,7860,7908,96,95,22,22,2112,2112,0,0,32,32,40,40
gfx1200,deep_fast.hsaco,vit_qkv_project_normalize_fused_f16compact_fp8_h16in_n4,False,1392,1408,16,8424,8264,192,192,22,22,4160,4160,0,0,32,32,40,40
gfx1200,deep_fast.hsaco,vit_qkv_project_normalize_fused_f16weight,False,854,960,106,4876,5380,60,58,22,22,2112,2112,0,0,32,32,40,40
gfx1200,deep_reference.hsaco,decoder_project2x,False,1315,1331,16,7484,7520,15,14,20,20,0,0,0,0,32,32,56,56
gfx1200,deep_reference.hsaco,split_contract,False,202,209,7,1176,1200,70,70,10,10,0,0,0,0,32,32,28,28
gfx1200,deep_reference.hsaco,split_expand,False,224,232,8,1236,1264,70,70,10,10,0,0,0,0,32,32,28,28
gfx1200,deep_reference.hsaco,split_mix,False,196,204,8,1140,1168,71,71,10,10,0,0,0,0,32,32,28,28
gfx1200,deep_reference.hsaco,split_projection,False,205,213,8,1212,1240,71,71,10,10,0,0,0,0,32,32,36,36
gfx1200,deep_reference.hsaco,vit_attention_av,False,261,261,0,1440,1428,16,16,19,19,0,0,0,0,32,32,36,36
gfx1200,deep_reference.hsaco,vit_attention_av_fast,False,176,176,0,968,960,11,11,17,17,0,0,0,0,32,32,36,36
gfx1200,deep_reference.hsaco,vit_attention_inverse,False,419,432,13,2256,2308,51,51,14,14,0,0,0,0,32,32,20,20
gfx1200,deep_reference.hsaco,vit_attention_inverse_fast,False,57,58,1,304,308,7,7,7,7,0,0,0,0,32,32,20,20
gfx1200,deep_reference.hsaco,vit_attention_scores,False,309,311,2,1684,1692,66,66,9,9,0,0,0,0,32,32,20,20
gfx1200,deep_reference.hsaco,vit_attention_scores_fast,False,303,305,2,1660,1668,66,66,9,9,0,0,0,0,32,32,20,20
gfx1200,deep_reference.hsaco,vit_expand,False,748,765,17,4312,4376,11,11,13,13,0,0,0,0,32,32,36,36
gfx1200,deep_reference.hsaco,vit_gather,False,29,30,1,180,184,6,6,10,10,0,0,0,0,32,32,28,28
gfx1200,deep_reference.hsaco,vit_project,False,750,767,17,4448,4512,17,17,13,13,0,0,0,0,32,32,44,44
gfx1200,deep_reference.hsaco,vit_qkv_normalize,False,2495,2495,0,13944,13812,57,57,23,23,0,0,144,144,32,32,28,28
gfx1200,deep_reference.hsaco,vit_qkv_project,False,223,230,7,1212,1240,76,76,12,12,0,0,0,0,32,32,28,28
gfx1200,deep_wmma.hsaco,decoder_project2x,False,5671,5688,17,30744,30496,56,56,25,25,0,0,0,0,32,32,56,56
gfx1200,deep_wmma.hsaco,split_contract,False,635,638,3,3556,3520,53,50,13,14,0,0,0,0,32,32,28,28
gfx1200,deep_wmma.hsaco,split_expand,False,767,762,-5,4232,4180,50,48,14,14,0,0,0,0,32,32,28,28
gfx1200,deep_wmma.hsaco,split_mix,False,624,628,4,3472,3464,50,50,11,11,0,0,0,0,32,32,28,28
gfx1200,deep_wmma.hsaco,split_projection,False,660,666,6,3684,3704,50,50,12,12,0,0,0,0,32,32,36,36
gfx1200,deep_wmma.hsaco,vit_expand,False,1142,1166,24,6360,6432,49,49,16,16,0,0,0,0,32,32,36,36
gfx1200,deep_wmma.hsaco,vit_project,False,2478,2555,77,14048,14344,73,74,18,18,0,0,0,0,32,32,44,44
gfx1200,deep_wmma.hsaco,vit_qkv_project,False,420,381,-39,2368,2124,62,60,14,15,0,0,0,0,32,32,28,28
gfx1200,multihead-fast-packed.hsaco,mh_attention_av_fast,False,564,549,-15,3072,2972,52,52,22,19,0,0,0,0,32,32,36,36
gfx1200,multihead-fast-packed.hsaco,mh_attention_project_fast_matrix,False,2596,2608,12,13924,13960,95,95,52,52,4096,4096,0,0,32,32,44,44
gfx1200,multihead-fast-packed.hsaco,mh_attention_project_fast_scalar,False,1784,1800,16,8776,8840,32,32,21,21,4096,4096,0,0,32,32,44,44
gfx1200,multihead-fast-packed.hsaco,mh_ffn_contract_fast,False,482,490,8,2548,2576,27,27,17,17,4096,4096,0,0,32,32,32,32
gfx1200,multihead-fast-packed.hsaco,mh_ffn_contract_fast_pre,False,289,297,8,1528,1556,27,27,17,17,4096,4096,0,0,32,32,32,32
gfx1200,multihead-fast-packed.hsaco,mh_ffn_contract_fast_rne,False,482,490,8,2548,2576,27,27,17,17,4096,4096,0,0,32,32,32,32
gfx1200,multihead-fast-packed.hsaco,mh_ffn_contract_fast_rtz,False,482,490,8,2548,2576,27,27,17,17,4096,4096,0,0,32,32,32,32
gfx1200,multihead-fast-packed.hsaco,mh_ffn_expand_fast,False,545,547,2,3036,3040,29,29,16,16,4096,4096,0,0,32,32,32,32
gfx1200,multihead-fast-packed.hsaco,mh_ffn_project_fast,False,663,677,14,3568,3624,32,32,18,18,4096,4096,0,0,32,32,40,40
gfx1200,multihead-fast-packed.hsaco,mh_pool_project_production,False,1410,1432,22,7136,7260,48,47,21,36,0,0,0,0,32,32,44,44
gfx1200,multihead-fast-packed.hsaco,mh_probabilities_fast,False,678,692,14,3716,3772,50,50,12,12,0,0,0,0,32,32,24,24
gfx1200,multihead-fast-packed.hsaco,mh_qkv_fast,False,334,342,8,1760,1788,26,26,16,16,4096,4096,0,0,32,32,32,32
gfx1200,multihead-fast-packed.hsaco,mh_qkv_normalize_fast,False,3520,3556,36,20560,20700,148,148,11,11,0,0,0,0,32,32,32,32
gfx1200,multihead-fast-packed.hsaco,mh_scores_exp_fast,False,1108,1088,-20,6156,6176,67,68,16,15,0,0,0,0,32,32,36,36
gfx1200,multihead-fast-padded-wave-packed.hsaco,mh_attention_av_fast,False,444,432,-12,2472,2388,52,52,22,19,0,0,0,0,32,32,36,36
gfx1200,multihead-fast-padded-wave-packed.hsaco,mh_attention_crop,False,2625,2665,40,13160,13320,33,33,36,36,4608,4608,0,0,32,32,64,64
gfx1200,multihead-fast-padded-wave-packed.hsaco,mh_attention_project_fast_matrix,False,2102,2137,35,10684,10824,34,34,28,28,4608,4608,0,0,32,32,44,44
gfx1200,multihead-fast-padded-wave-packed.hsaco,mh_attention_project_fast_matrix_fp8,False,2068,2103,35,10448,10588,34,34,28,28,4608,4608,0,0,32,32,44,44
gfx1200,multihead-fast-padded-wave-packed.hsaco,mh_attention_project_fast_scalar,False,1412,1428,16,6984,7048,32,32,21,21,4608,4608,0,0,32,32,44,44
gfx1200,multihead-fast-padded-wave-packed.hsaco,mh_attention_project_fast_scalar_fp8,False,1378,1394,16,6748,6812,33,33,21,21,4608,4608,0,0,32,32,44,44
gfx1200,multihead-fast-padded-wave-packed.hsaco,mh_attention_project_frag_c512,False,1283,1314,31,6812,6936,80,80,28,28,0,0,0,0,32,32,60,60
gfx1200,multihead-fast-padded-wave-packed.hsaco,mh_ffn_contract_fast,False,399,398,-1,2192,2192,27,27,17,17,4608,4608,0,0,32,32,32,32
gfx1200,multihead-fast-padded-wave-packed.hsaco,mh_ffn_contract_fast_fp8,False,383,383,0,2084,2084,28,28,17,17,4608,4608,0,0,32,32,32,32
gfx1200,multihead-fast-padded-wave-packed.hsaco,mh_ffn_contract_fast_fp8_out,False,349,348,-1,1900,1896,28,28,17,17,4608,4608,0,0,32,32,32,32
gfx1200,multihead-fast-padded-wave-packed.hsaco,mh_ffn_contract_fast_pre,False,296,302,6,1564,1592,27,27,17,17,4608,4608,0,0,32,32,32,32
gfx1200,multihead-fast-padded-wave-packed.hsaco,mh_ffn_contract_fast_rne,False,399,398,-1,2192,2192,27,27,17,17,4608,4608,0,0,32,32,32,32
gfx1200,multihead-fast-padded-wave-packed.hsaco,mh_ffn_contract_fast_rtz,False,399,398,-1,2192,2192,27,27,17,17,4608,4608,0,0,32,32,32,32
gfx1200,multihead-fast-padded-wave-packed.hsaco,mh_ffn_expand_fast,False,461,461,0,2632,2636,29,29,16,16,4608,4608,0,0,32,32,32,32
gfx1200,multihead-fast-padded-wave-packed.hsaco,mh_ffn_expand_fast_fp8,False,425,426,1,2456,2460,29,29,16,16,4608,4608,0,0,32,32,32,32
gfx1200,multihead-fast-padded-wave-packed.hsaco,mh_ffn_fused_c128,False,840,893,53,6012,6216,101,103,12,12,8256,8256,0,0,32,32,28,28
gfx1200,multihead-fast-padded-wave-packed.hsaco,mh_ffn_fused_c128_frag_project_g128_qkv,False,1510,1508,-2,9976,9976,100,100,16,16,15168,15168,0,0,32,32,64,64
gfx1200,multihead-fast-padded-wave-packed.hsaco,mh_ffn_fused_c128_frag_project_mapped_g128_qkv,False,1669,1671,2,10868,10872,99,99,25,25,15168,15168,0,0,32,32,64,64
gfx1200,multihead-fast-padded-wave-packed.hsaco,mh_ffn_fused_c128_project,False,1026,1072,46,7160,7356,101,103,14,12,8256,8256,0,0,32,32,28,28
gfx1200,multihead-fast-padded-wave-packed.hsaco,mh_ffn_fused_c128_project_g128,False,940,986,46,6436,6636,102,103,15,12,8256,8256,0,0,32,32,28,28
gfx1200,multihead-fast-padded-wave-packed.hsaco,mh_ffn_fused_c128_project_g128_qkv,False,1439,1456,17,9540,9692,99,98,16,21,15168,15168,0,0,32,32,64,64
gfx1200,multihead-fast-padded-wave-packed.hsaco,mh_ffn_fused_c128_project_g128_qkv_bn,False,1283,1298,15,8924,8904,142,137,16,16,23872,23872,0,0,32,32,64,64
gfx1200,multihead-fast-padded-wave-packed.hsaco,mh_ffn_fused_c128_project_g128_qkv_bytein_fb,False,1397,1410,13,9356,9472,97,98,15,22,15168,15168,0,0,32,32,64,64
gfx1200,multihead-fast-padded-wave-packed.hsaco,mh_ffn_fused_c128_project_g128_qkv_bytein_fb_pdl,False,1521,1545,24,9928,10120,97,98,17,22,15168,15168,0,0,32,32,100,100
gfx1200,multihead-fast-padded-wave-packed.hsaco,mh_ffn_fused_c128_project_g128_qkv_fb,False,1430,1448,18,9508,9692,99,98,16,21,15168,15168,0,0,32,32,64,64
gfx1200,multihead-fast-padded-wave-packed.hsaco,mh_ffn_fused_c128_project_g128_qkv_fb_pdl,False,1556,1567,11,10104,10240,99,98,18,23,15168,15168,0,0,32,32,100,100
gfx1200,multihead-fast-padded-wave-packed.hsaco,mh_ffn_fused_c128_project_mapped,False,1538,1565,27,9724,9860,102,104,28,28,8256,8256,0,0,32,32,48,48
gfx1200,multihead-fast-padded-wave-packed.hsaco,mh_ffn_fused_c128_project_mapped_g128,False,1441,1486,45,8992,9156,102,104,28,28,8256,8256,0,0,32,32,48,48
gfx1200,multihead-fast-padded-wave-packed.hsaco,mh_ffn_fused_c128_project_mapped_g128_qkv,False,1592,1629,37,10464,10612,99,98,25,26,15168,15168,0,0,32,32,64,64
gfx1200,multihead-fast-padded-wave-packed.hsaco,mh_ffn_fused_c128_project_mapped_g128_qkv_bn,False,1460,1468,8,9880,9812,144,143,25,25,23872,23872,0,0,32,32,64,64
gfx1200,multihead-fast-padded-wave-packed.hsaco,mh_ffn_fused_c128_project_mapped_g128_qkv_bytein_fb,False,1570,1621,51,10592,10808,99,101,21,21,15168,15168,0,0,32,32,64,64
gfx1200,multihead-fast-padded-wave-packed.hsaco,mh_ffn_fused_c128_project_mapped_g128_qkv_bytein_fb_pdl,False,1695,1745,50,11172,11384,99,101,23,23,15168,15168,0,0,32,32,100,100
gfx1200,multihead-fast-padded-wave-packed.hsaco,mh_ffn_fused_c128_project_mapped_g128_qkv_fb,False,1638,1674,36,10764,10932,99,98,26,27,15168,15168,0,0,32,32,64,64
gfx1200,multihead-fast-padded-wave-packed.hsaco,mh_ffn_fused_c128_project_mapped_g128_qkv_fb_pdl,False,1763,1800,37,11344,11516,99,98,28,30,15168,15168,0,0,32,32,100,100
gfx1200,multihead-fast-padded-wave-packed.hsaco,mh_ffn_fused_c128_tiled,False,922,1629,707,6212,11556,75,98,12,22,8256,8256,0,0,32,32,28,28
gfx1200,multihead-fast-padded-wave-packed.hsaco,mh_ffn_fused_c128_tiled_project_g128_qkv,False,1631,1707,76,10920,11280,82,82,32,16,15168,15168,0,0,32,32,64,64
gfx1200,multihead-fast-padded-wave-packed.hsaco,mh_ffn_fused_c128_tiled_project_mapped_g128_qkv,False,1816,1896,80,11864,12216,83,83,38,24,15168,15168,0,0,32,32,64,64
gfx1200,multihead-fast-padded-wave-packed.hsaco,mh_ffn_fused_c256,False,1003,1165,162,6676,8228,73,101,11,11,16448,16448,0,0,32,32,28,28
gfx1200,multihead-fast-padded-wave-packed.hsaco,mh_ffn_fused_c256_frag_project_g128_qkv,False,1738,1748,10,11852,11884,96,96,15,15,30016,30016,0,0,32,32,64,64
gfx1200,multihead-fast-padded-wave-packed.hsaco,mh_ffn_fused_c256_frag_project_g128_qkv_bytein_fb,False,1720,1729,9,11752,11784,97,97,15,15,30016,30016,0,0,32,32,64,64
gfx1200,multihead-fast-padded-wave-packed.hsaco,mh_ffn_fused_c256_frag_project_g128_qkv_bytein_fb_pdl,False,1838,1848,10,12324,12368,97,97,17,17,30016,30016,0,0,32,32,100,100
gfx1200,multihead-fast-padded-wave-packed.hsaco,mh_ffn_fused_c256_frag_project_g128_qkv_fb,False,1746,1758,12,11860,11912,98,98,15,15,30016,30016,0,0,32,32,64,64
gfx1200,multihead-fast-padded-wave-packed.hsaco,mh_ffn_fused_c256_frag_project_g128_qkv_fb_pdl,False,1882,1893,11,12492,12544,98,98,17,17,30016,30016,0,0,32,32,100,100
gfx1200,multihead-fast-padded-wave-packed.hsaco,mh_ffn_fused_c256_frag_project_mapped_g128_qkv,False,1886,1887,1,12680,12668,97,98,23,23,30016,30016,0,0,32,32,64,64
gfx1200,multihead-fast-padded-wave-packed.hsaco,mh_ffn_fused_c256_frag_project_mapped_g128_qkv_bytein_fb,False,1894,1915,21,13016,13104,101,101,21,21,30016,30016,0,0,32,32,64,64
gfx1200,multihead-fast-padded-wave-packed.hsaco,mh_ffn_fused_c256_frag_project_mapped_g128_qkv_bytein_fb_pdl,False,2019,2040,21,13596,13684,101,101,23,23,30016,30016,0,0,32,32,100,100
gfx1200,multihead-fast-padded-wave-packed.hsaco,mh_ffn_fused_c256_frag_project_mapped_g128_qkv_fb,False,1952,1932,-20,13008,12968,98,97,24,24,30016,30016,0,0,32,32,64,64
gfx1200,multihead-fast-padded-wave-packed.hsaco,mh_ffn_fused_c256_frag_project_mapped_g128_qkv_fb_pdl,False,2077,2057,-20,13588,13548,98,97,26,26,30016,30016,0,0,32,32,100,100
gfx1200,multihead-fast-padded-wave-packed.hsaco,mh_ffn_fused_c256_tiled,False,911,901,-10,6088,6068,74,71,11,11,16448,16448,0,0,32,32,28,28
gfx1200,multihead-fast-padded-wave-packed.hsaco,mh_ffn_fused_c256_tiled_project,False,1102,1081,-21,7380,7304,74,71,13,13,16448,16448,0,0,32,32,28,28
gfx1200,multihead-fast-padded-wave-packed.hsaco,mh_ffn_fused_c256_tiled_project_g128,False,1193,1156,-37,8120,7976,77,77,26,11,16448,16448,0,0,32,32,28,28
gfx1200,multihead-fast-padded-wave-packed.hsaco,mh_ffn_fused_c256_tiled_project_g128_qkv,False,1813,1802,-11,12192,12104,93,94,30,15,30016,30016,0,0,32,32,64,64
gfx1200,multihead-fast-padded-wave-packed.hsaco,mh_ffn_fused_c256_tiled_project_g128_qkv_bytein_fb,False,1746,1744,-2,11920,11900,93,93,30,15,30016,30016,0,0,32,32,64,64
gfx1200,multihead-fast-padded-wave-packed.hsaco,mh_ffn_fused_c256_tiled_project_g128_qkv_fb,False,1813,1803,-10,12172,12124,93,93,30,15,30016,30016,0,0,32,32,64,64
gfx1200,multihead-fast-padded-wave-packed.hsaco,mh_ffn_fused_c256_tiled_project_mapped,False,1585,1553,-32,9844,9724,74,71,26,26,16448,16448,0,0,32,32,48,48
gfx1200,multihead-fast-padded-wave-packed.hsaco,mh_ffn_fused_c256_tiled_project_mapped_g128,False,1679,1639,-40,10576,10424,77,77,32,26,16448,16448,0,0,32,32,48,48
gfx1200,multihead-fast-padded-wave-packed.hsaco,mh_ffn_fused_c256_tiled_project_mapped_g128_qkv,False,1970,1962,-8,12992,12936,94,94,37,23,30016,30016,0,0,32,32,64,64
gfx1200,multihead-fast-padded-wave-packed.hsaco,mh_ffn_fused_c256_tiled_project_mapped_g128_qkv_bytein_fb,False,1936,1926,-10,13184,13084,94,94,31,21,30016,30016,0,0,32,32,64,64
gfx1200,multihead-fast-padded-wave-packed.hsaco,mh_ffn_fused_c256_tiled_project_mapped_g128_qkv_fb,False,2015,2003,-12,13320,13224,94,94,38,24,30016,30016,0,0,32,32,64,64
gfx1200,multihead-fast-padded-wave-packed.hsaco,mh_ffn_fused_c64,False,721,741,20,5084,5192,100,97,15,15,4160,4160,0,0,32,32,28,28
gfx1200,multihead-fast-padded-wave-packed.hsaco,mh_ffn_fused_c64_frag_project_g128_qkv,False,1359,1361,2,8952,8952,96,96,16,16,7744,7744,0,0,32,32,64,64
gfx1200,multihead-fast-padded-wave-packed.hsaco,mh_ffn_fused_c64_frag_project_mapped_g128_qkv,False,1476,1488,12,9564,9604,97,96,25,25,7744,7744,0,0,32,32,64,64
gfx1200,multihead-fast-padded-wave-packed.hsaco,mh_ffn_fused_c64_project,False,904,922,18,6268,6352,100,98,18,18,4160,4160,0,0,32,32,28,28
gfx1200,multihead-fast-padded-wave-packed.hsaco,mh_ffn_fused_c64_project_g128,False,884,910,26,6072,6164,100,98,19,18,4160,4160,0,0,32,32,28,28
gfx1200,multihead-fast-padded-wave-packed.hsaco,mh_ffn_fused_c64_project_g128_qkv,False,1304,1323,19,8548,8652,98,98,16,19,7744,7744,0,0,32,32,64,64
gfx1200,multihead-fast-padded-wave-packed.hsaco,mh_ffn_fused_c64_project_g128_qkv_bn,False,1180,1157,-23,7932,7912,139,131,16,16,12096,12096,0,0,32,32,64,64
gfx1200,multihead-fast-padded-wave-packed.hsaco,mh_ffn_fused_c64_project_g128_qkv_bytein_fb,False,1266,1278,12,8336,8420,97,97,15,19,7744,7744,0,0,32,32,64,64
gfx1200,multihead-fast-padded-wave-packed.hsaco,mh_ffn_fused_c64_project_g128_qkv_bytein_fb_pdl,False,1397,1406,9,8928,9036,97,97,17,19,7744,7744,0,0,32,32,100,100
gfx1200,multihead-fast-padded-wave-packed.hsaco,mh_ffn_fused_c64_project_g128_qkv_fb,False,1288,1314,26,8500,8628,99,99,16,19,7744,7744,0,0,32,32,64,64
gfx1200,multihead-fast-padded-wave-packed.hsaco,mh_ffn_fused_c64_project_g128_qkv_fb_pdl,False,1416,1445,29,9116,9232,99,99,18,21,7744,7744,0,0,32,32,100,100
gfx1200,multihead-fast-padded-wave-packed.hsaco,mh_ffn_fused_c64_project_mapped,False,1380,1400,20,8608,8680,101,98,28,28,4160,4160,0,0,32,32,48,48
gfx1200,multihead-fast-padded-wave-packed.hsaco,mh_ffn_fused_c64_project_mapped_g128,False,1354,1381,27,8404,8500,100,99,28,28,4160,4160,0,0,32,32,48,48
gfx1200,multihead-fast-padded-wave-packed.hsaco,mh_ffn_fused_c64_project_mapped_g128_qkv,False,1411,1437,26,9160,9304,96,98,25,26,7744,7744,0,0,32,32,64,64
gfx1200,multihead-fast-padded-wave-packed.hsaco,mh_ffn_fused_c64_project_mapped_g128_qkv_bn,False,1284,1275,-9,8544,8556,141,133,25,25,12096,12096,0,0,32,32,64,64
gfx1200,multihead-fast-padded-wave-packed.hsaco,mh_ffn_fused_c64_project_mapped_g128_qkv_bytein_fb,False,1326,1371,45,8956,9092,97,97,21,21,7744,7744,0,0,32,32,64,64
gfx1200,multihead-fast-padded-wave-packed.hsaco,mh_ffn_fused_c64_project_mapped_g128_qkv_bytein_fb_pdl,False,1452,1488,36,9540,9644,97,97,22,22,7744,7744,0,0,32,32,100,100
gfx1200,multihead-fast-padded-wave-packed.hsaco,mh_ffn_fused_c64_project_mapped_g128_qkv_fb,False,1402,1416,14,9120,9244,96,99,25,27,7744,7744,0,0,32,32,64,64
gfx1200,multihead-fast-padded-wave-packed.hsaco,mh_ffn_fused_c64_project_mapped_g128_qkv_fb_pdl,False,1526,1537,11,9708,9800,96,99,27,30,7744,7744,0,0,32,32,100,100
gfx1200,multihead-fast-padded-wave-packed.hsaco,mh_ffn_fused_c64_tiled,False,939,1382,443,6252,9960,75,110,12,12,4160,4160,0,0,32,32,28,28
gfx1200,multihead-fast-padded-wave-packed.hsaco,mh_ffn_fused_c64_tiled_project_g128_qkv,False,1589,1807,218,10484,12300,81,105,32,16,7744,7744,0,0,32,32,64,64
gfx1200,multihead-fast-padded-wave-packed.hsaco,mh_ffn_fused_c64_tiled_project_mapped_g128_qkv,False,1688,1935,247,10988,12900,82,104,38,25,7744,7744,0,0,32,32,64,64
gfx1200,multihead-fast-padded-wave-packed.hsaco,mh_ffn_project_fast,False,585,592,7,3212,3240,32,32,18,18,4608,4608,0,0,32,32,40,40
gfx1200,multihead-fast-padded-wave-packed.hsaco,mh_ffn_project_fast_fp8,False,552,559,7,2980,3008,33,33,18,18,4608,4608,0,0,32,32,40,40
gfx1200,multihead-fast-padded-wave-packed.hsaco,mh_pool_project_fused_c128,False,3445,3437,-8,17628,17616,152,152,22,21,0,0,144,144,32,32,44,44
gfx1200,multihead-fast-padded-wave-packed.hsaco,mh_pool_project_fused_c256,False,3884,3873,-11,20332,20284,192,192,22,21,0,0,272,272,32,32,44,44
gfx1200,multihead-fast-padded-wave-packed.hsaco,mh_pool_project_fused_c64,False,6334,6352,18,32732,32816,128,128,80,79,0,0,0,0,32,32,44,44
gfx1200,multihead-fast-padded-wave-packed.hsaco,mh_pool_project_group_c128,False,2289,2612,323,11568,13220,98,146,29,28,4352,4352,0,0,32,32,44,44
gfx1200,multihead-fast-padded-wave-packed.hsaco,mh_pool_project_group_c256,False,2283,2286,3,11540,11544,98,98,29,28,8448,8448,0,0,32,32,44,44
gfx1200,multihead-fast-padded-wave-packed.hsaco,mh_pool_project_group_c512,False,2287,2287,0,11564,11556,98,98,29,28,16640,16640,0,0,32,32,44,44
gfx1200,multihead-fast-padded-wave-packed.hsaco,mh_pool_project_group_c64,False,2331,2381,50,11768,11968,100,102,29,28,2304,2304,0,0,32,32,44,44
gfx1200,multihead-fast-padded-wave-packed.hsaco,mh_pool_project_production,False,1314,1336,22,6656,6780,48,47,21,36,0,0,0,0,32,32,44,44
gfx1200,multihead-fast-padded-wave-packed.hsaco,mh_pool_project_production_h16w,False,1387,1413,26,7040,7160,62,62,20,20,0,0,0,0,32,32,44,44
gfx1200,multihead-fast-padded-wave-packed.hsaco,mh_probabilities_fast,False,572,577,5,3284,3304,50,50,12,12,0,0,0,0,32,32,24,24
gfx1200,multihead-fast-padded-wave-packed.hsaco,mh_qkv_fast,False,340,347,7,1796,1824,26,26,16,16,4608,4608,0,0,32,32,32,32
gfx1200,multihead-fast-padded-wave-packed.hsaco,mh_qkv_normalize_fast,False,1115,1116,1,6532,6536,110,110,11,11,0,0,0,0,32,32,32,32
gfx1200,multihead-fast-padded-wave-packed.hsaco,mh_qkv_normalize_fast_wave,False,395,396,1,2080,2084,9,9,11,11,0,0,0,0,32,32,32,32
gfx1200,multihead-fast-padded-wave-packed.hsaco,mh_qkv_normalize_fast_wave_fp8,False,396,397,1,2072,2076,7,7,11,11,0,0,0,0,32,32,32,32
gfx1200,multihead-fast-padded-wave-packed.hsaco,mh_qkv_normalize_frag_c512,False,1249,1277,28,7672,7840,90,124,18,18,4420,4420,0,0,32,32,28,28
gfx1200,multihead-fast-padded-wave-packed.hsaco,mh_qkv_normalize_fused,False,2335,2312,-23,13492,13204,45,45,18,18,21760,21760,0,0,32,32,32,32
gfx1200,multihead-fast-padded-wave-packed.hsaco,mh_qkv_normalize_wave_c512,False,1146,1729,583,6876,10920,72,233,14,14,17680,17680,0,0,32,32,28,28
gfx1200,multihead-fast-padded-wave-packed.hsaco,mh_scores_exp_fast,False,1108,1088,-20,6156,6176,67,68,16,15,0,0,0,0,32,32,36,36
gfx1200,multihead-fast-padded-wave.hsaco,mh_attention_av_fast,False,444,432,-12,2472,2388,52,52,22,19,0,0,0,0,32,32,36,36
gfx1200,multihead-fast-padded-wave.hsaco,mh_attention_crop,False,2649,2690,41,13352,13512,32,32,34,34,4608,4608,0,0,32,32,64,64
gfx1200,multihead-fast-padded-wave.hsaco,mh_attention_project_fast_matrix,False,2131,2166,35,10856,11000,38,38,27,27,4608,4608,0,0,32,32,44,44
gfx1200,multihead-fast-padded-wave.hsaco,mh_attention_project_fast_matrix_fp8,False,2094,2129,35,10640,10784,34,34,27,27,4608,4608,0,0,32,32,44,44
gfx1200,multihead-fast-padded-wave.hsaco,mh_attention_project_fast_scalar,False,1433,1450,17,7144,7212,38,38,20,20,4608,4608,0,0,32,32,44,44
gfx1200,multihead-fast-padded-wave.hsaco,mh_attention_project_fast_scalar_fp8,False,1399,1416,17,6928,6992,32,32,20,20,4608,4608,0,0,32,32,44,44
gfx1200,multihead-fast-padded-wave.hsaco,mh_attention_project_frag_c512,False,1283,1314,31,6812,6936,80,80,28,28,0,0,0,0,32,32,60,60
gfx1200,multihead-fast-padded-wave.hsaco,mh_ffn_contract_fast,False,401,402,1,2232,2236,30,30,16,16,4608,4608,0,0,32,32,32,32
gfx1200,multihead-fast-padded-wave.hsaco,mh_ffn_contract_fast_fp8,False,387,388,1,2132,2132,27,27,16,16,4608,4608,0,0,32,32,32,32
gfx1200,multihead-fast-padded-wave.hsaco,mh_ffn_contract_fast_fp8_out,False,354,354,0,1940,1940,27,27,16,16,4608,4608,0,0,32,32,32,32
gfx1200,multihead-fast-padded-wave.hsaco,mh_ffn_contract_fast_pre,False,298,306,8,1604,1636,30,30,16,16,4608,4608,0,0,32,32,32,32
gfx1200,multihead-fast-padded-wave.hsaco,mh_ffn_contract_fast_rne,False,401,402,1,2232,2236,30,30,16,16,4608,4608,0,0,32,32,32,32
gfx1200,multihead-fast-padded-wave.hsaco,mh_ffn_contract_fast_rtz,False,401,402,1,2232,2236,30,30,16,16,4608,4608,0,0,32,32,32,32
gfx1200,multihead-fast-padded-wave.hsaco,mh_ffn_expand_fast,False,495,495,0,2848,2848,32,32,16,16,4608,4608,0,0,32,32,32,32
gfx1200,multihead-fast-padded-wave.hsaco,mh_ffn_expand_fast_fp8,False,456,456,0,2656,2656,32,32,16,16,4608,4608,0,0,32,32,32,32
gfx1200,multihead-fast-padded-wave.hsaco,mh_ffn_fused_c128,False,840,893,53,6012,6216,101,103,12,12,8256,8256,0,0,32,32,28,28
gfx1200,multihead-fast-padded-wave.hsaco,mh_ffn_fused_c128_frag_project_g128_qkv,False,1475,1468,-7,9768,9764,99,99,16,16,10816,10816,0,0,32,32,64,64
gfx1200,multihead-fast-padded-wave.hsaco,mh_ffn_fused_c128_frag_project_mapped_g128_qkv,False,1650,1644,-6,10660,10648,98,97,25,25,10816,10816,0,0,32,32,64,64
gfx1200,multihead-fast-padded-wave.hsaco,mh_ffn_fused_c128_project,False,1026,1072,46,7160,7356,101,103,14,12,8256,8256,0,0,32,32,28,28
gfx1200,multihead-fast-padded-wave.hsaco,mh_ffn_fused_c128_project_g128,False,940,986,46,6436,6636,102,103,15,12,8256,8256,0,0,32,32,28,28
gfx1200,multihead-fast-padded-wave.hsaco,mh_ffn_fused_c128_project_g128_qkv,False,1424,1430,6,9352,9476,99,98,16,21,10816,10816,0,0,32,32,64,64
gfx1200,multihead-fast-padded-wave.hsaco,mh_ffn_fused_c128_project_g128_qkv_bn,False,1248,1282,34,8704,8748,126,122,16,16,19520,19520,0,0,32,32,64,64
gfx1200,multihead-fast-padded-wave.hsaco,mh_ffn_fused_c128_project_g128_qkv_bytein_fb,False,1362,1401,39,9016,9264,96,98,15,22,10816,10816,0,0,32,32,64,64
gfx1200,multihead-fast-padded-wave.hsaco,mh_ffn_fused_c128_project_g128_qkv_bytein_fb_pdl,False,1477,1524,47,9612,9868,96,98,17,22,10816,10816,0,0,32,32,100,100
gfx1200,multihead-fast-padded-wave.hsaco,mh_ffn_fused_c128_project_g128_qkv_fb,False,1402,1417,15,9244,9392,99,98,16,21,10816,10816,0,0,32,32,64,64
gfx1200,multihead-fast-padded-wave.hsaco,mh_ffn_fused_c128_project_g128_qkv_fb_pdl,False,1528,1546,18,9828,10004,99,98,18,23,10816,10816,0,0,32,32,100,100
gfx1200,multihead-fast-padded-wave.hsaco,mh_ffn_fused_c128_project_mapped,False,1538,1565,27,9724,9860,102,104,28,28,8256,8256,0,0,32,32,48,48
gfx1200,multihead-fast-padded-wave.hsaco,mh_ffn_fused_c128_project_mapped_g128,False,1441,1486,45,8992,9156,102,104,28,28,8256,8256,0,0,32,32,48,48
gfx1200,multihead-fast-padded-wave.hsaco,mh_ffn_fused_c128_project_mapped_g128_qkv,False,1573,1608,35,10224,10396,99,98,25,27,10816,10816,0,0,32,32,64,64
gfx1200,multihead-fast-padded-wave.hsaco,mh_ffn_fused_c128_project_mapped_g128_qkv_bn,False,1445,1437,-8,9720,9640,126,125,25,25,19520,19520,0,0,32,32,64,64
gfx1200,multihead-fast-padded-wave.hsaco,mh_ffn_fused_c128_project_mapped_g128_qkv_bytein_fb,False,1534,1594,60,10320,10556,100,102,21,21,10816,10816,0,0,32,32,64,64
gfx1200,multihead-fast-padded-wave.hsaco,mh_ffn_fused_c128_project_mapped_g128_qkv_bytein_fb_pdl,False,1658,1717,59,10896,11128,100,102,23,23,10816,10816,0,0,32,32,100,100
gfx1200,multihead-fast-padded-wave.hsaco,mh_ffn_fused_c128_project_mapped_g128_qkv_fb,False,1606,1645,39,10432,10644,99,98,26,27,10816,10816,0,0,32,32,64,64
gfx1200,multihead-fast-padded-wave.hsaco,mh_ffn_fused_c128_project_mapped_g128_qkv_fb_pdl,False,1731,1771,40,11012,11228,99,98,28,30,10816,10816,0,0,32,32,100,100
gfx1200,multihead-fast-padded-wave.hsaco,mh_ffn_fused_c128_tiled,False,922,1629,707,6212,11556,75,98,12,22,8256,8256,0,0,32,32,28,28
gfx1200,multihead-fast-padded-wave.hsaco,mh_ffn_fused_c128_tiled_project_g128_qkv,False,1617,1686,69,10752,11088,82,82,32,16,10816,10816,0,0,32,32,64,64
gfx1200,multihead-fast-padded-wave.hsaco,mh_ffn_fused_c128_tiled_project_mapped_g128_qkv,False,1776,1854,78,11620,11972,83,83,38,24,10816,10816,0,0,32,32,64,64
gfx1200,multihead-fast-padded-wave.hsaco,mh_ffn_fused_c256,False,1003,1165,162,6676,8228,73,101,11,11,16448,16448,0,0,32,32,28,28
gfx1200,multihead-fast-padded-wave.hsaco,mh_ffn_fused_c256_frag_project_g128_qkv,False,1778,1762,-16,12036,11972,97,97,15,15,21568,21568,0,0,32,32,64,64
gfx1200,multihead-fast-padded-wave.hsaco,mh_ffn_fused_c256_frag_project_g128_qkv_bytein_fb,False,1717,1725,8,11760,11792,97,97,15,15,21568,21568,0,0,32,32,64,64
gfx1200,multihead-fast-padded-wave.hsaco,mh_ffn_fused_c256_frag_project_g128_qkv_bytein_fb_pdl,False,1846,1860,14,12356,12396,97,97,17,17,21568,21568,0,0,32,32,100,100
gfx1200,multihead-fast-padded-wave.hsaco,mh_ffn_fused_c256_frag_project_g128_qkv_fb,False,1750,1752,2,11900,11904,97,97,15,15,21568,21568,0,0,32,32,64,64
gfx1200,multihead-fast-padded-wave.hsaco,mh_ffn_fused_c256_frag_project_g128_qkv_fb_pdl,False,1878,1898,20,12500,12516,97,97,17,17,21568,21568,0,0,32,32,100,100
gfx1200,multihead-fast-padded-wave.hsaco,mh_ffn_fused_c256_frag_project_mapped_g128_qkv,False,1915,1897,-18,12812,12780,97,96,23,23,21568,21568,0,0,32,32,64,64
gfx1200,multihead-fast-padded-wave.hsaco,mh_ffn_fused_c256_frag_project_mapped_g128_qkv_bytein_fb,False,1918,1931,13,13128,13164,99,99,21,21,21568,21568,0,0,32,32,64,64
gfx1200,multihead-fast-padded-wave.hsaco,mh_ffn_fused_c256_frag_project_mapped_g128_qkv_bytein_fb_pdl,False,2041,2055,14,13700,13740,99,99,23,23,21568,21568,0,0,32,32,100,100
gfx1200,multihead-fast-padded-wave.hsaco,mh_ffn_fused_c256_frag_project_mapped_g128_qkv_fb,False,1952,1941,-11,13044,13028,97,96,24,24,21568,21568,0,0,32,32,64,64
gfx1200,multihead-fast-padded-wave.hsaco,mh_ffn_fused_c256_frag_project_mapped_g128_qkv_fb_pdl,False,2077,2066,-11,13624,13608,97,96,26,26,21568,21568,0,0,32,32,100,100
gfx1200,multihead-fast-padded-wave.hsaco,mh_ffn_fused_c256_tiled,False,911,901,-10,6088,6068,74,71,11,11,16448,16448,0,0,32,32,28,28
gfx1200,multihead-fast-padded-wave.hsaco,mh_ffn_fused_c256_tiled_project,False,1102,1081,-21,7380,7304,74,71,13,13,16448,16448,0,0,32,32,28,28
gfx1200,multihead-fast-padded-wave.hsaco,mh_ffn_fused_c256_tiled_project_g128,False,1193,1156,-37,8120,7976,77,77,26,11,16448,16448,0,0,32,32,28,28
gfx1200,multihead-fast-padded-wave.hsaco,mh_ffn_fused_c256_tiled_project_g128_qkv,False,1802,1792,-10,12020,11928,81,81,30,15,21568,21568,0,0,32,32,64,64
gfx1200,multihead-fast-padded-wave.hsaco,mh_ffn_fused_c256_tiled_project_g128_qkv_bytein_fb,False,1743,1719,-24,11716,11640,80,80,30,15,21568,21568,0,0,32,32,64,64
gfx1200,multihead-fast-padded-wave.hsaco,mh_ffn_fused_c256_tiled_project_g128_qkv_fb,False,1786,1781,-5,11928,11856,81,81,30,15,21568,21568,0,0,32,32,64,64
gfx1200,multihead-fast-padded-wave.hsaco,mh_ffn_fused_c256_tiled_project_mapped,False,1585,1553,-32,9844,9724,74,71,26,26,16448,16448,0,0,32,32,48,48
gfx1200,multihead-fast-padded-wave.hsaco,mh_ffn_fused_c256_tiled_project_mapped_g128,False,1679,1639,-40,10576,10424,77,77,32,26,16448,16448,0,0,32,32,48,48
gfx1200,multihead-fast-padded-wave.hsaco,mh_ffn_fused_c256_tiled_project_mapped_g128_qkv,False,1950,1942,-8,12792,12748,81,81,37,23,21568,21568,0,0,32,32,64,64
gfx1200,multihead-fast-padded-wave.hsaco,mh_ffn_fused_c256_tiled_project_mapped_g128_qkv_bytein_fb,False,1915,1916,1,12920,12840,81,81,30,21,21568,21568,0,0,32,32,64,64
gfx1200,multihead-fast-padded-wave.hsaco,mh_ffn_fused_c256_tiled_project_mapped_g128_qkv_fb,False,1988,2000,12,13024,13076,81,81,38,24,21568,21568,0,0,32,32,64,64
gfx1200,multihead-fast-padded-wave.hsaco,mh_ffn_fused_c64,False,721,741,20,5084,5192,100,97,15,15,4160,4160,0,0,32,32,28,28
gfx1200,multihead-fast-padded-wave.hsaco,mh_ffn_fused_c64_frag_project_g128_qkv,False,1352,1354,2,8772,8816,96,96,16,16,5440,5440,0,0,32,32,64,64
gfx1200,multihead-fast-padded-wave.hsaco,mh_ffn_fused_c64_frag_project_mapped_g128_qkv,False,1469,1482,13,9436,9432,97,96,25,25,5440,5440,0,0,32,32,64,64
gfx1200,multihead-fast-padded-wave.hsaco,mh_ffn_fused_c64_project,False,904,922,18,6268,6352,100,98,18,18,4160,4160,0,0,32,32,28,28
gfx1200,multihead-fast-padded-wave.hsaco,mh_ffn_fused_c64_project_g128,False,884,910,26,6072,6164,100,98,19,18,4160,4160,0,0,32,32,28,28
gfx1200,multihead-fast-padded-wave.hsaco,mh_ffn_fused_c64_project_g128_qkv,False,1283,1289,6,8364,8412,98,98,16,19,5440,5440,0,0,32,32,64,64
gfx1200,multihead-fast-padded-wave.hsaco,mh_ffn_fused_c64_project_g128_qkv_bn,False,1153,1130,-23,7784,7772,98,97,16,21,9792,9792,0,0,32,32,64,64
gfx1200,multihead-fast-padded-wave.hsaco,mh_ffn_fused_c64_project_g128_qkv_bytein_fb,False,1237,1241,4,8064,8148,96,95,15,19,5440,5440,0,0,32,32,64,64
gfx1200,multihead-fast-padded-wave.hsaco,mh_ffn_fused_c64_project_g128_qkv_bytein_fb_pdl,False,1362,1363,1,8656,8728,96,95,17,19,5440,5440,0,0,32,32,100,100
gfx1200,multihead-fast-padded-wave.hsaco,mh_ffn_fused_c64_project_g128_qkv_fb,False,1261,1271,10,8232,8312,98,98,16,19,5440,5440,0,0,32,32,64,64
gfx1200,multihead-fast-padded-wave.hsaco,mh_ffn_fused_c64_project_g128_qkv_fb_pdl,False,1380,1403,23,8820,8948,98,98,18,21,5440,5440,0,0,32,32,100,100
gfx1200,multihead-fast-padded-wave.hsaco,mh_ffn_fused_c64_project_mapped,False,1380,1400,20,8608,8680,101,98,28,28,4160,4160,0,0,32,32,48,48
gfx1200,multihead-fast-padded-wave.hsaco,mh_ffn_fused_c64_project_mapped_g128,False,1354,1381,27,8404,8500,100,99,28,28,4160,4160,0,0,32,32,48,48
gfx1200,multihead-fast-padded-wave.hsaco,mh_ffn_fused_c64_project_mapped_g128_qkv,False,1393,1402,9,8964,9072,96,100,25,27,5440,5440,0,0,32,32,64,64
gfx1200,multihead-fast-padded-wave.hsaco,mh_ffn_fused_c64_project_mapped_g128_qkv_bn,False,1262,1287,25,8420,8536,98,97,25,26,9792,9792,0,0,32,32,64,64
gfx1200,multihead-fast-padded-wave.hsaco,mh_ffn_fused_c64_project_mapped_g128_qkv_bytein_fb,False,1304,1336,32,8712,8868,97,97,20,20,5440,5440,0,0,32,32,64,64
gfx1200,multihead-fast-padded-wave.hsaco,mh_ffn_fused_c64_project_mapped_g128_qkv_bytein_fb_pdl,False,1425,1453,28,9272,9404,97,97,22,22,5440,5440,0,0,32,32,100,100
gfx1200,multihead-fast-padded-wave.hsaco,mh_ffn_fused_c64_project_mapped_g128_qkv_fb,False,1373,1388,15,8856,8952,96,99,25,27,5440,5440,0,0,32,32,64,64
gfx1200,multihead-fast-padded-wave.hsaco,mh_ffn_fused_c64_project_mapped_g128_qkv_fb_pdl,False,1488,1503,15,9416,9544,96,100,27,30,5440,5440,0,0,32,32,100,100
gfx1200,multihead-fast-padded-wave.hsaco,mh_ffn_fused_c64_tiled,False,939,1382,443,6252,9960,75,110,12,12,4160,4160,0,0,32,32,28,28
gfx1200,multihead-fast-padded-wave.hsaco,mh_ffn_fused_c64_tiled_project_g128_qkv,False,1565,1769,204,10280,12032,81,105,32,16,5440,5440,0,0,32,32,64,64
gfx1200,multihead-fast-padded-wave.hsaco,mh_ffn_fused_c64_tiled_project_mapped_g128_qkv,False,1660,1894,234,10780,12652,82,104,38,25,5440,5440,0,0,32,32,64,64
gfx1200,multihead-fast-padded-wave.hsaco,mh_ffn_project_fast,False,605,612,7,3372,3400,38,38,17,17,4608,4608,0,0,32,32,40,40
gfx1200,multihead-fast-padded-wave.hsaco,mh_ffn_project_fast_fp8,False,570,577,7,3144,3172,32,32,17,17,4608,4608,0,0,32,32,40,40
gfx1200,multihead-fast-padded-wave.hsaco,mh_pool_project_fused_c128,False,3445,3437,-8,17628,17616,152,152,22,21,0,0,144,144,32,32,44,44
gfx1200,multihead-fast-padded-wave.hsaco,mh_pool_project_fused_c256,False,3884,3873,-11,20332,20284,192,192,22,21,0,0,272,272,32,32,44,44
gfx1200,multihead-fast-padded-wave.hsaco,mh_pool_project_fused_c64,False,6334,6352,18,32732,32816,128,128,80,79,0,0,0,0,32,32,44,44
gfx1200,multihead-fast-padded-wave.hsaco,mh_pool_project_group_c128,False,2289,2612,323,11568,13220,98,146,29,28,4352,4352,0,0,32,32,44,44
gfx1200,multihead-fast-padded-wave.hsaco,mh_pool_project_group_c256,False,2283,2286,3,11540,11544,98,98,29,28,8448,8448,0,0,32,32,44,44
gfx1200,multihead-fast-padded-wave.hsaco,mh_pool_project_group_c64,False,2331,2381,50,11768,11968,100,102,29,28,2304,2304,0,0,32,32,44,44
gfx1200,multihead-fast-padded-wave.hsaco,mh_pool_project_production,False,1314,1336,22,6656,6780,48,47,21,36,0,0,0,0,32,32,44,44
gfx1200,multihead-fast-padded-wave.hsaco,mh_pool_project_production_h16w,False,1387,1413,26,7040,7160,62,62,20,20,0,0,0,0,32,32,44,44
gfx1200,multihead-fast-padded-wave.hsaco,mh_probabilities_fast,False,572,577,5,3284,3304,50,50,12,12,0,0,0,0,32,32,24,24
gfx1200,multihead-fast-padded-wave.hsaco,mh_qkv_fast,False,369,376,7,2000,2028,32,32,16,16,4608,4608,0,0,32,32,32,32
gfx1200,multihead-fast-padded-wave.hsaco,mh_qkv_normalize_fast,False,1115,1116,1,6532,6536,110,110,11,11,0,0,0,0,32,32,32,32
gfx1200,multihead-fast-padded-wave.hsaco,mh_qkv_normalize_fast_wave,False,395,396,1,2080,2084,9,9,11,11,0,0,0,0,32,32,32,32
gfx1200,multihead-fast-padded-wave.hsaco,mh_qkv_normalize_fast_wave_fp8,False,396,397,1,2072,2076,7,7,11,11,0,0,0,0,32,32,32,32
gfx1200,multihead-fast-padded-wave.hsaco,mh_qkv_normalize_frag_c512,False,1249,1277,28,7672,7840,90,124,18,18,4420,4420,0,0,32,32,28,28
gfx1200,multihead-fast-padded-wave.hsaco,mh_qkv_normalize_fused,False,2497,2510,13,14508,14468,45,45,20,20,21760,21760,0,0,32,32,32,32
gfx1200,multihead-fast-padded-wave.hsaco,mh_qkv_normalize_wave_c512,False,1146,1729,583,6876,10920,72,233,14,14,17680,17680,0,0,32,32,28,28
gfx1200,multihead-fast-padded-wave.hsaco,mh_scores_exp_fast,False,1108,1088,-20,6156,6176,67,68,16,15,0,0,0,0,32,32,36,36
gfx1200,multihead-fast.hsaco,mh_attention_av_fast,False,564,549,-15,3072,2972,52,52,22,19,0,0,0,0,32,32,36,36
gfx1200,multihead-fast.hsaco,mh_attention_project_fast_matrix,False,2624,2636,12,14104,14140,95,95,51,51,4096,4096,0,0,32,32,44,44
gfx1200,multihead-fast.hsaco,mh_attention_project_fast_scalar,False,1805,1821,16,8936,9000,38,38,20,20,4096,4096,0,0,32,32,44,44
gfx1200,multihead-fast.hsaco,mh_ffn_contract_fast,False,488,496,8,2584,2616,30,30,16,16,4096,4096,0,0,32,32,32,32
gfx1200,multihead-fast.hsaco,mh_ffn_contract_fast_pre,False,295,303,8,1564,1596,30,30,16,16,4096,4096,0,0,32,32,32,32
gfx1200,multihead-fast.hsaco,mh_ffn_contract_fast_rne,False,488,496,8,2584,2616,30,30,16,16,4096,4096,0,0,32,32,32,32
gfx1200,multihead-fast.hsaco,mh_ffn_contract_fast_rtz,False,488,496,8,2584,2616,30,30,16,16,4096,4096,0,0,32,32,32,32
gfx1200,multihead-fast.hsaco,mh_ffn_expand_fast,False,580,580,0,3248,3248,32,32,16,16,4096,4096,0,0,32,32,32,32
gfx1200,multihead-fast.hsaco,mh_ffn_project_fast,False,684,698,14,3728,3784,38,38,17,17,4096,4096,0,0,32,32,40,40
gfx1200,multihead-fast.hsaco,mh_pool_project_production,False,1410,1432,22,7136,7260,48,47,21,36,0,0,0,0,32,32,44,44
gfx1200,multihead-fast.hsaco,mh_probabilities_fast,False,678,692,14,3716,3772,50,50,12,12,0,0,0,0,32,32,24,24
gfx1200,multihead-fast.hsaco,mh_qkv_fast,False,364,370,6,1964,1992,32,32,16,16,4096,4096,0,0,32,32,32,32
gfx1200,multihead-fast.hsaco,mh_qkv_normalize_fast,False,3520,3556,36,20560,20700,148,148,11,11,0,0,0,0,32,32,32,32
gfx1200,multihead-fast.hsaco,mh_scores_exp_fast,False,1108,1088,-20,6156,6176,67,68,16,15,0,0,0,0,32,32,36,36
gfx1200,multihead-reference.hsaco,mh_attention_av,False,580,588,8,3092,3108,18,18,17,17,0,0,0,0,32,32,36,36
gfx1200,multihead-reference.hsaco,mh_attention_project,False,778,796,18,4460,4528,12,12,15,15,0,0,0,0,32,32,44,44
gfx1200,multihead-reference.hsaco,mh_ffn_contract,False,338,340,2,1856,1860,70,70,13,13,0,0,0,0,32,32,32,32
gfx1200,multihead-reference.hsaco,mh_ffn_expand,False,771,788,17,4420,4484,12,12,12,12,0,0,0,0,32,32,32,32
gfx1200,multihead-reference.hsaco,mh_ffn_project,False,783,800,17,4484,4548,12,12,12,12,0,0,0,0,32,32,40,40
gfx1200,multihead-reference.hsaco,mh_normalize,False,519,522,3,2612,2620,32,32,23,23,0,0,0,0,32,32,32,32
gfx1200,multihead-reference.hsaco,mh_pool,False,279,279,0,1380,1376,12,12,12,12,0,0,0,0,32,32,40,40
gfx1200,multihead-reference.hsaco,mh_pool_project,False,855,872,17,4764,4828,12,12,16,16,0,0,0,0,32,32,44,44
gfx1200,multihead-reference.hsaco,mh_probabilities,False,363,365,2,2044,2044,37,37,10,10,0,0,0,0,32,32,24,24
gfx1200,multihead-reference.hsaco,mh_qkv,False,691,709,18,4264,4336,13,13,12,12,0,0,0,0,32,32,32,32
gfx1200,multihead-reference.hsaco,mh_scores_exp,False,694,694,0,4008,4008,75,75,13,13,0,0,0,0,32,32,36,36
gfx1200,multihead-reference.hsaco,mh_shift_crop,False,156,157,1,728,732,6,6,11,11,0,0,0,0,32,32,40,40
gfx1200,multihead-reference.hsaco,mh_shift_pack,False,184,185,1,848,852,6,6,18,18,0,0,0,0,32,32,48,48
gfx1200,multihead-reference.hsaco,mh_split_project,False,769,786,17,4416,4480,12,12,12,12,0,0,0,0,32,32,40,40
gfx1200,multihead-tiled.hsaco,mh_attention_project_tiled,False,1040,1056,16,5584,5620,42,42,20,20,4096,4096,0,0,32,32,44,44
gfx1200,multihead-tiled.hsaco,mh_dense_tiled_probe,False,973,989,16,5192,5228,41,41,20,20,4096,4096,0,0,32,32,52,52
gfx1200,multihead-tiled.hsaco,mh_ffn_contract_tiled,False,784,793,9,4328,4332,35,35,16,16,4096,4096,0,0,32,32,32,32
gfx1200,multihead-tiled.hsaco,mh_ffn_expand_tiled,False,949,958,9,5256,5260,36,36,16,16,4096,4096,0,0,32,32,32,32
gfx1200,multihead-tiled.hsaco,mh_ffn_project_tiled,False,997,1013,16,5512,5544,42,42,17,17,4096,4096,0,0,32,32,40,40
gfx1200,multihead-tiled.hsaco,mh_pool_project_tiled,False,1450,1460,10,7264,7272,36,36,24,24,4096,4096,0,0,32,32,44,44
gfx1200,multihead-tiled.hsaco,mh_qkv_tiled,False,379,387,8,2064,2096,36,36,16,16,4096,4096,0,0,32,32,32,32
gfx1200,multihead-wmma.hsaco,mh_attention_av_wmma,False,3197,3180,-17,18096,17880,50,47,24,17,0,0,0,0,32,32,36,36
gfx1200,multihead-wmma.hsaco,mh_attention_project_wmma,False,1356,1384,28,7564,7660,85,85,25,25,0,0,0,0,32,32,44,44
gfx1200,multihead-wmma.hsaco,mh_ffn_contract_wmma,False,1104,1112,8,6376,6320,77,77,15,21,0,0,0,0,32,32,32,32
gfx1200,multihead-wmma.hsaco,mh_ffn_expand_wmma,False,1229,1256,27,7044,7116,77,77,15,15,0,0,0,0,32,32,32,32
gfx1200,multihead-wmma.hsaco,mh_ffn_project_wmma,False,1290,1321,31,7424,7516,85,85,23,23,0,0,0,0,32,32,40,40
gfx1200,multihead-wmma.hsaco,mh_pool_project_wmma,False,1928,1942,14,9956,9964,77,77,25,25,0,0,0,0,32,32,44,44
gfx1200,multihead-wmma.hsaco,mh_qkv_wmma,False,661,684,23,3920,4016,77,77,16,16,0,0,0,0,32,32,32,32
gfx1200,multihead-wmma.hsaco,mh_scores_exp_wmma,False,1594,1571,-23,8764,8652,69,68,15,15,0,0,0,0,32,32,36,36
gfx1200,multihead-wmma.hsaco,mh_split_project_wmma,False,1300,1331,31,7460,7556,85,85,23,23,0,0,0,0,32,32,40,40
gfx1200,multihead_fused_attention.hsaco,c128_attention_project,False,2032,2043,11,12920,13008,94,96,28,28,17664,17664,0,0,32,32,60,60
gfx1200,multihead_fused_attention.hsaco,c128_attention_project_diag,False,1583,1590,7,10508,10528,91,91,28,28,17664,17664,0,0,32,32,60,60
gfx1200,multihead_fused_attention.hsaco,c128_attention_project_fb,False,1874,1877,3,11432,11448,95,94,36,32,17664,17664,0,0,32,32,60,60
gfx1200,multihead_fused_attention.hsaco,c128_attention_project_fb_bout,False,1871,1875,4,11444,11456,95,94,36,32,17664,17664,0,0,32,32,60,60
gfx1200,multihead_fused_attention.hsaco,c128_attention_project_fb_bout_diag,False,1495,1514,19,9832,9900,92,91,28,28,17664,17664,0,0,32,32,60,60
gfx1200,multihead_fused_attention.hsaco,c128_attention_project_fb_bout_diag_pdl,False,1589,1610,21,10276,10352,92,91,28,28,17664,17664,0,0,32,32,92,92
gfx1200,multihead_fused_attention.hsaco,c128_attention_project_fb_diag,False,1489,1496,7,9800,9840,92,91,28,28,17664,17664,0,0,32,32,60,60
gfx1200,multihead_fused_attention.hsaco,c128_attention_project_fb_diag_pdl,False,1584,1591,7,10252,10280,92,91,28,28,17664,17664,0,0,32,32,92,92
gfx1200,multihead_fused_attention.hsaco,c256_attention_project,False,2334,2150,-184,14928,13640,107,120,34,34,25856,25856,0,0,32,32,60,60
gfx1200,multihead_fused_attention.hsaco,c256_attention_project_diag,False,1890,1705,-185,12520,11228,119,122,34,34,25856,25856,0,0,32,32,60,60
gfx1200,multihead_fused_attention.hsaco,c256_attention_project_fb,False,2220,1998,-222,13564,12136,106,120,39,38,25856,25856,0,0,32,32,60,60
gfx1200,multihead_fused_attention.hsaco,c256_attention_project_fb_bout,False,2221,1998,-223,13580,12152,106,120,39,38,25856,25856,0,0,32,32,60,60
gfx1200,multihead_fused_attention.hsaco,c256_attention_project_fb_bout_diag,False,1818,1617,-201,11908,10580,118,122,34,34,25856,25856,0,0,32,32,60,60
gfx1200,multihead_fused_attention.hsaco,c256_attention_project_fb_bout_diag_pdl,False,1912,1718,-194,12360,11064,119,122,34,34,25856,25856,0,0,32,32,92,92
gfx1200,multihead_fused_attention.hsaco,c256_attention_project_fb_diag,False,1818,1620,-198,11896,10580,120,122,34,34,25856,25856,0,0,32,32,60,60
gfx1200,multihead_fused_attention.hsaco,c256_attention_project_fb_diag_pdl,False,1916,1721,-195,12364,11060,121,122,34,34,25856,25856,0,0,32,32,92,92
gfx1200,multihead_fused_attention.hsaco,c64_attention_project,False,1959,2001,42,12500,12640,95,96,28,28,8960,8960,0,0,32,32,60,60
gfx1200,multihead_fused_attention.hsaco,c64_attention_project_diag,False,1540,1554,14,10192,10232,91,91,28,28,8960,8960,0,0,32,32,60,60
gfx1200,multihead_fused_attention.hsaco,c64_attention_project_fb,False,1839,1832,-7,11124,11128,96,94,36,32,8960,8960,0,0,32,32,60,60
gfx1200,multihead_fused_attention.hsaco,c64_attention_project_fb_bout,False,1838,1831,-7,11140,11140,96,94,36,32,8960,8960,0,0,32,32,60,60
gfx1200,multihead_fused_attention.hsaco,c64_attention_project_fb_bout_diag,False,1445,1454,9,9512,9560,92,92,28,28,8960,8960,0,0,32,32,60,60
gfx1200,multihead_fused_attention.hsaco,c64_attention_project_fb_bout_diag_pdl,False,1541,1546,5,9964,9996,92,92,28,28,8960,8960,0,0,32,32,92,92
gfx1200,multihead_fused_attention.hsaco,c64_attention_project_fb_diag,False,1456,1478,22,9536,9644,92,91,28,28,8960,8960,0,0,32,32,60,60
gfx1200,multihead_fused_attention.hsaco,c64_attention_project_fb_diag_pdl,False,1551,1575,24,9984,10080,92,91,28,28,8960,8960,0,0,32,32,92,92
gfx1200,multihead_fused_attention.hsaco,c64_attention_project_w16,False,1293,1288,-5,8180,8164,90,90,30,30,22528,22528,0,0,32,32,60,60
gfx1200,multihead_fused_attention.hsaco,mh_attention_fused,False,1442,1476,34,9524,9548,103,93,18,18,15360,15360,0,0,32,32,36,36
gfx1200,multihead_fused_attention.hsaco,mh_attention_fused_fp8,False,1438,1470,32,9500,9516,103,93,20,20,15360,15360,0,0,32,32,36,36
gfx1200,multihead_fused_attention.hsaco,mh_attention_fused_fp8_out,False,1433,1469,36,9568,9608,103,93,20,20,15360,15360,0,0,32,32,36,36
gfx1200,prefix_fast.hsaco,dlss5_prefix_fast_features,False,2499,2499,0,12840,12840,22,22,14,14,0,0,0,0,32,32,40,40
gfx1200,prefix_fast.hsaco,dlss5_prefix_fast_fused,False,4634,4639,5,23996,24004,32,30,23,23,1024,1024,0,0,32,32,48,48
gfx1200,prefix_fast.hsaco,dlss5_prefix_fast_fused_raster,False,4633,4638,5,23988,23996,32,30,23,23,1024,1024,0,0,32,32,48,48
gfx1200,prefix_fast.hsaco,dlss5_prefix_fast_project,False,1348,1362,14,7104,7160,28,28,13,13,0,0,0,0,32,32,28,28
gfx1200,vit-stream.hsaco,decoder_project2x,False,587,589,2,3168,3192,40,40,25,25,0,0,0,0,32,32,56,56
gfx1200,vit-stream.hsaco,decoder_project2x_h16w,False,5940,5984,44,32664,32880,64,64,34,34,0,0,0,0,32,32,56,56
gfx1200,vit-stream.hsaco,decoder_project2x_h16w_byteout,False,5978,6017,39,32788,32980,64,64,34,34,0,0,0,0,32,32,56,56
gfx1200,vit-stream.hsaco,reuse_decide,False,396,398,2,2020,2028,14,14,17,17,0,0,0,0,32,32,60,60
gfx1200,vit-stream.hsaco,reuse_finish,False,646,654,8,3864,3896,11,11,27,27,0,0,0,0,32,32,84,84
gfx1200,vit-stream.hsaco,reuse_image_commit,False,161,168,7,968,996,5,5,8,8,0,0,0,0,32,32,28,28
gfx1200,vit-stream.hsaco,reuse_image_stats,False,250,251,1,1360,1364,14,14,22,22,0,0,0,0,32,32,48,48
gfx1200,vit-stream.hsaco,reuse_token_stats,False,218,218,0,1180,1180,14,14,17,17,0,0,0,0,32,32,48,48
gfx1200,vit-stream.hsaco,split_contract,False,198,198,0,1156,1156,33,33,12,12,0,0,0,0,32,32,28,28
gfx1200,vit-stream.hsaco,split_contract_fp8,False,202,202,0,1176,1176,31,31,12,12,0,0,0,0,32,32,28,28
gfx1200,vit-stream.hsaco,split_expand,False,238,238,0,1452,1452,33,33,12,12,0,0,0,0,32,32,28,28
gfx1200,vit-stream.hsaco,split_expand_fp8,False,254,254,0,1556,1556,33,33,12,12,0,0,0,0,32,32,28,28
gfx1200,vit-stream.hsaco,split_ffn_fused,False,1078,1079,1,6560,6600,60,59,15,15,4160,4160,0,0,32,32,28,28
gfx1200,vit-stream.hsaco,split_ffn_fused_fp8,False,855,866,11,5580,5660,102,101,11,11,4160,4160,0,0,32,32,28,28
gfx1200,vit-stream.hsaco,split_ffn_fused_fp8_mix,False,980,960,-20,6280,6172,103,110,13,12,6464,6464,0,0,32,32,28,28
gfx1200,vit-stream.hsaco,split_ffn_fused_fp8_t8,False,919,930,11,6140,6192,111,111,14,14,4160,4160,0,0,32,32,36,36
gfx1200,vit-stream.hsaco,split_mix,False,200,200,0,1160,1160,35,35,11,11,0,0,0,0,32,32,28,28
gfx1200,vit-stream.hsaco,split_mix_blocked,False,514,526,12,3084,3164,80,80,11,11,0,0,0,0,32,32,28,28
gfx1200,vit-stream.hsaco,split_mix_blocked_h16w,False,497,518,21,3032,3152,91,91,11,11,0,0,0,0,32,32,28,28
gfx1200,vit-stream.hsaco,split_projection,False,245,240,-5,1500,1488,32,32,12,12,0,0,0,0,32,32,36,36
gfx1200,vit-stream.hsaco,split_projection_blocked,False,667,681,14,4048,4188,68,74,12,12,0,0,0,0,32,32,36,36
gfx1200,vit-stream.hsaco,split_projection_blocked_t8,False,878,929,51,5528,5688,74,75,16,16,0,0,0,0,32,32,44,44
gfx1200,vit-stream.hsaco,split_projection_frag,False,859,930,71,5348,5836,83,102,17,17,0,0,0,0,32,32,44,44
gfx1200,vit-stream.hsaco,vit_attention_av_fast,False,486,486,0,3092,3068,48,48,17,17,0,0,0,0,32,32,48,48
gfx1200,vit-stream.hsaco,vit_attention_fused_256,False,1197,1238,41,7588,7912,91,91,16,16,1536,1536,0,0,32,32,32,32
gfx1200,vit-stream.hsaco,vit_attention_fused_256_bytein,False,938,962,24,5568,5732,75,75,17,17,1536,1536,0,0,32,32,32,32
gfx1200,vit-stream.hsaco,vit_attention_fused_256_bytein_bout,False,958,977,19,5732,5844,75,75,17,17,1536,1536,0,0,32,32,32,32
gfx1200,vit-stream.hsaco,vit_attention_fused_400,False,1197,1238,41,7588,7912,91,91,16,16,1536,1536,0,0,32,32,32,32
gfx1200,vit-stream.hsaco,vit_attention_fused_400_bytein,False,938,962,24,5568,5732,75,75,17,17,1536,1536,0,0,32,32,32,32
gfx1200,vit-stream.hsaco,vit_attention_fused_400_bytein_bout,False,958,977,19,5732,5844,75,75,17,17,1536,1536,0,0,32,32,32,32
gfx1200,vit-stream.hsaco,vit_attention_fused_640,False,1197,1238,41,7588,7912,91,91,16,16,1536,1536,0,0,32,32,32,32
gfx1200,vit-stream.hsaco,vit_attention_fused_640_bytein,False,938,962,24,5568,5732,75,75,17,17,1536,1536,0,0,32,32,32,32
gfx1200,vit-stream.hsaco,vit_attention_fused_640_bytein_bout,False,958,977,19,5732,5844,75,75,17,17,1536,1536,0,0,32,32,32,32
gfx1200,vit-stream.hsaco,vit_attention_inverse_fast,False,265,266,1,1584,1588,34,34,10,10,0,0,0,0,32,32,32,32
gfx1200,vit-stream.hsaco,vit_attention_scores_fast,False,771,772,1,4552,4556,66,66,13,13,0,0,0,0,32,32,32,32
gfx1200,vit-stream.hsaco,vit_contract_blocked_fp8,False,1830,1868,38,12132,12324,235,241,26,26,0,0,0,0,32,32,56,56
gfx1200,vit-stream.hsaco,vit_contract_blocked_fp8_bstream,False,1872,1936,64,12488,12732,234,237,26,26,0,0,0,0,32,32,56,56
gfx1200,vit-stream.hsaco,vit_contract_blocked_fp8_frag,False,1077,1090,13,7160,7260,205,211,12,12,0,0,0,0,32,32,56,56
gfx1200,vit-stream.hsaco,vit_contract_blocked_fp8_hstream,False,1862,1908,46,12272,12480,235,241,26,26,0,0,0,0,32,32,56,56
gfx1200,vit-stream.hsaco,vit_contract_blocked_fp8_tiled,False,743,762,19,4632,4708,104,113,21,14,0,0,0,0,32,32,56,56
gfx1200,vit-stream.hsaco,vit_contract_blocked_fp8_tiled_bstream,False,822,832,10,5052,5152,103,109,21,14,0,0,0,0,32,32,56,56
gfx1200,vit-stream.hsaco,vit_contract_blocked_fp8_tiled_hstream,False,789,809,20,4760,4924,103,112,21,14,0,0,0,0,32,32,56,56
gfx1200,vit-stream.hsaco,vit_contract_combine,False,96,97,1,556,560,14,14,11,11,0,0,0,0,32,32,48,48
gfx1200,vit-stream.hsaco,vit_contract_parts_blocked_fp8,False,312,198,-114,2032,1352,53,48,14,14,0,0,0,0,32,32,40,40
gfx1200,vit-stream.hsaco,vit_contract_parts_blocked_fp8_tiled,False,406,281,-125,2720,1968,71,70,16,14,0,0,0,0,32,32,40,40
gfx1200,vit-stream.hsaco,vit_contract_parts_fp8,False,157,159,2,864,876,23,23,14,14,0,0,0,0,32,32,40,40
gfx1200,vit-stream.hsaco,vit_expand,False,356,355,-1,2200,2200,32,32,14,14,0,0,0,0,32,32,48,48
gfx1200,vit-stream.hsaco,vit_expand_blocked_fp8,False,810,810,0,5244,5244,69,69,14,14,0,0,0,0,32,32,48,48
gfx1200,vit-stream.hsaco,vit_expand_blocked_fp8_bytein,False,723,723,0,4592,4592,55,55,14,14,0,0,0,0,32,32,48,48
gfx1200,vit-stream.hsaco,vit_expand_blocked_fp8_frag_bytein,False,1329,1368,39,8804,8968,77,77,23,25,0,0,0,0,32,32,48,48
gfx1200,vit-stream.hsaco,vit_expand_blocked_fp8_frag_bytein_m2,False,1335,1336,1,8696,8704,86,86,22,25,0,0,0,0,32,32,48,48
gfx1200,vit-stream.hsaco,vit_expand_blocked_fp8_frag_bytein_m4,False,2595,2598,3,17012,16992,154,154,27,30,0,0,0,0,32,32,48,48
gfx1200,vit-stream.hsaco,vit_expand_blocked_fp8_frag_tiledin,False,711,713,2,4572,4580,46,46,23,25,0,0,0,0,32,32,48,48
gfx1200,vit-stream.hsaco,vit_expand_blocked_fp8_tiled,False,883,886,3,5804,5812,95,94,20,23,0,0,0,0,32,32,48,48
gfx1200,vit-stream.hsaco,vit_expand_blocked_fp8_tiled_bytein,False,782,781,-1,5132,5132,73,73,18,22,0,0,0,0,32,32,48,48
gfx1200,vit-stream.hsaco,vit_expand_blocked_fp8_tiled_bytein_m4,False,2668,2668,0,17556,17536,153,153,25,27,0,0,0,0,32,32,48,48
gfx1200,vit-stream.hsaco,vit_expand_fp8,False,351,350,-1,2156,2156,32,32,14,14,0,0,0,0,32,32,48,48
gfx1200,vit-stream.hsaco,vit_ffn_fused,False,1493,1492,-1,9660,9728,151,161,14,14,16640,16640,0,0,32,32,56,56
gfx1200,vit-stream.hsaco,vit_pack_input,False,57,57,0,340,340,7,7,7,7,0,0,0,0,32,32,32,32
gfx1200,vit-stream.hsaco,vit_pack_input_tiled,False,57,57,0,352,352,10,10,7,7,0,0,0,0,32,32,32,32
gfx1200,vit-stream.hsaco,vit_project,False,1285,1287,2,8192,8200,77,77,20,20,0,0,0,0,32,32,56,56
gfx1200,vit-stream.hsaco,vit_project_bytein_bout,False,586,597,11,4088,4136,98,98,14,14,0,0,0,0,32,32,56,56
gfx1200,vit-stream.hsaco,vit_project_bytein_bout_hskip,False,593,605,12,4128,4180,99,99,14,14,0,0,0,0,32,32,56,56
gfx1200,vit-stream.hsaco,vit_project_fp8,False,1310,1327,17,8336,8408,90,90,20,20,0,0,0,0,32,32,56,56
gfx1200,vit-stream.hsaco,vit_project_frag,False,1850,1861,11,11692,11744,79,79,34,34,0,0,0,0,32,32,56,56
gfx1200,vit-stream.hsaco,vit_qkv_normalize,False,478,478,0,2724,2724,31,31,18,18,0,0,0,0,32,32,40,40
gfx1200,vit-stream.hsaco,vit_qkv_project,False,215,221,6,1204,1228,32,32,14,14,0,0,0,0,32,32,40,40
gfx1200,vit-stream.hsaco,vit_qkv_project_blocked,False,266,227,-39,1604,1384,48,48,13,13,0,0,0,0,32,32,40,40
gfx1200,vit-stream.hsaco,vit_qkv_project_normalize_fused,False,848,958,110,4768,5320,51,50,22,18,2112,2112,0,0,32,32,40,40
gfx1200,vit-stream.hsaco,vit_qkv_project_normalize_fused_f16compact,False,853,957,104,4868,5364,60,58,22,22,2112,2112,0,0,32,32,40,40
gfx1200,vit-stream.hsaco,vit_qkv_project_normalize_fused_f16compact_fp8,False,777,767,-10,4516,4352,60,58,22,22,2112,2112,0,0,32,32,40,40
gfx1200,vit-stream.hsaco,vit_qkv_project_normalize_fused_f16compact_fp8_bytein,False,776,818,42,4488,4680,58,91,22,22,2112,2112,0,0,32,32,40,40
gfx1200,vit-stream.hsaco,vit_qkv_project_normalize_fused_f16compact_fp8_frag,False,766,767,1,4440,4348,59,58,22,22,2112,2112,0,0,32,32,40,40
gfx1200,vit-stream.hsaco,vit_qkv_project_normalize_fused_f16compact_fp8_h16in,False,1164,1198,34,7860,7908,96,95,22,22,2112,2112,0,0,32,32,40,40
gfx1200,vit-stream.hsaco,vit_qkv_project_normalize_fused_f16compact_fp8_h16in_n4,False,1392,1408,16,8424,8264,192,192,22,22,4160,4160,0,0,32,32,40,40
gfx1200,vit-stream.hsaco,vit_qkv_project_normalize_fused_f16weight,False,854,960,106,4876,5380,60,58,22,22,2112,2112,0,0,32,32,40,40
gfx1200,vit-stream.hsaco,vit_stream_contract_frag_hout,False,1099,1125,26,7292,7360,205,211,12,12,0,0,0,0,32,32,56,56
gfx1200,vit-stream.hsaco,vit_stream_project_n64_b,False,745,781,36,4576,4824,120,136,13,12,0,0,0,0,32,32,56,56
gfx1200,vit-stream.hsaco,vit_stream_project_n64_bh,False,758,792,34,4688,4916,120,136,13,12,0,0,0,0,32,32,56,56
gfx1200,vit-stream.hsaco,vit_stream_project_n64_h,False,1648,1729,81,11620,11992,160,180,14,14,0,0,0,0,32,32,56,56
gfx1200,vit-stream.hsaco,vit_stream_qkv_frag_hin,False,775,786,11,4608,4548,96,94,22,18,2112,2112,0,0,32,32,40,40
gfx1200,vit-wide-deep.hsaco,decoder_project2x,False,587,589,2,3168,3192,40,40,25,25,0,0,0,0,32,32,56,56
gfx1200,vit-wide-deep.hsaco,decoder_project2x_h16w,False,5940,5984,44,32664,32880,64,64,34,34,0,0,0,0,32,32,56,56
gfx1200,vit-wide-deep.hsaco,decoder_project2x_h16w_byteout,False,5978,6017,39,32788,32980,64,64,34,34,0,0,0,0,32,32,56,56
gfx1200,vit-wide-deep.hsaco,reuse_decide,False,396,398,2,2020,2028,14,14,17,17,0,0,0,0,32,32,60,60
gfx1200,vit-wide-deep.hsaco,reuse_finish,False,646,654,8,3864,3896,11,11,27,27,0,0,0,0,32,32,84,84
gfx1200,vit-wide-deep.hsaco,reuse_image_commit,False,161,168,7,968,996,5,5,8,8,0,0,0,0,32,32,28,28
gfx1200,vit-wide-deep.hsaco,reuse_image_stats,False,250,251,1,1360,1364,14,14,22,22,0,0,0,0,32,32,48,48
gfx1200,vit-wide-deep.hsaco,reuse_token_stats,False,218,218,0,1180,1180,14,14,17,17,0,0,0,0,32,32,48,48
gfx1200,vit-wide-deep.hsaco,split_contract,False,198,198,0,1156,1156,33,33,12,12,0,0,0,0,32,32,28,28
gfx1200,vit-wide-deep.hsaco,split_contract_fp8,False,202,202,0,1176,1176,31,31,12,12,0,0,0,0,32,32,28,28
gfx1200,vit-wide-deep.hsaco,split_expand,False,238,238,0,1452,1452,33,33,12,12,0,0,0,0,32,32,28,28
gfx1200,vit-wide-deep.hsaco,split_expand_fp8,False,254,254,0,1556,1556,33,33,12,12,0,0,0,0,32,32,28,28
gfx1200,vit-wide-deep.hsaco,split_ffn_fused,False,1078,1079,1,6560,6600,60,59,15,15,4160,4160,0,0,32,32,28,28
gfx1200,vit-wide-deep.hsaco,split_ffn_fused_fp8,False,855,866,11,5580,5660,102,101,11,11,4160,4160,0,0,32,32,28,28
gfx1200,vit-wide-deep.hsaco,split_ffn_fused_fp8_mix,False,980,960,-20,6280,6172,103,110,13,12,6464,6464,0,0,32,32,28,28
gfx1200,vit-wide-deep.hsaco,split_ffn_fused_fp8_t8,False,919,930,11,6140,6192,111,111,14,14,4160,4160,0,0,32,32,36,36
gfx1200,vit-wide-deep.hsaco,split_mix,False,200,200,0,1160,1160,35,35,11,11,0,0,0,0,32,32,28,28
gfx1200,vit-wide-deep.hsaco,split_mix_blocked,False,514,526,12,3084,3164,80,80,11,11,0,0,0,0,32,32,28,28
gfx1200,vit-wide-deep.hsaco,split_mix_blocked_h16w,False,497,518,21,3032,3152,91,91,11,11,0,0,0,0,32,32,28,28
gfx1200,vit-wide-deep.hsaco,split_projection,False,245,240,-5,1500,1488,32,32,12,12,0,0,0,0,32,32,36,36
gfx1200,vit-wide-deep.hsaco,split_projection_blocked,False,667,681,14,4048,4188,68,74,12,12,0,0,0,0,32,32,36,36
gfx1200,vit-wide-deep.hsaco,split_projection_blocked_t8,False,878,929,51,5528,5688,74,75,16,16,0,0,0,0,32,32,44,44
gfx1200,vit-wide-deep.hsaco,split_projection_frag,False,859,930,71,5348,5836,83,102,17,17,0,0,0,0,32,32,44,44
gfx1200,vit-wide-deep.hsaco,vit_attention_av_fast,False,486,486,0,3092,3068,48,48,17,17,0,0,0,0,32,32,48,48
gfx1200,vit-wide-deep.hsaco,vit_attention_fused_256,False,1197,1238,41,7588,7912,91,91,16,16,1536,1536,0,0,32,32,32,32
gfx1200,vit-wide-deep.hsaco,vit_attention_fused_256_bytein,False,938,962,24,5568,5732,75,75,17,17,1536,1536,0,0,32,32,32,32
gfx1200,vit-wide-deep.hsaco,vit_attention_fused_256_bytein_bout,False,958,977,19,5732,5844,75,75,17,17,1536,1536,0,0,32,32,32,32
gfx1200,vit-wide-deep.hsaco,vit_attention_fused_400,False,1197,1238,41,7588,7912,91,91,16,16,1536,1536,0,0,32,32,32,32
gfx1200,vit-wide-deep.hsaco,vit_attention_fused_400_bytein,False,938,962,24,5568,5732,75,75,17,17,1536,1536,0,0,32,32,32,32
gfx1200,vit-wide-deep.hsaco,vit_attention_fused_400_bytein_bout,False,958,977,19,5732,5844,75,75,17,17,1536,1536,0,0,32,32,32,32
gfx1200,vit-wide-deep.hsaco,vit_attention_fused_640,False,1197,1238,41,7588,7912,91,91,16,16,1536,1536,0,0,32,32,32,32
gfx1200,vit-wide-deep.hsaco,vit_attention_fused_640_bytein,False,938,962,24,5568,5732,75,75,17,17,1536,1536,0,0,32,32,32,32
gfx1200,vit-wide-deep.hsaco,vit_attention_fused_640_bytein_bout,False,958,977,19,5732,5844,75,75,17,17,1536,1536,0,0,32,32,32,32
gfx1200,vit-wide-deep.hsaco,vit_attention_inverse_fast,False,265,266,1,1584,1588,34,34,10,10,0,0,0,0,32,32,32,32
gfx1200,vit-wide-deep.hsaco,vit_attention_scores_fast,False,771,772,1,4552,4556,66,66,13,13,0,0,0,0,32,32,32,32
gfx1200,vit-wide-deep.hsaco,vit_contract_blocked_fp8,False,1830,1868,38,12132,12324,235,241,26,26,0,0,0,0,32,32,56,56
gfx1200,vit-wide-deep.hsaco,vit_contract_blocked_fp8_bstream,False,1872,1936,64,12488,12732,234,237,26,26,0,0,0,0,32,32,56,56
gfx1200,vit-wide-deep.hsaco,vit_contract_blocked_fp8_frag,False,1077,1090,13,7160,7260,205,211,12,12,0,0,0,0,32,32,56,56
gfx1200,vit-wide-deep.hsaco,vit_contract_blocked_fp8_hstream,False,1862,1908,46,12272,12480,235,241,26,26,0,0,0,0,32,32,56,56
gfx1200,vit-wide-deep.hsaco,vit_contract_blocked_fp8_tiled,False,743,762,19,4632,4708,104,113,21,14,0,0,0,0,32,32,56,56
gfx1200,vit-wide-deep.hsaco,vit_contract_blocked_fp8_tiled_bstream,False,822,832,10,5052,5152,103,109,21,14,0,0,0,0,32,32,56,56
gfx1200,vit-wide-deep.hsaco,vit_contract_blocked_fp8_tiled_hstream,False,789,809,20,4760,4924,103,112,21,14,0,0,0,0,32,32,56,56
gfx1200,vit-wide-deep.hsaco,vit_contract_combine,False,96,97,1,556,560,14,14,11,11,0,0,0,0,32,32,48,48
gfx1200,vit-wide-deep.hsaco,vit_contract_parts_blocked_fp8,False,312,198,-114,2032,1352,53,48,14,14,0,0,0,0,32,32,40,40
gfx1200,vit-wide-deep.hsaco,vit_contract_parts_blocked_fp8_tiled,False,406,281,-125,2720,1968,71,70,16,14,0,0,0,0,32,32,40,40
gfx1200,vit-wide-deep.hsaco,vit_contract_parts_fp8,False,157,159,2,864,876,23,23,14,14,0,0,0,0,32,32,40,40
gfx1200,vit-wide-deep.hsaco,vit_expand,False,356,355,-1,2200,2200,32,32,14,14,0,0,0,0,32,32,48,48
gfx1200,vit-wide-deep.hsaco,vit_expand_blocked_fp8,False,810,810,0,5244,5244,69,69,14,14,0,0,0,0,32,32,48,48
gfx1200,vit-wide-deep.hsaco,vit_expand_blocked_fp8_bytein,False,723,723,0,4592,4592,55,55,14,14,0,0,0,0,32,32,48,48
gfx1200,vit-wide-deep.hsaco,vit_expand_blocked_fp8_frag_bytein,False,1329,1368,39,8804,8968,77,77,23,25,0,0,0,0,32,32,48,48
gfx1200,vit-wide-deep.hsaco,vit_expand_blocked_fp8_frag_bytein_m2,False,1335,1336,1,8696,8704,86,86,22,25,0,0,0,0,32,32,48,48
gfx1200,vit-wide-deep.hsaco,vit_expand_blocked_fp8_frag_bytein_m4,False,2595,2598,3,17012,16992,154,154,27,30,0,0,0,0,32,32,48,48
gfx1200,vit-wide-deep.hsaco,vit_expand_blocked_fp8_frag_tiledin,False,711,713,2,4572,4580,46,46,23,25,0,0,0,0,32,32,48,48
gfx1200,vit-wide-deep.hsaco,vit_expand_blocked_fp8_tiled,False,883,886,3,5804,5812,95,94,20,23,0,0,0,0,32,32,48,48
gfx1200,vit-wide-deep.hsaco,vit_expand_blocked_fp8_tiled_bytein,False,782,781,-1,5132,5132,73,73,18,22,0,0,0,0,32,32,48,48
gfx1200,vit-wide-deep.hsaco,vit_expand_blocked_fp8_tiled_bytein_m4,False,2668,2668,0,17556,17536,153,153,25,27,0,0,0,0,32,32,48,48
gfx1200,vit-wide-deep.hsaco,vit_expand_fp8,False,351,350,-1,2156,2156,32,32,14,14,0,0,0,0,32,32,48,48
gfx1200,vit-wide-deep.hsaco,vit_ffn_fused,False,1493,1492,-1,9660,9728,151,161,14,14,16640,16640,0,0,32,32,56,56
gfx1200,vit-wide-deep.hsaco,vit_pack_input,False,57,57,0,340,340,7,7,7,7,0,0,0,0,32,32,32,32
gfx1200,vit-wide-deep.hsaco,vit_pack_input_tiled,False,57,57,0,352,352,10,10,7,7,0,0,0,0,32,32,32,32
gfx1200,vit-wide-deep.hsaco,vit_project,False,1285,1287,2,8192,8200,77,77,20,20,0,0,0,0,32,32,56,56
gfx1200,vit-wide-deep.hsaco,vit_project_bytein_bout,False,586,597,11,4088,4136,98,98,14,14,0,0,0,0,32,32,56,56
gfx1200,vit-wide-deep.hsaco,vit_project_bytein_bout_hskip,False,593,605,12,4128,4180,99,99,14,14,0,0,0,0,32,32,56,56
gfx1200,vit-wide-deep.hsaco,vit_project_fp8,False,1310,1327,17,8336,8408,90,90,20,20,0,0,0,0,32,32,56,56
gfx1200,vit-wide-deep.hsaco,vit_project_frag,False,1850,1861,11,11692,11744,79,79,34,34,0,0,0,0,32,32,56,56
gfx1200,vit-wide-deep.hsaco,vit_project_frag_n64,False,1637,1710,73,11476,11852,160,180,14,14,0,0,0,0,32,32,56,56
gfx1200,vit-wide-deep.hsaco,vit_qkv_normalize,False,478,478,0,2724,2724,31,31,18,18,0,0,0,0,32,32,40,40
gfx1200,vit-wide-deep.hsaco,vit_qkv_project,False,215,221,6,1204,1228,32,32,14,14,0,0,0,0,32,32,40,40
gfx1200,vit-wide-deep.hsaco,vit_qkv_project_blocked,False,266,227,-39,1604,1384,48,48,13,13,0,0,0,0,32,32,40,40
gfx1200,vit-wide-deep.hsaco,vit_qkv_project_normalize_fused,False,848,958,110,4768,5320,51,50,22,18,2112,2112,0,0,32,32,40,40
gfx1200,vit-wide-deep.hsaco,vit_qkv_project_normalize_fused_f16compact,False,853,957,104,4868,5364,60,58,22,22,2112,2112,0,0,32,32,40,40
gfx1200,vit-wide-deep.hsaco,vit_qkv_project_normalize_fused_f16compact_fp8,False,777,767,-10,4516,4352,60,58,22,22,2112,2112,0,0,32,32,40,40
gfx1200,vit-wide-deep.hsaco,vit_qkv_project_normalize_fused_f16compact_fp8_bytein,False,776,818,42,4488,4680,58,91,22,22,2112,2112,0,0,32,32,40,40
gfx1200,vit-wide-deep.hsaco,vit_qkv_project_normalize_fused_f16compact_fp8_frag,False,766,767,1,4440,4348,59,58,22,22,2112,2112,0,0,32,32,40,40
gfx1200,vit-wide-deep.hsaco,vit_qkv_project_normalize_fused_f16compact_fp8_h16in,False,1164,1198,34,7860,7908,96,95,22,22,2112,2112,0,0,32,32,40,40
gfx1200,vit-wide-deep.hsaco,vit_qkv_project_normalize_fused_f16compact_fp8_h16in_n4,False,1392,1408,16,8424,8264,192,192,22,22,4160,4160,0,0,32,32,40,40
gfx1200,vit-wide-deep.hsaco,vit_qkv_project_normalize_fused_f16weight,False,854,960,106,4876,5380,60,58,22,22,2112,2112,0,0,32,32,40,40
gfx1200,wave-pointwise.hsaco,c32_attn_av,False,431,245,-186,2668,1516,74,73,11,11,0,0,0,0,32,32,28,28
gfx1200,wave-pointwise.hsaco,c32_attn_normalize,False,439,440,1,2256,2256,31,31,26,26,0,0,0,0,32,32,28,28
gfx1200,wave-pointwise.hsaco,c32_attn_normalize_wave,False,714,716,2,3692,3692,16,16,18,18,0,0,0,0,32,32,28,28
gfx1200,wave-pointwise.hsaco,c32_attn_probabilities,False,331,333,2,1896,1896,37,37,10,10,0,0,0,0,32,32,20,20
gfx1200,wave-pointwise.hsaco,c32_attn_probabilities_wave,False,234,238,4,1304,1304,15,15,9,9,0,0,0,0,32,32,20,20
gfx1200,wave-pointwise.hsaco,c32_attn_project,False,219,227,8,1276,1296,71,71,12,12,0,0,0,0,32,32,40,40
gfx1200,wave-pointwise.hsaco,c32_attn_qkv,False,281,282,1,1512,1504,17,17,12,12,0,0,0,0,32,32,28,28
gfx1200,wave-pointwise.hsaco,c32_attn_scores,False,261,261,0,1428,1432,68,68,10,10,0,0,0,0,32,32,28,28
gfx1200,wave-pointwise.hsaco,c32_ffn_contract,False,203,210,7,1192,1216,71,71,12,12,0,0,0,0,32,32,40,40
gfx1200,wave-pointwise.hsaco,c32_ffn_expand,False,248,248,0,1380,1368,16,16,12,12,0,0,0,0,32,32,28,28
gfx1200,wave-pointwise.hsaco,c32_finish,False,255,258,3,1380,1384,16,16,14,14,0,0,0,0,32,32,32,32
gfx1200,wave-pointwise.hsaco,mh_normalize_wave,False,769,774,5,3956,3964,16,16,19,19,0,0,0,0,32,32,32,32
gfx1200,wave-pointwise.hsaco,mh_probabilities_wave,False,236,240,4,1312,1312,15,15,9,9,0,0,0,0,32,32,24,24
