batch,frame,reset,wall_ms,invalid,rgb_min,rgb_max,luma_mean,roi_luma_mean,dark_pixels,roi_dark_pixels,changed_half_values_from_first,maxabs_from_first,checked
timing-1600x900-1-0,0,1,1168.942000,0,0,0.999511719,0.361087472,0.40807074,452,120,0,0,1
timing-1600x900-1-0,1,1,10.612000,,,,,,,,,,0
timing-1600x900-1-0,2,1,7.992000,,,,,,,,,,0
timing-1600x900-1-0,3,1,8.037000,,,,,,,,,,0
timing-1600x900-1-0,4,1,7.876000,,,,,,,,,,0
timing-1600x900-1-0,5,1,7.628000,,,,,,,,,,0
timing-1600x900-1-0,6,1,7.511000,,,,,,,,,,0
timing-1600x900-1-0,7,1,7.512000,,,,,,,,,,0
timing-1600x900-1-0,8,1,7.492000,,,,,,,,,,0
timing-1600x900-1-0,9,1,7.640000,,,,,,,,,,0
timing-1600x900-1-0,10,1,7.582000,,,,,,,,,,0
timing-1600x900-1-0,11,1,7.625000,,,,,,,,,,0
timing-1600x900-1-0,12,1,7.345000,,,,,,,,,,0
timing-1600x900-1-0,13,1,7.632000,,,,,,,,,,0
timing-1600x900-1-0,14,1,7.806000,,,,,,,,,,0
timing-1600x900-1-0,15,1,7.552000,,,,,,,,,,0
timing-1600x900-1-0,16,1,7.024000,,,,,,,,,,0
timing-1600x900-1-0,17,1,7.076000,,,,,,,,,,0
timing-1600x900-1-0,18,1,7.027000,,,,,,,,,,0
timing-1600x900-1-0,19,1,7.065000,,,,,,,,,,0
timing-1600x900-1-0,20,1,6.993000,,,,,,,,,,0
timing-1600x900-1-0,21,1,6.992000,,,,,,,,,,0
timing-1600x900-1-0,22,1,7.146000,,,,,,,,,,0
timing-1600x900-1-0,23,1,7.037000,,,,,,,,,,0
timing-1600x900-1-0,24,1,7.095000,,,,,,,,,,0
timing-1600x900-1-0,25,1,7.105000,,,,,,,,,,0
timing-1600x900-1-0,26,1,7.047000,,,,,,,,,,0
timing-1600x900-1-0,27,1,6.969000,,,,,,,,,,0
timing-1600x900-1-0,28,1,7.065000,,,,,,,,,,0
timing-1600x900-1-0,29,1,7.125000,,,,,,,,,,0
timing-1600x900-1-0,30,1,7.065000,,,,,,,,,,0
timing-1600x900-1-0,31,1,6.992000,,,,,,,,,,0
timing-1600x900-1-0,32,1,7.081000,,,,,,,,,,0
timing-1600x900-1-0,33,1,6.916000,,,,,,,,,,0
timing-1600x900-1-0,34,1,7.074000,,,,,,,,,,0
timing-1600x900-1-0,35,1,7.086000,,,,,,,,,,0
timing-1600x900-1-0,36,1,7.074000,,,,,,,,,,0
timing-1600x900-1-0,37,1,7.010000,,,,,,,,,,0
timing-1600x900-1-0,38,1,6.968000,,,,,,,,,,0
timing-1600x900-1-0,39,1,7.036000,,,,,,,,,,0
timing-1600x900-1-0,40,1,7.124000,,,,,,,,,,0
timing-1600x900-1-0,41,1,7.040000,,,,,,,,,,0
timing-1600x900-1-0,42,1,7.107000,,,,,,,,,,0
timing-1600x900-1-0,43,1,7.174000,,,,,,,,,,0
timing-1600x900-1-0,44,1,7.071000,,,,,,,,,,0
timing-1600x900-1-0,45,1,7.154000,,,,,,,,,,0
timing-1600x900-1-0,46,1,7.145000,,,,,,,,,,0
timing-1600x900-1-0,47,1,7.112000,,,,,,,,,,0
timing-1600x900-1-0,48,1,7.220000,,,,,,,,,,0
timing-1600x900-1-0,49,1,7.063000,,,,,,,,,,0
timing-1600x900-1-0,50,1,7.222000,,,,,,,,,,0
timing-1600x900-1-0,51,1,7.059000,,,,,,,,,,0
timing-1600x900-1-0,52,1,7.198000,,,,,,,,,,0
timing-1600x900-1-0,53,1,7.370000,,,,,,,,,,0
timing-1600x900-1-0,54,1,7.160000,,,,,,,,,,0
timing-1600x900-1-0,55,1,7.154000,,,,,,,,,,0
timing-1600x900-1-0,56,1,7.195000,,,,,,,,,,0
timing-1600x900-1-0,57,1,7.223000,,,,,,,,,,0
timing-1600x900-1-0,58,1,7.047000,,,,,,,,,,0
timing-1600x900-1-0,59,1,7.297000,,,,,,,,,,0
timing-1600x900-1-0,60,1,7.204000,,,,,,,,,,0
timing-1600x900-1-0,61,1,7.103000,,,,,,,,,,0
timing-1600x900-1-0,62,1,7.073000,,,,,,,,,,0
timing-1600x900-1-0,63,1,7.170000,,,,,,,,,,0
timing-1600x900-1-0,64,1,7.112000,,,,,,,,,,0
timing-1600x900-1-0,65,1,7.207000,,,,,,,,,,0
timing-1600x900-1-0,66,1,7.080000,,,,,,,,,,0
timing-1600x900-1-0,67,1,7.193000,,,,,,,,,,0
timing-1600x900-1-0,68,1,7.185000,,,,,,,,,,0
timing-1600x900-1-0,69,1,7.220000,,,,,,,,,,0
timing-1600x900-1-0,70,1,7.257000,,,,,,,,,,0
timing-1600x900-1-0,71,1,7.136000,,,,,,,,,,0
timing-1600x900-1-0,72,1,7.211000,,,,,,,,,,0
timing-1600x900-1-0,73,1,7.179000,,,,,,,,,,0
timing-1600x900-1-0,74,1,7.125000,,,,,,,,,,0
timing-1600x900-1-0,75,1,7.214000,,,,,,,,,,0
timing-1600x900-1-0,76,1,7.219000,,,,,,,,,,0
timing-1600x900-1-0,77,1,7.071000,,,,,,,,,,0
timing-1600x900-1-0,78,1,7.189000,,,,,,,,,,0
timing-1600x900-1-0,79,1,7.173000,,,,,,,,,,0
timing-1600x900-1-0,80,1,7.166000,,,,,,,,,,0
timing-1600x900-1-0,81,1,7.065000,,,,,,,,,,0
timing-1600x900-1-0,82,1,7.163000,,,,,,,,,,0
timing-1600x900-1-0,83,1,7.123000,,,,,,,,,,0
timing-1600x900-1-0,84,1,7.150000,,,,,,,,,,0
timing-1600x900-1-0,85,1,7.179000,,,,,,,,,,0
timing-1600x900-1-0,86,1,7.136000,,,,,,,,,,0
timing-1600x900-1-0,87,1,7.106000,,,,,,,,,,0
timing-1600x900-1-0,88,1,7.121000,,,,,,,,,,0
timing-1600x900-1-0,89,1,7.161000,,,,,,,,,,0
timing-1600x900-1-0,90,1,7.072000,,,,,,,,,,0
timing-1600x900-1-0,91,1,7.142000,,,,,,,,,,0
timing-1600x900-1-0,92,1,7.181000,,,,,,,,,,0
timing-1600x900-1-0,93,1,7.196000,,,,,,,,,,0
timing-1600x900-1-0,94,1,7.204000,,,,,,,,,,0
timing-1600x900-1-0,95,1,7.115000,,,,,,,,,,0
timing-1600x900-1-0,96,1,7.158000,,,,,,,,,,0
timing-1600x900-1-0,97,1,7.152000,,,,,,,,,,0
timing-1600x900-1-0,98,1,7.280000,,,,,,,,,,0
timing-1600x900-1-0,99,1,7.233000,,,,,,,,,,0
timing-1600x900-1-0,100,1,7.088000,,,,,,,,,,0
timing-1600x900-1-0,101,1,7.091000,,,,,,,,,,0
timing-1600x900-1-0,102,1,7.116000,,,,,,,,,,0
timing-1600x900-1-0,103,1,7.121000,,,,,,,,,,0
timing-1600x900-1-0,104,1,7.113000,,,,,,,,,,0
timing-1600x900-1-0,105,1,7.174000,,,,,,,,,,0
timing-1600x900-1-0,106,1,7.112000,,,,,,,,,,0
timing-1600x900-1-0,107,1,7.113000,,,,,,,,,,0
timing-1600x900-1-0,108,1,7.148000,,,,,,,,,,0
timing-1600x900-1-0,109,1,7.166000,,,,,,,,,,0
timing-1600x900-1-0,110,1,7.130000,,,,,,,,,,0
timing-1600x900-1-0,111,1,7.274000,,,,,,,,,,0
timing-1600x900-1-0,112,1,7.126000,,,,,,,,,,0
timing-1600x900-1-0,113,1,7.169000,,,,,,,,,,0
timing-1600x900-1-0,114,1,7.232000,,,,,,,,,,0
timing-1600x900-1-0,115,1,7.065000,,,,,,,,,,0
timing-1600x900-1-0,116,1,7.177000,,,,,,,,,,0
timing-1600x900-1-0,117,1,7.176000,,,,,,,,,,0
timing-1600x900-1-0,118,1,7.129000,,,,,,,,,,0
timing-1600x900-1-0,119,1,7.220000,,,,,,,,,,0
timing-1600x900-1-0,120,1,7.138000,,,,,,,,,,0
timing-1600x900-1-0,121,1,7.236000,,,,,,,,,,0
timing-1600x900-1-0,122,1,7.127000,,,,,,,,,,0
timing-1600x900-1-0,123,1,7.102000,,,,,,,,,,0
timing-1600x900-1-0,124,1,7.145000,,,,,,,,,,0
timing-1600x900-1-0,125,1,7.158000,,,,,,,,,,0
timing-1600x900-1-0,126,1,7.190000,,,,,,,,,,0
timing-1600x900-1-0,127,1,7.206000,,,,,,,,,,0
timing-1600x900-1-0,128,1,7.094000,,,,,,,,,,0
timing-1600x900-1-0,129,1,7.170000,,,,,,,,,,0
timing-1600x900-1-0,130,1,7.353000,,,,,,,,,,0
timing-1600x900-1-0,131,1,7.408000,,,,,,,,,,0
timing-1600x900-1-0,132,1,7.482000,,,,,,,,,,0
timing-1600x900-1-0,133,1,7.241000,,,,,,,,,,0
timing-1600x900-1-0,134,1,7.137000,,,,,,,,,,0
timing-1600x900-1-0,135,1,7.245000,,,,,,,,,,0
timing-1600x900-1-0,136,1,7.215000,,,,,,,,,,0
timing-1600x900-1-0,137,1,7.211000,,,,,,,,,,0
timing-1600x900-1-0,138,1,7.247000,,,,,,,,,,0
timing-1600x900-1-0,139,1,7.433000,,,,,,,,,,0
timing-1600x900-1-0,140,1,7.478000,,,,,,,,,,0
timing-1600x900-1-0,141,1,7.390000,,,,,,,,,,0
timing-1600x900-1-0,142,1,7.577000,,,,,,,,,,0
timing-1600x900-1-0,143,1,7.337000,,,,,,,,,,0
timing-1600x900-1-0,144,1,7.360000,,,,,,,,,,0
timing-1600x900-1-0,145,1,7.560000,,,,,,,,,,0
timing-1600x900-1-0,146,1,7.384000,,,,,,,,,,0
timing-1600x900-1-0,147,1,7.565000,,,,,,,,,,0
timing-1600x900-1-0,148,1,7.347000,,,,,,,,,,0
timing-1600x900-1-0,149,1,7.313000,,,,,,,,,,0
timing-1600x900-1-0,150,1,7.459000,,,,,,,,,,0
timing-1600x900-1-0,151,1,7.462000,,,,,,,,,,0
timing-1600x900-1-0,152,1,7.396000,,,,,,,,,,0
timing-1600x900-1-0,153,1,7.374000,,,,,,,,,,0
timing-1600x900-1-0,154,1,7.329000,,,,,,,,,,0
timing-1600x900-1-0,155,1,7.320000,,,,,,,,,,0
timing-1600x900-1-0,156,1,7.464000,,,,,,,,,,0
timing-1600x900-1-0,157,1,7.330000,,,,,,,,,,0
timing-1600x900-1-0,158,1,7.177000,,,,,,,,,,0
timing-1600x900-1-0,159,1,7.153000,,,,,,,,,,0
timing-1600x900-1-0,160,1,7.183000,,,,,,,,,,0
timing-1600x900-1-0,161,1,7.227000,,,,,,,,,,0
timing-1600x900-1-0,162,1,7.319000,,,,,,,,,,0
timing-1600x900-1-0,163,1,7.346000,,,,,,,,,,0
timing-1600x900-1-0,164,1,7.403000,,,,,,,,,,0
timing-1600x900-1-0,165,1,7.308000,,,,,,,,,,0
timing-1600x900-1-0,166,1,7.486000,,,,,,,,,,0
timing-1600x900-1-0,167,1,7.383000,,,,,,,,,,0
timing-1600x900-1-0,168,1,7.466000,,,,,,,,,,0
timing-1600x900-1-0,169,1,7.379000,,,,,,,,,,0
timing-1600x900-1-0,170,1,7.474000,,,,,,,,,,0
timing-1600x900-1-0,171,1,7.512000,,,,,,,,,,0
timing-1600x900-1-0,172,1,7.433000,,,,,,,,,,0
timing-1600x900-1-0,173,1,7.512000,,,,,,,,,,0
timing-1600x900-1-0,174,1,7.091000,,,,,,,,,,0
timing-1600x900-1-0,175,1,7.272000,,,,,,,,,,0
timing-1600x900-1-0,176,1,7.275000,,,,,,,,,,0
timing-1600x900-1-0,177,1,7.225000,,,,,,,,,,0
timing-1600x900-1-0,178,1,7.302000,,,,,,,,,,0
timing-1600x900-1-0,179,1,7.379000,,,,,,,,,,0
timing-1600x900-1-0,180,1,7.363000,,,,,,,,,,0
timing-1600x900-1-0,181,1,7.522000,,,,,,,,,,0
timing-1600x900-1-0,182,1,7.390000,,,,,,,,,,0
timing-1600x900-1-0,183,1,7.342000,,,,,,,,,,0
timing-1600x900-1-0,184,1,7.472000,,,,,,,,,,0
timing-1600x900-1-0,185,1,7.303000,,,,,,,,,,0
timing-1600x900-1-0,186,1,7.233000,,,,,,,,,,0
timing-1600x900-1-0,187,1,7.166000,,,,,,,,,,0
timing-1600x900-1-0,188,1,7.185000,,,,,,,,,,0
timing-1600x900-1-0,189,1,7.149000,,,,,,,,,,0
timing-1600x900-1-0,190,1,7.362000,,,,,,,,,,0
timing-1600x900-1-0,191,1,7.467000,,,,,,,,,,0
timing-1600x900-1-0,192,1,7.423000,,,,,,,,,,0
timing-1600x900-1-0,193,1,7.195000,,,,,,,,,,0
timing-1600x900-1-0,194,1,7.080000,,,,,,,,,,0
timing-1600x900-1-0,195,1,7.136000,,,,,,,,,,0
timing-1600x900-1-0,196,1,7.174000,,,,,,,,,,0
timing-1600x900-1-0,197,1,7.128000,,,,,,,,,,0
timing-1600x900-1-0,198,1,7.233000,,,,,,,,,,0
timing-1600x900-1-0,199,1,7.256000,,,,,,,,,,0
timing-1600x900-1-0,200,1,7.384000,,,,,,,,,,0
timing-1600x900-1-0,201,1,7.446000,,,,,,,,,,0
timing-1600x900-1-0,202,1,7.230000,,,,,,,,,,0
timing-1600x900-1-0,203,1,7.418000,,,,,,,,,,0
timing-1600x900-1-0,204,1,7.201000,,,,,,,,,,0
timing-1600x900-1-0,205,1,7.165000,,,,,,,,,,0
timing-1600x900-1-0,206,1,7.118000,,,,,,,,,,0
timing-1600x900-1-0,207,1,7.177000,,,,,,,,,,0
timing-1600x900-1-0,208,1,7.216000,,,,,,,,,,0
timing-1600x900-1-0,209,1,7.300000,,,,,,,,,,0
timing-1600x900-1-0,210,1,7.507000,,,,,,,,,,0
timing-1600x900-1-0,211,1,7.470000,,,,,,,,,,0
timing-1600x900-1-0,212,1,7.436000,,,,,,,,,,0
timing-1600x900-1-0,213,1,7.484000,,,,,,,,,,0
timing-1600x900-1-0,214,1,7.230000,,,,,,,,,,0
timing-1600x900-1-0,215,1,7.249000,,,,,,,,,,0
timing-1600x900-1-0,216,1,7.328000,,,,,,,,,,0
timing-1600x900-1-0,217,1,7.334000,,,,,,,,,,0
timing-1600x900-1-0,218,1,7.387000,,,,,,,,,,0
timing-1600x900-1-0,219,1,7.544000,,,,,,,,,,0
timing-1600x900-1-0,220,1,7.471000,,,,,,,,,,0
timing-1600x900-1-0,221,1,7.584000,,,,,,,,,,0
timing-1600x900-1-0,222,1,7.597000,,,,,,,,,,0
timing-1600x900-1-0,223,1,7.437000,,,,,,,,,,0
timing-1600x900-1-0,224,1,7.586000,,,,,,,,,,0
timing-1600x900-1-0,225,1,7.745000,,,,,,,,,,0
timing-1600x900-1-0,226,1,7.460000,,,,,,,,,,0
timing-1600x900-1-0,227,1,7.766000,,,,,,,,,,0
timing-1600x900-1-0,228,1,7.649000,,,,,,,,,,0
timing-1600x900-1-0,229,1,7.575000,,,,,,,,,,0
timing-1600x900-1-0,230,1,7.377000,,,,,,,,,,0
timing-1600x900-1-0,231,1,7.425000,,,,,,,,,,0
timing-1600x900-1-0,232,1,7.488000,,,,,,,,,,0
timing-1600x900-1-0,233,1,7.439000,,,,,,,,,,0
timing-1600x900-1-0,234,1,7.429000,,,,,,,,,,0
timing-1600x900-1-0,235,1,7.515000,,,,,,,,,,0
timing-1600x900-1-0,236,1,7.476000,,,,,,,,,,0
timing-1600x900-1-0,237,1,7.438000,,,,,,,,,,0
timing-1600x900-1-0,238,1,7.417000,,,,,,,,,,0
timing-1600x900-1-0,239,1,7.512000,,,,,,,,,,0
timing-1600x900-1-0,240,1,7.492000,,,,,,,,,,0
timing-1600x900-1-0,241,1,7.506000,,,,,,,,,,0
timing-1600x900-1-0,242,1,7.406000,,,,,,,,,,0
timing-1600x900-1-0,243,1,7.565000,,,,,,,,,,0
timing-1600x900-1-0,244,1,7.196000,,,,,,,,,,0
timing-1600x900-1-0,245,1,7.147000,,,,,,,,,,0
timing-1600x900-1-0,246,1,7.187000,,,,,,,,,,0
timing-1600x900-1-0,247,1,7.252000,,,,,,,,,,0
timing-1600x900-1-0,248,1,7.210000,,,,,,,,,,0
timing-1600x900-1-0,249,1,7.360000,,,,,,,,,,0
timing-1600x900-1-0,250,1,7.365000,,,,,,,,,,0
timing-1600x900-1-0,251,1,7.458000,,,,,,,,,,0
timing-1600x900-1-0,252,1,7.354000,,,,,,,,,,0
timing-1600x900-1-0,253,1,7.456000,,,,,,,,,,0
timing-1600x900-1-0,254,1,7.501000,,,,,,,,,,0
timing-1600x900-1-0,255,1,7.341000,,,,,,,,,,0
timing-1600x900-1-0,256,1,7.459000,,,,,,,,,,0
timing-1600x900-1-0,257,1,7.340000,,,,,,,,,,0
timing-1600x900-1-0,258,1,7.786000,,,,,,,,,,0
timing-1600x900-1-0,259,1,7.257000,,,,,,,,,,0
timing-1600x900-1-0,260,1,7.192000,,,,,,,,,,0
timing-1600x900-1-0,261,1,7.238000,,,,,,,,,,0
timing-1600x900-1-0,262,1,7.152000,,,,,,,,,,0
timing-1600x900-1-0,263,1,7.316000,,,,,,,,,,0
timing-1600x900-1-0,264,1,7.469000,,,,,,,,,,0
timing-1600x900-1-0,265,1,7.370000,,,,,,,,,,0
timing-1600x900-1-0,266,1,7.404000,,,,,,,,,,0
timing-1600x900-1-0,267,1,7.367000,,,,,,,,,,0
timing-1600x900-1-0,268,1,7.557000,,,,,,,,,,0
timing-1600x900-1-0,269,1,7.377000,,,,,,,,,,0
timing-1600x900-1-0,270,1,7.403000,,,,,,,,,,0
timing-1600x900-1-0,271,1,7.244000,,,,,,,,,,0
timing-1600x900-1-0,272,1,7.436000,,,,,,,,,,0
timing-1600x900-1-0,273,1,7.577000,,,,,,,,,,0
timing-1600x900-1-0,274,1,7.483000,,,,,,,,,,0
timing-1600x900-1-0,275,1,7.390000,,,,,,,,,,0
timing-1600x900-1-0,276,1,7.472000,,,,,,,,,,0
timing-1600x900-1-0,277,1,7.592000,,,,,,,,,,0
timing-1600x900-1-0,278,1,7.474000,,,,,,,,,,0
timing-1600x900-1-0,279,1,7.423000,,,,,,,,,,0
timing-1600x900-1-0,280,1,7.289000,,,,,,,,,,0
timing-1600x900-1-0,281,1,7.217000,,,,,,,,,,0
timing-1600x900-1-0,282,1,7.240000,,,,,,,,,,0
timing-1600x900-1-0,283,1,7.149000,,,,,,,,,,0
timing-1600x900-1-0,284,1,7.198000,,,,,,,,,,0
timing-1600x900-1-0,285,1,7.341000,,,,,,,,,,0
timing-1600x900-1-0,286,1,7.278000,,,,,,,,,,0
timing-1600x900-1-0,287,1,7.392000,,,,,,,,,,0
timing-1600x900-1-0,288,1,7.375000,,,,,,,,,,0
timing-1600x900-1-0,289,1,7.266000,,,,,,,,,,0
timing-1600x900-1-0,290,1,7.223000,,,,,,,,,,0
timing-1600x900-1-0,291,1,7.291000,,,,,,,,,,0
timing-1600x900-1-0,292,1,7.246000,,,,,,,,,,0
timing-1600x900-1-0,293,1,7.117000,,,,,,,,,,0
timing-1600x900-1-0,294,1,7.247000,,,,,,,,,,0
timing-1600x900-1-0,295,1,7.578000,,,,,,,,,,0
timing-1600x900-1-0,296,1,7.451000,,,,,,,,,,0
timing-1600x900-1-0,297,1,7.483000,,,,,,,,,,0
timing-1600x900-1-0,298,1,7.454000,,,,,,,,,,0
timing-1600x900-1-0,299,1,7.358000,,,,,,,,,,0
timing-1600x900-1-0,300,1,7.431000,,,,,,,,,,0
timing-1600x900-1-0,301,1,7.379000,,,,,,,,,,0
timing-1600x900-1-0,302,1,7.572000,,,,,,,,,,0
timing-1600x900-1-0,303,1,7.394000,,,,,,,,,,0
timing-1600x900-1-0,304,1,7.333000,,,,,,,,,,0
timing-1600x900-1-0,305,1,7.501000,,,,,,,,,,0
timing-1600x900-1-0,306,1,7.511000,,,,,,,,,,0
timing-1600x900-1-0,307,1,7.347000,,,,,,,,,,0
timing-1600x900-1-0,308,1,7.296000,,,,,,,,,,0
timing-1600x900-1-0,309,1,7.205000,,,,,,,,,,0
timing-1600x900-1-0,310,1,7.173000,,,,,,,,,,0
timing-1600x900-1-0,311,1,7.394000,,,,,,,,,,0
timing-1600x900-1-0,312,1,7.448000,,,,,,,,,,0
timing-1600x900-1-0,313,1,7.429000,,,,,,,,,,0
timing-1600x900-1-0,314,1,7.486000,,,,,,,,,,0
timing-1600x900-1-0,315,1,7.262000,,,,,,,,,,0
timing-1600x900-1-0,316,1,7.280000,,,,,,,,,,0
timing-1600x900-1-0,317,1,7.388000,,,,,,,,,,0
timing-1600x900-1-0,318,1,7.363000,,,,,,,,,,0
timing-1600x900-1-0,319,1,7.314000,0,0,0.999511719,0.361087472,0.40807074,452,120,0,0,1
timing-1600x900-1-1,0,1,1173.288000,0,0,0.999511719,0.361087472,0.40807074,452,120,0,0,1
timing-1600x900-1-1,1,1,14.730000,,,,,,,,,,0
timing-1600x900-1-1,2,1,8.036000,,,,,,,,,,0
timing-1600x900-1-1,3,1,8.156000,,,,,,,,,,0
timing-1600x900-1-1,4,1,7.860000,,,,,,,,,,0
timing-1600x900-1-1,5,1,7.460000,,,,,,,,,,0
timing-1600x900-1-1,6,1,7.491000,,,,,,,,,,0
timing-1600x900-1-1,7,1,7.498000,,,,,,,,,,0
timing-1600x900-1-1,8,1,7.411000,,,,,,,,,,0
timing-1600x900-1-1,9,1,7.456000,,,,,,,,,,0
timing-1600x900-1-1,10,1,7.705000,,,,,,,,,,0
timing-1600x900-1-1,11,1,7.472000,,,,,,,,,,0
timing-1600x900-1-1,12,1,7.619000,,,,,,,,,,0
timing-1600x900-1-1,13,1,7.490000,,,,,,,,,,0
timing-1600x900-1-1,14,1,7.554000,,,,,,,,,,0
timing-1600x900-1-1,15,1,7.647000,,,,,,,,,,0
timing-1600x900-1-1,16,1,7.073000,,,,,,,,,,0
timing-1600x900-1-1,17,1,7.047000,,,,,,,,,,0
timing-1600x900-1-1,18,1,7.001000,,,,,,,,,,0
timing-1600x900-1-1,19,1,7.127000,,,,,,,,,,0
timing-1600x900-1-1,20,1,6.947000,,,,,,,,,,0
timing-1600x900-1-1,21,1,7.103000,,,,,,,,,,0
timing-1600x900-1-1,22,1,7.090000,,,,,,,,,,0
timing-1600x900-1-1,23,1,7.015000,,,,,,,,,,0
timing-1600x900-1-1,24,1,7.381000,,,,,,,,,,0
timing-1600x900-1-1,25,1,7.050000,,,,,,,,,,0
timing-1600x900-1-1,26,1,7.095000,,,,,,,,,,0
timing-1600x900-1-1,27,1,7.006000,,,,,,,,,,0
timing-1600x900-1-1,28,1,7.120000,,,,,,,,,,0
timing-1600x900-1-1,29,1,6.947000,,,,,,,,,,0
timing-1600x900-1-1,30,1,6.988000,,,,,,,,,,0
timing-1600x900-1-1,31,1,7.091000,,,,,,,,,,0
timing-1600x900-1-1,32,1,7.060000,,,,,,,,,,0
timing-1600x900-1-1,33,1,7.017000,,,,,,,,,,0
timing-1600x900-1-1,34,1,6.917000,,,,,,,,,,0
timing-1600x900-1-1,35,1,7.134000,,,,,,,,,,0
timing-1600x900-1-1,36,1,7.082000,,,,,,,,,,0
timing-1600x900-1-1,37,1,7.105000,,,,,,,,,,0
timing-1600x900-1-1,38,1,7.026000,,,,,,,,,,0
timing-1600x900-1-1,39,1,7.036000,,,,,,,,,,0
timing-1600x900-1-1,40,1,7.122000,,,,,,,,,,0
timing-1600x900-1-1,41,1,7.142000,,,,,,,,,,0
timing-1600x900-1-1,42,1,7.182000,,,,,,,,,,0
timing-1600x900-1-1,43,1,7.143000,,,,,,,,,,0
timing-1600x900-1-1,44,1,7.303000,,,,,,,,,,0
timing-1600x900-1-1,45,1,7.248000,,,,,,,,,,0
timing-1600x900-1-1,46,1,7.127000,,,,,,,,,,0
timing-1600x900-1-1,47,1,7.058000,,,,,,,,,,0
timing-1600x900-1-1,48,1,7.152000,,,,,,,,,,0
timing-1600x900-1-1,49,1,7.306000,,,,,,,,,,0
timing-1600x900-1-1,50,1,7.131000,,,,,,,,,,0
timing-1600x900-1-1,51,1,7.196000,,,,,,,,,,0
timing-1600x900-1-1,52,1,7.187000,,,,,,,,,,0
timing-1600x900-1-1,53,1,7.132000,,,,,,,,,,0
timing-1600x900-1-1,54,1,7.157000,,,,,,,,,,0
timing-1600x900-1-1,55,1,7.074000,,,,,,,,,,0
timing-1600x900-1-1,56,1,7.102000,,,,,,,,,,0
timing-1600x900-1-1,57,1,7.223000,,,,,,,,,,0
timing-1600x900-1-1,58,1,7.072000,,,,,,,,,,0
timing-1600x900-1-1,59,1,7.104000,,,,,,,,,,0
timing-1600x900-1-1,60,1,7.188000,,,,,,,,,,0
timing-1600x900-1-1,61,1,7.203000,,,,,,,,,,0
timing-1600x900-1-1,62,1,7.051000,,,,,,,,,,0
timing-1600x900-1-1,63,1,7.075000,,,,,,,,,,0
timing-1600x900-1-1,64,1,7.248000,,,,,,,,,,0
timing-1600x900-1-1,65,1,7.146000,,,,,,,,,,0
timing-1600x900-1-1,66,1,7.126000,,,,,,,,,,0
timing-1600x900-1-1,67,1,7.191000,,,,,,,,,,0
timing-1600x900-1-1,68,1,7.100000,,,,,,,,,,0
timing-1600x900-1-1,69,1,7.189000,,,,,,,,,,0
timing-1600x900-1-1,70,1,7.075000,,,,,,,,,,0
timing-1600x900-1-1,71,1,7.097000,,,,,,,,,,0
timing-1600x900-1-1,72,1,7.299000,,,,,,,,,,0
timing-1600x900-1-1,73,1,7.080000,,,,,,,,,,0
timing-1600x900-1-1,74,1,7.212000,,,,,,,,,,0
timing-1600x900-1-1,75,1,7.198000,,,,,,,,,,0
timing-1600x900-1-1,76,1,7.235000,,,,,,,,,,0
timing-1600x900-1-1,77,1,7.218000,,,,,,,,,,0
timing-1600x900-1-1,78,1,7.140000,,,,,,,,,,0
timing-1600x900-1-1,79,1,7.159000,,,,,,,,,,0
timing-1600x900-1-1,80,1,7.132000,,,,,,,,,,0
timing-1600x900-1-1,81,1,7.511000,,,,,,,,,,0
timing-1600x900-1-1,82,1,7.115000,,,,,,,,,,0
timing-1600x900-1-1,83,1,7.223000,,,,,,,,,,0
timing-1600x900-1-1,84,1,7.167000,,,,,,,,,,0
timing-1600x900-1-1,85,1,7.208000,,,,,,,,,,0
timing-1600x900-1-1,86,1,7.231000,,,,,,,,,,0
timing-1600x900-1-1,87,1,7.140000,,,,,,,,,,0
timing-1600x900-1-1,88,1,7.148000,,,,,,,,,,0
timing-1600x900-1-1,89,1,7.108000,,,,,,,,,,0
timing-1600x900-1-1,90,1,7.184000,,,,,,,,,,0
timing-1600x900-1-1,91,1,7.217000,,,,,,,,,,0
timing-1600x900-1-1,92,1,7.278000,,,,,,,,,,0
timing-1600x900-1-1,93,1,7.216000,,,,,,,,,,0
timing-1600x900-1-1,94,1,7.181000,,,,,,,,,,0
timing-1600x900-1-1,95,1,7.193000,,,,,,,,,,0
timing-1600x900-1-1,96,1,7.120000,,,,,,,,,,0
timing-1600x900-1-1,97,1,7.140000,,,,,,,,,,0
timing-1600x900-1-1,98,1,7.152000,,,,,,,,,,0
timing-1600x900-1-1,99,1,7.153000,,,,,,,,,,0
timing-1600x900-1-1,100,1,7.126000,,,,,,,,,,0
timing-1600x900-1-1,101,1,7.279000,,,,,,,,,,0
timing-1600x900-1-1,102,1,7.194000,,,,,,,,,,0
timing-1600x900-1-1,103,1,7.223000,,,,,,,,,,0
timing-1600x900-1-1,104,1,7.142000,,,,,,,,,,0
timing-1600x900-1-1,105,1,7.083000,,,,,,,,,,0
timing-1600x900-1-1,106,1,7.149000,,,,,,,,,,0
timing-1600x900-1-1,107,1,7.254000,,,,,,,,,,0
timing-1600x900-1-1,108,1,7.270000,,,,,,,,,,0
timing-1600x900-1-1,109,1,7.249000,,,,,,,,,,0
timing-1600x900-1-1,110,1,7.238000,,,,,,,,,,0
timing-1600x900-1-1,111,1,7.110000,,,,,,,,,,0
timing-1600x900-1-1,112,1,7.274000,,,,,,,,,,0
timing-1600x900-1-1,113,1,7.224000,,,,,,,,,,0
timing-1600x900-1-1,114,1,7.202000,,,,,,,,,,0
timing-1600x900-1-1,115,1,7.168000,,,,,,,,,,0
timing-1600x900-1-1,116,1,7.235000,,,,,,,,,,0
timing-1600x900-1-1,117,1,7.173000,,,,,,,,,,0
timing-1600x900-1-1,118,1,7.050000,,,,,,,,,,0
timing-1600x900-1-1,119,1,7.133000,,,,,,,,,,0
timing-1600x900-1-1,120,1,7.037000,,,,,,,,,,0
timing-1600x900-1-1,121,1,7.230000,,,,,,,,,,0
timing-1600x900-1-1,122,1,7.109000,,,,,,,,,,0
timing-1600x900-1-1,123,1,7.127000,,,,,,,,,,0
timing-1600x900-1-1,124,1,7.167000,,,,,,,,,,0
timing-1600x900-1-1,125,1,7.063000,,,,,,,,,,0
timing-1600x900-1-1,126,1,7.543000,,,,,,,,,,0
timing-1600x900-1-1,127,1,7.557000,,,,,,,,,,0
timing-1600x900-1-1,128,1,7.487000,,,,,,,,,,0
timing-1600x900-1-1,129,1,7.294000,,,,,,,,,,0
timing-1600x900-1-1,130,1,7.338000,,,,,,,,,,0
timing-1600x900-1-1,131,1,7.452000,,,,,,,,,,0
timing-1600x900-1-1,132,1,7.167000,,,,,,,,,,0
timing-1600x900-1-1,133,1,7.211000,,,,,,,,,,0
timing-1600x900-1-1,134,1,7.230000,,,,,,,,,,0
timing-1600x900-1-1,135,1,7.161000,,,,,,,,,,0
timing-1600x900-1-1,136,1,7.177000,,,,,,,,,,0
timing-1600x900-1-1,137,1,7.395000,,,,,,,,,,0
timing-1600x900-1-1,138,1,7.548000,,,,,,,,,,0
timing-1600x900-1-1,139,1,7.367000,,,,,,,,,,0
timing-1600x900-1-1,140,1,7.511000,,,,,,,,,,0
timing-1600x900-1-1,141,1,7.506000,,,,,,,,,,0
timing-1600x900-1-1,142,1,7.362000,,,,,,,,,,0
timing-1600x900-1-1,143,1,7.340000,,,,,,,,,,0
timing-1600x900-1-1,144,1,7.422000,,,,,,,,,,0
timing-1600x900-1-1,145,1,7.467000,,,,,,,,,,0
timing-1600x900-1-1,146,1,7.361000,,,,,,,,,,0
timing-1600x900-1-1,147,1,7.364000,,,,,,,,,,0
timing-1600x900-1-1,148,1,7.553000,,,,,,,,,,0
timing-1600x900-1-1,149,1,7.437000,,,,,,,,,,0
timing-1600x900-1-1,150,1,7.469000,,,,,,,,,,0
timing-1600x900-1-1,151,1,7.257000,,,,,,,,,,0
timing-1600x900-1-1,152,1,7.177000,,,,,,,,,,0
timing-1600x900-1-1,153,1,7.411000,,,,,,,,,,0
timing-1600x900-1-1,154,1,7.392000,,,,,,,,,,0
timing-1600x900-1-1,155,1,7.449000,,,,,,,,,,0
timing-1600x900-1-1,156,1,7.437000,,,,,,,,,,0
timing-1600x900-1-1,157,1,7.386000,,,,,,,,,,0
timing-1600x900-1-1,158,1,7.378000,,,,,,,,,,0
timing-1600x900-1-1,159,1,7.364000,,,,,,,,,,0
timing-1600x900-1-1,160,1,7.497000,,,,,,,,,,0
timing-1600x900-1-1,161,1,7.464000,,,,,,,,,,0
timing-1600x900-1-1,162,1,7.380000,,,,,,,,,,0
timing-1600x900-1-1,163,1,7.366000,,,,,,,,,,0
timing-1600x900-1-1,164,1,7.374000,,,,,,,,,,0
timing-1600x900-1-1,165,1,7.453000,,,,,,,,,,0
timing-1600x900-1-1,166,1,7.422000,,,,,,,,,,0
timing-1600x900-1-1,167,1,7.397000,,,,,,,,,,0
timing-1600x900-1-1,168,1,7.541000,,,,,,,,,,0
timing-1600x900-1-1,169,1,7.256000,,,,,,,,,,0
timing-1600x900-1-1,170,1,7.238000,,,,,,,,,,0
timing-1600x900-1-1,171,1,7.401000,,,,,,,,,,0
timing-1600x900-1-1,172,1,7.442000,,,,,,,,,,0
timing-1600x900-1-1,173,1,7.618000,,,,,,,,,,0
timing-1600x900-1-1,174,1,7.362000,,,,,,,,,,0
timing-1600x900-1-1,175,1,7.130000,,,,,,,,,,0
timing-1600x900-1-1,176,1,7.277000,,,,,,,,,,0
timing-1600x900-1-1,177,1,7.259000,,,,,,,,,,0
timing-1600x900-1-1,178,1,7.365000,,,,,,,,,,0
timing-1600x900-1-1,179,1,7.558000,,,,,,,,,,0
timing-1600x900-1-1,180,1,7.567000,,,,,,,,,,0
timing-1600x900-1-1,181,1,7.469000,,,,,,,,,,0
timing-1600x900-1-1,182,1,7.496000,,,,,,,,,,0
timing-1600x900-1-1,183,1,7.346000,,,,,,,,,,0
timing-1600x900-1-1,184,1,7.346000,,,,,,,,,,0
timing-1600x900-1-1,185,1,7.383000,,,,,,,,,,0
timing-1600x900-1-1,186,1,7.433000,,,,,,,,,,0
timing-1600x900-1-1,187,1,7.439000,,,,,,,,,,0
timing-1600x900-1-1,188,1,7.499000,,,,,,,,,,0
timing-1600x900-1-1,189,1,7.447000,,,,,,,,,,0
timing-1600x900-1-1,190,1,7.446000,,,,,,,,,,0
timing-1600x900-1-1,191,1,7.211000,,,,,,,,,,0
timing-1600x900-1-1,192,1,7.143000,,,,,,,,,,0
timing-1600x900-1-1,193,1,7.225000,,,,,,,,,,0
timing-1600x900-1-1,194,1,7.149000,,,,,,,,,,0
timing-1600x900-1-1,195,1,7.110000,,,,,,,,,,0
timing-1600x900-1-1,196,1,7.320000,,,,,,,,,,0
timing-1600x900-1-1,197,1,7.427000,,,,,,,,,,0
timing-1600x900-1-1,198,1,7.427000,,,,,,,,,,0
timing-1600x900-1-1,199,1,7.518000,,,,,,,,,,0
timing-1600x900-1-1,200,1,7.516000,,,,,,,,,,0
timing-1600x900-1-1,201,1,7.447000,,,,,,,,,,0
timing-1600x900-1-1,202,1,7.469000,,,,,,,,,,0
timing-1600x900-1-1,203,1,7.552000,,,,,,,,,,0
timing-1600x900-1-1,204,1,7.331000,,,,,,,,,,0
timing-1600x900-1-1,205,1,7.145000,,,,,,,,,,0
timing-1600x900-1-1,206,1,7.132000,,,,,,,,,,0
timing-1600x900-1-1,207,1,7.180000,,,,,,,,,,0
timing-1600x900-1-1,208,1,7.219000,,,,,,,,,,0
timing-1600x900-1-1,209,1,7.442000,,,,,,,,,,0
timing-1600x900-1-1,210,1,7.374000,,,,,,,,,,0
timing-1600x900-1-1,211,1,7.369000,,,,,,,,,,0
timing-1600x900-1-1,212,1,7.134000,,,,,,,,,,0
timing-1600x900-1-1,213,1,7.381000,,,,,,,,,,0
timing-1600x900-1-1,214,1,7.463000,,,,,,,,,,0
timing-1600x900-1-1,215,1,7.141000,,,,,,,,,,0
timing-1600x900-1-1,216,1,7.182000,,,,,,,,,,0
timing-1600x900-1-1,217,1,7.161000,,,,,,,,,,0
timing-1600x900-1-1,218,1,7.268000,,,,,,,,,,0
timing-1600x900-1-1,219,1,7.341000,,,,,,,,,,0
timing-1600x900-1-1,220,1,7.567000,,,,,,,,,,0
timing-1600x900-1-1,221,1,7.438000,,,,,,,,,,0
timing-1600x900-1-1,222,1,7.467000,,,,,,,,,,0
timing-1600x900-1-1,223,1,7.430000,,,,,,,,,,0
timing-1600x900-1-1,224,1,7.405000,,,,,,,,,,0
timing-1600x900-1-1,225,1,7.189000,,,,,,,,,,0
timing-1600x900-1-1,226,1,7.117000,,,,,,,,,,0
timing-1600x900-1-1,227,1,7.191000,,,,,,,,,,0
timing-1600x900-1-1,228,1,7.233000,,,,,,,,,,0
timing-1600x900-1-1,229,1,7.117000,,,,,,,,,,0
timing-1600x900-1-1,230,1,7.314000,,,,,,,,,,0
timing-1600x900-1-1,231,1,7.330000,,,,,,,,,,0
timing-1600x900-1-1,232,1,7.437000,,,,,,,,,,0
timing-1600x900-1-1,233,1,7.479000,,,,,,,,,,0
timing-1600x900-1-1,234,1,7.202000,,,,,,,,,,0
timing-1600x900-1-1,235,1,7.373000,,,,,,,,,,0
timing-1600x900-1-1,236,1,7.220000,,,,,,,,,,0
timing-1600x900-1-1,237,1,7.218000,,,,,,,,,,0
timing-1600x900-1-1,238,1,7.332000,,,,,,,,,,0
timing-1600x900-1-1,239,1,7.259000,,,,,,,,,,0
timing-1600x900-1-1,240,1,7.354000,,,,,,,,,,0
timing-1600x900-1-1,241,1,7.428000,,,,,,,,,,0
timing-1600x900-1-1,242,1,7.348000,,,,,,,,,,0
timing-1600x900-1-1,243,1,7.436000,,,,,,,,,,0
timing-1600x900-1-1,244,1,7.496000,,,,,,,,,,0
timing-1600x900-1-1,245,1,7.171000,,,,,,,,,,0
timing-1600x900-1-1,246,1,7.188000,,,,,,,,,,0
timing-1600x900-1-1,247,1,7.144000,,,,,,,,,,0
timing-1600x900-1-1,248,1,7.182000,,,,,,,,,,0
timing-1600x900-1-1,249,1,7.297000,,,,,,,,,,0
timing-1600x900-1-1,250,1,7.373000,,,,,,,,,,0
timing-1600x900-1-1,251,1,7.378000,,,,,,,,,,0
timing-1600x900-1-1,252,1,7.504000,,,,,,,,,,0
timing-1600x900-1-1,253,1,7.494000,,,,,,,,,,0
timing-1600x900-1-1,254,1,7.323000,,,,,,,,,,0
timing-1600x900-1-1,255,1,7.336000,,,,,,,,,,0
timing-1600x900-1-1,256,1,7.472000,,,,,,,,,,0
timing-1600x900-1-1,257,1,7.463000,,,,,,,,,,0
timing-1600x900-1-1,258,1,7.352000,,,,,,,,,,0
timing-1600x900-1-1,259,1,7.472000,,,,,,,,,,0
timing-1600x900-1-1,260,1,7.450000,,,,,,,,,,0
timing-1600x900-1-1,261,1,7.471000,,,,,,,,,,0
timing-1600x900-1-1,262,1,7.352000,,,,,,,,,,0
timing-1600x900-1-1,263,1,7.472000,,,,,,,,,,0
timing-1600x900-1-1,264,1,7.325000,,,,,,,,,,0
timing-1600x900-1-1,265,1,7.385000,,,,,,,,,,0
timing-1600x900-1-1,266,1,7.473000,,,,,,,,,,0
timing-1600x900-1-1,267,1,7.395000,,,,,,,,,,0
timing-1600x900-1-1,268,1,7.537000,,,,,,,,,,0
timing-1600x900-1-1,269,1,7.187000,,,,,,,,,,0
timing-1600x900-1-1,270,1,7.208000,,,,,,,,,,0
timing-1600x900-1-1,271,1,7.153000,,,,,,,,,,0
timing-1600x900-1-1,272,1,7.117000,,,,,,,,,,0
timing-1600x900-1-1,273,1,7.364000,,,,,,,,,,0
timing-1600x900-1-1,274,1,7.332000,,,,,,,,,,0
timing-1600x900-1-1,275,1,7.388000,,,,,,,,,,0
timing-1600x900-1-1,276,1,7.312000,,,,,,,,,,0
timing-1600x900-1-1,277,1,7.319000,,,,,,,,,,0
timing-1600x900-1-1,278,1,7.746000,,,,,,,,,,0
timing-1600x900-1-1,279,1,7.292000,,,,,,,,,,0
timing-1600x900-1-1,280,1,7.165000,,,,,,,,,,0
timing-1600x900-1-1,281,1,7.451000,,,,,,,,,,0
timing-1600x900-1-1,282,1,7.264000,,,,,,,,,,0
timing-1600x900-1-1,283,1,7.287000,,,,,,,,,,0
timing-1600x900-1-1,284,1,7.483000,,,,,,,,,,0
timing-1600x900-1-1,285,1,7.398000,,,,,,,,,,0
timing-1600x900-1-1,286,1,7.369000,,,,,,,,,,0
timing-1600x900-1-1,287,1,7.467000,,,,,,,,,,0
timing-1600x900-1-1,288,1,7.394000,,,,,,,,,,0
timing-1600x900-1-1,289,1,7.292000,,,,,,,,,,0
timing-1600x900-1-1,290,1,7.203000,,,,,,,,,,0
timing-1600x900-1-1,291,1,7.258000,,,,,,,,,,0
timing-1600x900-1-1,292,1,7.196000,,,,,,,,,,0
timing-1600x900-1-1,293,1,7.198000,,,,,,,,,,0
timing-1600x900-1-1,294,1,7.116000,,,,,,,,,,0
timing-1600x900-1-1,295,1,7.339000,,,,,,,,,,0
timing-1600x900-1-1,296,1,7.551000,,,,,,,,,,0
timing-1600x900-1-1,297,1,7.461000,,,,,,,,,,0
timing-1600x900-1-1,298,1,7.425000,,,,,,,,,,0
timing-1600x900-1-1,299,1,7.400000,,,,,,,,,,0
timing-1600x900-1-1,300,1,7.376000,,,,,,,,,,0
timing-1600x900-1-1,301,1,7.241000,,,,,,,,,,0
timing-1600x900-1-1,302,1,7.316000,,,,,,,,,,0
timing-1600x900-1-1,303,1,7.216000,,,,,,,,,,0
timing-1600x900-1-1,304,1,7.210000,,,,,,,,,,0
timing-1600x900-1-1,305,1,7.358000,,,,,,,,,,0
timing-1600x900-1-1,306,1,7.362000,,,,,,,,,,0
timing-1600x900-1-1,307,1,7.203000,,,,,,,,,,0
timing-1600x900-1-1,308,1,7.197000,,,,,,,,,,0
timing-1600x900-1-1,309,1,7.511000,,,,,,,,,,0
timing-1600x900-1-1,310,1,7.434000,,,,,,,,,,0
timing-1600x900-1-1,311,1,7.492000,,,,,,,,,,0
timing-1600x900-1-1,312,1,7.435000,,,,,,,,,,0
timing-1600x900-1-1,313,1,7.363000,,,,,,,,,,0
timing-1600x900-1-1,314,1,7.478000,,,,,,,,,,0
timing-1600x900-1-1,315,1,7.208000,,,,,,,,,,0
timing-1600x900-1-1,316,1,7.223000,,,,,,,,,,0
timing-1600x900-1-1,317,1,7.160000,,,,,,,,,,0
timing-1600x900-1-1,318,1,7.136000,,,,,,,,,,0
timing-1600x900-1-1,319,1,7.324000,0,0,0.999511719,0.361087472,0.40807074,452,120,0,0,1
timing-1600x900-1-2,0,1,1163.409000,0,0,0.999511719,0.361087472,0.40807074,452,120,0,0,1
timing-1600x900-1-2,1,1,10.614000,,,,,,,,,,0
timing-1600x900-1-2,2,1,7.892000,,,,,,,,,,0
timing-1600x900-1-2,3,1,7.848000,,,,,,,,,,0
timing-1600x900-1-2,4,1,7.830000,,,,,,,,,,0
timing-1600x900-1-2,5,1,7.581000,,,,,,,,,,0
timing-1600x900-1-2,6,1,7.435000,,,,,,,,,,0
timing-1600x900-1-2,7,1,7.520000,,,,,,,,,,0
timing-1600x900-1-2,8,1,7.463000,,,,,,,,,,0
timing-1600x900-1-2,9,1,7.484000,,,,,,,,,,0
timing-1600x900-1-2,10,1,7.641000,,,,,,,,,,0
timing-1600x900-1-2,11,1,7.555000,,,,,,,,,,0
timing-1600x900-1-2,12,1,7.643000,,,,,,,,,,0
timing-1600x900-1-2,13,1,7.505000,,,,,,,,,,0
timing-1600x900-1-2,14,1,7.564000,,,,,,,,,,0
timing-1600x900-1-2,15,1,7.564000,,,,,,,,,,0
timing-1600x900-1-2,16,1,6.979000,,,,,,,,,,0
timing-1600x900-1-2,17,1,6.932000,,,,,,,,,,0
timing-1600x900-1-2,18,1,7.243000,,,,,,,,,,0
timing-1600x900-1-2,19,1,7.033000,,,,,,,,,,0
timing-1600x900-1-2,20,1,7.037000,,,,,,,,,,0
timing-1600x900-1-2,21,1,7.161000,,,,,,,,,,0
timing-1600x900-1-2,22,1,6.942000,,,,,,,,,,0
timing-1600x900-1-2,23,1,6.878000,,,,,,,,,,0
timing-1600x900-1-2,24,1,6.945000,,,,,,,,,,0
timing-1600x900-1-2,25,1,7.042000,,,,,,,,,,0
timing-1600x900-1-2,26,1,7.005000,,,,,,,,,,0
timing-1600x900-1-2,27,1,7.390000,,,,,,,,,,0
timing-1600x900-1-2,28,1,7.100000,,,,,,,,,,0
timing-1600x900-1-2,29,1,7.020000,,,,,,,,,,0
timing-1600x900-1-2,30,1,7.004000,,,,,,,,,,0
timing-1600x900-1-2,31,1,7.045000,,,,,,,,,,0
timing-1600x900-1-2,32,1,7.136000,,,,,,,,,,0
timing-1600x900-1-2,33,1,6.942000,,,,,,,,,,0
timing-1600x900-1-2,34,1,7.025000,,,,,,,,,,0
timing-1600x900-1-2,35,1,6.943000,,,,,,,,,,0
timing-1600x900-1-2,36,1,7.107000,,,,,,,,,,0
timing-1600x900-1-2,37,1,7.152000,,,,,,,,,,0
timing-1600x900-1-2,38,1,7.220000,,,,,,,,,,0
timing-1600x900-1-2,39,1,7.096000,,,,,,,,,,0
timing-1600x900-1-2,40,1,7.136000,,,,,,,,,,0
timing-1600x900-1-2,41,1,7.085000,,,,,,,,,,0
timing-1600x900-1-2,42,1,7.108000,,,,,,,,,,0
timing-1600x900-1-2,43,1,7.127000,,,,,,,,,,0
timing-1600x900-1-2,44,1,7.090000,,,,,,,,,,0
timing-1600x900-1-2,45,1,7.107000,,,,,,,,,,0
timing-1600x900-1-2,46,1,7.213000,,,,,,,,,,0
timing-1600x900-1-2,47,1,7.177000,,,,,,,,,,0
timing-1600x900-1-2,48,1,7.103000,,,,,,,,,,0
timing-1600x900-1-2,49,1,7.241000,,,,,,,,,,0
timing-1600x900-1-2,50,1,7.276000,,,,,,,,,,0
timing-1600x900-1-2,51,1,7.266000,,,,,,,,,,0
timing-1600x900-1-2,52,1,7.127000,,,,,,,,,,0
timing-1600x900-1-2,53,1,7.091000,,,,,,,,,,0
timing-1600x900-1-2,54,1,7.247000,,,,,,,,,,0
timing-1600x900-1-2,55,1,7.212000,,,,,,,,,,0
timing-1600x900-1-2,56,1,7.269000,,,,,,,,,,0
timing-1600x900-1-2,57,1,7.196000,,,,,,,,,,0
timing-1600x900-1-2,58,1,7.170000,,,,,,,,,,0
timing-1600x900-1-2,59,1,7.191000,,,,,,,,,,0
timing-1600x900-1-2,60,1,7.230000,,,,,,,,,,0
timing-1600x900-1-2,61,1,7.143000,,,,,,,,,,0
timing-1600x900-1-2,62,1,7.282000,,,,,,,,,,0
timing-1600x900-1-2,63,1,7.359000,,,,,,,,,,0
timing-1600x900-1-2,64,1,7.573000,,,,,,,,,,0
timing-1600x900-1-2,65,1,7.733000,,,,,,,,,,0
timing-1600x900-1-2,66,1,7.658000,,,,,,,,,,0
timing-1600x900-1-2,67,1,7.602000,,,,,,,,,,0
timing-1600x900-1-2,68,1,7.598000,,,,,,,,,,0
timing-1600x900-1-2,69,1,7.750000,,,,,,,,,,0
timing-1600x900-1-2,70,1,7.407000,,,,,,,,,,0
timing-1600x900-1-2,71,1,7.632000,,,,,,,,,,0
timing-1600x900-1-2,72,1,7.482000,,,,,,,,,,0
timing-1600x900-1-2,73,1,7.501000,,,,,,,,,,0
timing-1600x900-1-2,74,1,7.497000,,,,,,,,,,0
timing-1600x900-1-2,75,1,7.284000,,,,,,,,,,0
timing-1600x900-1-2,76,1,7.121000,,,,,,,,,,0
timing-1600x900-1-2,77,1,7.216000,,,,,,,,,,0
timing-1600x900-1-2,78,1,7.118000,,,,,,,,,,0
timing-1600x900-1-2,79,1,7.146000,,,,,,,,,,0
timing-1600x900-1-2,80,1,7.084000,,,,,,,,,,0
timing-1600x900-1-2,81,1,7.230000,,,,,,,,,,0
timing-1600x900-1-2,82,1,7.175000,,,,,,,,,,0
timing-1600x900-1-2,83,1,7.121000,,,,,,,,,,0
timing-1600x900-1-2,84,1,7.298000,,,,,,,,,,0
timing-1600x900-1-2,85,1,7.134000,,,,,,,,,,0
timing-1600x900-1-2,86,1,7.176000,,,,,,,,,,0
timing-1600x900-1-2,87,1,7.322000,,,,,,,,,,0
timing-1600x900-1-2,88,1,7.236000,,,,,,,,,,0
timing-1600x900-1-2,89,1,7.168000,,,,,,,,,,0
timing-1600x900-1-2,90,1,7.270000,,,,,,,,,,0
timing-1600x900-1-2,91,1,7.134000,,,,,,,,,,0
timing-1600x900-1-2,92,1,7.170000,,,,,,,,,,0
timing-1600x900-1-2,93,1,7.077000,,,,,,,,,,0
timing-1600x900-1-2,94,1,7.077000,,,,,,,,,,0
timing-1600x900-1-2,95,1,7.127000,,,,,,,,,,0
timing-1600x900-1-2,96,1,7.216000,,,,,,,,,,0
timing-1600x900-1-2,97,1,7.116000,,,,,,,,,,0
timing-1600x900-1-2,98,1,7.155000,,,,,,,,,,0
timing-1600x900-1-2,99,1,7.083000,,,,,,,,,,0
timing-1600x900-1-2,100,1,7.175000,,,,,,,,,,0
timing-1600x900-1-2,101,1,7.298000,,,,,,,,,,0
timing-1600x900-1-2,102,1,7.198000,,,,,,,,,,0
timing-1600x900-1-2,103,1,7.176000,,,,,,,,,,0
timing-1600x900-1-2,104,1,7.197000,,,,,,,,,,0
timing-1600x900-1-2,105,1,7.212000,,,,,,,,,,0
timing-1600x900-1-2,106,1,7.342000,,,,,,,,,,0
timing-1600x900-1-2,107,1,7.022000,,,,,,,,,,0
timing-1600x900-1-2,108,1,7.112000,,,,,,,,,,0
timing-1600x900-1-2,109,1,7.064000,,,,,,,,,,0
timing-1600x900-1-2,110,1,7.220000,,,,,,,,,,0
timing-1600x900-1-2,111,1,7.201000,,,,,,,,,,0
timing-1600x900-1-2,112,1,7.169000,,,,,,,,,,0
timing-1600x900-1-2,113,1,7.218000,,,,,,,,,,0
timing-1600x900-1-2,114,1,7.194000,,,,,,,,,,0
timing-1600x900-1-2,115,1,7.249000,,,,,,,,,,0
timing-1600x900-1-2,116,1,7.191000,,,,,,,,,,0
timing-1600x900-1-2,117,1,7.106000,,,,,,,,,,0
timing-1600x900-1-2,118,1,7.140000,,,,,,,,,,0
timing-1600x900-1-2,119,1,7.187000,,,,,,,,,,0
timing-1600x900-1-2,120,1,7.193000,,,,,,,,,,0
timing-1600x900-1-2,121,1,7.148000,,,,,,,,,,0
timing-1600x900-1-2,122,1,7.210000,,,,,,,,,,0
timing-1600x900-1-2,123,1,7.239000,,,,,,,,,,0
timing-1600x900-1-2,124,1,7.157000,,,,,,,,,,0
timing-1600x900-1-2,125,1,7.308000,,,,,,,,,,0
timing-1600x900-1-2,126,1,7.133000,,,,,,,,,,0
timing-1600x900-1-2,127,1,7.088000,,,,,,,,,,0
timing-1600x900-1-2,128,1,7.139000,,,,,,,,,,0
timing-1600x900-1-2,129,1,7.097000,,,,,,,,,,0
timing-1600x900-1-2,130,1,7.081000,,,,,,,,,,0
timing-1600x900-1-2,131,1,7.128000,,,,,,,,,,0
timing-1600x900-1-2,132,1,7.097000,,,,,,,,,,0
timing-1600x900-1-2,133,1,7.105000,,,,,,,,,,0
timing-1600x900-1-2,134,1,7.242000,,,,,,,,,,0
timing-1600x900-1-2,135,1,7.135000,,,,,,,,,,0
timing-1600x900-1-2,136,1,7.156000,,,,,,,,,,0
timing-1600x900-1-2,137,1,7.440000,,,,,,,,,,0
timing-1600x900-1-2,138,1,7.344000,,,,,,,,,,0
timing-1600x900-1-2,139,1,7.175000,,,,,,,,,,0
timing-1600x900-1-2,140,1,7.250000,,,,,,,,,,0
timing-1600x900-1-2,141,1,7.207000,,,,,,,,,,0
timing-1600x900-1-2,142,1,7.419000,,,,,,,,,,0
timing-1600x900-1-2,143,1,7.503000,,,,,,,,,,0
timing-1600x900-1-2,144,1,7.332000,,,,,,,,,,0
timing-1600x900-1-2,145,1,7.190000,,,,,,,,,,0
timing-1600x900-1-2,146,1,7.169000,,,,,,,,,,0
timing-1600x900-1-2,147,1,7.182000,,,,,,,,,,0
timing-1600x900-1-2,148,1,7.238000,,,,,,,,,,0
timing-1600x900-1-2,149,1,7.146000,,,,,,,,,,0
timing-1600x900-1-2,150,1,7.382000,,,,,,,,,,0
timing-1600x900-1-2,151,1,7.505000,,,,,,,,,,0
timing-1600x900-1-2,152,1,7.391000,,,,,,,,,,0
timing-1600x900-1-2,153,1,7.464000,,,,,,,,,,0
timing-1600x900-1-2,154,1,7.488000,,,,,,,,,,0
timing-1600x900-1-2,155,1,7.519000,,,,,,,,,,0
timing-1600x900-1-2,156,1,7.403000,,,,,,,,,,0
timing-1600x900-1-2,157,1,7.193000,,,,,,,,,,0
timing-1600x900-1-2,158,1,7.178000,,,,,,,,,,0
timing-1600x900-1-2,159,1,7.187000,,,,,,,,,,0
timing-1600x900-1-2,160,1,7.139000,,,,,,,,,,0
timing-1600x900-1-2,161,1,7.282000,,,,,,,,,,0
timing-1600x900-1-2,162,1,7.202000,,,,,,,,,,0
timing-1600x900-1-2,163,1,7.158000,,,,,,,,,,0
timing-1600x900-1-2,164,1,7.266000,,,,,,,,,,0
timing-1600x900-1-2,165,1,7.220000,,,,,,,,,,0
timing-1600x900-1-2,166,1,7.284000,,,,,,,,,,0
timing-1600x900-1-2,167,1,7.268000,,,,,,,,,,0
timing-1600x900-1-2,168,1,7.525000,,,,,,,,,,0
timing-1600x900-1-2,169,1,7.506000,,,,,,,,,,0
timing-1600x900-1-2,170,1,7.159000,,,,,,,,,,0
timing-1600x900-1-2,171,1,7.269000,,,,,,,,,,0
timing-1600x900-1-2,172,1,7.229000,,,,,,,,,,0
timing-1600x900-1-2,173,1,7.126000,,,,,,,,,,0
timing-1600x900-1-2,174,1,7.118000,,,,,,,,,,0
timing-1600x900-1-2,175,1,7.217000,,,,,,,,,,0
timing-1600x900-1-2,176,1,7.118000,,,,,,,,,,0
timing-1600x900-1-2,177,1,7.265000,,,,,,,,,,0
timing-1600x900-1-2,178,1,7.355000,,,,,,,,,,0
timing-1600x900-1-2,179,1,7.320000,,,,,,,,,,0
timing-1600x900-1-2,180,1,7.449000,,,,,,,,,,0
timing-1600x900-1-2,181,1,7.643000,,,,,,,,,,0
timing-1600x900-1-2,182,1,7.301000,,,,,,,,,,0
timing-1600x900-1-2,183,1,7.349000,,,,,,,,,,0
timing-1600x900-1-2,184,1,7.341000,,,,,,,,,,0
timing-1600x900-1-2,185,1,7.353000,,,,,,,,,,0
timing-1600x900-1-2,186,1,7.392000,,,,,,,,,,0
timing-1600x900-1-2,187,1,7.285000,,,,,,,,,,0
timing-1600x900-1-2,188,1,7.199000,,,,,,,,,,0
timing-1600x900-1-2,189,1,7.163000,,,,,,,,,,0
timing-1600x900-1-2,190,1,7.211000,,,,,,,,,,0
timing-1600x900-1-2,191,1,7.339000,,,,,,,,,,0
timing-1600x900-1-2,192,1,7.365000,,,,,,,,,,0
timing-1600x900-1-2,193,1,7.397000,,,,,,,,,,0
timing-1600x900-1-2,194,1,7.397000,,,,,,,,,,0
timing-1600x900-1-2,195,1,7.385000,,,,,,,,,,0
timing-1600x900-1-2,196,1,7.355000,,,,,,,,,,0
timing-1600x900-1-2,197,1,7.206000,,,,,,,,,,0
timing-1600x900-1-2,198,1,7.247000,,,,,,,,,,0
timing-1600x900-1-2,199,1,7.219000,,,,,,,,,,0
timing-1600x900-1-2,200,1,7.181000,,,,,,,,,,0
timing-1600x900-1-2,201,1,7.228000,,,,,,,,,,0
timing-1600x900-1-2,202,1,7.435000,,,,,,,,,,0
timing-1600x900-1-2,203,1,7.374000,,,,,,,,,,0
timing-1600x900-1-2,204,1,7.424000,,,,,,,,,,0
timing-1600x900-1-2,205,1,7.454000,,,,,,,,,,0
timing-1600x900-1-2,206,1,7.335000,,,,,,,,,,0
timing-1600x900-1-2,207,1,7.548000,,,,,,,,,,0
timing-1600x900-1-2,208,1,7.063000,,,,,,,,,,0
timing-1600x900-1-2,209,1,7.174000,,,,,,,,,,0
timing-1600x900-1-2,210,1,7.173000,,,,,,,,,,0
timing-1600x900-1-2,211,1,7.123000,,,,,,,,,,0
timing-1600x900-1-2,212,1,7.163000,,,,,,,,,,0
timing-1600x900-1-2,213,1,7.278000,,,,,,,,,,0
timing-1600x900-1-2,214,1,7.164000,,,,,,,,,,0
timing-1600x900-1-2,215,1,7.229000,,,,,,,,,,0
timing-1600x900-1-2,216,1,7.205000,,,,,,,,,,0
timing-1600x900-1-2,217,1,7.307000,,,,,,,,,,0
timing-1600x900-1-2,218,1,7.470000,,,,,,,,,,0
timing-1600x900-1-2,219,1,7.364000,,,,,,,,,,0
timing-1600x900-1-2,220,1,7.409000,,,,,,,,,,0
timing-1600x900-1-2,221,1,7.417000,,,,,,,,,,0
timing-1600x900-1-2,222,1,7.443000,,,,,,,,,,0
timing-1600x900-1-2,223,1,7.427000,,,,,,,,,,0
timing-1600x900-1-2,224,1,7.489000,,,,,,,,,,0
timing-1600x900-1-2,225,1,7.358000,,,,,,,,,,0
timing-1600x900-1-2,226,1,7.228000,,,,,,,,,,0
timing-1600x900-1-2,227,1,7.156000,,,,,,,,,,0
timing-1600x900-1-2,228,1,7.053000,,,,,,,,,,0
timing-1600x900-1-2,229,1,7.109000,,,,,,,,,,0
timing-1600x900-1-2,230,1,7.121000,,,,,,,,,,0
timing-1600x900-1-2,231,1,7.330000,,,,,,,,,,0
timing-1600x900-1-2,232,1,7.588000,,,,,,,,,,0
timing-1600x900-1-2,233,1,7.306000,,,,,,,,,,0
timing-1600x900-1-2,234,1,7.420000,,,,,,,,,,0
timing-1600x900-1-2,235,1,7.165000,,,,,,,,,,0
timing-1600x900-1-2,236,1,7.234000,,,,,,,,,,0
timing-1600x900-1-2,237,1,7.278000,,,,,,,,,,0
timing-1600x900-1-2,238,1,7.119000,,,,,,,,,,0
timing-1600x900-1-2,239,1,7.339000,,,,,,,,,,0
timing-1600x900-1-2,240,1,7.440000,,,,,,,,,,0
timing-1600x900-1-2,241,1,7.413000,,,,,,,,,,0
timing-1600x900-1-2,242,1,7.180000,,,,,,,,,,0
timing-1600x900-1-2,243,1,7.221000,,,,,,,,,,0
timing-1600x900-1-2,244,1,7.168000,,,,,,,,,,0
timing-1600x900-1-2,245,1,7.185000,,,,,,,,,,0
timing-1600x900-1-2,246,1,7.251000,,,,,,,,,,0
timing-1600x900-1-2,247,1,7.243000,,,,,,,,,,0
timing-1600x900-1-2,248,1,7.440000,,,,,,,,,,0
timing-1600x900-1-2,249,1,7.321000,,,,,,,,,,0
timing-1600x900-1-2,250,1,7.108000,,,,,,,,,,0
timing-1600x900-1-2,251,1,7.211000,,,,,,,,,,0
timing-1600x900-1-2,252,1,7.189000,,,,,,,,,,0
timing-1600x900-1-2,253,1,7.235000,,,,,,,,,,0
timing-1600x900-1-2,254,1,7.443000,,,,,,,,,,0
timing-1600x900-1-2,255,1,7.562000,,,,,,,,,,0
timing-1600x900-1-2,256,1,7.464000,,,,,,,,,,0
timing-1600x900-1-2,257,1,7.348000,,,,,,,,,,0
timing-1600x900-1-2,258,1,7.450000,,,,,,,,,,0
timing-1600x900-1-2,259,1,7.590000,,,,,,,,,,0
timing-1600x900-1-2,260,1,7.108000,,,,,,,,,,0
timing-1600x900-1-2,261,1,7.163000,,,,,,,,,,0
timing-1600x900-1-2,262,1,7.236000,,,,,,,,,,0
timing-1600x900-1-2,263,1,7.265000,,,,,,,,,,0
timing-1600x900-1-2,264,1,7.391000,,,,,,,,,,0
timing-1600x900-1-2,265,1,7.379000,,,,,,,,,,0
timing-1600x900-1-2,266,1,7.273000,,,,,,,,,,0
timing-1600x900-1-2,267,1,7.357000,,,,,,,,,,0
timing-1600x900-1-2,268,1,7.222000,,,,,,,,,,0
timing-1600x900-1-2,269,1,7.432000,,,,,,,,,,0
timing-1600x900-1-2,270,1,7.341000,,,,,,,,,,0
timing-1600x900-1-2,271,1,7.318000,,,,,,,,,,0
timing-1600x900-1-2,272,1,7.342000,,,,,,,,,,0
timing-1600x900-1-2,273,1,7.358000,,,,,,,,,,0
timing-1600x900-1-2,274,1,7.466000,,,,,,,,,,0
timing-1600x900-1-2,275,1,7.355000,,,,,,,,,,0
timing-1600x900-1-2,276,1,7.415000,,,,,,,,,,0
timing-1600x900-1-2,277,1,7.303000,,,,,,,,,,0
timing-1600x900-1-2,278,1,7.481000,,,,,,,,,,0
timing-1600x900-1-2,279,1,7.364000,,,,,,,,,,0
timing-1600x900-1-2,280,1,7.477000,,,,,,,,,,0
timing-1600x900-1-2,281,1,7.290000,,,,,,,,,,0
timing-1600x900-1-2,282,1,7.349000,,,,,,,,,,0
timing-1600x900-1-2,283,1,7.380000,,,,,,,,,,0
timing-1600x900-1-2,284,1,7.510000,,,,,,,,,,0
timing-1600x900-1-2,285,1,7.433000,,,,,,,,,,0
timing-1600x900-1-2,286,1,7.430000,,,,,,,,,,0
timing-1600x900-1-2,287,1,7.342000,,,,,,,,,,0
timing-1600x900-1-2,288,1,7.426000,,,,,,,,,,0
timing-1600x900-1-2,289,1,7.353000,,,,,,,,,,0
timing-1600x900-1-2,290,1,7.334000,,,,,,,,,,0
timing-1600x900-1-2,291,1,7.569000,,,,,,,,,,0
timing-1600x900-1-2,292,1,7.446000,,,,,,,,,,0
timing-1600x900-1-2,293,1,7.500000,,,,,,,,,,0
timing-1600x900-1-2,294,1,7.143000,,,,,,,,,,0
timing-1600x900-1-2,295,1,7.195000,,,,,,,,,,0
timing-1600x900-1-2,296,1,7.273000,,,,,,,,,,0
timing-1600x900-1-2,297,1,7.278000,,,,,,,,,,0
timing-1600x900-1-2,298,1,7.237000,,,,,,,,,,0
timing-1600x900-1-2,299,1,7.279000,,,,,,,,,,0
timing-1600x900-1-2,300,1,7.408000,,,,,,,,,,0
timing-1600x900-1-2,301,1,7.415000,,,,,,,,,,0
timing-1600x900-1-2,302,1,7.378000,,,,,,,,,,0
timing-1600x900-1-2,303,1,7.413000,,,,,,,,,,0
timing-1600x900-1-2,304,1,7.430000,,,,,,,,,,0
timing-1600x900-1-2,305,1,7.364000,,,,,,,,,,0
timing-1600x900-1-2,306,1,7.381000,,,,,,,,,,0
timing-1600x900-1-2,307,1,7.368000,,,,,,,,,,0
timing-1600x900-1-2,308,1,7.493000,,,,,,,,,,0
timing-1600x900-1-2,309,1,7.398000,,,,,,,,,,0
timing-1600x900-1-2,310,1,7.425000,,,,,,,,,,0
timing-1600x900-1-2,311,1,7.408000,,,,,,,,,,0
timing-1600x900-1-2,312,1,7.484000,,,,,,,,,,0
timing-1600x900-1-2,313,1,7.166000,,,,,,,,,,0
timing-1600x900-1-2,314,1,7.300000,,,,,,,,,,0
timing-1600x900-1-2,315,1,7.154000,,,,,,,,,,0
timing-1600x900-1-2,316,1,7.207000,,,,,,,,,,0
timing-1600x900-1-2,317,1,7.143000,,,,,,,,,,0
timing-1600x900-1-2,318,1,7.336000,,,,,,,,,,0
timing-1600x900-1-2,319,1,7.454000,0,0,0.999511719,0.361087472,0.40807074,452,120,0,0,1
timing-1600x900-1-3,0,1,1188.243000,0,0,0.999511719,0.361087472,0.40807074,452,120,0,0,1
timing-1600x900-1-3,1,1,10.878000,,,,,,,,,,0
timing-1600x900-1-3,2,1,8.323000,,,,,,,,,,0
timing-1600x900-1-3,3,1,8.180000,,,,,,,,,,0
timing-1600x900-1-3,4,1,7.996000,,,,,,,,,,0
timing-1600x900-1-3,5,1,7.474000,,,,,,,,,,0
timing-1600x900-1-3,6,1,7.437000,,,,,,,,,,0
timing-1600x900-1-3,7,1,7.563000,,,,,,,,,,0
timing-1600x900-1-3,8,1,7.512000,,,,,,,,,,0
timing-1600x900-1-3,9,1,7.719000,,,,,,,,,,0
timing-1600x900-1-3,10,1,7.680000,,,,,,,,,,0
timing-1600x900-1-3,11,1,7.539000,,,,,,,,,,0
timing-1600x900-1-3,12,1,7.566000,,,,,,,,,,0
timing-1600x900-1-3,13,1,7.570000,,,,,,,,,,0
timing-1600x900-1-3,14,1,7.528000,,,,,,,,,,0
timing-1600x900-1-3,15,1,7.472000,,,,,,,,,,0
timing-1600x900-1-3,16,1,7.082000,,,,,,,,,,0
timing-1600x900-1-3,17,1,7.097000,,,,,,,,,,0
timing-1600x900-1-3,18,1,7.002000,,,,,,,,,,0
timing-1600x900-1-3,19,1,7.039000,,,,,,,,,,0
timing-1600x900-1-3,20,1,7.055000,,,,,,,,,,0
timing-1600x900-1-3,21,1,7.018000,,,,,,,,,,0
timing-1600x900-1-3,22,1,7.018000,,,,,,,,,,0
timing-1600x900-1-3,23,1,7.061000,,,,,,,,,,0
timing-1600x900-1-3,24,1,7.072000,,,,,,,,,,0
timing-1600x900-1-3,25,1,7.165000,,,,,,,,,,0
timing-1600x900-1-3,26,1,7.531000,,,,,,,,,,0
timing-1600x900-1-3,27,1,7.768000,,,,,,,,,,0
timing-1600x900-1-3,28,1,7.663000,,,,,,,,,,0
timing-1600x900-1-3,29,1,7.606000,,,,,,,,,,0
timing-1600x900-1-3,30,1,7.408000,,,,,,,,,,0
timing-1600x900-1-3,31,1,7.647000,,,,,,,,,,0
timing-1600x900-1-3,32,1,7.486000,,,,,,,,,,0
timing-1600x900-1-3,33,1,7.508000,,,,,,,,,,0
timing-1600x900-1-3,34,1,7.277000,,,,,,,,,,0
timing-1600x900-1-3,35,1,7.319000,,,,,,,,,,0
timing-1600x900-1-3,36,1,7.167000,,,,,,,,,,0
timing-1600x900-1-3,37,1,7.050000,,,,,,,,,,0
timing-1600x900-1-3,38,1,7.170000,,,,,,,,,,0
timing-1600x900-1-3,39,1,7.261000,,,,,,,,,,0
timing-1600x900-1-3,40,1,7.125000,,,,,,,,,,0
timing-1600x900-1-3,41,1,7.162000,,,,,,,,,,0
timing-1600x900-1-3,42,1,7.081000,,,,,,,,,,0
timing-1600x900-1-3,43,1,7.120000,,,,,,,,,,0
timing-1600x900-1-3,44,1,7.038000,,,,,,,,,,0
timing-1600x900-1-3,45,1,7.110000,,,,,,,,,,0
timing-1600x900-1-3,46,1,7.170000,,,,,,,,,,0
timing-1600x900-1-3,47,1,7.197000,,,,,,,,,,0
timing-1600x900-1-3,48,1,7.313000,,,,,,,,,,0
timing-1600x900-1-3,49,1,7.182000,,,,,,,,,,0
timing-1600x900-1-3,50,1,7.281000,,,,,,,,,,0
timing-1600x900-1-3,51,1,7.267000,,,,,,,,,,0
timing-1600x900-1-3,52,1,7.221000,,,,,,,,,,0
timing-1600x900-1-3,53,1,7.206000,,,,,,,,,,0
timing-1600x900-1-3,54,1,7.260000,,,,,,,,,,0
timing-1600x900-1-3,55,1,7.092000,,,,,,,,,,0
timing-1600x900-1-3,56,1,7.143000,,,,,,,,,,0
timing-1600x900-1-3,57,1,7.170000,,,,,,,,,,0
timing-1600x900-1-3,58,1,7.109000,,,,,,,,,,0
timing-1600x900-1-3,59,1,7.080000,,,,,,,,,,0
timing-1600x900-1-3,60,1,7.095000,,,,,,,,,,0
timing-1600x900-1-3,61,1,7.127000,,,,,,,,,,0
timing-1600x900-1-3,62,1,7.080000,,,,,,,,,,0
timing-1600x900-1-3,63,1,7.214000,,,,,,,,,,0
timing-1600x900-1-3,64,1,7.110000,,,,,,,,,,0
timing-1600x900-1-3,65,1,7.167000,,,,,,,,,,0
timing-1600x900-1-3,66,1,7.210000,,,,,,,,,,0
timing-1600x900-1-3,67,1,7.203000,,,,,,,,,,0
timing-1600x900-1-3,68,1,7.148000,,,,,,,,,,0
timing-1600x900-1-3,69,1,7.135000,,,,,,,,,,0
timing-1600x900-1-3,70,1,7.147000,,,,,,,,,,0
timing-1600x900-1-3,71,1,7.162000,,,,,,,,,,0
timing-1600x900-1-3,72,1,7.196000,,,,,,,,,,0
timing-1600x900-1-3,73,1,7.075000,,,,,,,,,,0
timing-1600x900-1-3,74,1,7.211000,,,,,,,,,,0
timing-1600x900-1-3,75,1,7.205000,,,,,,,,,,0
timing-1600x900-1-3,76,1,7.163000,,,,,,,,,,0
timing-1600x900-1-3,77,1,7.314000,,,,,,,,,,0
timing-1600x900-1-3,78,1,7.185000,,,,,,,,,,0
timing-1600x900-1-3,79,1,7.094000,,,,,,,,,,0
timing-1600x900-1-3,80,1,7.092000,,,,,,,,,,0
timing-1600x900-1-3,81,1,7.184000,,,,,,,,,,0
timing-1600x900-1-3,82,1,7.296000,,,,,,,,,,0
timing-1600x900-1-3,83,1,7.140000,,,,,,,,,,0
timing-1600x900-1-3,84,1,7.107000,,,,,,,,,,0
timing-1600x900-1-3,85,1,7.175000,,,,,,,,,,0
timing-1600x900-1-3,86,1,7.131000,,,,,,,,,,0
timing-1600x900-1-3,87,1,7.111000,,,,,,,,,,0
timing-1600x900-1-3,88,1,7.109000,,,,,,,,,,0
timing-1600x900-1-3,89,1,7.153000,,,,,,,,,,0
timing-1600x900-1-3,90,1,7.294000,,,,,,,,,,0
timing-1600x900-1-3,91,1,7.137000,,,,,,,,,,0
timing-1600x900-1-3,92,1,7.156000,,,,,,,,,,0
timing-1600x900-1-3,93,1,7.177000,,,,,,,,,,0
timing-1600x900-1-3,94,1,7.144000,,,,,,,,,,0
timing-1600x900-1-3,95,1,7.215000,,,,,,,,,,0
timing-1600x900-1-3,96,1,7.149000,,,,,,,,,,0
timing-1600x900-1-3,97,1,7.217000,,,,,,,,,,0
timing-1600x900-1-3,98,1,7.115000,,,,,,,,,,0
timing-1600x900-1-3,99,1,7.176000,,,,,,,,,,0
timing-1600x900-1-3,100,1,7.070000,,,,,,,,,,0
timing-1600x900-1-3,101,1,7.178000,,,,,,,,,,0
timing-1600x900-1-3,102,1,7.188000,,,,,,,,,,0
timing-1600x900-1-3,103,1,7.214000,,,,,,,,,,0
timing-1600x900-1-3,104,1,7.231000,,,,,,,,,,0
timing-1600x900-1-3,105,1,7.180000,,,,,,,,,,0
timing-1600x900-1-3,106,1,7.168000,,,,,,,,,,0
timing-1600x900-1-3,107,1,7.220000,,,,,,,,,,0
timing-1600x900-1-3,108,1,7.132000,,,,,,,,,,0
timing-1600x900-1-3,109,1,7.318000,,,,,,,,,,0
timing-1600x900-1-3,110,1,7.182000,,,,,,,,,,0
timing-1600x900-1-3,111,1,7.180000,,,,,,,,,,0
timing-1600x900-1-3,112,1,7.199000,,,,,,,,,,0
timing-1600x900-1-3,113,1,7.256000,,,,,,,,,,0
timing-1600x900-1-3,114,1,7.204000,,,,,,,,,,0
timing-1600x900-1-3,115,1,7.074000,,,,,,,,,,0
timing-1600x900-1-3,116,1,7.292000,,,,,,,,,,0
timing-1600x900-1-3,117,1,7.202000,,,,,,,,,,0
timing-1600x900-1-3,118,1,7.232000,,,,,,,,,,0
timing-1600x900-1-3,119,1,7.289000,,,,,,,,,,0
timing-1600x900-1-3,120,1,7.123000,,,,,,,,,,0
timing-1600x900-1-3,121,1,7.166000,,,,,,,,,,0
timing-1600x900-1-3,122,1,7.109000,,,,,,,,,,0
timing-1600x900-1-3,123,1,7.175000,,,,,,,,,,0
timing-1600x900-1-3,124,1,7.249000,,,,,,,,,,0
timing-1600x900-1-3,125,1,7.187000,,,,,,,,,,0
timing-1600x900-1-3,126,1,7.141000,,,,,,,,,,0
timing-1600x900-1-3,127,1,7.387000,,,,,,,,,,0
timing-1600x900-1-3,128,1,7.375000,,,,,,,,,,0
timing-1600x900-1-3,129,1,7.282000,,,,,,,,,,0
timing-1600x900-1-3,130,1,7.276000,,,,,,,,,,0
timing-1600x900-1-3,131,1,7.159000,,,,,,,,,,0
timing-1600x900-1-3,132,1,7.239000,,,,,,,,,,0
timing-1600x900-1-3,133,1,7.314000,,,,,,,,,,0
timing-1600x900-1-3,134,1,7.385000,,,,,,,,,,0
timing-1600x900-1-3,135,1,7.454000,,,,,,,,,,0
timing-1600x900-1-3,136,1,7.503000,,,,,,,,,,0
timing-1600x900-1-3,137,1,7.373000,,,,,,,,,,0
timing-1600x900-1-3,138,1,7.421000,,,,,,,,,,0
timing-1600x900-1-3,139,1,7.432000,,,,,,,,,,0
timing-1600x900-1-3,140,1,7.541000,,,,,,,,,,0
timing-1600x900-1-3,141,1,7.373000,,,,,,,,,,0
timing-1600x900-1-3,142,1,7.578000,,,,,,,,,,0
timing-1600x900-1-3,143,1,7.336000,,,,,,,,,,0
timing-1600x900-1-3,144,1,7.552000,,,,,,,,,,0
timing-1600x900-1-3,145,1,7.401000,,,,,,,,,,0
timing-1600x900-1-3,146,1,7.407000,,,,,,,,,,0
timing-1600x900-1-3,147,1,7.135000,,,,,,,,,,0
timing-1600x900-1-3,148,1,7.182000,,,,,,,,,,0
timing-1600x900-1-3,149,1,7.169000,,,,,,,,,,0
timing-1600x900-1-3,150,1,7.174000,,,,,,,,,,0
timing-1600x900-1-3,151,1,7.380000,,,,,,,,,,0
timing-1600x900-1-3,152,1,7.408000,,,,,,,,,,0
timing-1600x900-1-3,153,1,7.432000,,,,,,,,,,0
timing-1600x900-1-3,154,1,7.434000,,,,,,,,,,0
timing-1600x900-1-3,155,1,7.316000,,,,,,,,,,0
timing-1600x900-1-3,156,1,7.363000,,,,,,,,,,0
timing-1600x900-1-3,157,1,7.483000,,,,,,,,,,0
timing-1600x900-1-3,158,1,7.474000,,,,,,,,,,0
timing-1600x900-1-3,159,1,7.496000,,,,,,,,,,0
timing-1600x900-1-3,160,1,7.568000,,,,,,,,,,0
timing-1600x900-1-3,161,1,7.530000,,,,,,,,,,0
timing-1600x900-1-3,162,1,7.422000,,,,,,,,,,0
timing-1600x900-1-3,163,1,7.499000,,,,,,,,,,0
timing-1600x900-1-3,164,1,7.365000,,,,,,,,,,0
timing-1600x900-1-3,165,1,7.423000,,,,,,,,,,0
timing-1600x900-1-3,166,1,7.483000,,,,,,,,,,0
timing-1600x900-1-3,167,1,7.408000,,,,,,,,,,0
timing-1600x900-1-3,168,1,7.415000,,,,,,,,,,0
timing-1600x900-1-3,169,1,7.235000,,,,,,,,,,0
timing-1600x900-1-3,170,1,7.138000,,,,,,,,,,0
timing-1600x900-1-3,171,1,7.193000,,,,,,,,,,0
timing-1600x900-1-3,172,1,7.220000,,,,,,,,,,0
timing-1600x900-1-3,173,1,7.358000,,,,,,,,,,0
timing-1600x900-1-3,174,1,7.460000,,,,,,,,,,0
timing-1600x900-1-3,175,1,7.443000,,,,,,,,,,0
timing-1600x900-1-3,176,1,7.422000,,,,,,,,,,0
timing-1600x900-1-3,177,1,7.515000,,,,,,,,,,0
timing-1600x900-1-3,178,1,7.411000,,,,,,,,,,0
timing-1600x900-1-3,179,1,7.401000,,,,,,,,,,0
timing-1600x900-1-3,180,1,7.364000,,,,,,,,,,0
timing-1600x900-1-3,181,1,7.264000,,,,,,,,,,0
timing-1600x900-1-3,182,1,7.405000,,,,,,,,,,0
timing-1600x900-1-3,183,1,7.319000,,,,,,,,,,0
timing-1600x900-1-3,184,1,7.590000,,,,,,,,,,0
timing-1600x900-1-3,185,1,7.387000,,,,,,,,,,0
timing-1600x900-1-3,186,1,7.588000,,,,,,,,,,0
timing-1600x900-1-3,187,1,7.644000,,,,,,,,,,0
timing-1600x900-1-3,188,1,7.431000,,,,,,,,,,0
timing-1600x900-1-3,189,1,7.296000,,,,,,,,,,0
timing-1600x900-1-3,190,1,7.609000,,,,,,,,,,0
timing-1600x900-1-3,191,1,7.422000,,,,,,,,,,0
timing-1600x900-1-3,192,1,7.387000,,,,,,,,,,0
timing-1600x900-1-3,193,1,7.524000,,,,,,,,,,0
timing-1600x900-1-3,194,1,7.480000,,,,,,,,,,0
timing-1600x900-1-3,195,1,7.496000,,,,,,,,,,0
timing-1600x900-1-3,196,1,7.479000,,,,,,,,,,0
timing-1600x900-1-3,197,1,7.511000,,,,,,,,,,0
timing-1600x900-1-3,198,1,7.411000,,,,,,,,,,0
timing-1600x900-1-3,199,1,7.479000,,,,,,,,,,0
timing-1600x900-1-3,200,1,7.422000,,,,,,,,,,0
timing-1600x900-1-3,201,1,7.595000,,,,,,,,,,0
timing-1600x900-1-3,202,1,7.236000,,,,,,,,,,0
timing-1600x900-1-3,203,1,7.209000,,,,,,,,,,0
timing-1600x900-1-3,204,1,7.205000,,,,,,,,,,0
timing-1600x900-1-3,205,1,7.153000,,,,,,,,,,0
timing-1600x900-1-3,206,1,7.209000,,,,,,,,,,0
timing-1600x900-1-3,207,1,7.409000,,,,,,,,,,0
timing-1600x900-1-3,208,1,7.419000,,,,,,,,,,0
timing-1600x900-1-3,209,1,7.198000,,,,,,,,,,0
timing-1600x900-1-3,210,1,7.189000,,,,,,,,,,0
timing-1600x900-1-3,211,1,7.216000,,,,,,,,,,0
timing-1600x900-1-3,212,1,7.227000,,,,,,,,,,0
timing-1600x900-1-3,213,1,7.503000,,,,,,,,,,0
timing-1600x900-1-3,214,1,7.273000,,,,,,,,,,0
timing-1600x900-1-3,215,1,7.445000,,,,,,,,,,0
timing-1600x900-1-3,216,1,7.401000,,,,,,,,,,0
timing-1600x900-1-3,217,1,7.455000,,,,,,,,,,0
timing-1600x900-1-3,218,1,7.474000,,,,,,,,,,0
timing-1600x900-1-3,219,1,7.473000,,,,,,,,,,0
timing-1600x900-1-3,220,1,7.414000,,,,,,,,,,0
timing-1600x900-1-3,221,1,7.410000,,,,,,,,,,0
timing-1600x900-1-3,222,1,7.368000,,,,,,,,,,0
timing-1600x900-1-3,223,1,7.433000,,,,,,,,,,0
timing-1600x900-1-3,224,1,7.348000,,,,,,,,,,0
timing-1600x900-1-3,225,1,7.516000,,,,,,,,,,0
timing-1600x900-1-3,226,1,7.415000,,,,,,,,,,0
timing-1600x900-1-3,227,1,7.393000,,,,,,,,,,0
timing-1600x900-1-3,228,1,7.335000,,,,,,,,,,0
timing-1600x900-1-3,229,1,7.311000,,,,,,,,,,0
timing-1600x900-1-3,230,1,7.425000,,,,,,,,,,0
timing-1600x900-1-3,231,1,7.428000,,,,,,,,,,0
timing-1600x900-1-3,232,1,7.418000,,,,,,,,,,0
timing-1600x900-1-3,233,1,7.192000,,,,,,,,,,0
timing-1600x900-1-3,234,1,7.160000,,,,,,,,,,0
timing-1600x900-1-3,235,1,7.206000,,,,,,,,,,0
timing-1600x900-1-3,236,1,7.153000,,,,,,,,,,0
timing-1600x900-1-3,237,1,7.220000,,,,,,,,,,0
timing-1600x900-1-3,238,1,7.349000,,,,,,,,,,0
timing-1600x900-1-3,239,1,7.397000,,,,,,,,,,0
timing-1600x900-1-3,240,1,7.268000,,,,,,,,,,0
timing-1600x900-1-3,241,1,7.398000,,,,,,,,,,0
timing-1600x900-1-3,242,1,7.195000,,,,,,,,,,0
timing-1600x900-1-3,243,1,7.210000,,,,,,,,,,0
timing-1600x900-1-3,244,1,7.401000,,,,,,,,,,0
timing-1600x900-1-3,245,1,7.478000,,,,,,,,,,0
timing-1600x900-1-3,246,1,7.521000,,,,,,,,,,0
timing-1600x900-1-3,247,1,7.252000,,,,,,,,,,0
timing-1600x900-1-3,248,1,7.413000,,,,,,,,,,0
timing-1600x900-1-3,249,1,7.179000,,,,,,,,,,0
timing-1600x900-1-3,250,1,7.150000,,,,,,,,,,0
timing-1600x900-1-3,251,1,7.279000,,,,,,,,,,0
timing-1600x900-1-3,252,1,7.240000,,,,,,,,,,0
timing-1600x900-1-3,253,1,7.277000,,,,,,,,,,0
timing-1600x900-1-3,254,1,7.161000,,,,,,,,,,0
timing-1600x900-1-3,255,1,7.521000,,,,,,,,,,0
timing-1600x900-1-3,256,1,7.422000,,,,,,,,,,0
timing-1600x900-1-3,257,1,7.213000,,,,,,,,,,0
timing-1600x900-1-3,258,1,7.217000,,,,,,,,,,0
timing-1600x900-1-3,259,1,7.212000,,,,,,,,,,0
timing-1600x900-1-3,260,1,7.105000,,,,,,,,,,0
timing-1600x900-1-3,261,1,7.226000,,,,,,,,,,0
timing-1600x900-1-3,262,1,7.396000,,,,,,,,,,0
timing-1600x900-1-3,263,1,7.346000,,,,,,,,,,0
timing-1600x900-1-3,264,1,7.525000,,,,,,,,,,0
timing-1600x900-1-3,265,1,7.457000,,,,,,,,,,0
timing-1600x900-1-3,266,1,7.463000,,,,,,,,,,0
timing-1600x900-1-3,267,1,7.523000,,,,,,,,,,0
timing-1600x900-1-3,268,1,7.382000,,,,,,,,,,0
timing-1600x900-1-3,269,1,7.439000,,,,,,,,,,0
timing-1600x900-1-3,270,1,7.275000,,,,,,,,,,0
timing-1600x900-1-3,271,1,7.351000,,,,,,,,,,0
timing-1600x900-1-3,272,1,7.543000,,,,,,,,,,0
timing-1600x900-1-3,273,1,7.467000,,,,,,,,,,0
timing-1600x900-1-3,274,1,7.506000,,,,,,,,,,0
timing-1600x900-1-3,275,1,7.430000,,,,,,,,,,0
timing-1600x900-1-3,276,1,7.501000,,,,,,,,,,0
timing-1600x900-1-3,277,1,7.410000,,,,,,,,,,0
timing-1600x900-1-3,278,1,7.388000,,,,,,,,,,0
timing-1600x900-1-3,279,1,7.448000,,,,,,,,,,0
timing-1600x900-1-3,280,1,7.505000,,,,,,,,,,0
timing-1600x900-1-3,281,1,7.376000,,,,,,,,,,0
timing-1600x900-1-3,282,1,7.212000,,,,,,,,,,0
timing-1600x900-1-3,283,1,7.325000,,,,,,,,,,0
timing-1600x900-1-3,284,1,7.193000,,,,,,,,,,0
timing-1600x900-1-3,285,1,7.233000,,,,,,,,,,0
timing-1600x900-1-3,286,1,7.169000,,,,,,,,,,0
timing-1600x900-1-3,287,1,7.199000,,,,,,,,,,0
timing-1600x900-1-3,288,1,7.246000,,,,,,,,,,0
timing-1600x900-1-3,289,1,7.274000,,,,,,,,,,0
timing-1600x900-1-3,290,1,7.199000,,,,,,,,,,0
timing-1600x900-1-3,291,1,7.463000,,,,,,,,,,0
timing-1600x900-1-3,292,1,7.382000,,,,,,,,,,0
timing-1600x900-1-3,293,1,7.395000,,,,,,,,,,0
timing-1600x900-1-3,294,1,7.412000,,,,,,,,,,0
timing-1600x900-1-3,295,1,7.414000,,,,,,,,,,0
timing-1600x900-1-3,296,1,7.412000,,,,,,,,,,0
timing-1600x900-1-3,297,1,7.483000,,,,,,,,,,0
timing-1600x900-1-3,298,1,7.283000,,,,,,,,,,0
timing-1600x900-1-3,299,1,7.237000,,,,,,,,,,0
timing-1600x900-1-3,300,1,7.234000,,,,,,,,,,0
timing-1600x900-1-3,301,1,7.192000,,,,,,,,,,0
timing-1600x900-1-3,302,1,7.130000,,,,,,,,,,0
timing-1600x900-1-3,303,1,7.356000,,,,,,,,,,0
timing-1600x900-1-3,304,1,7.223000,,,,,,,,,,0
timing-1600x900-1-3,305,1,7.241000,,,,,,,,,,0
timing-1600x900-1-3,306,1,7.115000,,,,,,,,,,0
timing-1600x900-1-3,307,1,7.130000,,,,,,,,,,0
timing-1600x900-1-3,308,1,7.388000,,,,,,,,,,0
timing-1600x900-1-3,309,1,7.344000,,,,,,,,,,0
timing-1600x900-1-3,310,1,7.198000,,,,,,,,,,0
timing-1600x900-1-3,311,1,7.148000,,,,,,,,,,0
timing-1600x900-1-3,312,1,7.100000,,,,,,,,,,0
timing-1600x900-1-3,313,1,7.226000,,,,,,,,,,0
timing-1600x900-1-3,314,1,7.262000,,,,,,,,,,0
timing-1600x900-1-3,315,1,7.389000,,,,,,,,,,0
timing-1600x900-1-3,316,1,7.391000,,,,,,,,,,0
timing-1600x900-1-3,317,1,7.572000,,,,,,,,,,0
timing-1600x900-1-3,318,1,7.374000,,,,,,,,,,0
timing-1600x900-1-3,319,1,7.474000,0,0,0.999511719,0.361087472,0.40807074,452,120,0,0,1
timing-1600x900-2-0,0,1,1166.712000,0,0,0.999511719,0.361087472,0.40807074,452,120,0,0,1
timing-1600x900-2-0,1,1,14.855000,,,,,,,,,,0
timing-1600x900-2-0,2,1,8.447000,,,,,,,,,,0
timing-1600x900-2-0,3,1,9.046000,,,,,,,,,,0
timing-1600x900-2-0,4,1,8.258000,,,,,,,,,,0
timing-1600x900-2-0,5,1,8.214000,,,,,,,,,,0
timing-1600x900-2-0,6,1,8.592000,,,,,,,,,,0
timing-1600x900-2-0,7,1,8.103000,,,,,,,,,,0
timing-1600x900-2-0,8,1,8.102000,,,,,,,,,,0
timing-1600x900-2-0,9,1,7.825000,,,,,,,,,,0
timing-1600x900-2-0,10,1,7.853000,,,,,,,,,,0
timing-1600x900-2-0,11,1,7.816000,,,,,,,,,,0
timing-1600x900-2-0,12,1,7.866000,,,,,,,,,,0
timing-1600x900-2-0,13,1,7.451000,,,,,,,,,,0
timing-1600x900-2-0,14,1,7.372000,,,,,,,,,,0
timing-1600x900-2-0,15,1,7.479000,,,,,,,,,,0
timing-1600x900-2-0,16,1,7.117000,,,,,,,,,,0
timing-1600x900-2-0,17,1,6.991000,,,,,,,,,,0
timing-1600x900-2-0,18,1,7.145000,,,,,,,,,,0
timing-1600x900-2-0,19,1,7.142000,,,,,,,,,,0
timing-1600x900-2-0,20,1,7.086000,,,,,,,,,,0
timing-1600x900-2-0,21,1,7.149000,,,,,,,,,,0
timing-1600x900-2-0,22,1,7.041000,,,,,,,,,,0
timing-1600x900-2-0,23,1,7.247000,,,,,,,,,,0
timing-1600x900-2-0,24,1,7.081000,,,,,,,,,,0
timing-1600x900-2-0,25,1,7.200000,,,,,,,,,,0
timing-1600x900-2-0,26,1,7.181000,,,,,,,,,,0
timing-1600x900-2-0,27,1,7.164000,,,,,,,,,,0
timing-1600x900-2-0,28,1,7.067000,,,,,,,,,,0
timing-1600x900-2-0,29,1,7.140000,,,,,,,,,,0
timing-1600x900-2-0,30,1,7.050000,,,,,,,,,,0
timing-1600x900-2-0,31,1,7.082000,,,,,,,,,,0
timing-1600x900-2-0,32,1,7.145000,,,,,,,,,,0
timing-1600x900-2-0,33,1,7.049000,,,,,,,,,,0
timing-1600x900-2-0,34,1,7.058000,,,,,,,,,,0
timing-1600x900-2-0,35,1,7.166000,,,,,,,,,,0
timing-1600x900-2-0,36,1,7.122000,,,,,,,,,,0
timing-1600x900-2-0,37,1,7.140000,,,,,,,,,,0
timing-1600x900-2-0,38,1,7.127000,,,,,,,,,,0
timing-1600x900-2-0,39,1,7.192000,,,,,,,,,,0
timing-1600x900-2-0,40,1,7.204000,,,,,,,,,,0
timing-1600x900-2-0,41,1,7.047000,,,,,,,,,,0
timing-1600x900-2-0,42,1,7.115000,,,,,,,,,,0
timing-1600x900-2-0,43,1,7.060000,,,,,,,,,,0
timing-1600x900-2-0,44,1,7.088000,,,,,,,,,,0
timing-1600x900-2-0,45,1,7.188000,,,,,,,,,,0
timing-1600x900-2-0,46,1,7.141000,,,,,,,,,,0
timing-1600x900-2-0,47,1,7.161000,,,,,,,,,,0
timing-1600x900-2-0,48,1,7.262000,,,,,,,,,,0
timing-1600x900-2-0,49,1,7.145000,,,,,,,,,,0
timing-1600x900-2-0,50,1,7.121000,,,,,,,,,,0
timing-1600x900-2-0,51,1,7.154000,,,,,,,,,,0
timing-1600x900-2-0,52,1,7.111000,,,,,,,,,,0
timing-1600x900-2-0,53,1,7.144000,,,,,,,,,,0
timing-1600x900-2-0,54,1,7.242000,,,,,,,,,,0
timing-1600x900-2-0,55,1,7.281000,,,,,,,,,,0
timing-1600x900-2-0,56,1,7.166000,,,,,,,,,,0
timing-1600x900-2-0,57,1,7.427000,,,,,,,,,,0
timing-1600x900-2-0,58,1,7.149000,,,,,,,,,,0
timing-1600x900-2-0,59,1,7.244000,,,,,,,,,,0
timing-1600x900-2-0,60,1,7.183000,,,,,,,,,,0
timing-1600x900-2-0,61,1,7.138000,,,,,,,,,,0
timing-1600x900-2-0,62,1,7.214000,,,,,,,,,,0
timing-1600x900-2-0,63,1,7.097000,,,,,,,,,,0
timing-1600x900-2-0,64,1,7.197000,,,,,,,,,,0
timing-1600x900-2-0,65,1,7.178000,,,,,,,,,,0
timing-1600x900-2-0,66,1,7.283000,,,,,,,,,,0
timing-1600x900-2-0,67,1,7.108000,,,,,,,,,,0
timing-1600x900-2-0,68,1,7.213000,,,,,,,,,,0
timing-1600x900-2-0,69,1,7.141000,,,,,,,,,,0
timing-1600x900-2-0,70,1,7.338000,,,,,,,,,,0
timing-1600x900-2-0,71,1,7.258000,,,,,,,,,,0
timing-1600x900-2-0,72,1,7.122000,,,,,,,,,,0
timing-1600x900-2-0,73,1,7.219000,,,,,,,,,,0
timing-1600x900-2-0,74,1,7.166000,,,,,,,,,,0
timing-1600x900-2-0,75,1,7.258000,,,,,,,,,,0
timing-1600x900-2-0,76,1,7.208000,,,,,,,,,,0
timing-1600x900-2-0,77,1,7.244000,,,,,,,,,,0
timing-1600x900-2-0,78,1,7.159000,,,,,,,,,,0
timing-1600x900-2-0,79,1,7.233000,,,,,,,,,,0
timing-1600x900-2-0,80,1,7.172000,,,,,,,,,,0
timing-1600x900-2-0,81,1,7.146000,,,,,,,,,,0
timing-1600x900-2-0,82,1,7.208000,,,,,,,,,,0
timing-1600x900-2-0,83,1,7.208000,,,,,,,,,,0
timing-1600x900-2-0,84,1,7.158000,,,,,,,,,,0
timing-1600x900-2-0,85,1,7.206000,,,,,,,,,,0
timing-1600x900-2-0,86,1,7.116000,,,,,,,,,,0
timing-1600x900-2-0,87,1,7.188000,,,,,,,,,,0
timing-1600x900-2-0,88,1,7.094000,,,,,,,,,,0
timing-1600x900-2-0,89,1,7.084000,,,,,,,,,,0
timing-1600x900-2-0,90,1,7.126000,,,,,,,,,,0
timing-1600x900-2-0,91,1,7.185000,,,,,,,,,,0
timing-1600x900-2-0,92,1,7.115000,,,,,,,,,,0
timing-1600x900-2-0,93,1,7.241000,,,,,,,,,,0
timing-1600x900-2-0,94,1,7.282000,,,,,,,,,,0
timing-1600x900-2-0,95,1,7.139000,,,,,,,,,,0
timing-1600x900-2-0,96,1,7.191000,,,,,,,,,,0
timing-1600x900-2-0,97,1,7.179000,,,,,,,,,,0
timing-1600x900-2-0,98,1,7.126000,,,,,,,,,,0
timing-1600x900-2-0,99,1,7.334000,,,,,,,,,,0
timing-1600x900-2-0,100,1,7.188000,,,,,,,,,,0
timing-1600x900-2-0,101,1,7.206000,,,,,,,,,,0
timing-1600x900-2-0,102,1,7.788000,,,,,,,,,,0
timing-1600x900-2-0,103,1,7.506000,,,,,,,,,,0
timing-1600x900-2-0,104,1,7.221000,,,,,,,,,,0
timing-1600x900-2-0,105,1,7.285000,,,,,,,,,,0
timing-1600x900-2-0,106,1,7.193000,,,,,,,,,,0
timing-1600x900-2-0,107,1,7.300000,,,,,,,,,,0
timing-1600x900-2-0,108,1,7.220000,,,,,,,,,,0
timing-1600x900-2-0,109,1,7.295000,,,,,,,,,,0
timing-1600x900-2-0,110,1,7.204000,,,,,,,,,,0
timing-1600x900-2-0,111,1,7.198000,,,,,,,,,,0
timing-1600x900-2-0,112,1,7.326000,,,,,,,,,,0
timing-1600x900-2-0,113,1,7.197000,,,,,,,,,,0
timing-1600x900-2-0,114,1,7.167000,,,,,,,,,,0
timing-1600x900-2-0,115,1,7.198000,,,,,,,,,,0
timing-1600x900-2-0,116,1,7.129000,,,,,,,,,,0
timing-1600x900-2-0,117,1,7.160000,,,,,,,,,,0
timing-1600x900-2-0,118,1,7.296000,,,,,,,,,,0
timing-1600x900-2-0,119,1,7.155000,,,,,,,,,,0
timing-1600x900-2-0,120,1,7.149000,,,,,,,,,,0
timing-1600x900-2-0,121,1,7.333000,,,,,,,,,,0
timing-1600x900-2-0,122,1,7.204000,,,,,,,,,,0
timing-1600x900-2-0,123,1,7.096000,,,,,,,,,,0
timing-1600x900-2-0,124,1,7.203000,,,,,,,,,,0
timing-1600x900-2-0,125,1,7.200000,,,,,,,,,,0
timing-1600x900-2-0,126,1,7.108000,,,,,,,,,,0
timing-1600x900-2-0,127,1,7.138000,,,,,,,,,,0
timing-1600x900-2-0,128,1,7.192000,,,,,,,,,,0
timing-1600x900-2-0,129,1,7.138000,,,,,,,,,,0
timing-1600x900-2-0,130,1,7.154000,,,,,,,,,,0
timing-1600x900-2-0,131,1,7.291000,,,,,,,,,,0
timing-1600x900-2-0,132,1,7.148000,,,,,,,,,,0
timing-1600x900-2-0,133,1,7.068000,,,,,,,,,,0
timing-1600x900-2-0,134,1,7.405000,,,,,,,,,,0
timing-1600x900-2-0,135,1,7.552000,,,,,,,,,,0
timing-1600x900-2-0,136,1,7.409000,,,,,,,,,,0
timing-1600x900-2-0,137,1,7.537000,,,,,,,,,,0
timing-1600x900-2-0,138,1,7.467000,,,,,,,,,,0
timing-1600x900-2-0,139,1,7.344000,,,,,,,,,,0
timing-1600x900-2-0,140,1,7.499000,,,,,,,,,,0
timing-1600x900-2-0,141,1,7.387000,,,,,,,,,,0
timing-1600x900-2-0,142,1,7.393000,,,,,,,,,,0
timing-1600x900-2-0,143,1,7.548000,,,,,,,,,,0
timing-1600x900-2-0,144,1,7.324000,,,,,,,,,,0
timing-1600x900-2-0,145,1,7.430000,,,,,,,,,,0
timing-1600x900-2-0,146,1,7.168000,,,,,,,,,,0
timing-1600x900-2-0,147,1,7.161000,,,,,,,,,,0
timing-1600x900-2-0,148,1,7.196000,,,,,,,,,,0
timing-1600x900-2-0,149,1,7.277000,,,,,,,,,,0
timing-1600x900-2-0,150,1,7.485000,,,,,,,,,,0
timing-1600x900-2-0,151,1,7.563000,,,,,,,,,,0
timing-1600x900-2-0,152,1,7.531000,,,,,,,,,,0
timing-1600x900-2-0,153,1,7.449000,,,,,,,,,,0
timing-1600x900-2-0,154,1,7.396000,,,,,,,,,,0
timing-1600x900-2-0,155,1,7.439000,,,,,,,,,,0
timing-1600x900-2-0,156,1,7.560000,,,,,,,,,,0
timing-1600x900-2-0,157,1,7.479000,,,,,,,,,,0
timing-1600x900-2-0,158,1,7.501000,,,,,,,,,,0
timing-1600x900-2-0,159,1,7.462000,,,,,,,,,,0
timing-1600x900-2-0,160,1,7.414000,,,,,,,,,,0
timing-1600x900-2-0,161,1,7.420000,,,,,,,,,,0
timing-1600x900-2-0,162,1,7.695000,,,,,,,,,,0
timing-1600x900-2-0,163,1,7.531000,,,,,,,,,,0
timing-1600x900-2-0,164,1,7.612000,,,,,,,,,,0
timing-1600x900-2-0,165,1,7.424000,,,,,,,,,,0
timing-1600x900-2-0,166,1,7.424000,,,,,,,,,,0
timing-1600x900-2-0,167,1,7.387000,,,,,,,,,,0
timing-1600x900-2-0,168,1,7.358000,,,,,,,,,,0
timing-1600x900-2-0,169,1,7.393000,,,,,,,,,,0
timing-1600x900-2-0,170,1,7.502000,,,,,,,,,,0
timing-1600x900-2-0,171,1,7.434000,,,,,,,,,,0
timing-1600x900-2-0,172,1,7.426000,,,,,,,,,,0
timing-1600x900-2-0,173,1,7.443000,,,,,,,,,,0
timing-1600x900-2-0,174,1,7.479000,,,,,,,,,,0
timing-1600x900-2-0,175,1,7.373000,,,,,,,,,,0
timing-1600x900-2-0,176,1,7.402000,,,,,,,,,,0
timing-1600x900-2-0,177,1,7.411000,,,,,,,,,,0
timing-1600x900-2-0,178,1,7.413000,,,,,,,,,,0
timing-1600x900-2-0,179,1,7.416000,,,,,,,,,,0
timing-1600x900-2-0,180,1,7.336000,,,,,,,,,,0
timing-1600x900-2-0,181,1,7.224000,,,,,,,,,,0
timing-1600x900-2-0,182,1,7.194000,,,,,,,,,,0
timing-1600x900-2-0,183,1,7.400000,,,,,,,,,,0
timing-1600x900-2-0,184,1,7.303000,,,,,,,,,,0
timing-1600x900-2-0,185,1,7.354000,,,,,,,,,,0
timing-1600x900-2-0,186,1,7.460000,,,,,,,,,,0
timing-1600x900-2-0,187,1,7.446000,,,,,,,,,,0
timing-1600x900-2-0,188,1,7.351000,,,,,,,,,,0
timing-1600x900-2-0,189,1,7.503000,,,,,,,,,,0
timing-1600x900-2-0,190,1,7.610000,,,,,,,,,,0
timing-1600x900-2-0,191,1,7.491000,,,,,,,,,,0
timing-1600x900-2-0,192,1,7.456000,,,,,,,,,,0
timing-1600x900-2-0,193,1,7.367000,,,,,,,,,,0
timing-1600x900-2-0,194,1,7.355000,,,,,,,,,,0
timing-1600x900-2-0,195,1,7.390000,,,,,,,,,,0
timing-1600x900-2-0,196,1,7.378000,,,,,,,,,,0
timing-1600x900-2-0,197,1,7.473000,,,,,,,,,,0
timing-1600x900-2-0,198,1,7.544000,,,,,,,,,,0
timing-1600x900-2-0,199,1,7.354000,,,,,,,,,,0
timing-1600x900-2-0,200,1,7.335000,,,,,,,,,,0
timing-1600x900-2-0,201,1,7.435000,,,,,,,,,,0
timing-1600x900-2-0,202,1,7.428000,,,,,,,,,,0
timing-1600x900-2-0,203,1,7.517000,,,,,,,,,,0
timing-1600x900-2-0,204,1,7.582000,,,,,,,,,,0
timing-1600x900-2-0,205,1,7.454000,,,,,,,,,,0
timing-1600x900-2-0,206,1,7.327000,,,,,,,,,,0
timing-1600x900-2-0,207,1,7.420000,,,,,,,,,,0
timing-1600x900-2-0,208,1,7.588000,,,,,,,,,,0
timing-1600x900-2-0,209,1,7.347000,,,,,,,,,,0
timing-1600x900-2-0,210,1,7.427000,,,,,,,,,,0
timing-1600x900-2-0,211,1,7.402000,,,,,,,,,,0
timing-1600x900-2-0,212,1,7.500000,,,,,,,,,,0
timing-1600x900-2-0,213,1,7.409000,,,,,,,,,,0
timing-1600x900-2-0,214,1,7.434000,,,,,,,,,,0
timing-1600x900-2-0,215,1,7.469000,,,,,,,,,,0
timing-1600x900-2-0,216,1,7.489000,,,,,,,,,,0
timing-1600x900-2-0,217,1,7.400000,,,,,,,,,,0
timing-1600x900-2-0,218,1,7.492000,,,,,,,,,,0
timing-1600x900-2-0,219,1,7.510000,,,,,,,,,,0
timing-1600x900-2-0,220,1,7.303000,,,,,,,,,,0
timing-1600x900-2-0,221,1,7.226000,,,,,,,,,,0
timing-1600x900-2-0,222,1,7.335000,,,,,,,,,,0
timing-1600x900-2-0,223,1,7.214000,,,,,,,,,,0
timing-1600x900-2-0,224,1,7.380000,,,,,,,,,,0
timing-1600x900-2-0,225,1,7.365000,,,,,,,,,,0
timing-1600x900-2-0,226,1,7.453000,,,,,,,,,,0
timing-1600x900-2-0,227,1,7.426000,,,,,,,,,,0
timing-1600x900-2-0,228,1,7.472000,,,,,,,,,,0
timing-1600x900-2-0,229,1,7.298000,,,,,,,,,,0
timing-1600x900-2-0,230,1,7.293000,,,,,,,,,,0
timing-1600x900-2-0,231,1,7.171000,,,,,,,,,,0
timing-1600x900-2-0,232,1,7.162000,,,,,,,,,,0
timing-1600x900-2-0,233,1,7.219000,,,,,,,,,,0
timing-1600x900-2-0,234,1,7.197000,,,,,,,,,,0
timing-1600x900-2-0,235,1,7.341000,,,,,,,,,,0
timing-1600x900-2-0,236,1,7.516000,,,,,,,,,,0
timing-1600x900-2-0,237,1,7.258000,,,,,,,,,,0
timing-1600x900-2-0,238,1,7.133000,,,,,,,,,,0
timing-1600x900-2-0,239,1,7.210000,,,,,,,,,,0
timing-1600x900-2-0,240,1,7.213000,,,,,,,,,,0
timing-1600x900-2-0,241,1,7.193000,,,,,,,,,,0
timing-1600x900-2-0,242,1,7.288000,,,,,,,,,,0
timing-1600x900-2-0,243,1,7.505000,,,,,,,,,,0
timing-1600x900-2-0,244,1,7.435000,,,,,,,,,,0
timing-1600x900-2-0,245,1,7.414000,,,,,,,,,,0
timing-1600x900-2-0,246,1,7.481000,,,,,,,,,,0
timing-1600x900-2-0,247,1,7.445000,,,,,,,,,,0
timing-1600x900-2-0,248,1,7.490000,,,,,,,,,,0
timing-1600x900-2-0,249,1,7.450000,,,,,,,,,,0
timing-1600x900-2-0,250,1,7.435000,,,,,,,,,,0
timing-1600x900-2-0,251,1,7.351000,,,,,,,,,,0
timing-1600x900-2-0,252,1,7.444000,,,,,,,,,,0
timing-1600x900-2-0,253,1,7.480000,,,,,,,,,,0
timing-1600x900-2-0,254,1,7.589000,,,,,,,,,,0
timing-1600x900-2-0,255,1,7.367000,,,,,,,,,,0
timing-1600x900-2-0,256,1,7.358000,,,,,,,,,,0
timing-1600x900-2-0,257,1,7.330000,,,,,,,,,,0
timing-1600x900-2-0,258,1,7.457000,,,,,,,,,,0
timing-1600x900-2-0,259,1,7.491000,,,,,,,,,,0
timing-1600x900-2-0,260,1,7.457000,,,,,,,,,,0
timing-1600x900-2-0,261,1,7.482000,,,,,,,,,,0
timing-1600x900-2-0,262,1,7.369000,,,,,,,,,,0
timing-1600x900-2-0,263,1,7.513000,,,,,,,,,,0
timing-1600x900-2-0,264,1,7.115000,,,,,,,,,,0
timing-1600x900-2-0,265,1,7.248000,,,,,,,,,,0
timing-1600x900-2-0,266,1,7.175000,,,,,,,,,,0
timing-1600x900-2-0,267,1,7.308000,,,,,,,,,,0
timing-1600x900-2-0,268,1,7.184000,,,,,,,,,,0
timing-1600x900-2-0,269,1,7.367000,,,,,,,,,,0
timing-1600x900-2-0,270,1,7.277000,,,,,,,,,,0
timing-1600x900-2-0,271,1,7.466000,,,,,,,,,,0
timing-1600x900-2-0,272,1,7.494000,,,,,,,,,,0
timing-1600x900-2-0,273,1,7.498000,,,,,,,,,,0
timing-1600x900-2-0,274,1,7.414000,,,,,,,,,,0
timing-1600x900-2-0,275,1,7.504000,,,,,,,,,,0
timing-1600x900-2-0,276,1,7.636000,,,,,,,,,,0
timing-1600x900-2-0,277,1,7.595000,,,,,,,,,,0
timing-1600x900-2-0,278,1,7.587000,,,,,,,,,,0
timing-1600x900-2-0,279,1,7.633000,,,,,,,,,,0
timing-1600x900-2-0,280,1,7.677000,,,,,,,,,,0
timing-1600x900-2-0,281,1,7.477000,,,,,,,,,,0
timing-1600x900-2-0,282,1,7.485000,,,,,,,,,,0
timing-1600x900-2-0,283,1,7.618000,,,,,,,,,,0
timing-1600x900-2-0,284,1,7.914000,,,,,,,,,,0
timing-1600x900-2-0,285,1,7.630000,,,,,,,,,,0
timing-1600x900-2-0,286,1,7.449000,,,,,,,,,,0
timing-1600x900-2-0,287,1,7.537000,,,,,,,,,,0
timing-1600x900-2-0,288,1,7.377000,,,,,,,,,,0
timing-1600x900-2-0,289,1,7.506000,,,,,,,,,,0
timing-1600x900-2-0,290,1,7.433000,,,,,,,,,,0
timing-1600x900-2-0,291,1,7.357000,,,,,,,,,,0
timing-1600x900-2-0,292,1,7.415000,,,,,,,,,,0
timing-1600x900-2-0,293,1,7.134000,,,,,,,,,,0
timing-1600x900-2-0,294,1,7.375000,,,,,,,,,,0
timing-1600x900-2-0,295,1,7.188000,,,,,,,,,,0
timing-1600x900-2-0,296,1,7.299000,,,,,,,,,,0
timing-1600x900-2-0,297,1,7.418000,,,,,,,,,,0
timing-1600x900-2-0,298,1,7.423000,,,,,,,,,,0
timing-1600x900-2-0,299,1,7.413000,,,,,,,,,,0
timing-1600x900-2-0,300,1,7.526000,,,,,,,,,,0
timing-1600x900-2-0,301,1,7.397000,,,,,,,,,,0
timing-1600x900-2-0,302,1,7.568000,,,,,,,,,,0
timing-1600x900-2-0,303,1,7.315000,,,,,,,,,,0
timing-1600x900-2-0,304,1,7.143000,,,,,,,,,,0
timing-1600x900-2-0,305,1,7.261000,,,,,,,,,,0
timing-1600x900-2-0,306,1,7.205000,,,,,,,,,,0
timing-1600x900-2-0,307,1,7.249000,,,,,,,,,,0
timing-1600x900-2-0,308,1,7.557000,,,,,,,,,,0
timing-1600x900-2-0,309,1,7.411000,,,,,,,,,,0
timing-1600x900-2-0,310,1,7.497000,,,,,,,,,,0
timing-1600x900-2-0,311,1,7.466000,,,,,,,,,,0
timing-1600x900-2-0,312,1,7.471000,,,,,,,,,,0
timing-1600x900-2-0,313,1,7.486000,,,,,,,,,,0
timing-1600x900-2-0,314,1,7.226000,,,,,,,,,,0
timing-1600x900-2-0,315,1,7.184000,,,,,,,,,,0
timing-1600x900-2-0,316,1,7.245000,,,,,,,,,,0
timing-1600x900-2-0,317,1,7.246000,,,,,,,,,,0
timing-1600x900-2-0,318,1,7.239000,,,,,,,,,,0
timing-1600x900-2-0,319,1,7.284000,0,0,0.999511719,0.361087472,0.40807074,452,120,0,0,1
timing-1600x900-2-1,0,1,1164.813000,0,0,0.999511719,0.361087472,0.40807074,452,120,0,0,1
timing-1600x900-2-1,1,1,14.453000,,,,,,,,,,0
timing-1600x900-2-1,2,1,8.291000,,,,,,,,,,0
timing-1600x900-2-1,3,1,8.056000,,,,,,,,,,0
timing-1600x900-2-1,4,1,7.750000,,,,,,,,,,0
timing-1600x900-2-1,5,1,7.464000,,,,,,,,,,0
timing-1600x900-2-1,6,1,7.488000,,,,,,,,,,0
timing-1600x900-2-1,7,1,7.546000,,,,,,,,,,0
timing-1600x900-2-1,8,1,7.377000,,,,,,,,,,0
timing-1600x900-2-1,9,1,7.409000,,,,,,,,,,0
timing-1600x900-2-1,10,1,7.350000,,,,,,,,,,0
timing-1600x900-2-1,11,1,7.481000,,,,,,,,,,0
timing-1600x900-2-1,12,1,7.588000,,,,,,,,,,0
timing-1600x900-2-1,13,1,7.357000,,,,,,,,,,0
timing-1600x900-2-1,14,1,7.351000,,,,,,,,,,0
timing-1600x900-2-1,15,1,7.710000,,,,,,,,,,0
timing-1600x900-2-1,16,1,7.051000,,,,,,,,,,0
timing-1600x900-2-1,17,1,7.100000,,,,,,,,,,0
timing-1600x900-2-1,18,1,7.018000,,,,,,,,,,0
timing-1600x900-2-1,19,1,7.029000,,,,,,,,,,0
timing-1600x900-2-1,20,1,7.155000,,,,,,,,,,0
timing-1600x900-2-1,21,1,7.140000,,,,,,,,,,0
timing-1600x900-2-1,22,1,7.013000,,,,,,,,,,0
timing-1600x900-2-1,23,1,7.088000,,,,,,,,,,0
timing-1600x900-2-1,24,1,6.993000,,,,,,,,,,0
timing-1600x900-2-1,25,1,7.153000,,,,,,,,,,0
timing-1600x900-2-1,26,1,7.362000,,,,,,,,,,0
timing-1600x900-2-1,27,1,7.076000,,,,,,,,,,0
timing-1600x900-2-1,28,1,7.087000,,,,,,,,,,0
timing-1600x900-2-1,29,1,7.063000,,,,,,,,,,0
timing-1600x900-2-1,30,1,6.974000,,,,,,,,,,0
timing-1600x900-2-1,31,1,7.234000,,,,,,,,,,0
timing-1600x900-2-1,32,1,6.971000,,,,,,,,,,0
timing-1600x900-2-1,33,1,7.070000,,,,,,,,,,0
timing-1600x900-2-1,34,1,7.085000,,,,,,,,,,0
timing-1600x900-2-1,35,1,7.007000,,,,,,,,,,0
timing-1600x900-2-1,36,1,7.082000,,,,,,,,,,0
timing-1600x900-2-1,37,1,7.315000,,,,,,,,,,0
timing-1600x900-2-1,38,1,7.162000,,,,,,,,,,0
timing-1600x900-2-1,39,1,7.115000,,,,,,,,,,0
timing-1600x900-2-1,40,1,7.046000,,,,,,,,,,0
timing-1600x900-2-1,41,1,7.360000,,,,,,,,,,0
timing-1600x900-2-1,42,1,7.084000,,,,,,,,,,0
timing-1600x900-2-1,43,1,7.160000,,,,,,,,,,0
timing-1600x900-2-1,44,1,7.100000,,,,,,,,,,0
timing-1600x900-2-1,45,1,7.124000,,,,,,,,,,0
timing-1600x900-2-1,46,1,7.227000,,,,,,,,,,0
timing-1600x900-2-1,47,1,7.154000,,,,,,,,,,0
timing-1600x900-2-1,48,1,7.270000,,,,,,,,,,0
timing-1600x900-2-1,49,1,7.251000,,,,,,,,,,0
timing-1600x900-2-1,50,1,7.202000,,,,,,,,,,0
timing-1600x900-2-1,51,1,7.158000,,,,,,,,,,0
timing-1600x900-2-1,52,1,7.149000,,,,,,,,,,0
timing-1600x900-2-1,53,1,7.192000,,,,,,,,,,0
timing-1600x900-2-1,54,1,7.199000,,,,,,,,,,0
timing-1600x900-2-1,55,1,7.140000,,,,,,,,,,0
timing-1600x900-2-1,56,1,7.169000,,,,,,,,,,0
timing-1600x900-2-1,57,1,7.135000,,,,,,,,,,0
timing-1600x900-2-1,58,1,7.192000,,,,,,,,,,0
timing-1600x900-2-1,59,1,7.231000,,,,,,,,,,0
timing-1600x900-2-1,60,1,7.123000,,,,,,,,,,0
timing-1600x900-2-1,61,1,7.239000,,,,,,,,,,0
timing-1600x900-2-1,62,1,7.165000,,,,,,,,,,0
timing-1600x900-2-1,63,1,7.380000,,,,,,,,,,0
timing-1600x900-2-1,64,1,7.208000,,,,,,,,,,0
timing-1600x900-2-1,65,1,7.243000,,,,,,,,,,0
timing-1600x900-2-1,66,1,7.116000,,,,,,,,,,0
timing-1600x900-2-1,67,1,7.100000,,,,,,,,,,0
timing-1600x900-2-1,68,1,7.256000,,,,,,,,,,0
timing-1600x900-2-1,69,1,7.132000,,,,,,,,,,0
timing-1600x900-2-1,70,1,7.121000,,,,,,,,,,0
timing-1600x900-2-1,71,1,7.192000,,,,,,,,,,0
timing-1600x900-2-1,72,1,7.206000,,,,,,,,,,0
timing-1600x900-2-1,73,1,7.186000,,,,,,,,,,0
timing-1600x900-2-1,74,1,7.080000,,,,,,,,,,0
timing-1600x900-2-1,75,1,7.299000,,,,,,,,,,0
timing-1600x900-2-1,76,1,7.268000,,,,,,,,,,0
timing-1600x900-2-1,77,1,7.136000,,,,,,,,,,0
timing-1600x900-2-1,78,1,7.213000,,,,,,,,,,0
timing-1600x900-2-1,79,1,7.170000,,,,,,,,,,0
timing-1600x900-2-1,80,1,7.092000,,,,,,,,,,0
timing-1600x900-2-1,81,1,7.285000,,,,,,,,,,0
timing-1600x900-2-1,82,1,7.222000,,,,,,,,,,0
timing-1600x900-2-1,83,1,7.191000,,,,,,,,,,0
timing-1600x900-2-1,84,1,7.174000,,,,,,,,,,0
timing-1600x900-2-1,85,1,7.157000,,,,,,,,,,0
timing-1600x900-2-1,86,1,7.120000,,,,,,,,,,0
timing-1600x900-2-1,87,1,7.202000,,,,,,,,,,0
timing-1600x900-2-1,88,1,7.250000,,,,,,,,,,0
timing-1600x900-2-1,89,1,7.295000,,,,,,,,,,0
timing-1600x900-2-1,90,1,7.288000,,,,,,,,,,0
timing-1600x900-2-1,91,1,7.096000,,,,,,,,,,0
timing-1600x900-2-1,92,1,7.258000,,,,,,,,,,0
timing-1600x900-2-1,93,1,7.115000,,,,,,,,,,0
timing-1600x900-2-1,94,1,7.182000,,,,,,,,,,0
timing-1600x900-2-1,95,1,7.238000,,,,,,,,,,0
timing-1600x900-2-1,96,1,7.201000,,,,,,,,,,0
timing-1600x900-2-1,97,1,7.106000,,,,,,,,,,0
timing-1600x900-2-1,98,1,7.199000,,,,,,,,,,0
timing-1600x900-2-1,99,1,7.183000,,,,,,,,,,0
timing-1600x900-2-1,100,1,7.165000,,,,,,,,,,0
timing-1600x900-2-1,101,1,7.237000,,,,,,,,,,0
timing-1600x900-2-1,102,1,7.153000,,,,,,,,,,0
timing-1600x900-2-1,103,1,7.273000,,,,,,,,,,0
timing-1600x900-2-1,104,1,7.201000,,,,,,,,,,0
timing-1600x900-2-1,105,1,7.186000,,,,,,,,,,0
timing-1600x900-2-1,106,1,7.211000,,,,,,,,,,0
timing-1600x900-2-1,107,1,7.171000,,,,,,,,,,0
timing-1600x900-2-1,108,1,7.295000,,,,,,,,,,0
timing-1600x900-2-1,109,1,7.187000,,,,,,,,,,0
timing-1600x900-2-1,110,1,7.078000,,,,,,,,,,0
timing-1600x900-2-1,111,1,7.254000,,,,,,,,,,0
timing-1600x900-2-1,112,1,7.112000,,,,,,,,,,0
timing-1600x900-2-1,113,1,7.106000,,,,,,,,,,0
timing-1600x900-2-1,114,1,7.192000,,,,,,,,,,0
timing-1600x900-2-1,115,1,7.147000,,,,,,,,,,0
timing-1600x900-2-1,116,1,7.245000,,,,,,,,,,0
timing-1600x900-2-1,117,1,7.201000,,,,,,,,,,0
timing-1600x900-2-1,118,1,7.151000,,,,,,,,,,0
timing-1600x900-2-1,119,1,7.137000,,,,,,,,,,0
timing-1600x900-2-1,120,1,7.133000,,,,,,,,,,0
timing-1600x900-2-1,121,1,7.247000,,,,,,,,,,0
timing-1600x900-2-1,122,1,7.061000,,,,,,,,,,0
timing-1600x900-2-1,123,1,7.351000,,,,,,,,,,0
timing-1600x900-2-1,124,1,7.194000,,,,,,,,,,0
timing-1600x900-2-1,125,1,7.178000,,,,,,,,,,0
timing-1600x900-2-1,126,1,7.172000,,,,,,,,,,0
timing-1600x900-2-1,127,1,7.136000,,,,,,,,,,0
timing-1600x900-2-1,128,1,7.109000,,,,,,,,,,0
timing-1600x900-2-1,129,1,7.213000,,,,,,,,,,0
timing-1600x900-2-1,130,1,7.181000,,,,,,,,,,0
timing-1600x900-2-1,131,1,7.210000,,,,,,,,,,0
timing-1600x900-2-1,132,1,7.107000,,,,,,,,,,0
timing-1600x900-2-1,133,1,7.195000,,,,,,,,,,0
timing-1600x900-2-1,134,1,7.289000,,,,,,,,,,0
timing-1600x900-2-1,135,1,7.072000,,,,,,,,,,0
timing-1600x900-2-1,136,1,7.168000,,,,,,,,,,0
timing-1600x900-2-1,137,1,7.434000,,,,,,,,,,0
timing-1600x900-2-1,138,1,7.476000,,,,,,,,,,0
timing-1600x900-2-1,139,1,7.392000,,,,,,,,,,0
timing-1600x900-2-1,140,1,7.297000,,,,,,,,,,0
timing-1600x900-2-1,141,1,7.160000,,,,,,,,,,0
timing-1600x900-2-1,142,1,7.186000,,,,,,,,,,0
timing-1600x900-2-1,143,1,7.209000,,,,,,,,,,0
timing-1600x900-2-1,144,1,7.246000,,,,,,,,,,0
timing-1600x900-2-1,145,1,7.370000,,,,,,,,,,0
timing-1600x900-2-1,146,1,7.368000,,,,,,,,,,0
timing-1600x900-2-1,147,1,7.416000,,,,,,,,,,0
timing-1600x900-2-1,148,1,7.175000,,,,,,,,,,0
timing-1600x900-2-1,149,1,7.250000,,,,,,,,,,0
timing-1600x900-2-1,150,1,7.184000,,,,,,,,,,0
timing-1600x900-2-1,151,1,7.285000,,,,,,,,,,0
timing-1600x900-2-1,152,1,7.374000,,,,,,,,,,0
timing-1600x900-2-1,153,1,7.320000,,,,,,,,,,0
timing-1600x900-2-1,154,1,7.422000,,,,,,,,,,0
timing-1600x900-2-1,155,1,7.417000,,,,,,,,,,0
timing-1600x900-2-1,156,1,7.266000,,,,,,,,,,0
timing-1600x900-2-1,157,1,7.228000,,,,,,,,,,0
timing-1600x900-2-1,158,1,7.166000,,,,,,,,,,0
timing-1600x900-2-1,159,1,7.273000,,,,,,,,,,0
timing-1600x900-2-1,160,1,7.316000,,,,,,,,,,0
timing-1600x900-2-1,161,1,7.244000,,,,,,,,,,0
timing-1600x900-2-1,162,1,7.118000,,,,,,,,,,0
timing-1600x900-2-1,163,1,7.222000,,,,,,,,,,0
timing-1600x900-2-1,164,1,7.327000,,,,,,,,,,0
timing-1600x900-2-1,165,1,7.406000,,,,,,,,,,0
timing-1600x900-2-1,166,1,7.333000,,,,,,,,,,0
timing-1600x900-2-1,167,1,7.441000,,,,,,,,,,0
timing-1600x900-2-1,168,1,7.402000,,,,,,,,,,0
timing-1600x900-2-1,169,1,7.463000,,,,,,,,,,0
timing-1600x900-2-1,170,1,7.506000,,,,,,,,,,0
timing-1600x900-2-1,171,1,7.324000,,,,,,,,,,0
timing-1600x900-2-1,172,1,7.514000,,,,,,,,,,0
timing-1600x900-2-1,173,1,7.390000,,,,,,,,,,0
timing-1600x900-2-1,174,1,7.366000,,,,,,,,,,0
timing-1600x900-2-1,175,1,7.278000,,,,,,,,,,0
timing-1600x900-2-1,176,1,7.300000,,,,,,,,,,0
timing-1600x900-2-1,177,1,7.160000,,,,,,,,,,0
timing-1600x900-2-1,178,1,7.170000,,,,,,,,,,0
timing-1600x900-2-1,179,1,7.183000,,,,,,,,,,0
timing-1600x900-2-1,180,1,7.314000,,,,,,,,,,0
timing-1600x900-2-1,181,1,7.313000,,,,,,,,,,0
timing-1600x900-2-1,182,1,7.463000,,,,,,,,,,0
timing-1600x900-2-1,183,1,7.283000,,,,,,,,,,0
timing-1600x900-2-1,184,1,7.225000,,,,,,,,,,0
timing-1600x900-2-1,185,1,7.219000,,,,,,,,,,0
timing-1600x900-2-1,186,1,7.178000,,,,,,,,,,0
timing-1600x900-2-1,187,1,7.206000,,,,,,,,,,0
timing-1600x900-2-1,188,1,7.421000,,,,,,,,,,0
timing-1600x900-2-1,189,1,7.367000,,,,,,,,,,0
timing-1600x900-2-1,190,1,7.432000,,,,,,,,,,0
timing-1600x900-2-1,191,1,7.311000,,,,,,,,,,0
timing-1600x900-2-1,192,1,7.206000,,,,,,,,,,0
timing-1600x900-2-1,193,1,7.193000,,,,,,,,,,0
timing-1600x900-2-1,194,1,7.401000,,,,,,,,,,0
timing-1600x900-2-1,195,1,7.188000,,,,,,,,,,0
timing-1600x900-2-1,196,1,7.273000,,,,,,,,,,0
timing-1600x900-2-1,197,1,7.308000,,,,,,,,,,0
timing-1600x900-2-1,198,1,7.503000,,,,,,,,,,0
timing-1600x900-2-1,199,1,7.396000,,,,,,,,,,0
timing-1600x900-2-1,200,1,7.494000,,,,,,,,,,0
timing-1600x900-2-1,201,1,7.315000,,,,,,,,,,0
timing-1600x900-2-1,202,1,7.442000,,,,,,,,,,0
timing-1600x900-2-1,203,1,7.438000,,,,,,,,,,0
timing-1600x900-2-1,204,1,7.368000,,,,,,,,,,0
timing-1600x900-2-1,205,1,7.460000,,,,,,,,,,0
timing-1600x900-2-1,206,1,7.338000,,,,,,,,,,0
timing-1600x900-2-1,207,1,7.373000,,,,,,,,,,0
timing-1600x900-2-1,208,1,7.443000,,,,,,,,,,0
timing-1600x900-2-1,209,1,7.538000,,,,,,,,,,0
timing-1600x900-2-1,210,1,7.391000,,,,,,,,,,0
timing-1600x900-2-1,211,1,7.277000,,,,,,,,,,0
timing-1600x900-2-1,212,1,7.507000,,,,,,,,,,0
timing-1600x900-2-1,213,1,7.474000,,,,,,,,,,0
timing-1600x900-2-1,214,1,7.384000,,,,,,,,,,0
timing-1600x900-2-1,215,1,7.527000,,,,,,,,,,0
timing-1600x900-2-1,216,1,7.749000,,,,,,,,,,0
timing-1600x900-2-1,217,1,7.570000,,,,,,,,,,0
timing-1600x900-2-1,218,1,7.482000,,,,,,,,,,0
timing-1600x900-2-1,219,1,7.338000,,,,,,,,,,0
timing-1600x900-2-1,220,1,7.406000,,,,,,,,,,0
timing-1600x900-2-1,221,1,7.255000,,,,,,,,,,0
timing-1600x900-2-1,222,1,7.242000,,,,,,,,,,0
timing-1600x900-2-1,223,1,7.279000,,,,,,,,,,0
timing-1600x900-2-1,224,1,7.521000,,,,,,,,,,0
timing-1600x900-2-1,225,1,7.400000,,,,,,,,,,0
timing-1600x900-2-1,226,1,7.389000,,,,,,,,,,0
timing-1600x900-2-1,227,1,7.237000,,,,,,,,,,0
timing-1600x900-2-1,228,1,7.290000,,,,,,,,,,0
timing-1600x900-2-1,229,1,7.264000,,,,,,,,,,0
timing-1600x900-2-1,230,1,7.443000,,,,,,,,,,0
timing-1600x900-2-1,231,1,7.372000,,,,,,,,,,0
timing-1600x900-2-1,232,1,7.471000,,,,,,,,,,0
timing-1600x900-2-1,233,1,7.131000,,,,,,,,,,0
timing-1600x900-2-1,234,1,7.379000,,,,,,,,,,0
timing-1600x900-2-1,235,1,7.397000,,,,,,,,,,0
timing-1600x900-2-1,236,1,7.533000,,,,,,,,,,0
timing-1600x900-2-1,237,1,7.368000,,,,,,,,,,0
timing-1600x900-2-1,238,1,7.378000,,,,,,,,,,0
timing-1600x900-2-1,239,1,7.179000,,,,,,,,,,0
timing-1600x900-2-1,240,1,7.122000,,,,,,,,,,0
timing-1600x900-2-1,241,1,7.122000,,,,,,,,,,0
timing-1600x900-2-1,242,1,7.236000,,,,,,,,,,0
timing-1600x900-2-1,243,1,7.278000,,,,,,,,,,0
timing-1600x900-2-1,244,1,7.263000,,,,,,,,,,0
timing-1600x900-2-1,245,1,7.177000,,,,,,,,,,0
timing-1600x900-2-1,246,1,7.165000,,,,,,,,,,0
timing-1600x900-2-1,247,1,7.169000,,,,,,,,,,0
timing-1600x900-2-1,248,1,7.260000,,,,,,,,,,0
timing-1600x900-2-1,249,1,7.381000,,,,,,,,,,0
timing-1600x900-2-1,250,1,7.481000,,,,,,,,,,0
timing-1600x900-2-1,251,1,7.376000,,,,,,,,,,0
timing-1600x900-2-1,252,1,7.364000,,,,,,,,,,0
timing-1600x900-2-1,253,1,7.387000,,,,,,,,,,0
timing-1600x900-2-1,254,1,7.403000,,,,,,,,,,0
timing-1600x900-2-1,255,1,7.407000,,,,,,,,,,0
timing-1600x900-2-1,256,1,7.416000,,,,,,,,,,0
timing-1600x900-2-1,257,1,7.374000,,,,,,,,,,0
timing-1600x900-2-1,258,1,7.382000,,,,,,,,,,0
timing-1600x900-2-1,259,1,7.373000,,,,,,,,,,0
timing-1600x900-2-1,260,1,7.405000,,,,,,,,,,0
timing-1600x900-2-1,261,1,7.409000,,,,,,,,,,0
timing-1600x900-2-1,262,1,7.507000,,,,,,,,,,0
timing-1600x900-2-1,263,1,7.483000,,,,,,,,,,0
timing-1600x900-2-1,264,1,7.499000,,,,,,,,,,0
timing-1600x900-2-1,265,1,7.586000,,,,,,,,,,0
timing-1600x900-2-1,266,1,7.462000,,,,,,,,,,0
timing-1600x900-2-1,267,1,7.373000,,,,,,,,,,0
timing-1600x900-2-1,268,1,7.327000,,,,,,,,,,0
timing-1600x900-2-1,269,1,7.409000,,,,,,,,,,0
timing-1600x900-2-1,270,1,7.282000,,,,,,,,,,0
timing-1600x900-2-1,271,1,7.181000,,,,,,,,,,0
timing-1600x900-2-1,272,1,7.259000,,,,,,,,,,0
timing-1600x900-2-1,273,1,7.233000,,,,,,,,,,0
timing-1600x900-2-1,274,1,7.190000,,,,,,,,,,0
timing-1600x900-2-1,275,1,7.258000,,,,,,,,,,0
timing-1600x900-2-1,276,1,7.313000,,,,,,,,,,0
timing-1600x900-2-1,277,1,7.341000,,,,,,,,,,0
timing-1600x900-2-1,278,1,7.451000,,,,,,,,,,0
timing-1600x900-2-1,279,1,7.410000,,,,,,,,,,0
timing-1600x900-2-1,280,1,7.421000,,,,,,,,,,0
timing-1600x900-2-1,281,1,7.430000,,,,,,,,,,0
timing-1600x900-2-1,282,1,7.452000,,,,,,,,,,0
timing-1600x900-2-1,283,1,7.226000,,,,,,,,,,0
timing-1600x900-2-1,284,1,7.244000,,,,,,,,,,0
timing-1600x900-2-1,285,1,7.131000,,,,,,,,,,0
timing-1600x900-2-1,286,1,7.230000,,,,,,,,,,0
timing-1600x900-2-1,287,1,7.149000,,,,,,,,,,0
timing-1600x900-2-1,288,1,7.352000,,,,,,,,,,0
timing-1600x900-2-1,289,1,7.371000,,,,,,,,,,0
timing-1600x900-2-1,290,1,7.408000,,,,,,,,,,0
timing-1600x900-2-1,291,1,7.352000,,,,,,,,,,0
timing-1600x900-2-1,292,1,7.286000,,,,,,,,,,0
timing-1600x900-2-1,293,1,7.130000,,,,,,,,,,0
timing-1600x900-2-1,294,1,7.404000,,,,,,,,,,0
timing-1600x900-2-1,295,1,7.245000,,,,,,,,,,0
timing-1600x900-2-1,296,1,7.330000,,,,,,,,,,0
timing-1600x900-2-1,297,1,7.287000,,,,,,,,,,0
timing-1600x900-2-1,298,1,7.456000,,,,,,,,,,0
timing-1600x900-2-1,299,1,7.440000,,,,,,,,,,0
timing-1600x900-2-1,300,1,7.339000,,,,,,,,,,0
timing-1600x900-2-1,301,1,7.342000,,,,,,,,,,0
timing-1600x900-2-1,302,1,7.256000,,,,,,,,,,0
timing-1600x900-2-1,303,1,7.362000,,,,,,,,,,0
timing-1600x900-2-1,304,1,7.088000,,,,,,,,,,0
timing-1600x900-2-1,305,1,7.158000,,,,,,,,,,0
timing-1600x900-2-1,306,1,7.342000,,,,,,,,,,0
timing-1600x900-2-1,307,1,7.220000,,,,,,,,,,0
timing-1600x900-2-1,308,1,7.511000,,,,,,,,,,0
timing-1600x900-2-1,309,1,7.467000,,,,,,,,,,0
timing-1600x900-2-1,310,1,7.235000,,,,,,,,,,0
timing-1600x900-2-1,311,1,7.201000,,,,,,,,,,0
timing-1600x900-2-1,312,1,7.274000,,,,,,,,,,0
timing-1600x900-2-1,313,1,7.218000,,,,,,,,,,0
timing-1600x900-2-1,314,1,7.227000,,,,,,,,,,0
timing-1600x900-2-1,315,1,7.193000,,,,,,,,,,0
timing-1600x900-2-1,316,1,7.140000,,,,,,,,,,0
timing-1600x900-2-1,317,1,7.324000,,,,,,,,,,0
timing-1600x900-2-1,318,1,7.523000,,,,,,,,,,0
timing-1600x900-2-1,319,1,7.448000,0,0,0.999511719,0.361087472,0.40807074,452,120,0,0,1
timing-1600x900-2-2,0,1,1182.555000,0,0,0.999511719,0.361087472,0.40807074,452,120,0,0,1
timing-1600x900-2-2,1,1,15.080000,,,,,,,,,,0
timing-1600x900-2-2,2,1,8.127000,,,,,,,,,,0
timing-1600x900-2-2,3,1,8.047000,,,,,,,,,,0
timing-1600x900-2-2,4,1,7.745000,,,,,,,,,,0
timing-1600x900-2-2,5,1,7.940000,,,,,,,,,,0
timing-1600x900-2-2,6,1,7.427000,,,,,,,,,,0
timing-1600x900-2-2,7,1,7.817000,,,,,,,,,,0
timing-1600x900-2-2,8,1,7.622000,,,,,,,,,,0
timing-1600x900-2-2,9,1,7.516000,,,,,,,,,,0
timing-1600x900-2-2,10,1,7.513000,,,,,,,,,,0
timing-1600x900-2-2,11,1,7.477000,,,,,,,,,,0
timing-1600x900-2-2,12,1,7.592000,,,,,,,,,,0
timing-1600x900-2-2,13,1,7.415000,,,,,,,,,,0
timing-1600x900-2-2,14,1,7.489000,,,,,,,,,,0
timing-1600x900-2-2,15,1,7.397000,,,,,,,,,,0
timing-1600x900-2-2,16,1,7.057000,,,,,,,,,,0
timing-1600x900-2-2,17,1,7.038000,,,,,,,,,,0
timing-1600x900-2-2,18,1,6.986000,,,,,,,,,,0
timing-1600x900-2-2,19,1,7.289000,,,,,,,,,,0
timing-1600x900-2-2,20,1,7.091000,,,,,,,,,,0
timing-1600x900-2-2,21,1,7.163000,,,,,,,,,,0
timing-1600x900-2-2,22,1,7.157000,,,,,,,,,,0
timing-1600x900-2-2,23,1,7.075000,,,,,,,,,,0
timing-1600x900-2-2,24,1,7.006000,,,,,,,,,,0
timing-1600x900-2-2,25,1,7.162000,,,,,,,,,,0
timing-1600x900-2-2,26,1,7.093000,,,,,,,,,,0
timing-1600x900-2-2,27,1,7.008000,,,,,,,,,,0
timing-1600x900-2-2,28,1,7.166000,,,,,,,,,,0
timing-1600x900-2-2,29,1,7.143000,,,,,,,,,,0
timing-1600x900-2-2,30,1,7.059000,,,,,,,,,,0
timing-1600x900-2-2,31,1,7.128000,,,,,,,,,,0
timing-1600x900-2-2,32,1,7.131000,,,,,,,,,,0
timing-1600x900-2-2,33,1,7.103000,,,,,,,,,,0
timing-1600x900-2-2,34,1,7.188000,,,,,,,,,,0
timing-1600x900-2-2,35,1,7.178000,,,,,,,,,,0
timing-1600x900-2-2,36,1,7.263000,,,,,,,,,,0
timing-1600x900-2-2,37,1,7.126000,,,,,,,,,,0
timing-1600x900-2-2,38,1,7.167000,,,,,,,,,,0
timing-1600x900-2-2,39,1,7.089000,,,,,,,,,,0
timing-1600x900-2-2,40,1,7.035000,,,,,,,,,,0
timing-1600x900-2-2,41,1,7.261000,,,,,,,,,,0
timing-1600x900-2-2,42,1,7.215000,,,,,,,,,,0
timing-1600x900-2-2,43,1,7.273000,,,,,,,,,,0
timing-1600x900-2-2,44,1,7.215000,,,,,,,,,,0
timing-1600x900-2-2,45,1,7.259000,,,,,,,,,,0
timing-1600x900-2-2,46,1,7.199000,,,,,,,,,,0
timing-1600x900-2-2,47,1,7.158000,,,,,,,,,,0
timing-1600x900-2-2,48,1,7.233000,,,,,,,,,,0
timing-1600x900-2-2,49,1,7.132000,,,,,,,,,,0
timing-1600x900-2-2,50,1,7.225000,,,,,,,,,,0
timing-1600x900-2-2,51,1,7.223000,,,,,,,,,,0
timing-1600x900-2-2,52,1,7.162000,,,,,,,,,,0
timing-1600x900-2-2,53,1,7.130000,,,,,,,,,,0
timing-1600x900-2-2,54,1,7.223000,,,,,,,,,,0
timing-1600x900-2-2,55,1,7.221000,,,,,,,,,,0
timing-1600x900-2-2,56,1,7.229000,,,,,,,,,,0
timing-1600x900-2-2,57,1,7.156000,,,,,,,,,,0
timing-1600x900-2-2,58,1,7.226000,,,,,,,,,,0
timing-1600x900-2-2,59,1,7.169000,,,,,,,,,,0
timing-1600x900-2-2,60,1,7.079000,,,,,,,,,,0
timing-1600x900-2-2,61,1,7.228000,,,,,,,,,,0
timing-1600x900-2-2,62,1,7.184000,,,,,,,,,,0
timing-1600x900-2-2,63,1,7.162000,,,,,,,,,,0
timing-1600x900-2-2,64,1,7.177000,,,,,,,,,,0
timing-1600x900-2-2,65,1,7.184000,,,,,,,,,,0
timing-1600x900-2-2,66,1,7.130000,,,,,,,,,,0
timing-1600x900-2-2,67,1,7.129000,,,,,,,,,,0
timing-1600x900-2-2,68,1,7.193000,,,,,,,,,,0
timing-1600x900-2-2,69,1,7.164000,,,,,,,,,,0
timing-1600x900-2-2,70,1,7.196000,,,,,,,,,,0
timing-1600x900-2-2,71,1,7.174000,,,,,,,,,,0
timing-1600x900-2-2,72,1,7.203000,,,,,,,,,,0
timing-1600x900-2-2,73,1,7.179000,,,,,,,,,,0
timing-1600x900-2-2,74,1,7.201000,,,,,,,,,,0
timing-1600x900-2-2,75,1,7.267000,,,,,,,,,,0
timing-1600x900-2-2,76,1,7.300000,,,,,,,,,,0
timing-1600x900-2-2,77,1,7.263000,,,,,,,,,,0
timing-1600x900-2-2,78,1,7.164000,,,,,,,,,,0
timing-1600x900-2-2,79,1,7.153000,,,,,,,,,,0
timing-1600x900-2-2,80,1,7.119000,,,,,,,,,,0
timing-1600x900-2-2,81,1,7.239000,,,,,,,,,,0
timing-1600x900-2-2,82,1,7.100000,,,,,,,,,,0
timing-1600x900-2-2,83,1,7.070000,,,,,,,,,,0
timing-1600x900-2-2,84,1,7.146000,,,,,,,,,,0
timing-1600x900-2-2,85,1,7.158000,,,,,,,,,,0
timing-1600x900-2-2,86,1,7.336000,,,,,,,,,,0
timing-1600x900-2-2,87,1,7.140000,,,,,,,,,,0
timing-1600x900-2-2,88,1,7.097000,,,,,,,,,,0
timing-1600x900-2-2,89,1,7.145000,,,,,,,,,,0
timing-1600x900-2-2,90,1,7.189000,,,,,,,,,,0
timing-1600x900-2-2,91,1,7.143000,,,,,,,,,,0
timing-1600x900-2-2,92,1,7.145000,,,,,,,,,,0
timing-1600x900-2-2,93,1,7.137000,,,,,,,,,,0
timing-1600x900-2-2,94,1,7.216000,,,,,,,,,,0
timing-1600x900-2-2,95,1,7.320000,,,,,,,,,,0
timing-1600x900-2-2,96,1,7.200000,,,,,,,,,,0
timing-1600x900-2-2,97,1,7.135000,,,,,,,,,,0
timing-1600x900-2-2,98,1,7.103000,,,,,,,,,,0
timing-1600x900-2-2,99,1,7.298000,,,,,,,,,,0
timing-1600x900-2-2,100,1,7.226000,,,,,,,,,,0
timing-1600x900-2-2,101,1,7.152000,,,,,,,,,,0
timing-1600x900-2-2,102,1,7.160000,,,,,,,,,,0
timing-1600x900-2-2,103,1,7.254000,,,,,,,,,,0
timing-1600x900-2-2,104,1,7.100000,,,,,,,,,,0
timing-1600x900-2-2,105,1,7.157000,,,,,,,,,,0
timing-1600x900-2-2,106,1,7.086000,,,,,,,,,,0
timing-1600x900-2-2,107,1,7.181000,,,,,,,,,,0
timing-1600x900-2-2,108,1,7.244000,,,,,,,,,,0
timing-1600x900-2-2,109,1,7.087000,,,,,,,,,,0
timing-1600x900-2-2,110,1,7.195000,,,,,,,,,,0
timing-1600x900-2-2,111,1,7.152000,,,,,,,,,,0
timing-1600x900-2-2,112,1,7.168000,,,,,,,,,,0
timing-1600x900-2-2,113,1,7.184000,,,,,,,,,,0
timing-1600x900-2-2,114,1,7.302000,,,,,,,,,,0
timing-1600x900-2-2,115,1,7.205000,,,,,,,,,,0
timing-1600x900-2-2,116,1,7.245000,,,,,,,,,,0
timing-1600x900-2-2,117,1,7.208000,,,,,,,,,,0
timing-1600x900-2-2,118,1,7.143000,,,,,,,,,,0
timing-1600x900-2-2,119,1,7.191000,,,,,,,,,,0
timing-1600x900-2-2,120,1,7.110000,,,,,,,,,,0
timing-1600x900-2-2,121,1,7.159000,,,,,,,,,,0
timing-1600x900-2-2,122,1,7.197000,,,,,,,,,,0
timing-1600x900-2-2,123,1,7.246000,,,,,,,,,,0
timing-1600x900-2-2,124,1,7.260000,,,,,,,,,,0
timing-1600x900-2-2,125,1,7.161000,,,,,,,,,,0
timing-1600x900-2-2,126,1,7.156000,,,,,,,,,,0
timing-1600x900-2-2,127,1,7.132000,,,,,,,,,,0
timing-1600x900-2-2,128,1,7.153000,,,,,,,,,,0
timing-1600x900-2-2,129,1,7.076000,,,,,,,,,,0
timing-1600x900-2-2,130,1,7.093000,,,,,,,,,,0
timing-1600x900-2-2,131,1,7.179000,,,,,,,,,,0
timing-1600x900-2-2,132,1,7.142000,,,,,,,,,,0
timing-1600x900-2-2,133,1,7.409000,,,,,,,,,,0
timing-1600x900-2-2,134,1,7.486000,,,,,,,,,,0
timing-1600x900-2-2,135,1,7.412000,,,,,,,,,,0
timing-1600x900-2-2,136,1,7.407000,,,,,,,,,,0
timing-1600x900-2-2,137,1,7.530000,,,,,,,,,,0
timing-1600x900-2-2,138,1,7.420000,,,,,,,,,,0
timing-1600x900-2-2,139,1,7.338000,,,,,,,,,,0
timing-1600x900-2-2,140,1,7.414000,,,,,,,,,,0
timing-1600x900-2-2,141,1,7.301000,,,,,,,,,,0
timing-1600x900-2-2,142,1,7.504000,,,,,,,,,,0
timing-1600x900-2-2,143,1,7.132000,,,,,,,,,,0
timing-1600x900-2-2,144,1,7.166000,,,,,,,,,,0
timing-1600x900-2-2,145,1,7.248000,,,,,,,,,,0
timing-1600x900-2-2,146,1,7.083000,,,,,,,,,,0
timing-1600x900-2-2,147,1,7.235000,,,,,,,,,,0
timing-1600x900-2-2,148,1,7.197000,,,,,,,,,,0
timing-1600x900-2-2,149,1,7.308000,,,,,,,,,,0
timing-1600x900-2-2,150,1,7.349000,,,,,,,,,,0
timing-1600x900-2-2,151,1,7.212000,,,,,,,,,,0
timing-1600x900-2-2,152,1,7.243000,,,,,,,,,,0
timing-1600x900-2-2,153,1,7.193000,,,,,,,,,,0
timing-1600x900-2-2,154,1,7.302000,,,,,,,,,,0
timing-1600x900-2-2,155,1,7.248000,,,,,,,,,,0
timing-1600x900-2-2,156,1,7.292000,,,,,,,,,,0
timing-1600x900-2-2,157,1,7.400000,,,,,,,,,,0
timing-1600x900-2-2,158,1,7.380000,,,,,,,,,,0
timing-1600x900-2-2,159,1,7.240000,,,,,,,,,,0
timing-1600x900-2-2,160,1,7.425000,,,,,,,,,,0
timing-1600x900-2-2,161,1,7.397000,,,,,,,,,,0
timing-1600x900-2-2,162,1,7.420000,,,,,,,,,,0
timing-1600x900-2-2,163,1,7.489000,,,,,,,,,,0
timing-1600x900-2-2,164,1,7.422000,,,,,,,,,,0
timing-1600x900-2-2,165,1,7.519000,,,,,,,,,,0
timing-1600x900-2-2,166,1,7.657000,,,,,,,,,,0
timing-1600x900-2-2,167,1,7.753000,,,,,,,,,,0
timing-1600x900-2-2,168,1,7.644000,,,,,,,,,,0
timing-1600x900-2-2,169,1,7.751000,,,,,,,,,,0
timing-1600x900-2-2,170,1,7.532000,,,,,,,,,,0
timing-1600x900-2-2,171,1,7.350000,,,,,,,,,,0
timing-1600x900-2-2,172,1,7.363000,,,,,,,,,,0
timing-1600x900-2-2,173,1,7.686000,,,,,,,,,,0
timing-1600x900-2-2,174,1,7.328000,,,,,,,,,,0
timing-1600x900-2-2,175,1,7.419000,,,,,,,,,,0
timing-1600x900-2-2,176,1,7.302000,,,,,,,,,,0
timing-1600x900-2-2,177,1,7.480000,,,,,,,,,,0
timing-1600x900-2-2,178,1,7.359000,,,,,,,,,,0
timing-1600x900-2-2,179,1,7.359000,,,,,,,,,,0
timing-1600x900-2-2,180,1,7.387000,,,,,,,,,,0
timing-1600x900-2-2,181,1,7.486000,,,,,,,,,,0
timing-1600x900-2-2,182,1,7.408000,,,,,,,,,,0
timing-1600x900-2-2,183,1,7.478000,,,,,,,,,,0
timing-1600x900-2-2,184,1,7.320000,,,,,,,,,,0
timing-1600x900-2-2,185,1,7.508000,,,,,,,,,,0
timing-1600x900-2-2,186,1,7.491000,,,,,,,,,,0
timing-1600x900-2-2,187,1,7.587000,,,,,,,,,,0
timing-1600x900-2-2,188,1,7.611000,,,,,,,,,,0
timing-1600x900-2-2,189,1,7.603000,,,,,,,,,,0
timing-1600x900-2-2,190,1,7.245000,,,,,,,,,,0
timing-1600x900-2-2,191,1,7.142000,,,,,,,,,,0
timing-1600x900-2-2,192,1,7.206000,,,,,,,,,,0
timing-1600x900-2-2,193,1,7.215000,,,,,,,,,,0
timing-1600x900-2-2,194,1,7.447000,,,,,,,,,,0
timing-1600x900-2-2,195,1,7.360000,,,,,,,,,,0
timing-1600x900-2-2,196,1,7.375000,,,,,,,,,,0
timing-1600x900-2-2,197,1,7.284000,,,,,,,,,,0
timing-1600x900-2-2,198,1,7.418000,,,,,,,,,,0
timing-1600x900-2-2,199,1,7.458000,,,,,,,,,,0
timing-1600x900-2-2,200,1,7.446000,,,,,,,,,,0
timing-1600x900-2-2,201,1,7.239000,,,,,,,,,,0
timing-1600x900-2-2,202,1,7.250000,,,,,,,,,,0
timing-1600x900-2-2,203,1,7.162000,,,,,,,,,,0
timing-1600x900-2-2,204,1,7.207000,,,,,,,,,,0
timing-1600x900-2-2,205,1,7.187000,,,,,,,,,,0
timing-1600x900-2-2,206,1,7.228000,,,,,,,,,,0
timing-1600x900-2-2,207,1,7.341000,,,,,,,,,,0
timing-1600x900-2-2,208,1,7.401000,,,,,,,,,,0
timing-1600x900-2-2,209,1,7.423000,,,,,,,,,,0
timing-1600x900-2-2,210,1,7.453000,,,,,,,,,,0
timing-1600x900-2-2,211,1,7.540000,,,,,,,,,,0
timing-1600x900-2-2,212,1,7.180000,,,,,,,,,,0
timing-1600x900-2-2,213,1,7.156000,,,,,,,,,,0
timing-1600x900-2-2,214,1,7.247000,,,,,,,,,,0
timing-1600x900-2-2,215,1,7.150000,,,,,,,,,,0
timing-1600x900-2-2,216,1,7.212000,,,,,,,,,,0
timing-1600x900-2-2,217,1,7.309000,,,,,,,,,,0
timing-1600x900-2-2,218,1,7.318000,,,,,,,,,,0
timing-1600x900-2-2,219,1,7.466000,,,,,,,,,,0
timing-1600x900-2-2,220,1,7.422000,,,,,,,,,,0
timing-1600x900-2-2,221,1,7.358000,,,,,,,,,,0
timing-1600x900-2-2,222,1,7.388000,,,,,,,,,,0
timing-1600x900-2-2,223,1,7.389000,,,,,,,,,,0
timing-1600x900-2-2,224,1,7.446000,,,,,,,,,,0
timing-1600x900-2-2,225,1,7.238000,,,,,,,,,,0
timing-1600x900-2-2,226,1,7.211000,,,,,,,,,,0
timing-1600x900-2-2,227,1,7.159000,,,,,,,,,,0
timing-1600x900-2-2,228,1,7.207000,,,,,,,,,,0
timing-1600x900-2-2,229,1,7.186000,,,,,,,,,,0
timing-1600x900-2-2,230,1,7.172000,,,,,,,,,,0
timing-1600x900-2-2,231,1,7.216000,,,,,,,,,,0
timing-1600x900-2-2,232,1,7.239000,,,,,,,,,,0
timing-1600x900-2-2,233,1,7.471000,,,,,,,,,,0
timing-1600x900-2-2,234,1,7.403000,,,,,,,,,,0
timing-1600x900-2-2,235,1,7.453000,,,,,,,,,,0
timing-1600x900-2-2,236,1,7.344000,,,,,,,,,,0
timing-1600x900-2-2,237,1,7.411000,,,,,,,,,,0
timing-1600x900-2-2,238,1,7.419000,,,,,,,,,,0
timing-1600x900-2-2,239,1,7.518000,,,,,,,,,,0
timing-1600x900-2-2,240,1,7.420000,,,,,,,,,,0
timing-1600x900-2-2,241,1,7.191000,,,,,,,,,,0
timing-1600x900-2-2,242,1,7.157000,,,,,,,,,,0
timing-1600x900-2-2,243,1,7.155000,,,,,,,,,,0
timing-1600x900-2-2,244,1,7.188000,,,,,,,,,,0
timing-1600x900-2-2,245,1,7.115000,,,,,,,,,,0
timing-1600x900-2-2,246,1,7.180000,,,,,,,,,,0
timing-1600x900-2-2,247,1,7.286000,,,,,,,,,,0
timing-1600x900-2-2,248,1,7.495000,,,,,,,,,,0
timing-1600x900-2-2,249,1,7.173000,,,,,,,,,,0
timing-1600x900-2-2,250,1,7.237000,,,,,,,,,,0
timing-1600x900-2-2,251,1,7.289000,,,,,,,,,,0
timing-1600x900-2-2,252,1,7.144000,,,,,,,,,,0
timing-1600x900-2-2,253,1,7.170000,,,,,,,,,,0
timing-1600x900-2-2,254,1,7.276000,,,,,,,,,,0
timing-1600x900-2-2,255,1,7.411000,,,,,,,,,,0
timing-1600x900-2-2,256,1,7.383000,,,,,,,,,,0
timing-1600x900-2-2,257,1,7.400000,,,,,,,,,,0
timing-1600x900-2-2,258,1,7.358000,,,,,,,,,,0
timing-1600x900-2-2,259,1,7.434000,,,,,,,,,,0
timing-1600x900-2-2,260,1,7.395000,,,,,,,,,,0
timing-1600x900-2-2,261,1,7.494000,,,,,,,,,,0
timing-1600x900-2-2,262,1,7.624000,,,,,,,,,,0
timing-1600x900-2-2,263,1,7.437000,,,,,,,,,,0
timing-1600x900-2-2,264,1,7.460000,,,,,,,,,,0
timing-1600x900-2-2,265,1,7.331000,,,,,,,,,,0
timing-1600x900-2-2,266,1,7.390000,,,,,,,,,,0
timing-1600x900-2-2,267,1,7.257000,,,,,,,,,,0
timing-1600x900-2-2,268,1,7.465000,,,,,,,,,,0
timing-1600x900-2-2,269,1,7.353000,,,,,,,,,,0
timing-1600x900-2-2,270,1,7.356000,,,,,,,,,,0
timing-1600x900-2-2,271,1,7.363000,,,,,,,,,,0
timing-1600x900-2-2,272,1,7.448000,,,,,,,,,,0
timing-1600x900-2-2,273,1,7.451000,,,,,,,,,,0
timing-1600x900-2-2,274,1,7.388000,,,,,,,,,,0
timing-1600x900-2-2,275,1,7.417000,,,,,,,,,,0
timing-1600x900-2-2,276,1,7.497000,,,,,,,,,,0
timing-1600x900-2-2,277,1,7.403000,,,,,,,,,,0
timing-1600x900-2-2,278,1,7.516000,,,,,,,,,,0
timing-1600x900-2-2,279,1,7.423000,,,,,,,,,,0
timing-1600x900-2-2,280,1,7.445000,,,,,,,,,,0
timing-1600x900-2-2,281,1,7.413000,,,,,,,,,,0
timing-1600x900-2-2,282,1,7.468000,,,,,,,,,,0
timing-1600x900-2-2,283,1,7.235000,,,,,,,,,,0
timing-1600x900-2-2,284,1,7.226000,,,,,,,,,,0
timing-1600x900-2-2,285,1,7.182000,,,,,,,,,,0
timing-1600x900-2-2,286,1,7.179000,,,,,,,,,,0
timing-1600x900-2-2,287,1,7.236000,,,,,,,,,,0
timing-1600x900-2-2,288,1,7.109000,,,,,,,,,,0
timing-1600x900-2-2,289,1,7.296000,,,,,,,,,,0
timing-1600x900-2-2,290,1,7.529000,,,,,,,,,,0
timing-1600x900-2-2,291,1,7.354000,,,,,,,,,,0
timing-1600x900-2-2,292,1,7.492000,,,,,,,,,,0
timing-1600x900-2-2,293,1,7.637000,,,,,,,,,,0
timing-1600x900-2-2,294,1,7.155000,,,,,,,,,,0
timing-1600x900-2-2,295,1,7.257000,,,,,,,,,,0
timing-1600x900-2-2,296,1,7.176000,,,,,,,,,,0
timing-1600x900-2-2,297,1,7.249000,,,,,,,,,,0
timing-1600x900-2-2,298,1,7.386000,,,,,,,,,,0
timing-1600x900-2-2,299,1,7.402000,,,,,,,,,,0
timing-1600x900-2-2,300,1,7.324000,,,,,,,,,,0
timing-1600x900-2-2,301,1,7.493000,,,,,,,,,,0
timing-1600x900-2-2,302,1,7.391000,,,,,,,,,,0
timing-1600x900-2-2,303,1,7.484000,,,,,,,,,,0
timing-1600x900-2-2,304,1,7.360000,,,,,,,,,,0
timing-1600x900-2-2,305,1,7.394000,,,,,,,,,,0
timing-1600x900-2-2,306,1,7.463000,,,,,,,,,,0
timing-1600x900-2-2,307,1,7.403000,,,,,,,,,,0
timing-1600x900-2-2,308,1,7.566000,,,,,,,,,,0
timing-1600x900-2-2,309,1,7.251000,,,,,,,,,,0
timing-1600x900-2-2,310,1,7.540000,,,,,,,,,,0
timing-1600x900-2-2,311,1,7.438000,,,,,,,,,,0
timing-1600x900-2-2,312,1,7.380000,,,,,,,,,,0
timing-1600x900-2-2,313,1,7.364000,,,,,,,,,,0
timing-1600x900-2-2,314,1,7.557000,,,,,,,,,,0
timing-1600x900-2-2,315,1,7.426000,,,,,,,,,,0
timing-1600x900-2-2,316,1,7.370000,,,,,,,,,,0
timing-1600x900-2-2,317,1,7.543000,,,,,,,,,,0
timing-1600x900-2-2,318,1,7.310000,,,,,,,,,,0
timing-1600x900-2-2,319,1,7.383000,0,0,0.999511719,0.361087472,0.40807074,452,120,0,0,1
timing-1600x900-2-3,0,1,1213.084000,0,0,0.999511719,0.361087472,0.40807074,452,120,0,0,1
timing-1600x900-2-3,1,1,13.600000,,,,,,,,,,0
timing-1600x900-2-3,2,1,8.367000,,,,,,,,,,0
timing-1600x900-2-3,3,1,8.046000,,,,,,,,,,0
timing-1600x900-2-3,4,1,7.998000,,,,,,,,,,0
timing-1600x900-2-3,5,1,7.482000,,,,,,,,,,0
timing-1600x900-2-3,6,1,7.599000,,,,,,,,,,0
timing-1600x900-2-3,7,1,7.501000,,,,,,,,,,0
timing-1600x900-2-3,8,1,7.554000,,,,,,,,,,0
timing-1600x900-2-3,9,1,7.532000,,,,,,,,,,0
timing-1600x900-2-3,10,1,7.719000,,,,,,,,,,0
timing-1600x900-2-3,11,1,7.512000,,,,,,,,,,0
timing-1600x900-2-3,12,1,7.634000,,,,,,,,,,0
timing-1600x900-2-3,13,1,7.365000,,,,,,,,,,0
timing-1600x900-2-3,14,1,7.751000,,,,,,,,,,0
timing-1600x900-2-3,15,1,7.447000,,,,,,,,,,0
timing-1600x900-2-3,16,1,7.056000,,,,,,,,,,0
timing-1600x900-2-3,17,1,7.276000,,,,,,,,,,0
timing-1600x900-2-3,18,1,7.178000,,,,,,,,,,0
timing-1600x900-2-3,19,1,7.074000,,,,,,,,,,0
timing-1600x900-2-3,20,1,7.139000,,,,,,,,,,0
timing-1600x900-2-3,21,1,7.141000,,,,,,,,,,0
timing-1600x900-2-3,22,1,7.034000,,,,,,,,,,0
timing-1600x900-2-3,23,1,7.158000,,,,,,,,,,0
timing-1600x900-2-3,24,1,6.981000,,,,,,,,,,0
timing-1600x900-2-3,25,1,7.148000,,,,,,,,,,0
timing-1600x900-2-3,26,1,7.067000,,,,,,,,,,0
timing-1600x900-2-3,27,1,7.195000,,,,,,,,,,0
timing-1600x900-2-3,28,1,7.104000,,,,,,,,,,0
timing-1600x900-2-3,29,1,7.036000,,,,,,,,,,0
timing-1600x900-2-3,30,1,7.086000,,,,,,,,,,0
timing-1600x900-2-3,31,1,7.126000,,,,,,,,,,0
timing-1600x900-2-3,32,1,6.960000,,,,,,,,,,0
timing-1600x900-2-3,33,1,7.141000,,,,,,,,,,0
timing-1600x900-2-3,34,1,7.088000,,,,,,,,,,0
timing-1600x900-2-3,35,1,7.145000,,,,,,,,,,0
timing-1600x900-2-3,36,1,7.115000,,,,,,,,,,0
timing-1600x900-2-3,37,1,7.246000,,,,,,,,,,0
timing-1600x900-2-3,38,1,7.396000,,,,,,,,,,0
timing-1600x900-2-3,39,1,7.164000,,,,,,,,,,0
timing-1600x900-2-3,40,1,7.133000,,,,,,,,,,0
timing-1600x900-2-3,41,1,7.058000,,,,,,,,,,0
timing-1600x900-2-3,42,1,7.201000,,,,,,,,,,0
timing-1600x900-2-3,43,1,7.132000,,,,,,,,,,0
timing-1600x900-2-3,44,1,7.038000,,,,,,,,,,0
timing-1600x900-2-3,45,1,7.226000,,,,,,,,,,0
timing-1600x900-2-3,46,1,7.171000,,,,,,,,,,0
timing-1600x900-2-3,47,1,7.307000,,,,,,,,,,0
timing-1600x900-2-3,48,1,7.190000,,,,,,,,,,0
timing-1600x900-2-3,49,1,7.144000,,,,,,,,,,0
timing-1600x900-2-3,50,1,7.212000,,,,,,,,,,0
timing-1600x900-2-3,51,1,7.167000,,,,,,,,,,0
timing-1600x900-2-3,52,1,7.251000,,,,,,,,,,0
timing-1600x900-2-3,53,1,7.247000,,,,,,,,,,0
timing-1600x900-2-3,54,1,7.152000,,,,,,,,,,0
timing-1600x900-2-3,55,1,7.277000,,,,,,,,,,0
timing-1600x900-2-3,56,1,7.261000,,,,,,,,,,0
timing-1600x900-2-3,57,1,7.244000,,,,,,,,,,0
timing-1600x900-2-3,58,1,7.108000,,,,,,,,,,0
timing-1600x900-2-3,59,1,7.264000,,,,,,,,,,0
timing-1600x900-2-3,60,1,7.279000,,,,,,,,,,0
timing-1600x900-2-3,61,1,7.202000,,,,,,,,,,0
timing-1600x900-2-3,62,1,7.253000,,,,,,,,,,0
timing-1600x900-2-3,63,1,7.147000,,,,,,,,,,0
timing-1600x900-2-3,64,1,7.117000,,,,,,,,,,0
timing-1600x900-2-3,65,1,7.083000,,,,,,,,,,0
timing-1600x900-2-3,66,1,7.089000,,,,,,,,,,0
timing-1600x900-2-3,67,1,7.215000,,,,,,,,,,0
timing-1600x900-2-3,68,1,7.301000,,,,,,,,,,0
timing-1600x900-2-3,69,1,7.311000,,,,,,,,,,0
timing-1600x900-2-3,70,1,7.137000,,,,,,,,,,0
timing-1600x900-2-3,71,1,7.216000,,,,,,,,,,0
timing-1600x900-2-3,72,1,7.200000,,,,,,,,,,0
timing-1600x900-2-3,73,1,7.118000,,,,,,,,,,0
timing-1600x900-2-3,74,1,7.629000,,,,,,,,,,0
timing-1600x900-2-3,75,1,7.786000,,,,,,,,,,0
timing-1600x900-2-3,76,1,7.642000,,,,,,,,,,0
timing-1600x900-2-3,77,1,7.634000,,,,,,,,,,0
timing-1600x900-2-3,78,1,7.497000,,,,,,,,,,0
timing-1600x900-2-3,79,1,7.631000,,,,,,,,,,0
timing-1600x900-2-3,80,1,7.526000,,,,,,,,,,0
timing-1600x900-2-3,81,1,7.415000,,,,,,,,,,0
timing-1600x900-2-3,82,1,7.325000,,,,,,,,,,0
timing-1600x900-2-3,83,1,7.498000,,,,,,,,,,0
timing-1600x900-2-3,84,1,7.543000,,,,,,,,,,0
timing-1600x900-2-3,85,1,7.464000,,,,,,,,,,0
timing-1600x900-2-3,86,1,7.243000,,,,,,,,,,0
timing-1600x900-2-3,87,1,7.237000,,,,,,,,,,0
timing-1600x900-2-3,88,1,7.279000,,,,,,,,,,0
timing-1600x900-2-3,89,1,7.198000,,,,,,,,,,0
timing-1600x900-2-3,90,1,7.270000,,,,,,,,,,0
timing-1600x900-2-3,91,1,7.323000,,,,,,,,,,0
timing-1600x900-2-3,92,1,7.184000,,,,,,,,,,0
timing-1600x900-2-3,93,1,7.176000,,,,,,,,,,0
timing-1600x900-2-3,94,1,7.259000,,,,,,,,,,0
timing-1600x900-2-3,95,1,7.323000,,,,,,,,,,0
timing-1600x900-2-3,96,1,7.350000,,,,,,,,,,0
timing-1600x900-2-3,97,1,7.134000,,,,,,,,,,0
timing-1600x900-2-3,98,1,7.161000,,,,,,,,,,0
timing-1600x900-2-3,99,1,7.216000,,,,,,,,,,0
timing-1600x900-2-3,100,1,7.222000,,,,,,,,,,0
timing-1600x900-2-3,101,1,7.206000,,,,,,,,,,0
timing-1600x900-2-3,102,1,7.177000,,,,,,,,,,0
timing-1600x900-2-3,103,1,7.271000,,,,,,,,,,0
timing-1600x900-2-3,104,1,7.104000,,,,,,,,,,0
timing-1600x900-2-3,105,1,7.244000,,,,,,,,,,0
timing-1600x900-2-3,106,1,7.280000,,,,,,,,,,0
timing-1600x900-2-3,107,1,7.204000,,,,,,,,,,0
timing-1600x900-2-3,108,1,7.106000,,,,,,,,,,0
timing-1600x900-2-3,109,1,7.313000,,,,,,,,,,0
timing-1600x900-2-3,110,1,7.252000,,,,,,,,,,0
timing-1600x900-2-3,111,1,7.307000,,,,,,,,,,0
timing-1600x900-2-3,112,1,7.337000,,,,,,,,,,0
timing-1600x900-2-3,113,1,7.264000,,,,,,,,,,0
timing-1600x900-2-3,114,1,7.163000,,,,,,,,,,0
timing-1600x900-2-3,115,1,7.216000,,,,,,,,,,0
timing-1600x900-2-3,116,1,7.217000,,,,,,,,,,0
timing-1600x900-2-3,117,1,7.205000,,,,,,,,,,0
timing-1600x900-2-3,118,1,7.234000,,,,,,,,,,0
timing-1600x900-2-3,119,1,7.275000,,,,,,,,,,0
timing-1600x900-2-3,120,1,7.209000,,,,,,,,,,0
timing-1600x900-2-3,121,1,7.121000,,,,,,,,,,0
timing-1600x900-2-3,122,1,7.086000,,,,,,,,,,0
timing-1600x900-2-3,123,1,7.246000,,,,,,,,,,0
timing-1600x900-2-3,124,1,7.118000,,,,,,,,,,0
timing-1600x900-2-3,125,1,7.398000,,,,,,,,,,0
timing-1600x900-2-3,126,1,7.497000,,,,,,,,,,0
timing-1600x900-2-3,127,1,7.315000,,,,,,,,,,0
timing-1600x900-2-3,128,1,7.277000,,,,,,,,,,0
timing-1600x900-2-3,129,1,7.156000,,,,,,,,,,0
timing-1600x900-2-3,130,1,7.254000,,,,,,,,,,0
timing-1600x900-2-3,131,1,7.467000,,,,,,,,,,0
timing-1600x900-2-3,132,1,7.587000,,,,,,,,,,0
timing-1600x900-2-3,133,1,7.448000,,,,,,,,,,0
timing-1600x900-2-3,134,1,7.247000,,,,,,,,,,0
timing-1600x900-2-3,135,1,7.241000,,,,,,,,,,0
timing-1600x900-2-3,136,1,7.256000,,,,,,,,,,0
timing-1600x900-2-3,137,1,7.281000,,,,,,,,,,0
timing-1600x900-2-3,138,1,7.186000,,,,,,,,,,0
timing-1600x900-2-3,139,1,7.340000,,,,,,,,,,0
timing-1600x900-2-3,140,1,7.249000,,,,,,,,,,0
timing-1600x900-2-3,141,1,7.449000,,,,,,,,,,0
timing-1600x900-2-3,142,1,7.422000,,,,,,,,,,0
timing-1600x900-2-3,143,1,7.351000,,,,,,,,,,0
timing-1600x900-2-3,144,1,7.482000,,,,,,,,,,0
timing-1600x900-2-3,145,1,7.383000,,,,,,,,,,0
timing-1600x900-2-3,146,1,7.379000,,,,,,,,,,0
timing-1600x900-2-3,147,1,7.479000,,,,,,,,,,0
timing-1600x900-2-3,148,1,7.441000,,,,,,,,,,0
timing-1600x900-2-3,149,1,7.373000,,,,,,,,,,0
timing-1600x900-2-3,150,1,7.216000,,,,,,,,,,0
timing-1600x900-2-3,151,1,7.192000,,,,,,,,,,0
timing-1600x900-2-3,152,1,7.204000,,,,,,,,,,0
timing-1600x900-2-3,153,1,7.171000,,,,,,,,,,0
timing-1600x900-2-3,154,1,7.215000,,,,,,,,,,0
timing-1600x900-2-3,155,1,7.392000,,,,,,,,,,0
timing-1600x900-2-3,156,1,7.356000,,,,,,,,,,0
timing-1600x900-2-3,157,1,7.431000,,,,,,,,,,0
timing-1600x900-2-3,158,1,7.303000,,,,,,,,,,0
timing-1600x900-2-3,159,1,7.209000,,,,,,,,,,0
timing-1600x900-2-3,160,1,7.257000,,,,,,,,,,0
timing-1600x900-2-3,161,1,7.238000,,,,,,,,,,0
timing-1600x900-2-3,162,1,7.204000,,,,,,,,,,0
timing-1600x900-2-3,163,1,7.313000,,,,,,,,,,0
timing-1600x900-2-3,164,1,7.389000,,,,,,,,,,0
timing-1600x900-2-3,165,1,7.406000,,,,,,,,,,0
timing-1600x900-2-3,166,1,7.514000,,,,,,,,,,0
timing-1600x900-2-3,167,1,7.539000,,,,,,,,,,0
timing-1600x900-2-3,168,1,7.291000,,,,,,,,,,0
timing-1600x900-2-3,169,1,7.387000,,,,,,,,,,0
timing-1600x900-2-3,170,1,7.448000,,,,,,,,,,0
timing-1600x900-2-3,171,1,7.170000,,,,,,,,,,0
timing-1600x900-2-3,172,1,7.178000,,,,,,,,,,0
timing-1600x900-2-3,173,1,7.364000,,,,,,,,,,0
timing-1600x900-2-3,174,1,7.215000,,,,,,,,,,0
timing-1600x900-2-3,175,1,7.217000,,,,,,,,,,0
timing-1600x900-2-3,176,1,7.327000,,,,,,,,,,0
timing-1600x900-2-3,177,1,7.426000,,,,,,,,,,0
timing-1600x900-2-3,178,1,7.501000,,,,,,,,,,0
timing-1600x900-2-3,179,1,7.416000,,,,,,,,,,0
timing-1600x900-2-3,180,1,7.263000,,,,,,,,,,0
timing-1600x900-2-3,181,1,7.379000,,,,,,,,,,0
timing-1600x900-2-3,182,1,7.403000,,,,,,,,,,0
timing-1600x900-2-3,183,1,7.206000,,,,,,,,,,0
timing-1600x900-2-3,184,1,7.338000,,,,,,,,,,0
timing-1600x900-2-3,185,1,7.163000,,,,,,,,,,0
timing-1600x900-2-3,186,1,7.309000,,,,,,,,,,0
timing-1600x900-2-3,187,1,7.178000,,,,,,,,,,0
timing-1600x900-2-3,188,1,7.278000,,,,,,,,,,0
timing-1600x900-2-3,189,1,7.156000,,,,,,,,,,0
timing-1600x900-2-3,190,1,7.183000,,,,,,,,,,0
timing-1600x900-2-3,191,1,7.237000,,,,,,,,,,0
timing-1600x900-2-3,192,1,7.125000,,,,,,,,,,0
timing-1600x900-2-3,193,1,7.383000,,,,,,,,,,0
timing-1600x900-2-3,194,1,7.283000,,,,,,,,,,0
timing-1600x900-2-3,195,1,7.246000,,,,,,,,,,0
timing-1600x900-2-3,196,1,7.154000,,,,,,,,,,0
timing-1600x900-2-3,197,1,7.249000,,,,,,,,,,0
timing-1600x900-2-3,198,1,7.298000,,,,,,,,,,0
timing-1600x900-2-3,199,1,7.433000,,,,,,,,,,0
timing-1600x900-2-3,200,1,7.568000,,,,,,,,,,0
timing-1600x900-2-3,201,1,7.464000,,,,,,,,,,0
timing-1600x900-2-3,202,1,7.470000,,,,,,,,,,0
timing-1600x900-2-3,203,1,7.466000,,,,,,,,,,0
timing-1600x900-2-3,204,1,7.512000,,,,,,,,,,0
timing-1600x900-2-3,205,1,7.411000,,,,,,,,,,0
timing-1600x900-2-3,206,1,7.391000,,,,,,,,,,0
timing-1600x900-2-3,207,1,7.404000,,,,,,,,,,0
timing-1600x900-2-3,208,1,7.471000,,,,,,,,,,0
timing-1600x900-2-3,209,1,7.386000,,,,,,,,,,0
timing-1600x900-2-3,210,1,7.148000,,,,,,,,,,0
timing-1600x900-2-3,211,1,7.338000,,,,,,,,,,0
timing-1600x900-2-3,212,1,7.258000,,,,,,,,,,0
timing-1600x900-2-3,213,1,7.213000,,,,,,,,,,0
timing-1600x900-2-3,214,1,7.208000,,,,,,,,,,0
timing-1600x900-2-3,215,1,7.308000,,,,,,,,,,0
timing-1600x900-2-3,216,1,7.191000,,,,,,,,,,0
timing-1600x900-2-3,217,1,7.179000,,,,,,,,,,0
timing-1600x900-2-3,218,1,7.275000,,,,,,,,,,0
timing-1600x900-2-3,219,1,7.141000,,,,,,,,,,0
timing-1600x900-2-3,220,1,7.256000,,,,,,,,,,0
timing-1600x900-2-3,221,1,7.345000,,,,,,,,,,0
timing-1600x900-2-3,222,1,7.462000,,,,,,,,,,0
timing-1600x900-2-3,223,1,7.630000,,,,,,,,,,0
timing-1600x900-2-3,224,1,7.280000,,,,,,,,,,0
timing-1600x900-2-3,225,1,7.239000,,,,,,,,,,0
timing-1600x900-2-3,226,1,7.140000,,,,,,,,,,0
timing-1600x900-2-3,227,1,7.177000,,,,,,,,,,0
timing-1600x900-2-3,228,1,7.293000,,,,,,,,,,0
timing-1600x900-2-3,229,1,7.301000,,,,,,,,,,0
timing-1600x900-2-3,230,1,7.456000,,,,,,,,,,0
timing-1600x900-2-3,231,1,7.397000,,,,,,,,,,0
timing-1600x900-2-3,232,1,7.128000,,,,,,,,,,0
timing-1600x900-2-3,233,1,7.251000,,,,,,,,,,0
timing-1600x900-2-3,234,1,7.309000,,,,,,,,,,0
timing-1600x900-2-3,235,1,7.191000,,,,,,,,,,0
timing-1600x900-2-3,236,1,7.209000,,,,,,,,,,0
timing-1600x900-2-3,237,1,7.213000,,,,,,,,,,0
timing-1600x900-2-3,238,1,7.348000,,,,,,,,,,0
timing-1600x900-2-3,239,1,7.282000,,,,,,,,,,0
timing-1600x900-2-3,240,1,7.586000,,,,,,,,,,0
timing-1600x900-2-3,241,1,7.384000,,,,,,,,,,0
timing-1600x900-2-3,242,1,7.431000,,,,,,,,,,0
timing-1600x900-2-3,243,1,7.373000,,,,,,,,,,0
timing-1600x900-2-3,244,1,7.415000,,,,,,,,,,0
timing-1600x900-2-3,245,1,7.171000,,,,,,,,,,0
timing-1600x900-2-3,246,1,7.252000,,,,,,,,,,0
timing-1600x900-2-3,247,1,7.177000,,,,,,,,,,0
timing-1600x900-2-3,248,1,7.142000,,,,,,,,,,0
timing-1600x900-2-3,249,1,7.269000,,,,,,,,,,0
timing-1600x900-2-3,250,1,7.410000,,,,,,,,,,0
timing-1600x900-2-3,251,1,7.476000,,,,,,,,,,0
timing-1600x900-2-3,252,1,7.423000,,,,,,,,,,0
timing-1600x900-2-3,253,1,7.329000,,,,,,,,,,0
timing-1600x900-2-3,254,1,7.527000,,,,,,,,,,0
timing-1600x900-2-3,255,1,7.218000,,,,,,,,,,0
timing-1600x900-2-3,256,1,7.255000,,,,,,,,,,0
timing-1600x900-2-3,257,1,7.249000,,,,,,,,,,0
timing-1600x900-2-3,258,1,7.177000,,,,,,,,,,0
timing-1600x900-2-3,259,1,7.201000,,,,,,,,,,0
timing-1600x900-2-3,260,1,7.285000,,,,,,,,,,0
timing-1600x900-2-3,261,1,7.250000,,,,,,,,,,0
timing-1600x900-2-3,262,1,7.407000,,,,,,,,,,0
timing-1600x900-2-3,263,1,7.418000,,,,,,,,,,0
timing-1600x900-2-3,264,1,7.437000,,,,,,,,,,0
timing-1600x900-2-3,265,1,7.330000,,,,,,,,,,0
timing-1600x900-2-3,266,1,7.454000,,,,,,,,,,0
timing-1600x900-2-3,267,1,7.204000,,,,,,,,,,0
timing-1600x900-2-3,268,1,7.480000,,,,,,,,,,0
timing-1600x900-2-3,269,1,7.432000,,,,,,,,,,0
timing-1600x900-2-3,270,1,7.514000,,,,,,,,,,0
timing-1600x900-2-3,271,1,7.456000,,,,,,,,,,0
timing-1600x900-2-3,272,1,7.536000,,,,,,,,,,0
timing-1600x900-2-3,273,1,7.469000,,,,,,,,,,0
timing-1600x900-2-3,274,1,7.369000,,,,,,,,,,0
timing-1600x900-2-3,275,1,7.228000,,,,,,,,,,0
timing-1600x900-2-3,276,1,7.326000,,,,,,,,,,0
timing-1600x900-2-3,277,1,7.070000,,,,,,,,,,0
timing-1600x900-2-3,278,1,7.426000,,,,,,,,,,0
timing-1600x900-2-3,279,1,7.435000,,,,,,,,,,0
timing-1600x900-2-3,280,1,7.433000,,,,,,,,,,0
timing-1600x900-2-3,281,1,7.577000,,,,,,,,,,0
timing-1600x900-2-3,282,1,7.397000,,,,,,,,,,0
timing-1600x900-2-3,283,1,7.501000,,,,,,,,,,0
timing-1600x900-2-3,284,1,7.429000,,,,,,,,,,0
timing-1600x900-2-3,285,1,7.397000,,,,,,,,,,0
timing-1600x900-2-3,286,1,7.378000,,,,,,,,,,0
timing-1600x900-2-3,287,1,7.437000,,,,,,,,,,0
timing-1600x900-2-3,288,1,7.472000,,,,,,,,,,0
timing-1600x900-2-3,289,1,7.396000,,,,,,,,,,0
timing-1600x900-2-3,290,1,7.494000,,,,,,,,,,0
timing-1600x900-2-3,291,1,7.337000,,,,,,,,,,0
timing-1600x900-2-3,292,1,7.399000,,,,,,,,,,0
timing-1600x900-2-3,293,1,7.468000,,,,,,,,,,0
timing-1600x900-2-3,294,1,7.465000,,,,,,,,,,0
timing-1600x900-2-3,295,1,7.415000,,,,,,,,,,0
timing-1600x900-2-3,296,1,7.444000,,,,,,,,,,0
timing-1600x900-2-3,297,1,7.479000,,,,,,,,,,0
timing-1600x900-2-3,298,1,7.452000,,,,,,,,,,0
timing-1600x900-2-3,299,1,7.271000,,,,,,,,,,0
timing-1600x900-2-3,300,1,7.197000,,,,,,,,,,0
timing-1600x900-2-3,301,1,7.152000,,,,,,,,,,0
timing-1600x900-2-3,302,1,7.192000,,,,,,,,,,0
timing-1600x900-2-3,303,1,7.214000,,,,,,,,,,0
timing-1600x900-2-3,304,1,7.345000,,,,,,,,,,0
timing-1600x900-2-3,305,1,7.347000,,,,,,,,,,0
timing-1600x900-2-3,306,1,7.416000,,,,,,,,,,0
timing-1600x900-2-3,307,1,7.545000,,,,,,,,,,0
timing-1600x900-2-3,308,1,7.388000,,,,,,,,,,0
timing-1600x900-2-3,309,1,7.432000,,,,,,,,,,0
timing-1600x900-2-3,310,1,7.398000,,,,,,,,,,0
timing-1600x900-2-3,311,1,7.549000,,,,,,,,,,0
timing-1600x900-2-3,312,1,7.457000,,,,,,,,,,0
timing-1600x900-2-3,313,1,7.460000,,,,,,,,,,0
timing-1600x900-2-3,314,1,7.400000,,,,,,,,,,0
timing-1600x900-2-3,315,1,7.371000,,,,,,,,,,0
timing-1600x900-2-3,316,1,7.487000,,,,,,,,,,0
timing-1600x900-2-3,317,1,7.531000,,,,,,,,,,0
timing-1600x900-2-3,318,1,7.488000,,,,,,,,,,0
timing-1600x900-2-3,319,1,7.446000,0,0,0.999511719,0.361087472,0.40807074,452,120,0,0,1
timing-1600x900-3-0,0,1,1196.232000,0,0,0.999511719,0.361087472,0.40807074,452,120,0,0,1
timing-1600x900-3-0,1,1,13.596000,,,,,,,,,,0
timing-1600x900-3-0,2,1,8.720000,,,,,,,,,,0
timing-1600x900-3-0,3,1,8.552000,,,,,,,,,,0
timing-1600x900-3-0,4,1,8.515000,,,,,,,,,,0
timing-1600x900-3-0,5,1,8.334000,,,,,,,,,,0
timing-1600x900-3-0,6,1,8.497000,,,,,,,,,,0
timing-1600x900-3-0,7,1,8.188000,,,,,,,,,,0
timing-1600x900-3-0,8,1,7.760000,,,,,,,,,,0
timing-1600x900-3-0,9,1,8.133000,,,,,,,,,,0
timing-1600x900-3-0,10,1,7.701000,,,,,,,,,,0
timing-1600x900-3-0,11,1,7.776000,,,,,,,,,,0
timing-1600x900-3-0,12,1,7.817000,,,,,,,,,,0
timing-1600x900-3-0,13,1,7.916000,,,,,,,,,,0
timing-1600x900-3-0,14,1,7.556000,,,,,,,,,,0
timing-1600x900-3-0,15,1,7.677000,,,,,,,,,,0
timing-1600x900-3-0,16,1,7.040000,,,,,,,,,,0
timing-1600x900-3-0,17,1,7.011000,,,,,,,,,,0
timing-1600x900-3-0,18,1,7.094000,,,,,,,,,,0
timing-1600x900-3-0,19,1,7.211000,,,,,,,,,,0
timing-1600x900-3-0,20,1,7.033000,,,,,,,,,,0
timing-1600x900-3-0,21,1,7.059000,,,,,,,,,,0
timing-1600x900-3-0,22,1,7.138000,,,,,,,,,,0
timing-1600x900-3-0,23,1,7.213000,,,,,,,,,,0
timing-1600x900-3-0,24,1,7.517000,,,,,,,,,,0
timing-1600x900-3-0,25,1,7.155000,,,,,,,,,,0
timing-1600x900-3-0,26,1,7.159000,,,,,,,,,,0
timing-1600x900-3-0,27,1,7.185000,,,,,,,,,,0
timing-1600x900-3-0,28,1,7.122000,,,,,,,,,,0
timing-1600x900-3-0,29,1,7.128000,,,,,,,,,,0
timing-1600x900-3-0,30,1,7.059000,,,,,,,,,,0
timing-1600x900-3-0,31,1,7.099000,,,,,,,,,,0
timing-1600x900-3-0,32,1,7.007000,,,,,,,,,,0
timing-1600x900-3-0,33,1,7.106000,,,,,,,,,,0
timing-1600x900-3-0,34,1,7.034000,,,,,,,,,,0
timing-1600x900-3-0,35,1,7.175000,,,,,,,,,,0
timing-1600x900-3-0,36,1,7.134000,,,,,,,,,,0
timing-1600x900-3-0,37,1,7.193000,,,,,,,,,,0
timing-1600x900-3-0,38,1,7.259000,,,,,,,,,,0
timing-1600x900-3-0,39,1,7.356000,,,,,,,,,,0
timing-1600x900-3-0,40,1,7.168000,,,,,,,,,,0
timing-1600x900-3-0,41,1,7.133000,,,,,,,,,,0
timing-1600x900-3-0,42,1,7.160000,,,,,,,,,,0
timing-1600x900-3-0,43,1,7.155000,,,,,,,,,,0
timing-1600x900-3-0,44,1,7.066000,,,,,,,,,,0
timing-1600x900-3-0,45,1,7.079000,,,,,,,,,,0
timing-1600x900-3-0,46,1,7.214000,,,,,,,,,,0
timing-1600x900-3-0,47,1,7.241000,,,,,,,,,,0
timing-1600x900-3-0,48,1,7.253000,,,,,,,,,,0
timing-1600x900-3-0,49,1,7.102000,,,,,,,,,,0
timing-1600x900-3-0,50,1,7.275000,,,,,,,,,,0
timing-1600x900-3-0,51,1,7.199000,,,,,,,,,,0
timing-1600x900-3-0,52,1,7.076000,,,,,,,,,,0
timing-1600x900-3-0,53,1,7.195000,,,,,,,,,,0
timing-1600x900-3-0,54,1,7.263000,,,,,,,,,,0
timing-1600x900-3-0,55,1,7.180000,,,,,,,,,,0
timing-1600x900-3-0,56,1,7.161000,,,,,,,,,,0
timing-1600x900-3-0,57,1,7.168000,,,,,,,,,,0
timing-1600x900-3-0,58,1,7.132000,,,,,,,,,,0
timing-1600x900-3-0,59,1,7.221000,,,,,,,,,,0
timing-1600x900-3-0,60,1,7.365000,,,,,,,,,,0
timing-1600x900-3-0,61,1,7.193000,,,,,,,,,,0
timing-1600x900-3-0,62,1,7.173000,,,,,,,,,,0
timing-1600x900-3-0,63,1,7.257000,,,,,,,,,,0
timing-1600x900-3-0,64,1,7.101000,,,,,,,,,,0
timing-1600x900-3-0,65,1,7.189000,,,,,,,,,,0
timing-1600x900-3-0,66,1,7.096000,,,,,,,,,,0
timing-1600x900-3-0,67,1,7.149000,,,,,,,,,,0
timing-1600x900-3-0,68,1,7.193000,,,,,,,,,,0
timing-1600x900-3-0,69,1,7.225000,,,,,,,,,,0
timing-1600x900-3-0,70,1,7.225000,,,,,,,,,,0
timing-1600x900-3-0,71,1,7.171000,,,,,,,,,,0
timing-1600x900-3-0,72,1,7.208000,,,,,,,,,,0
timing-1600x900-3-0,73,1,7.130000,,,,,,,,,,0
timing-1600x900-3-0,74,1,7.153000,,,,,,,,,,0
timing-1600x900-3-0,75,1,7.278000,,,,,,,,,,0
timing-1600x900-3-0,76,1,7.226000,,,,,,,,,,0
timing-1600x900-3-0,77,1,7.148000,,,,,,,,,,0
timing-1600x900-3-0,78,1,7.348000,,,,,,,,,,0
timing-1600x900-3-0,79,1,7.297000,,,,,,,,,,0
timing-1600x900-3-0,80,1,7.599000,,,,,,,,,,0
timing-1600x900-3-0,81,1,7.709000,,,,,,,,,,0
timing-1600x900-3-0,82,1,7.448000,,,,,,,,,,0
timing-1600x900-3-0,83,1,7.254000,,,,,,,,,,0
timing-1600x900-3-0,84,1,7.307000,,,,,,,,,,0
timing-1600x900-3-0,85,1,7.150000,,,,,,,,,,0
timing-1600x900-3-0,86,1,7.148000,,,,,,,,,,0
timing-1600x900-3-0,87,1,7.242000,,,,,,,,,,0
timing-1600x900-3-0,88,1,7.095000,,,,,,,,,,0
timing-1600x900-3-0,89,1,7.151000,,,,,,,,,,0
timing-1600x900-3-0,90,1,7.166000,,,,,,,,,,0
timing-1600x900-3-0,91,1,7.194000,,,,,,,,,,0
timing-1600x900-3-0,92,1,7.202000,,,,,,,,,,0
timing-1600x900-3-0,93,1,7.240000,,,,,,,,,,0
timing-1600x900-3-0,94,1,7.194000,,,,,,,,,,0
timing-1600x900-3-0,95,1,7.116000,,,,,,,,,,0
timing-1600x900-3-0,96,1,7.127000,,,,,,,,,,0
timing-1600x900-3-0,97,1,7.149000,,,,,,,,,,0
timing-1600x900-3-0,98,1,7.125000,,,,,,,,,,0
timing-1600x900-3-0,99,1,7.155000,,,,,,,,,,0
timing-1600x900-3-0,100,1,7.156000,,,,,,,,,,0
timing-1600x900-3-0,101,1,7.174000,,,,,,,,,,0
timing-1600x900-3-0,102,1,7.307000,,,,,,,,,,0
timing-1600x900-3-0,103,1,7.249000,,,,,,,,,,0
timing-1600x900-3-0,104,1,7.321000,,,,,,,,,,0
timing-1600x900-3-0,105,1,7.260000,,,,,,,,,,0
timing-1600x900-3-0,106,1,7.330000,,,,,,,,,,0
timing-1600x900-3-0,107,1,7.200000,,,,,,,,,,0
timing-1600x900-3-0,108,1,7.164000,,,,,,,,,,0
timing-1600x900-3-0,109,1,7.168000,,,,,,,,,,0
timing-1600x900-3-0,110,1,7.128000,,,,,,,,,,0
timing-1600x900-3-0,111,1,7.219000,,,,,,,,,,0
timing-1600x900-3-0,112,1,7.132000,,,,,,,,,,0
timing-1600x900-3-0,113,1,7.249000,,,,,,,,,,0
timing-1600x900-3-0,114,1,7.159000,,,,,,,,,,0
timing-1600x900-3-0,115,1,7.191000,,,,,,,,,,0
timing-1600x900-3-0,116,1,7.138000,,,,,,,,,,0
timing-1600x900-3-0,117,1,7.325000,,,,,,,,,,0
timing-1600x900-3-0,118,1,7.143000,,,,,,,,,,0
timing-1600x900-3-0,119,1,7.172000,,,,,,,,,,0
timing-1600x900-3-0,120,1,7.093000,,,,,,,,,,0
timing-1600x900-3-0,121,1,7.187000,,,,,,,,,,0
timing-1600x900-3-0,122,1,7.136000,,,,,,,,,,0
timing-1600x900-3-0,123,1,7.165000,,,,,,,,,,0
timing-1600x900-3-0,124,1,7.131000,,,,,,,,,,0
timing-1600x900-3-0,125,1,7.249000,,,,,,,,,,0
timing-1600x900-3-0,126,1,7.259000,,,,,,,,,,0
timing-1600x900-3-0,127,1,7.204000,,,,,,,,,,0
timing-1600x900-3-0,128,1,7.355000,,,,,,,,,,0
timing-1600x900-3-0,129,1,7.152000,,,,,,,,,,0
timing-1600x900-3-0,130,1,7.354000,,,,,,,,,,0
timing-1600x900-3-0,131,1,7.534000,,,,,,,,,,0
timing-1600x900-3-0,132,1,7.438000,,,,,,,,,,0
timing-1600x900-3-0,133,1,7.401000,,,,,,,,,,0
timing-1600x900-3-0,134,1,7.477000,,,,,,,,,,0
timing-1600x900-3-0,135,1,7.218000,,,,,,,,,,0
timing-1600x900-3-0,136,1,7.425000,,,,,,,,,,0
timing-1600x900-3-0,137,1,7.193000,,,,,,,,,,0
timing-1600x900-3-0,138,1,7.198000,,,,,,,,,,0
timing-1600x900-3-0,139,1,7.194000,,,,,,,,,,0
timing-1600x900-3-0,140,1,7.264000,,,,,,,,,,0
timing-1600x900-3-0,141,1,7.265000,,,,,,,,,,0
timing-1600x900-3-0,142,1,7.474000,,,,,,,,,,0
timing-1600x900-3-0,143,1,7.486000,,,,,,,,,,0
timing-1600x900-3-0,144,1,7.515000,,,,,,,,,,0
timing-1600x900-3-0,145,1,7.287000,,,,,,,,,,0
timing-1600x900-3-0,146,1,7.181000,,,,,,,,,,0
timing-1600x900-3-0,147,1,7.187000,,,,,,,,,,0
timing-1600x900-3-0,148,1,7.221000,,,,,,,,,,0
timing-1600x900-3-0,149,1,7.293000,,,,,,,,,,0
timing-1600x900-3-0,150,1,7.262000,,,,,,,,,,0
timing-1600x900-3-0,151,1,7.318000,,,,,,,,,,0
timing-1600x900-3-0,152,1,7.247000,,,,,,,,,,0
timing-1600x900-3-0,153,1,7.435000,,,,,,,,,,0
timing-1600x900-3-0,154,1,7.405000,,,,,,,,,,0
timing-1600x900-3-0,155,1,7.423000,,,,,,,,,,0
timing-1600x900-3-0,156,1,7.318000,,,,,,,,,,0
timing-1600x900-3-0,157,1,7.159000,,,,,,,,,,0
timing-1600x900-3-0,158,1,7.218000,,,,,,,,,,0
timing-1600x900-3-0,159,1,7.179000,,,,,,,,,,0
timing-1600x900-3-0,160,1,7.221000,,,,,,,,,,0
timing-1600x900-3-0,161,1,7.421000,,,,,,,,,,0
timing-1600x900-3-0,162,1,7.513000,,,,,,,,,,0
timing-1600x900-3-0,163,1,7.581000,,,,,,,,,,0
timing-1600x900-3-0,164,1,7.240000,,,,,,,,,,0
timing-1600x900-3-0,165,1,7.144000,,,,,,,,,,0
timing-1600x900-3-0,166,1,7.140000,,,,,,,,,,0
timing-1600x900-3-0,167,1,7.220000,,,,,,,,,,0
timing-1600x900-3-0,168,1,7.180000,,,,,,,,,,0
timing-1600x900-3-0,169,1,7.318000,,,,,,,,,,0
timing-1600x900-3-0,170,1,7.375000,,,,,,,,,,0
timing-1600x900-3-0,171,1,7.340000,,,,,,,,,,0
timing-1600x900-3-0,172,1,7.558000,,,,,,,,,,0
timing-1600x900-3-0,173,1,7.282000,,,,,,,,,,0
timing-1600x900-3-0,174,1,7.187000,,,,,,,,,,0
timing-1600x900-3-0,175,1,7.174000,,,,,,,,,,0
timing-1600x900-3-0,176,1,7.266000,,,,,,,,,,0
timing-1600x900-3-0,177,1,7.264000,,,,,,,,,,0
timing-1600x900-3-0,178,1,7.188000,,,,,,,,,,0
timing-1600x900-3-0,179,1,7.365000,,,,,,,,,,0
timing-1600x900-3-0,180,1,7.470000,,,,,,,,,,0
timing-1600x900-3-0,181,1,7.351000,,,,,,,,,,0
timing-1600x900-3-0,182,1,7.587000,,,,,,,,,,0
timing-1600x900-3-0,183,1,7.451000,,,,,,,,,,0
timing-1600x900-3-0,184,1,7.525000,,,,,,,,,,0
timing-1600x900-3-0,185,1,7.441000,,,,,,,,,,0
timing-1600x900-3-0,186,1,7.403000,,,,,,,,,,0
timing-1600x900-3-0,187,1,7.460000,,,,,,,,,,0
timing-1600x900-3-0,188,1,7.390000,,,,,,,,,,0
timing-1600x900-3-0,189,1,7.492000,,,,,,,,,,0
timing-1600x900-3-0,190,1,7.350000,,,,,,,,,,0
timing-1600x900-3-0,191,1,7.373000,,,,,,,,,,0
timing-1600x900-3-0,192,1,7.372000,,,,,,,,,,0
timing-1600x900-3-0,193,1,7.191000,,,,,,,,,,0
timing-1600x900-3-0,194,1,7.419000,,,,,,,,,,0
timing-1600x900-3-0,195,1,7.474000,,,,,,,,,,0
timing-1600x900-3-0,196,1,7.476000,,,,,,,,,,0
timing-1600x900-3-0,197,1,7.423000,,,,,,,,,,0
timing-1600x900-3-0,198,1,7.418000,,,,,,,,,,0
timing-1600x900-3-0,199,1,7.285000,,,,,,,,,,0
timing-1600x900-3-0,200,1,7.318000,,,,,,,,,,0
timing-1600x900-3-0,201,1,7.562000,,,,,,,,,,0
timing-1600x900-3-0,202,1,7.286000,,,,,,,,,,0
timing-1600x900-3-0,203,1,7.310000,,,,,,,,,,0
timing-1600x900-3-0,204,1,7.188000,,,,,,,,,,0
timing-1600x900-3-0,205,1,7.341000,,,,,,,,,,0
timing-1600x900-3-0,206,1,7.214000,,,,,,,,,,0
timing-1600x900-3-0,207,1,7.302000,,,,,,,,,,0
timing-1600x900-3-0,208,1,7.146000,,,,,,,,,,0
timing-1600x900-3-0,209,1,7.192000,,,,,,,,,,0
timing-1600x900-3-0,210,1,7.297000,,,,,,,,,,0
timing-1600x900-3-0,211,1,7.254000,,,,,,,,,,0
timing-1600x900-3-0,212,1,7.467000,,,,,,,,,,0
timing-1600x900-3-0,213,1,7.241000,,,,,,,,,,0
timing-1600x900-3-0,214,1,7.212000,,,,,,,,,,0
timing-1600x900-3-0,215,1,7.240000,,,,,,,,,,0
timing-1600x900-3-0,216,1,7.207000,,,,,,,,,,0
timing-1600x900-3-0,217,1,7.163000,,,,,,,,,,0
timing-1600x900-3-0,218,1,7.367000,,,,,,,,,,0
timing-1600x900-3-0,219,1,7.228000,,,,,,,,,,0
timing-1600x900-3-0,220,1,7.122000,,,,,,,,,,0
timing-1600x900-3-0,221,1,7.170000,,,,,,,,,,0
timing-1600x900-3-0,222,1,7.314000,,,,,,,,,,0
timing-1600x900-3-0,223,1,7.212000,,,,,,,,,,0
timing-1600x900-3-0,224,1,7.255000,,,,,,,,,,0
timing-1600x900-3-0,225,1,7.403000,,,,,,,,,,0
timing-1600x900-3-0,226,1,7.637000,,,,,,,,,,0
timing-1600x900-3-0,227,1,7.589000,,,,,,,,,,0
timing-1600x900-3-0,228,1,7.592000,,,,,,,,,,0
timing-1600x900-3-0,229,1,7.158000,,,,,,,,,,0
timing-1600x900-3-0,230,1,7.232000,,,,,,,,,,0
timing-1600x900-3-0,231,1,7.195000,,,,,,,,,,0
timing-1600x900-3-0,232,1,7.159000,,,,,,,,,,0
timing-1600x900-3-0,233,1,7.197000,,,,,,,,,,0
timing-1600x900-3-0,234,1,7.127000,,,,,,,,,,0
timing-1600x900-3-0,235,1,7.254000,,,,,,,,,,0
timing-1600x900-3-0,236,1,7.281000,,,,,,,,,,0
timing-1600x900-3-0,237,1,7.447000,,,,,,,,,,0
timing-1600x900-3-0,238,1,7.398000,,,,,,,,,,0
timing-1600x900-3-0,239,1,7.551000,,,,,,,,,,0
timing-1600x900-3-0,240,1,7.410000,,,,,,,,,,0
timing-1600x900-3-0,241,1,7.399000,,,,,,,,,,0
timing-1600x900-3-0,242,1,7.384000,,,,,,,,,,0
timing-1600x900-3-0,243,1,7.286000,,,,,,,,,,0
timing-1600x900-3-0,244,1,7.567000,,,,,,,,,,0
timing-1600x900-3-0,245,1,7.449000,,,,,,,,,,0
timing-1600x900-3-0,246,1,7.348000,,,,,,,,,,0
timing-1600x900-3-0,247,1,7.414000,,,,,,,,,,0
timing-1600x900-3-0,248,1,7.496000,,,,,,,,,,0
timing-1600x900-3-0,249,1,7.416000,,,,,,,,,,0
timing-1600x900-3-0,250,1,7.543000,,,,,,,,,,0
timing-1600x900-3-0,251,1,7.185000,,,,,,,,,,0
timing-1600x900-3-0,252,1,7.204000,,,,,,,,,,0
timing-1600x900-3-0,253,1,7.287000,,,,,,,,,,0
timing-1600x900-3-0,254,1,7.140000,,,,,,,,,,0
timing-1600x900-3-0,255,1,7.151000,,,,,,,,,,0
timing-1600x900-3-0,256,1,7.295000,,,,,,,,,,0
timing-1600x900-3-0,257,1,7.680000,,,,,,,,,,0
timing-1600x900-3-0,258,1,7.458000,,,,,,,,,,0
timing-1600x900-3-0,259,1,7.457000,,,,,,,,,,0
timing-1600x900-3-0,260,1,7.196000,,,,,,,,,,0
timing-1600x900-3-0,261,1,7.241000,,,,,,,,,,0
timing-1600x900-3-0,262,1,7.221000,,,,,,,,,,0
timing-1600x900-3-0,263,1,7.287000,,,,,,,,,,0
timing-1600x900-3-0,264,1,7.180000,,,,,,,,,,0
timing-1600x900-3-0,265,1,7.195000,,,,,,,,,,0
timing-1600x900-3-0,266,1,7.316000,,,,,,,,,,0
timing-1600x900-3-0,267,1,7.410000,,,,,,,,,,0
timing-1600x900-3-0,268,1,7.367000,,,,,,,,,,0
timing-1600x900-3-0,269,1,7.326000,,,,,,,,,,0
timing-1600x900-3-0,270,1,7.387000,,,,,,,,,,0
timing-1600x900-3-0,271,1,7.492000,,,,,,,,,,0
timing-1600x900-3-0,272,1,7.413000,,,,,,,,,,0
timing-1600x900-3-0,273,1,7.490000,,,,,,,,,,0
timing-1600x900-3-0,274,1,7.492000,,,,,,,,,,0
timing-1600x900-3-0,275,1,7.439000,,,,,,,,,,0
timing-1600x900-3-0,276,1,7.132000,,,,,,,,,,0
timing-1600x900-3-0,277,1,7.186000,,,,,,,,,,0
timing-1600x900-3-0,278,1,7.266000,,,,,,,,,,0
timing-1600x900-3-0,279,1,7.170000,,,,,,,,,,0
timing-1600x900-3-0,280,1,7.221000,,,,,,,,,,0
timing-1600x900-3-0,281,1,7.175000,,,,,,,,,,0
timing-1600x900-3-0,282,1,7.158000,,,,,,,,,,0
timing-1600x900-3-0,283,1,7.170000,,,,,,,,,,0
timing-1600x900-3-0,284,1,7.250000,,,,,,,,,,0
timing-1600x900-3-0,285,1,7.352000,,,,,,,,,,0
timing-1600x900-3-0,286,1,7.304000,,,,,,,,,,0
timing-1600x900-3-0,287,1,7.324000,,,,,,,,,,0
timing-1600x900-3-0,288,1,7.375000,,,,,,,,,,0
timing-1600x900-3-0,289,1,7.289000,,,,,,,,,,0
timing-1600x900-3-0,290,1,7.107000,,,,,,,,,,0
timing-1600x900-3-0,291,1,7.191000,,,,,,,,,,0
timing-1600x900-3-0,292,1,7.148000,,,,,,,,,,0
timing-1600x900-3-0,293,1,7.251000,,,,,,,,,,0
timing-1600x900-3-0,294,1,7.278000,,,,,,,,,,0
timing-1600x900-3-0,295,1,7.422000,,,,,,,,,,0
timing-1600x900-3-0,296,1,7.567000,,,,,,,,,,0
timing-1600x900-3-0,297,1,7.482000,,,,,,,,,,0
timing-1600x900-3-0,298,1,7.465000,,,,,,,,,,0
timing-1600x900-3-0,299,1,7.327000,,,,,,,,,,0
timing-1600x900-3-0,300,1,7.402000,,,,,,,,,,0
timing-1600x900-3-0,301,1,7.324000,,,,,,,,,,0
timing-1600x900-3-0,302,1,7.488000,,,,,,,,,,0
timing-1600x900-3-0,303,1,7.506000,,,,,,,,,,0
timing-1600x900-3-0,304,1,7.625000,,,,,,,,,,0
timing-1600x900-3-0,305,1,7.507000,,,,,,,,,,0
timing-1600x900-3-0,306,1,7.602000,,,,,,,,,,0
timing-1600x900-3-0,307,1,7.478000,,,,,,,,,,0
timing-1600x900-3-0,308,1,7.174000,,,,,,,,,,0
timing-1600x900-3-0,309,1,7.554000,,,,,,,,,,0
timing-1600x900-3-0,310,1,7.548000,,,,,,,,,,0
timing-1600x900-3-0,311,1,7.326000,,,,,,,,,,0
timing-1600x900-3-0,312,1,7.311000,,,,,,,,,,0
timing-1600x900-3-0,313,1,7.656000,,,,,,,,,,0
timing-1600x900-3-0,314,1,7.164000,,,,,,,,,,0
timing-1600x900-3-0,315,1,7.331000,,,,,,,,,,0
timing-1600x900-3-0,316,1,7.357000,,,,,,,,,,0
timing-1600x900-3-0,317,1,7.487000,,,,,,,,,,0
timing-1600x900-3-0,318,1,7.438000,,,,,,,,,,0
timing-1600x900-3-0,319,1,7.468000,0,0,0.999511719,0.361087472,0.40807074,452,120,0,0,1
timing-1600x900-3-1,0,1,1178.814000,0,0,0.999511719,0.361087472,0.40807074,452,120,0,0,1
timing-1600x900-3-1,1,1,14.392000,,,,,,,,,,0
timing-1600x900-3-1,2,1,8.344000,,,,,,,,,,0
timing-1600x900-3-1,3,1,8.209000,,,,,,,,,,0
timing-1600x900-3-1,4,1,7.682000,,,,,,,,,,0
timing-1600x900-3-1,5,1,7.633000,,,,,,,,,,0
timing-1600x900-3-1,6,1,7.566000,,,,,,,,,,0
timing-1600x900-3-1,7,1,7.705000,,,,,,,,,,0
timing-1600x900-3-1,8,1,7.561000,,,,,,,,,,0
timing-1600x900-3-1,9,1,7.751000,,,,,,,,,,0
timing-1600x900-3-1,10,1,7.520000,,,,,,,,,,0
timing-1600x900-3-1,11,1,7.636000,,,,,,,,,,0
timing-1600x900-3-1,12,1,7.510000,,,,,,,,,,0
timing-1600x900-3-1,13,1,7.679000,,,,,,,,,,0
timing-1600x900-3-1,14,1,7.505000,,,,,,,,,,0
timing-1600x900-3-1,15,1,7.645000,,,,,,,,,,0
timing-1600x900-3-1,16,1,7.093000,,,,,,,,,,0
timing-1600x900-3-1,17,1,7.106000,,,,,,,,,,0
timing-1600x900-3-1,18,1,7.097000,,,,,,,,,,0
timing-1600x900-3-1,19,1,7.114000,,,,,,,,,,0
timing-1600x900-3-1,20,1,7.042000,,,,,,,,,,0
timing-1600x900-3-1,21,1,6.962000,,,,,,,,,,0
timing-1600x900-3-1,22,1,6.982000,,,,,,,,,,0
timing-1600x900-3-1,23,1,7.110000,,,,,,,,,,0
timing-1600x900-3-1,24,1,6.985000,,,,,,,,,,0
timing-1600x900-3-1,25,1,6.946000,,,,,,,,,,0
timing-1600x900-3-1,26,1,7.073000,,,,,,,,,,0
timing-1600x900-3-1,27,1,6.989000,,,,,,,,,,0
timing-1600x900-3-1,28,1,7.003000,,,,,,,,,,0
timing-1600x900-3-1,29,1,7.013000,,,,,,,,,,0
timing-1600x900-3-1,30,1,7.414000,,,,,,,,,,0
timing-1600x900-3-1,31,1,7.104000,,,,,,,,,,0
timing-1600x900-3-1,32,1,7.093000,,,,,,,,,,0
timing-1600x900-3-1,33,1,7.129000,,,,,,,,,,0
timing-1600x900-3-1,34,1,7.091000,,,,,,,,,,0
timing-1600x900-3-1,35,1,7.169000,,,,,,,,,,0
timing-1600x900-3-1,36,1,7.057000,,,,,,,,,,0
timing-1600x900-3-1,37,1,7.217000,,,,,,,,,,0
timing-1600x900-3-1,38,1,7.274000,,,,,,,,,,0
timing-1600x900-3-1,39,1,7.186000,,,,,,,,,,0
timing-1600x900-3-1,40,1,7.249000,,,,,,,,,,0
timing-1600x900-3-1,41,1,7.082000,,,,,,,,,,0
timing-1600x900-3-1,42,1,7.129000,,,,,,,,,,0
timing-1600x900-3-1,43,1,7.164000,,,,,,,,,,0
timing-1600x900-3-1,44,1,7.265000,,,,,,,,,,0
timing-1600x900-3-1,45,1,7.118000,,,,,,,,,,0
timing-1600x900-3-1,46,1,7.170000,,,,,,,,,,0
timing-1600x900-3-1,47,1,7.117000,,,,,,,,,,0
timing-1600x900-3-1,48,1,7.097000,,,,,,,,,,0
timing-1600x900-3-1,49,1,7.091000,,,,,,,,,,0
timing-1600x900-3-1,50,1,7.240000,,,,,,,,,,0
timing-1600x900-3-1,51,1,7.141000,,,,,,,,,,0
timing-1600x900-3-1,52,1,7.255000,,,,,,,,,,0
timing-1600x900-3-1,53,1,7.211000,,,,,,,,,,0
timing-1600x900-3-1,54,1,7.331000,,,,,,,,,,0
timing-1600x900-3-1,55,1,7.285000,,,,,,,,,,0
timing-1600x900-3-1,56,1,7.219000,,,,,,,,,,0
timing-1600x900-3-1,57,1,7.133000,,,,,,,,,,0
timing-1600x900-3-1,58,1,7.265000,,,,,,,,,,0
timing-1600x900-3-1,59,1,7.215000,,,,,,,,,,0
timing-1600x900-3-1,60,1,7.193000,,,,,,,,,,0
timing-1600x900-3-1,61,1,7.161000,,,,,,,,,,0
timing-1600x900-3-1,62,1,7.232000,,,,,,,,,,0
timing-1600x900-3-1,63,1,7.184000,,,,,,,,,,0
timing-1600x900-3-1,64,1,7.130000,,,,,,,,,,0
timing-1600x900-3-1,65,1,7.244000,,,,,,,,,,0
timing-1600x900-3-1,66,1,7.219000,,,,,,,,,,0
timing-1600x900-3-1,67,1,7.175000,,,,,,,,,,0
timing-1600x900-3-1,68,1,7.287000,,,,,,,,,,0
timing-1600x900-3-1,69,1,7.231000,,,,,,,,,,0
timing-1600x900-3-1,70,1,7.102000,,,,,,,,,,0
timing-1600x900-3-1,71,1,7.305000,,,,,,,,,,0
timing-1600x900-3-1,72,1,7.108000,,,,,,,,,,0
timing-1600x900-3-1,73,1,7.136000,,,,,,,,,,0
timing-1600x900-3-1,74,1,7.223000,,,,,,,,,,0
timing-1600x900-3-1,75,1,7.334000,,,,,,,,,,0
timing-1600x900-3-1,76,1,7.322000,,,,,,,,,,0
timing-1600x900-3-1,77,1,7.181000,,,,,,,,,,0
timing-1600x900-3-1,78,1,7.243000,,,,,,,,,,0
timing-1600x900-3-1,79,1,7.258000,,,,,,,,,,0
timing-1600x900-3-1,80,1,7.174000,,,,,,,,,,0
timing-1600x900-3-1,81,1,7.273000,,,,,,,,,,0
timing-1600x900-3-1,82,1,7.201000,,,,,,,,,,0
timing-1600x900-3-1,83,1,7.084000,,,,,,,,,,0
timing-1600x900-3-1,84,1,7.156000,,,,,,,,,,0
timing-1600x900-3-1,85,1,7.137000,,,,,,,,,,0
timing-1600x900-3-1,86,1,7.209000,,,,,,,,,,0
timing-1600x900-3-1,87,1,7.261000,,,,,,,,,,0
timing-1600x900-3-1,88,1,7.169000,,,,,,,,,,0
timing-1600x900-3-1,89,1,7.195000,,,,,,,,,,0
timing-1600x900-3-1,90,1,7.144000,,,,,,,,,,0
timing-1600x900-3-1,91,1,7.155000,,,,,,,,,,0
timing-1600x900-3-1,92,1,7.158000,,,,,,,,,,0
timing-1600x900-3-1,93,1,7.112000,,,,,,,,,,0
timing-1600x900-3-1,94,1,7.106000,,,,,,,,,,0
timing-1600x900-3-1,95,1,7.164000,,,,,,,,,,0
timing-1600x900-3-1,96,1,7.185000,,,,,,,,,,0
timing-1600x900-3-1,97,1,7.180000,,,,,,,,,,0
timing-1600x900-3-1,98,1,7.291000,,,,,,,,,,0
timing-1600x900-3-1,99,1,7.119000,,,,,,,,,,0
timing-1600x900-3-1,100,1,7.212000,,,,,,,,,,0
timing-1600x900-3-1,101,1,7.206000,,,,,,,,,,0
timing-1600x900-3-1,102,1,7.315000,,,,,,,,,,0
timing-1600x900-3-1,103,1,7.188000,,,,,,,,,,0
timing-1600x900-3-1,104,1,7.151000,,,,,,,,,,0
timing-1600x900-3-1,105,1,7.169000,,,,,,,,,,0
timing-1600x900-3-1,106,1,7.132000,,,,,,,,,,0
timing-1600x900-3-1,107,1,7.168000,,,,,,,,,,0
timing-1600x900-3-1,108,1,7.195000,,,,,,,,,,0
timing-1600x900-3-1,109,1,7.209000,,,,,,,,,,0
timing-1600x900-3-1,110,1,7.087000,,,,,,,,,,0
timing-1600x900-3-1,111,1,7.137000,,,,,,,,,,0
timing-1600x900-3-1,112,1,7.140000,,,,,,,,,,0
timing-1600x900-3-1,113,1,7.085000,,,,,,,,,,0
timing-1600x900-3-1,114,1,7.301000,,,,,,,,,,0
timing-1600x900-3-1,115,1,7.219000,,,,,,,,,,0
timing-1600x900-3-1,116,1,7.177000,,,,,,,,,,0
timing-1600x900-3-1,117,1,7.215000,,,,,,,,,,0
timing-1600x900-3-1,118,1,7.346000,,,,,,,,,,0
timing-1600x900-3-1,119,1,7.259000,,,,,,,,,,0
timing-1600x900-3-1,120,1,7.282000,,,,,,,,,,0
timing-1600x900-3-1,121,1,7.072000,,,,,,,,,,0
timing-1600x900-3-1,122,1,7.152000,,,,,,,,,,0
timing-1600x900-3-1,123,1,7.211000,,,,,,,,,,0
timing-1600x900-3-1,124,1,7.135000,,,,,,,,,,0
timing-1600x900-3-1,125,1,7.361000,,,,,,,,,,0
timing-1600x900-3-1,126,1,7.132000,,,,,,,,,,0
timing-1600x900-3-1,127,1,7.145000,,,,,,,,,,0
timing-1600x900-3-1,128,1,7.057000,,,,,,,,,,0
timing-1600x900-3-1,129,1,7.092000,,,,,,,,,,0
timing-1600x900-3-1,130,1,7.119000,,,,,,,,,,0
timing-1600x900-3-1,131,1,7.270000,,,,,,,,,,0
timing-1600x900-3-1,132,1,7.322000,,,,,,,,,,0
timing-1600x900-3-1,133,1,7.171000,,,,,,,,,,0
timing-1600x900-3-1,134,1,7.156000,,,,,,,,,,0
timing-1600x900-3-1,135,1,7.188000,,,,,,,,,,0
timing-1600x900-3-1,136,1,7.170000,,,,,,,,,,0
timing-1600x900-3-1,137,1,7.252000,,,,,,,,,,0
timing-1600x900-3-1,138,1,7.319000,,,,,,,,,,0
timing-1600x900-3-1,139,1,7.199000,,,,,,,,,,0
timing-1600x900-3-1,140,1,7.176000,,,,,,,,,,0
timing-1600x900-3-1,141,1,7.407000,,,,,,,,,,0
timing-1600x900-3-1,142,1,7.388000,,,,,,,,,,0
timing-1600x900-3-1,143,1,7.396000,,,,,,,,,,0
timing-1600x900-3-1,144,1,7.480000,,,,,,,,,,0
timing-1600x900-3-1,145,1,7.345000,,,,,,,,,,0
timing-1600x900-3-1,146,1,7.352000,,,,,,,,,,0
timing-1600x900-3-1,147,1,7.581000,,,,,,,,,,0
timing-1600x900-3-1,148,1,7.428000,,,,,,,,,,0
timing-1600x900-3-1,149,1,7.431000,,,,,,,,,,0
timing-1600x900-3-1,150,1,7.410000,,,,,,,,,,0
timing-1600x900-3-1,151,1,7.308000,,,,,,,,,,0
timing-1600x900-3-1,152,1,7.408000,,,,,,,,,,0
timing-1600x900-3-1,153,1,7.393000,,,,,,,,,,0
timing-1600x900-3-1,154,1,7.414000,,,,,,,,,,0
timing-1600x900-3-1,155,1,7.365000,,,,,,,,,,0
timing-1600x900-3-1,156,1,7.319000,,,,,,,,,,0
timing-1600x900-3-1,157,1,7.439000,,,,,,,,,,0
timing-1600x900-3-1,158,1,7.329000,,,,,,,,,,0
timing-1600x900-3-1,159,1,7.439000,,,,,,,,,,0
timing-1600x900-3-1,160,1,7.448000,,,,,,,,,,0
timing-1600x900-3-1,161,1,7.261000,,,,,,,,,,0
timing-1600x900-3-1,162,1,7.183000,,,,,,,,,,0
timing-1600x900-3-1,163,1,7.297000,,,,,,,,,,0
timing-1600x900-3-1,164,1,7.152000,,,,,,,,,,0
timing-1600x900-3-1,165,1,7.279000,,,,,,,,,,0
timing-1600x900-3-1,166,1,7.182000,,,,,,,,,,0
timing-1600x900-3-1,167,1,7.293000,,,,,,,,,,0
timing-1600x900-3-1,168,1,7.588000,,,,,,,,,,0
timing-1600x900-3-1,169,1,7.234000,,,,,,,,,,0
timing-1600x900-3-1,170,1,7.181000,,,,,,,,,,0
timing-1600x900-3-1,171,1,7.148000,,,,,,,,,,0
timing-1600x900-3-1,172,1,7.211000,,,,,,,,,,0
timing-1600x900-3-1,173,1,7.191000,,,,,,,,,,0
timing-1600x900-3-1,174,1,7.199000,,,,,,,,,,0
timing-1600x900-3-1,175,1,7.313000,,,,,,,,,,0
timing-1600x900-3-1,176,1,7.182000,,,,,,,,,,0
timing-1600x900-3-1,177,1,7.226000,,,,,,,,,,0
timing-1600x900-3-1,178,1,7.308000,,,,,,,,,,0
timing-1600x900-3-1,179,1,7.212000,,,,,,,,,,0
timing-1600x900-3-1,180,1,7.171000,,,,,,,,,,0
timing-1600x900-3-1,181,1,7.155000,,,,,,,,,,0
timing-1600x900-3-1,182,1,7.298000,,,,,,,,,,0
timing-1600x900-3-1,183,1,7.220000,,,,,,,,,,0
timing-1600x900-3-1,184,1,7.205000,,,,,,,,,,0
timing-1600x900-3-1,185,1,7.344000,,,,,,,,,,0
timing-1600x900-3-1,186,1,7.264000,,,,,,,,,,0
timing-1600x900-3-1,187,1,7.334000,,,,,,,,,,0
timing-1600x900-3-1,188,1,7.301000,,,,,,,,,,0
timing-1600x900-3-1,189,1,7.387000,,,,,,,,,,0
timing-1600x900-3-1,190,1,7.375000,,,,,,,,,,0
timing-1600x900-3-1,191,1,7.494000,,,,,,,,,,0
timing-1600x900-3-1,192,1,7.387000,,,,,,,,,,0
timing-1600x900-3-1,193,1,7.406000,,,,,,,,,,0
timing-1600x900-3-1,194,1,7.510000,,,,,,,,,,0
timing-1600x900-3-1,195,1,7.320000,,,,,,,,,,0
timing-1600x900-3-1,196,1,7.445000,,,,,,,,,,0
timing-1600x900-3-1,197,1,7.426000,,,,,,,,,,0
timing-1600x900-3-1,198,1,7.350000,,,,,,,,,,0
timing-1600x900-3-1,199,1,7.426000,,,,,,,,,,0
timing-1600x900-3-1,200,1,7.300000,,,,,,,,,,0
timing-1600x900-3-1,201,1,7.275000,,,,,,,,,,0
timing-1600x900-3-1,202,1,7.252000,,,,,,,,,,0
timing-1600x900-3-1,203,1,7.187000,,,,,,,,,,0
timing-1600x900-3-1,204,1,7.161000,,,,,,,,,,0
timing-1600x900-3-1,205,1,7.251000,,,,,,,,,,0
timing-1600x900-3-1,206,1,7.227000,,,,,,,,,,0
timing-1600x900-3-1,207,1,7.366000,,,,,,,,,,0
timing-1600x900-3-1,208,1,7.349000,,,,,,,,,,0
timing-1600x900-3-1,209,1,7.369000,,,,,,,,,,0
timing-1600x900-3-1,210,1,7.227000,,,,,,,,,,0
timing-1600x900-3-1,211,1,7.090000,,,,,,,,,,0
timing-1600x900-3-1,212,1,7.238000,,,,,,,,,,0
timing-1600x900-3-1,213,1,7.205000,,,,,,,,,,0
timing-1600x900-3-1,214,1,7.179000,,,,,,,,,,0
timing-1600x900-3-1,215,1,7.229000,,,,,,,,,,0
timing-1600x900-3-1,216,1,7.481000,,,,,,,,,,0
timing-1600x900-3-1,217,1,7.533000,,,,,,,,,,0
timing-1600x900-3-1,218,1,7.486000,,,,,,,,,,0
timing-1600x900-3-1,219,1,7.335000,,,,,,,,,,0
timing-1600x900-3-1,220,1,7.278000,,,,,,,,,,0
timing-1600x900-3-1,221,1,7.506000,,,,,,,,,,0
timing-1600x900-3-1,222,1,7.511000,,,,,,,,,,0
timing-1600x900-3-1,223,1,7.190000,,,,,,,,,,0
timing-1600x900-3-1,224,1,7.143000,,,,,,,,,,0
timing-1600x900-3-1,225,1,7.206000,,,,,,,,,,0
timing-1600x900-3-1,226,1,7.174000,,,,,,,,,,0
timing-1600x900-3-1,227,1,7.365000,,,,,,,,,,0
timing-1600x900-3-1,228,1,7.413000,,,,,,,,,,0
timing-1600x900-3-1,229,1,7.326000,,,,,,,,,,0
timing-1600x900-3-1,230,1,7.389000,,,,,,,,,,0
timing-1600x900-3-1,231,1,7.195000,,,,,,,,,,0
timing-1600x900-3-1,232,1,7.345000,,,,,,,,,,0
timing-1600x900-3-1,233,1,7.178000,,,,,,,,,,0
timing-1600x900-3-1,234,1,7.284000,,,,,,,,,,0
timing-1600x900-3-1,235,1,7.286000,,,,,,,,,,0
timing-1600x900-3-1,236,1,7.182000,,,,,,,,,,0
timing-1600x900-3-1,237,1,7.144000,,,,,,,,,,0
timing-1600x900-3-1,238,1,7.389000,,,,,,,,,,0
timing-1600x900-3-1,239,1,7.182000,,,,,,,,,,0
timing-1600x900-3-1,240,1,7.184000,,,,,,,,,,0
timing-1600x900-3-1,241,1,7.224000,,,,,,,,,,0
timing-1600x900-3-1,242,1,7.228000,,,,,,,,,,0
timing-1600x900-3-1,243,1,7.174000,,,,,,,,,,0
timing-1600x900-3-1,244,1,7.181000,,,,,,,,,,0
timing-1600x900-3-1,245,1,7.457000,,,,,,,,,,0
timing-1600x900-3-1,246,1,7.409000,,,,,,,,,,0
timing-1600x900-3-1,247,1,7.183000,,,,,,,,,,0
timing-1600x900-3-1,248,1,7.224000,,,,,,,,,,0
timing-1600x900-3-1,249,1,7.336000,,,,,,,,,,0
timing-1600x900-3-1,250,1,7.382000,,,,,,,,,,0
timing-1600x900-3-1,251,1,7.320000,,,,,,,,,,0
timing-1600x900-3-1,252,1,7.288000,,,,,,,,,,0
timing-1600x900-3-1,253,1,7.089000,,,,,,,,,,0
timing-1600x900-3-1,254,1,7.413000,,,,,,,,,,0
timing-1600x900-3-1,255,1,7.364000,,,,,,,,,,0
timing-1600x900-3-1,256,1,7.296000,,,,,,,,,,0
timing-1600x900-3-1,257,1,7.418000,,,,,,,,,,0
timing-1600x900-3-1,258,1,7.510000,,,,,,,,,,0
timing-1600x900-3-1,259,1,7.400000,,,,,,,,,,0
timing-1600x900-3-1,260,1,7.417000,,,,,,,,,,0
timing-1600x900-3-1,261,1,7.165000,,,,,,,,,,0
timing-1600x900-3-1,262,1,7.374000,,,,,,,,,,0
timing-1600x900-3-1,263,1,7.393000,,,,,,,,,,0
timing-1600x900-3-1,264,1,7.439000,,,,,,,,,,0
timing-1600x900-3-1,265,1,7.457000,,,,,,,,,,0
timing-1600x900-3-1,266,1,7.296000,,,,,,,,,,0
timing-1600x900-3-1,267,1,7.253000,,,,,,,,,,0
timing-1600x900-3-1,268,1,7.449000,,,,,,,,,,0
timing-1600x900-3-1,269,1,7.273000,,,,,,,,,,0
timing-1600x900-3-1,270,1,7.313000,,,,,,,,,,0
timing-1600x900-3-1,271,1,7.441000,,,,,,,,,,0
timing-1600x900-3-1,272,1,7.299000,,,,,,,,,,0
timing-1600x900-3-1,273,1,7.314000,,,,,,,,,,0
timing-1600x900-3-1,274,1,7.151000,,,,,,,,,,0
timing-1600x900-3-1,275,1,7.284000,,,,,,,,,,0
timing-1600x900-3-1,276,1,7.246000,,,,,,,,,,0
timing-1600x900-3-1,277,1,7.323000,,,,,,,,,,0
timing-1600x900-3-1,278,1,7.448000,,,,,,,,,,0
timing-1600x900-3-1,279,1,7.495000,,,,,,,,,,0
timing-1600x900-3-1,280,1,7.236000,,,,,,,,,,0
timing-1600x900-3-1,281,1,7.146000,,,,,,,,,,0
timing-1600x900-3-1,282,1,7.152000,,,,,,,,,,0
timing-1600x900-3-1,283,1,7.175000,,,,,,,,,,0
timing-1600x900-3-1,284,1,7.330000,,,,,,,,,,0
timing-1600x900-3-1,285,1,7.602000,,,,,,,,,,0
timing-1600x900-3-1,286,1,7.592000,,,,,,,,,,0
timing-1600x900-3-1,287,1,7.327000,,,,,,,,,,0
timing-1600x900-3-1,288,1,7.244000,,,,,,,,,,0
timing-1600x900-3-1,289,1,7.163000,,,,,,,,,,0
timing-1600x900-3-1,290,1,7.254000,,,,,,,,,,0
timing-1600x900-3-1,291,1,7.168000,,,,,,,,,,0
timing-1600x900-3-1,292,1,7.273000,,,,,,,,,,0
timing-1600x900-3-1,293,1,7.345000,,,,,,,,,,0
timing-1600x900-3-1,294,1,7.326000,,,,,,,,,,0
timing-1600x900-3-1,295,1,7.486000,,,,,,,,,,0
timing-1600x900-3-1,296,1,7.418000,,,,,,,,,,0
timing-1600x900-3-1,297,1,7.582000,,,,,,,,,,0
timing-1600x900-3-1,298,1,7.169000,,,,,,,,,,0
timing-1600x900-3-1,299,1,7.299000,,,,,,,,,,0
timing-1600x900-3-1,300,1,7.244000,,,,,,,,,,0
timing-1600x900-3-1,301,1,7.341000,,,,,,,,,,0
timing-1600x900-3-1,302,1,7.267000,,,,,,,,,,0
timing-1600x900-3-1,303,1,7.229000,,,,,,,,,,0
timing-1600x900-3-1,304,1,7.258000,,,,,,,,,,0
timing-1600x900-3-1,305,1,7.309000,,,,,,,,,,0
timing-1600x900-3-1,306,1,7.411000,,,,,,,,,,0
timing-1600x900-3-1,307,1,7.476000,,,,,,,,,,0
timing-1600x900-3-1,308,1,7.472000,,,,,,,,,,0
timing-1600x900-3-1,309,1,7.507000,,,,,,,,,,0
timing-1600x900-3-1,310,1,7.428000,,,,,,,,,,0
timing-1600x900-3-1,311,1,7.455000,,,,,,,,,,0
timing-1600x900-3-1,312,1,7.552000,,,,,,,,,,0
timing-1600x900-3-1,313,1,7.424000,,,,,,,,,,0
timing-1600x900-3-1,314,1,7.302000,,,,,,,,,,0
timing-1600x900-3-1,315,1,7.482000,,,,,,,,,,0
timing-1600x900-3-1,316,1,7.470000,,,,,,,,,,0
timing-1600x900-3-1,317,1,7.216000,,,,,,,,,,0
timing-1600x900-3-1,318,1,7.374000,,,,,,,,,,0
timing-1600x900-3-1,319,1,7.363000,0,0,0.999511719,0.361087472,0.40807074,452,120,0,0,1
timing-1600x900-3-2,0,1,1178.976000,0,0,0.999511719,0.361087472,0.40807074,452,120,0,0,1
timing-1600x900-3-2,1,1,10.830000,,,,,,,,,,0
timing-1600x900-3-2,2,1,8.202000,,,,,,,,,,0
timing-1600x900-3-2,3,1,8.134000,,,,,,,,,,0
timing-1600x900-3-2,4,1,7.750000,,,,,,,,,,0
timing-1600x900-3-2,5,1,7.545000,,,,,,,,,,0
timing-1600x900-3-2,6,1,7.676000,,,,,,,,,,0
timing-1600x900-3-2,7,1,7.593000,,,,,,,,,,0
timing-1600x900-3-2,8,1,7.521000,,,,,,,,,,0
timing-1600x900-3-2,9,1,7.689000,,,,,,,,,,0
timing-1600x900-3-2,10,1,7.602000,,,,,,,,,,0
timing-1600x900-3-2,11,1,7.441000,,,,,,,,,,0
timing-1600x900-3-2,12,1,7.397000,,,,,,,,,,0
timing-1600x900-3-2,13,1,7.597000,,,,,,,,,,0
timing-1600x900-3-2,14,1,7.579000,,,,,,,,,,0
timing-1600x900-3-2,15,1,7.555000,,,,,,,,,,0
timing-1600x900-3-2,16,1,6.996000,,,,,,,,,,0
timing-1600x900-3-2,17,1,7.018000,,,,,,,,,,0
timing-1600x900-3-2,18,1,7.029000,,,,,,,,,,0
timing-1600x900-3-2,19,1,7.142000,,,,,,,,,,0
timing-1600x900-3-2,20,1,7.084000,,,,,,,,,,0
timing-1600x900-3-2,21,1,7.156000,,,,,,,,,,0
timing-1600x900-3-2,22,1,6.971000,,,,,,,,,,0
timing-1600x900-3-2,23,1,7.099000,,,,,,,,,,0
timing-1600x900-3-2,24,1,7.165000,,,,,,,,,,0
timing-1600x900-3-2,25,1,7.134000,,,,,,,,,,0
timing-1600x900-3-2,26,1,7.087000,,,,,,,,,,0
timing-1600x900-3-2,27,1,7.117000,,,,,,,,,,0
timing-1600x900-3-2,28,1,7.040000,,,,,,,,,,0
timing-1600x900-3-2,29,1,6.993000,,,,,,,,,,0
timing-1600x900-3-2,30,1,7.109000,,,,,,,,,,0
timing-1600x900-3-2,31,1,7.150000,,,,,,,,,,0
timing-1600x900-3-2,32,1,7.078000,,,,,,,,,,0
timing-1600x900-3-2,33,1,7.095000,,,,,,,,,,0
timing-1600x900-3-2,34,1,7.227000,,,,,,,,,,0
timing-1600x900-3-2,35,1,7.187000,,,,,,,,,,0
timing-1600x900-3-2,36,1,7.069000,,,,,,,,,,0
timing-1600x900-3-2,37,1,7.120000,,,,,,,,,,0
timing-1600x900-3-2,38,1,7.196000,,,,,,,,,,0
timing-1600x900-3-2,39,1,7.265000,,,,,,,,,,0
timing-1600x900-3-2,40,1,7.311000,,,,,,,,,,0
timing-1600x900-3-2,41,1,7.204000,,,,,,,,,,0
timing-1600x900-3-2,42,1,7.013000,,,,,,,,,,0
timing-1600x900-3-2,43,1,7.112000,,,,,,,,,,0
timing-1600x900-3-2,44,1,7.184000,,,,,,,,,,0
timing-1600x900-3-2,45,1,7.225000,,,,,,,,,,0
timing-1600x900-3-2,46,1,7.272000,,,,,,,,,,0
timing-1600x900-3-2,47,1,7.230000,,,,,,,,,,0
timing-1600x900-3-2,48,1,7.220000,,,,,,,,,,0
timing-1600x900-3-2,49,1,7.220000,,,,,,,,,,0
timing-1600x900-3-2,50,1,7.132000,,,,,,,,,,0
timing-1600x900-3-2,51,1,7.194000,,,,,,,,,,0
timing-1600x900-3-2,52,1,7.344000,,,,,,,,,,0
timing-1600x900-3-2,53,1,7.188000,,,,,,,,,,0
timing-1600x900-3-2,54,1,7.246000,,,,,,,,,,0
timing-1600x900-3-2,55,1,7.145000,,,,,,,,,,0
timing-1600x900-3-2,56,1,7.235000,,,,,,,,,,0
timing-1600x900-3-2,57,1,7.085000,,,,,,,,,,0
timing-1600x900-3-2,58,1,7.249000,,,,,,,,,,0
timing-1600x900-3-2,59,1,7.162000,,,,,,,,,,0
timing-1600x900-3-2,60,1,7.099000,,,,,,,,,,0
timing-1600x900-3-2,61,1,7.268000,,,,,,,,,,0
timing-1600x900-3-2,62,1,7.129000,,,,,,,,,,0
timing-1600x900-3-2,63,1,7.165000,,,,,,,,,,0
timing-1600x900-3-2,64,1,7.151000,,,,,,,,,,0
timing-1600x900-3-2,65,1,7.108000,,,,,,,,,,0
timing-1600x900-3-2,66,1,7.139000,,,,,,,,,,0
timing-1600x900-3-2,67,1,7.145000,,,,,,,,,,0
timing-1600x900-3-2,68,1,7.276000,,,,,,,,,,0
timing-1600x900-3-2,69,1,7.221000,,,,,,,,,,0
timing-1600x900-3-2,70,1,7.177000,,,,,,,,,,0
timing-1600x900-3-2,71,1,7.196000,,,,,,,,,,0
timing-1600x900-3-2,72,1,7.150000,,,,,,,,,,0
timing-1600x900-3-2,73,1,7.154000,,,,,,,,,,0
timing-1600x900-3-2,74,1,7.209000,,,,,,,,,,0
timing-1600x900-3-2,75,1,7.231000,,,,,,,,,,0
timing-1600x900-3-2,76,1,7.048000,,,,,,,,,,0
timing-1600x900-3-2,77,1,7.161000,,,,,,,,,,0
timing-1600x900-3-2,78,1,7.061000,,,,,,,,,,0
timing-1600x900-3-2,79,1,7.205000,,,,,,,,,,0
timing-1600x900-3-2,80,1,7.462000,,,,,,,,,,0
timing-1600x900-3-2,81,1,7.213000,,,,,,,,,,0
timing-1600x900-3-2,82,1,7.219000,,,,,,,,,,0
timing-1600x900-3-2,83,1,7.346000,,,,,,,,,,0
timing-1600x900-3-2,84,1,7.244000,,,,,,,,,,0
timing-1600x900-3-2,85,1,7.071000,,,,,,,,,,0
timing-1600x900-3-2,86,1,7.283000,,,,,,,,,,0
timing-1600x900-3-2,87,1,7.175000,,,,,,,,,,0
timing-1600x900-3-2,88,1,7.260000,,,,,,,,,,0
timing-1600x900-3-2,89,1,7.158000,,,,,,,,,,0
timing-1600x900-3-2,90,1,7.259000,,,,,,,,,,0
timing-1600x900-3-2,91,1,7.244000,,,,,,,,,,0
timing-1600x900-3-2,92,1,7.110000,,,,,,,,,,0
timing-1600x900-3-2,93,1,7.164000,,,,,,,,,,0
timing-1600x900-3-2,94,1,7.204000,,,,,,,,,,0
timing-1600x900-3-2,95,1,7.189000,,,,,,,,,,0
timing-1600x900-3-2,96,1,7.278000,,,,,,,,,,0
timing-1600x900-3-2,97,1,7.134000,,,,,,,,,,0
timing-1600x900-3-2,98,1,7.153000,,,,,,,,,,0
timing-1600x900-3-2,99,1,7.130000,,,,,,,,,,0
timing-1600x900-3-2,100,1,7.260000,,,,,,,,,,0
timing-1600x900-3-2,101,1,7.328000,,,,,,,,,,0
timing-1600x900-3-2,102,1,7.153000,,,,,,,,,,0
timing-1600x900-3-2,103,1,7.145000,,,,,,,,,,0
timing-1600x900-3-2,104,1,7.092000,,,,,,,,,,0
timing-1600x900-3-2,105,1,7.178000,,,,,,,,,,0
timing-1600x900-3-2,106,1,7.260000,,,,,,,,,,0
timing-1600x900-3-2,107,1,7.110000,,,,,,,,,,0
timing-1600x900-3-2,108,1,7.294000,,,,,,,,,,0
timing-1600x900-3-2,109,1,7.158000,,,,,,,,,,0
timing-1600x900-3-2,110,1,7.182000,,,,,,,,,,0
timing-1600x900-3-2,111,1,7.237000,,,,,,,,,,0
timing-1600x900-3-2,112,1,7.240000,,,,,,,,,,0
timing-1600x900-3-2,113,1,7.144000,,,,,,,,,,0
timing-1600x900-3-2,114,1,7.090000,,,,,,,,,,0
timing-1600x900-3-2,115,1,7.156000,,,,,,,,,,0
timing-1600x900-3-2,116,1,7.226000,,,,,,,,,,0
timing-1600x900-3-2,117,1,7.185000,,,,,,,,,,0
timing-1600x900-3-2,118,1,7.163000,,,,,,,,,,0
timing-1600x900-3-2,119,1,7.207000,,,,,,,,,,0
timing-1600x900-3-2,120,1,7.064000,,,,,,,,,,0
timing-1600x900-3-2,121,1,7.139000,,,,,,,,,,0
timing-1600x900-3-2,122,1,7.098000,,,,,,,,,,0
timing-1600x900-3-2,123,1,7.214000,,,,,,,,,,0
timing-1600x900-3-2,124,1,7.267000,,,,,,,,,,0
timing-1600x900-3-2,125,1,7.160000,,,,,,,,,,0
timing-1600x900-3-2,126,1,7.184000,,,,,,,,,,0
timing-1600x900-3-2,127,1,7.173000,,,,,,,,,,0
timing-1600x900-3-2,128,1,7.152000,,,,,,,,,,0
timing-1600x900-3-2,129,1,7.121000,,,,,,,,,,0
timing-1600x900-3-2,130,1,7.159000,,,,,,,,,,0
timing-1600x900-3-2,131,1,7.181000,,,,,,,,,,0
timing-1600x900-3-2,132,1,7.166000,,,,,,,,,,0
timing-1600x900-3-2,133,1,7.448000,,,,,,,,,,0
timing-1600x900-3-2,134,1,7.144000,,,,,,,,,,0
timing-1600x900-3-2,135,1,7.531000,,,,,,,,,,0
timing-1600x900-3-2,136,1,7.568000,,,,,,,,,,0
timing-1600x900-3-2,137,1,7.594000,,,,,,,,,,0
timing-1600x900-3-2,138,1,7.289000,,,,,,,,,,0
timing-1600x900-3-2,139,1,7.260000,,,,,,,,,,0
timing-1600x900-3-2,140,1,7.236000,,,,,,,,,,0
timing-1600x900-3-2,141,1,7.262000,,,,,,,,,,0
timing-1600x900-3-2,142,1,7.278000,,,,,,,,,,0
timing-1600x900-3-2,143,1,7.377000,,,,,,,,,,0
timing-1600x900-3-2,144,1,7.387000,,,,,,,,,,0
timing-1600x900-3-2,145,1,7.393000,,,,,,,,,,0
timing-1600x900-3-2,146,1,7.417000,,,,,,,,,,0
timing-1600x900-3-2,147,1,7.457000,,,,,,,,,,0
timing-1600x900-3-2,148,1,7.340000,,,,,,,,,,0
timing-1600x900-3-2,149,1,7.455000,,,,,,,,,,0
timing-1600x900-3-2,150,1,7.443000,,,,,,,,,,0
timing-1600x900-3-2,151,1,7.528000,,,,,,,,,,0
timing-1600x900-3-2,152,1,7.520000,,,,,,,,,,0
timing-1600x900-3-2,153,1,7.420000,,,,,,,,,,0
timing-1600x900-3-2,154,1,7.446000,,,,,,,,,,0
timing-1600x900-3-2,155,1,7.414000,,,,,,,,,,0
timing-1600x900-3-2,156,1,7.290000,,,,,,,,,,0
timing-1600x900-3-2,157,1,7.382000,,,,,,,,,,0
timing-1600x900-3-2,158,1,7.465000,,,,,,,,,,0
timing-1600x900-3-2,159,1,7.446000,,,,,,,,,,0
timing-1600x900-3-2,160,1,7.515000,,,,,,,,,,0
timing-1600x900-3-2,161,1,7.180000,,,,,,,,,,0
timing-1600x900-3-2,162,1,7.253000,,,,,,,,,,0
timing-1600x900-3-2,163,1,7.414000,,,,,,,,,,0
timing-1600x900-3-2,164,1,7.198000,,,,,,,,,,0
timing-1600x900-3-2,165,1,7.174000,,,,,,,,,,0
timing-1600x900-3-2,166,1,7.106000,,,,,,,,,,0
timing-1600x900-3-2,167,1,7.219000,,,,,,,,,,0
timing-1600x900-3-2,168,1,7.265000,,,,,,,,,,0
timing-1600x900-3-2,169,1,7.247000,,,,,,,,,,0
timing-1600x900-3-2,170,1,7.190000,,,,,,,,,,0
timing-1600x900-3-2,171,1,7.303000,,,,,,,,,,0
timing-1600x900-3-2,172,1,7.483000,,,,,,,,,,0
timing-1600x900-3-2,173,1,7.289000,,,,,,,,,,0
timing-1600x900-3-2,174,1,7.283000,,,,,,,,,,0
timing-1600x900-3-2,175,1,7.208000,,,,,,,,,,0
timing-1600x900-3-2,176,1,7.245000,,,,,,,,,,0
timing-1600x900-3-2,177,1,7.341000,,,,,,,,,,0
timing-1600x900-3-2,178,1,7.223000,,,,,,,,,,0
timing-1600x900-3-2,179,1,7.219000,,,,,,,,,,0
timing-1600x900-3-2,180,1,7.277000,,,,,,,,,,0
timing-1600x900-3-2,181,1,7.611000,,,,,,,,,,0
timing-1600x900-3-2,182,1,7.166000,,,,,,,,,,0
timing-1600x900-3-2,183,1,7.433000,,,,,,,,,,0
timing-1600x900-3-2,184,1,7.529000,,,,,,,,,,0
timing-1600x900-3-2,185,1,7.339000,,,,,,,,,,0
timing-1600x900-3-2,186,1,7.262000,,,,,,,,,,0
timing-1600x900-3-2,187,1,7.472000,,,,,,,,,,0
timing-1600x900-3-2,188,1,7.485000,,,,,,,,,,0
timing-1600x900-3-2,189,1,7.453000,,,,,,,,,,0
timing-1600x900-3-2,190,1,7.431000,,,,,,,,,,0
timing-1600x900-3-2,191,1,7.441000,,,,,,,,,,0
timing-1600x900-3-2,192,1,7.490000,,,,,,,,,,0
timing-1600x900-3-2,193,1,7.679000,,,,,,,,,,0
timing-1600x900-3-2,194,1,7.565000,,,,,,,,,,0
timing-1600x900-3-2,195,1,7.612000,,,,,,,,,,0
timing-1600x900-3-2,196,1,7.599000,,,,,,,,,,0
timing-1600x900-3-2,197,1,7.679000,,,,,,,,,,0
timing-1600x900-3-2,198,1,7.721000,,,,,,,,,,0
timing-1600x900-3-2,199,1,7.649000,,,,,,,,,,0
timing-1600x900-3-2,200,1,7.529000,,,,,,,,,,0
timing-1600x900-3-2,201,1,7.565000,,,,,,,,,,0
timing-1600x900-3-2,202,1,7.512000,,,,,,,,,,0
timing-1600x900-3-2,203,1,7.624000,,,,,,,,,,0
timing-1600x900-3-2,204,1,7.571000,,,,,,,,,,0
timing-1600x900-3-2,205,1,7.561000,,,,,,,,,,0
timing-1600x900-3-2,206,1,7.465000,,,,,,,,,,0
timing-1600x900-3-2,207,1,7.414000,,,,,,,,,,0
timing-1600x900-3-2,208,1,7.478000,,,,,,,,,,0
timing-1600x900-3-2,209,1,7.475000,,,,,,,,,,0
timing-1600x900-3-2,210,1,7.330000,,,,,,,,,,0
timing-1600x900-3-2,211,1,7.421000,,,,,,,,,,0
timing-1600x900-3-2,212,1,7.427000,,,,,,,,,,0
timing-1600x900-3-2,213,1,7.497000,,,,,,,,,,0
timing-1600x900-3-2,214,1,7.365000,,,,,,,,,,0
timing-1600x900-3-2,215,1,7.624000,,,,,,,,,,0
timing-1600x900-3-2,216,1,7.395000,,,,,,,,,,0
timing-1600x900-3-2,217,1,7.645000,,,,,,,,,,0
timing-1600x900-3-2,218,1,7.438000,,,,,,,,,,0
timing-1600x900-3-2,219,1,7.537000,,,,,,,,,,0
timing-1600x900-3-2,220,1,7.411000,,,,,,,,,,0
timing-1600x900-3-2,221,1,7.501000,,,,,,,,,,0
timing-1600x900-3-2,222,1,7.316000,,,,,,,,,,0
timing-1600x900-3-2,223,1,7.338000,,,,,,,,,,0
timing-1600x900-3-2,224,1,7.362000,,,,,,,,,,0
timing-1600x900-3-2,225,1,7.306000,,,,,,,,,,0
timing-1600x900-3-2,226,1,7.430000,,,,,,,,,,0
timing-1600x900-3-2,227,1,7.431000,,,,,,,,,,0
timing-1600x900-3-2,228,1,7.282000,,,,,,,,,,0
timing-1600x900-3-2,229,1,7.337000,,,,,,,,,,0
timing-1600x900-3-2,230,1,7.369000,,,,,,,,,,0
timing-1600x900-3-2,231,1,7.590000,,,,,,,,,,0
timing-1600x900-3-2,232,1,7.614000,,,,,,,,,,0
timing-1600x900-3-2,233,1,7.251000,,,,,,,,,,0
timing-1600x900-3-2,234,1,7.179000,,,,,,,,,,0
timing-1600x900-3-2,235,1,7.302000,,,,,,,,,,0
timing-1600x900-3-2,236,1,7.438000,,,,,,,,,,0
timing-1600x900-3-2,237,1,7.515000,,,,,,,,,,0
timing-1600x900-3-2,238,1,7.329000,,,,,,,,,,0
timing-1600x900-3-2,239,1,7.349000,,,,,,,,,,0
timing-1600x900-3-2,240,1,7.337000,,,,,,,,,,0
timing-1600x900-3-2,241,1,7.375000,,,,,,,,,,0
timing-1600x900-3-2,242,1,7.499000,,,,,,,,,,0
timing-1600x900-3-2,243,1,7.418000,,,,,,,,,,0
timing-1600x900-3-2,244,1,7.163000,,,,,,,,,,0
timing-1600x900-3-2,245,1,7.430000,,,,,,,,,,0
timing-1600x900-3-2,246,1,7.438000,,,,,,,,,,0
timing-1600x900-3-2,247,1,7.478000,,,,,,,,,,0
timing-1600x900-3-2,248,1,7.348000,,,,,,,,,,0
timing-1600x900-3-2,249,1,7.444000,,,,,,,,,,0
timing-1600x900-3-2,250,1,7.089000,,,,,,,,,,0
timing-1600x900-3-2,251,1,7.116000,,,,,,,,,,0
timing-1600x900-3-2,252,1,7.071000,,,,,,,,,,0
timing-1600x900-3-2,253,1,7.124000,,,,,,,,,,0
timing-1600x900-3-2,254,1,7.451000,,,,,,,,,,0
timing-1600x900-3-2,255,1,7.395000,,,,,,,,,,0
timing-1600x900-3-2,256,1,7.540000,,,,,,,,,,0
timing-1600x900-3-2,257,1,7.511000,,,,,,,,,,0
timing-1600x900-3-2,258,1,7.370000,,,,,,,,,,0
timing-1600x900-3-2,259,1,7.411000,,,,,,,,,,0
timing-1600x900-3-2,260,1,7.482000,,,,,,,,,,0
timing-1600x900-3-2,261,1,7.444000,,,,,,,,,,0
timing-1600x900-3-2,262,1,7.524000,,,,,,,,,,0
timing-1600x900-3-2,263,1,7.367000,,,,,,,,,,0
timing-1600x900-3-2,264,1,7.447000,,,,,,,,,,0
timing-1600x900-3-2,265,1,7.381000,,,,,,,,,,0
timing-1600x900-3-2,266,1,7.337000,,,,,,,,,,0
timing-1600x900-3-2,267,1,7.410000,,,,,,,,,,0
timing-1600x900-3-2,268,1,7.306000,,,,,,,,,,0
timing-1600x900-3-2,269,1,7.488000,,,,,,,,,,0
timing-1600x900-3-2,270,1,7.418000,,,,,,,,,,0
timing-1600x900-3-2,271,1,7.398000,,,,,,,,,,0
timing-1600x900-3-2,272,1,7.406000,,,,,,,,,,0
timing-1600x900-3-2,273,1,7.355000,,,,,,,,,,0
timing-1600x900-3-2,274,1,7.343000,,,,,,,,,,0
timing-1600x900-3-2,275,1,7.301000,,,,,,,,,,0
timing-1600x900-3-2,276,1,7.150000,,,,,,,,,,0
timing-1600x900-3-2,277,1,7.166000,,,,,,,,,,0
timing-1600x900-3-2,278,1,7.369000,,,,,,,,,,0
timing-1600x900-3-2,279,1,7.270000,,,,,,,,,,0
timing-1600x900-3-2,280,1,7.318000,,,,,,,,,,0
timing-1600x900-3-2,281,1,7.318000,,,,,,,,,,0
timing-1600x900-3-2,282,1,7.310000,,,,,,,,,,0
timing-1600x900-3-2,283,1,7.307000,,,,,,,,,,0
timing-1600x900-3-2,284,1,7.472000,,,,,,,,,,0
timing-1600x900-3-2,285,1,7.333000,,,,,,,,,,0
timing-1600x900-3-2,286,1,7.167000,,,,,,,,,,0
timing-1600x900-3-2,287,1,7.471000,,,,,,,,,,0
timing-1600x900-3-2,288,1,7.349000,,,,,,,,,,0
timing-1600x900-3-2,289,1,7.448000,,,,,,,,,,0
timing-1600x900-3-2,290,1,7.376000,,,,,,,,,,0
timing-1600x900-3-2,291,1,7.180000,,,,,,,,,,0
timing-1600x900-3-2,292,1,7.242000,,,,,,,,,,0
timing-1600x900-3-2,293,1,7.274000,,,,,,,,,,0
timing-1600x900-3-2,294,1,7.212000,,,,,,,,,,0
timing-1600x900-3-2,295,1,7.189000,,,,,,,,,,0
timing-1600x900-3-2,296,1,7.123000,,,,,,,,,,0
timing-1600x900-3-2,297,1,7.159000,,,,,,,,,,0
timing-1600x900-3-2,298,1,7.269000,,,,,,,,,,0
timing-1600x900-3-2,299,1,7.166000,,,,,,,,,,0
timing-1600x900-3-2,300,1,7.225000,,,,,,,,,,0
timing-1600x900-3-2,301,1,7.523000,,,,,,,,,,0
timing-1600x900-3-2,302,1,7.581000,,,,,,,,,,0
timing-1600x900-3-2,303,1,7.241000,,,,,,,,,,0
timing-1600x900-3-2,304,1,7.179000,,,,,,,,,,0
timing-1600x900-3-2,305,1,7.078000,,,,,,,,,,0
timing-1600x900-3-2,306,1,7.184000,,,,,,,,,,0
timing-1600x900-3-2,307,1,7.214000,,,,,,,,,,0
timing-1600x900-3-2,308,1,7.186000,,,,,,,,,,0
timing-1600x900-3-2,309,1,7.196000,,,,,,,,,,0
timing-1600x900-3-2,310,1,7.272000,,,,,,,,,,0
timing-1600x900-3-2,311,1,7.383000,,,,,,,,,,0
timing-1600x900-3-2,312,1,7.453000,,,,,,,,,,0
timing-1600x900-3-2,313,1,7.442000,,,,,,,,,,0
timing-1600x900-3-2,314,1,7.535000,,,,,,,,,,0
timing-1600x900-3-2,315,1,7.545000,,,,,,,,,,0
timing-1600x900-3-2,316,1,7.461000,,,,,,,,,,0
timing-1600x900-3-2,317,1,7.505000,,,,,,,,,,0
timing-1600x900-3-2,318,1,7.436000,,,,,,,,,,0
timing-1600x900-3-2,319,1,7.104000,0,0,0.999511719,0.361087472,0.40807074,452,120,0,0,1
timing-1600x900-3-3,0,1,1177.439000,0,0,0.999511719,0.361087472,0.40807074,452,120,0,0,1
timing-1600x900-3-3,1,1,10.709000,,,,,,,,,,0
timing-1600x900-3-3,2,1,8.236000,,,,,,,,,,0
timing-1600x900-3-3,3,1,8.215000,,,,,,,,,,0
timing-1600x900-3-3,4,1,7.947000,,,,,,,,,,0
timing-1600x900-3-3,5,1,7.786000,,,,,,,,,,0
timing-1600x900-3-3,6,1,7.627000,,,,,,,,,,0
timing-1600x900-3-3,7,1,7.468000,,,,,,,,,,0
timing-1600x900-3-3,8,1,7.601000,,,,,,,,,,0
timing-1600x900-3-3,9,1,7.621000,,,,,,,,,,0
timing-1600x900-3-3,10,1,7.588000,,,,,,,,,,0
timing-1600x900-3-3,11,1,7.489000,,,,,,,,,,0
timing-1600x900-3-3,12,1,7.635000,,,,,,,,,,0
timing-1600x900-3-3,13,1,7.590000,,,,,,,,,,0
timing-1600x900-3-3,14,1,7.769000,,,,,,,,,,0
timing-1600x900-3-3,15,1,7.571000,,,,,,,,,,0
timing-1600x900-3-3,16,1,7.159000,,,,,,,,,,0
timing-1600x900-3-3,17,1,7.120000,,,,,,,,,,0
timing-1600x900-3-3,18,1,7.133000,,,,,,,,,,0
timing-1600x900-3-3,19,1,7.086000,,,,,,,,,,0
timing-1600x900-3-3,20,1,7.005000,,,,,,,,,,0
timing-1600x900-3-3,21,1,7.049000,,,,,,,,,,0
timing-1600x900-3-3,22,1,7.047000,,,,,,,,,,0
timing-1600x900-3-3,23,1,7.146000,,,,,,,,,,0
timing-1600x900-3-3,24,1,7.040000,,,,,,,,,,0
timing-1600x900-3-3,25,1,6.986000,,,,,,,,,,0
timing-1600x900-3-3,26,1,7.041000,,,,,,,,,,0
timing-1600x900-3-3,27,1,7.035000,,,,,,,,,,0
timing-1600x900-3-3,28,1,7.119000,,,,,,,,,,0
timing-1600x900-3-3,29,1,7.163000,,,,,,,,,,0
timing-1600x900-3-3,30,1,6.965000,,,,,,,,,,0
timing-1600x900-3-3,31,1,7.020000,,,,,,,,,,0
timing-1600x900-3-3,32,1,7.071000,,,,,,,,,,0
timing-1600x900-3-3,33,1,7.258000,,,,,,,,,,0
timing-1600x900-3-3,34,1,7.124000,,,,,,,,,,0
timing-1600x900-3-3,35,1,7.287000,,,,,,,,,,0
timing-1600x900-3-3,36,1,7.139000,,,,,,,,,,0
timing-1600x900-3-3,37,1,7.213000,,,,,,,,,,0
timing-1600x900-3-3,38,1,7.337000,,,,,,,,,,0
timing-1600x900-3-3,39,1,7.145000,,,,,,,,,,0
timing-1600x900-3-3,40,1,7.116000,,,,,,,,,,0
timing-1600x900-3-3,41,1,7.173000,,,,,,,,,,0
timing-1600x900-3-3,42,1,7.191000,,,,,,,,,,0
timing-1600x900-3-3,43,1,7.119000,,,,,,,,,,0
timing-1600x900-3-3,44,1,7.183000,,,,,,,,,,0
timing-1600x900-3-3,45,1,7.186000,,,,,,,,,,0
timing-1600x900-3-3,46,1,7.293000,,,,,,,,,,0
timing-1600x900-3-3,47,1,7.129000,,,,,,,,,,0
timing-1600x900-3-3,48,1,7.087000,,,,,,,,,,0
timing-1600x900-3-3,49,1,7.215000,,,,,,,,,,0
timing-1600x900-3-3,50,1,7.131000,,,,,,,,,,0
timing-1600x900-3-3,51,1,7.174000,,,,,,,,,,0
timing-1600x900-3-3,52,1,7.107000,,,,,,,,,,0
timing-1600x900-3-3,53,1,7.127000,,,,,,,,,,0
timing-1600x900-3-3,54,1,7.185000,,,,,,,,,,0
timing-1600x900-3-3,55,1,7.178000,,,,,,,,,,0
timing-1600x900-3-3,56,1,7.195000,,,,,,,,,,0
timing-1600x900-3-3,57,1,7.162000,,,,,,,,,,0
timing-1600x900-3-3,58,1,7.154000,,,,,,,,,,0
timing-1600x900-3-3,59,1,7.221000,,,,,,,,,,0
timing-1600x900-3-3,60,1,7.131000,,,,,,,,,,0
timing-1600x900-3-3,61,1,7.077000,,,,,,,,,,0
timing-1600x900-3-3,62,1,7.169000,,,,,,,,,,0
timing-1600x900-3-3,63,1,7.266000,,,,,,,,,,0
timing-1600x900-3-3,64,1,7.164000,,,,,,,,,,0
timing-1600x900-3-3,65,1,7.160000,,,,,,,,,,0
timing-1600x900-3-3,66,1,7.164000,,,,,,,,,,0
timing-1600x900-3-3,67,1,7.194000,,,,,,,,,,0
timing-1600x900-3-3,68,1,7.243000,,,,,,,,,,0
timing-1600x900-3-3,69,1,7.136000,,,,,,,,,,0
timing-1600x900-3-3,70,1,7.128000,,,,,,,,,,0
timing-1600x900-3-3,71,1,7.106000,,,,,,,,,,0
timing-1600x900-3-3,72,1,7.149000,,,,,,,,,,0
timing-1600x900-3-3,73,1,7.200000,,,,,,,,,,0
timing-1600x900-3-3,74,1,7.313000,,,,,,,,,,0
timing-1600x900-3-3,75,1,7.237000,,,,,,,,,,0
timing-1600x900-3-3,76,1,7.164000,,,,,,,,,,0
timing-1600x900-3-3,77,1,7.219000,,,,,,,,,,0
timing-1600x900-3-3,78,1,7.161000,,,,,,,,,,0
timing-1600x900-3-3,79,1,7.183000,,,,,,,,,,0
timing-1600x900-3-3,80,1,7.251000,,,,,,,,,,0
timing-1600x900-3-3,81,1,7.258000,,,,,,,,,,0
timing-1600x900-3-3,82,1,7.203000,,,,,,,,,,0
timing-1600x900-3-3,83,1,7.225000,,,,,,,,,,0
timing-1600x900-3-3,84,1,7.212000,,,,,,,,,,0
timing-1600x900-3-3,85,1,7.348000,,,,,,,,,,0
timing-1600x900-3-3,86,1,7.188000,,,,,,,,,,0
timing-1600x900-3-3,87,1,7.179000,,,,,,,,,,0
timing-1600x900-3-3,88,1,7.146000,,,,,,,,,,0
timing-1600x900-3-3,89,1,7.155000,,,,,,,,,,0
timing-1600x900-3-3,90,1,7.182000,,,,,,,,,,0
timing-1600x900-3-3,91,1,7.147000,,,,,,,,,,0
timing-1600x900-3-3,92,1,7.223000,,,,,,,,,,0
timing-1600x900-3-3,93,1,7.281000,,,,,,,,,,0
timing-1600x900-3-3,94,1,7.142000,,,,,,,,,,0
timing-1600x900-3-3,95,1,7.210000,,,,,,,,,,0
timing-1600x900-3-3,96,1,7.129000,,,,,,,,,,0
timing-1600x900-3-3,97,1,7.395000,,,,,,,,,,0
timing-1600x900-3-3,98,1,7.137000,,,,,,,,,,0
timing-1600x900-3-3,99,1,7.275000,,,,,,,,,,0
timing-1600x900-3-3,100,1,7.062000,,,,,,,,,,0
timing-1600x900-3-3,101,1,7.268000,,,,,,,,,,0
timing-1600x900-3-3,102,1,7.107000,,,,,,,,,,0
timing-1600x900-3-3,103,1,7.102000,,,,,,,,,,0
timing-1600x900-3-3,104,1,7.139000,,,,,,,,,,0
timing-1600x900-3-3,105,1,7.120000,,,,,,,,,,0
timing-1600x900-3-3,106,1,7.248000,,,,,,,,,,0
timing-1600x900-3-3,107,1,7.170000,,,,,,,,,,0
timing-1600x900-3-3,108,1,7.123000,,,,,,,,,,0
timing-1600x900-3-3,109,1,7.181000,,,,,,,,,,0
timing-1600x900-3-3,110,1,7.173000,,,,,,,,,,0
timing-1600x900-3-3,111,1,7.156000,,,,,,,,,,0
timing-1600x900-3-3,112,1,7.236000,,,,,,,,,,0
timing-1600x900-3-3,113,1,7.175000,,,,,,,,,,0
timing-1600x900-3-3,114,1,7.209000,,,,,,,,,,0
timing-1600x900-3-3,115,1,7.165000,,,,,,,,,,0
timing-1600x900-3-3,116,1,7.112000,,,,,,,,,,0
timing-1600x900-3-3,117,1,7.161000,,,,,,,,,,0
timing-1600x900-3-3,118,1,7.267000,,,,,,,,,,0
timing-1600x900-3-3,119,1,7.175000,,,,,,,,,,0
timing-1600x900-3-3,120,1,7.167000,,,,,,,,,,0
timing-1600x900-3-3,121,1,7.301000,,,,,,,,,,0
timing-1600x900-3-3,122,1,7.165000,,,,,,,,,,0
timing-1600x900-3-3,123,1,7.183000,,,,,,,,,,0
timing-1600x900-3-3,124,1,7.145000,,,,,,,,,,0
timing-1600x900-3-3,125,1,7.164000,,,,,,,,,,0
timing-1600x900-3-3,126,1,7.394000,,,,,,,,,,0
timing-1600x900-3-3,127,1,7.462000,,,,,,,,,,0
timing-1600x900-3-3,128,1,7.510000,,,,,,,,,,0
timing-1600x900-3-3,129,1,7.294000,,,,,,,,,,0
timing-1600x900-3-3,130,1,7.472000,,,,,,,,,,0
timing-1600x900-3-3,131,1,7.448000,,,,,,,,,,0
timing-1600x900-3-3,132,1,7.445000,,,,,,,,,,0
timing-1600x900-3-3,133,1,7.193000,,,,,,,,,,0
timing-1600x900-3-3,134,1,7.363000,,,,,,,,,,0
timing-1600x900-3-3,135,1,7.488000,,,,,,,,,,0
timing-1600x900-3-3,136,1,7.609000,,,,,,,,,,0
timing-1600x900-3-3,137,1,7.720000,,,,,,,,,,0
timing-1600x900-3-3,138,1,7.790000,,,,,,,,,,0
timing-1600x900-3-3,139,1,7.775000,,,,,,,,,,0
timing-1600x900-3-3,140,1,7.577000,,,,,,,,,,0
timing-1600x900-3-3,141,1,7.835000,,,,,,,,,,0
timing-1600x900-3-3,142,1,7.684000,,,,,,,,,,0
timing-1600x900-3-3,143,1,7.597000,,,,,,,,,,0
timing-1600x900-3-3,144,1,7.600000,,,,,,,,,,0
timing-1600x900-3-3,145,1,7.607000,,,,,,,,,,0
timing-1600x900-3-3,146,1,7.590000,,,,,,,,,,0
timing-1600x900-3-3,147,1,7.407000,,,,,,,,,,0
timing-1600x900-3-3,148,1,7.489000,,,,,,,,,,0
timing-1600x900-3-3,149,1,7.611000,,,,,,,,,,0
timing-1600x900-3-3,150,1,7.239000,,,,,,,,,,0
timing-1600x900-3-3,151,1,7.117000,,,,,,,,,,0
timing-1600x900-3-3,152,1,7.095000,,,,,,,,,,0
timing-1600x900-3-3,153,1,7.160000,,,,,,,,,,0
timing-1600x900-3-3,154,1,7.451000,,,,,,,,,,0
timing-1600x900-3-3,155,1,7.432000,,,,,,,,,,0
timing-1600x900-3-3,156,1,7.518000,,,,,,,,,,0
timing-1600x900-3-3,157,1,7.533000,,,,,,,,,,0
timing-1600x900-3-3,158,1,7.462000,,,,,,,,,,0
timing-1600x900-3-3,159,1,7.600000,,,,,,,,,,0
timing-1600x900-3-3,160,1,7.457000,,,,,,,,,,0
timing-1600x900-3-3,161,1,7.358000,,,,,,,,,,0
timing-1600x900-3-3,162,1,7.820000,,,,,,,,,,0
timing-1600x900-3-3,163,1,7.373000,,,,,,,,,,0
timing-1600x900-3-3,164,1,7.458000,,,,,,,,,,0
timing-1600x900-3-3,165,1,7.511000,,,,,,,,,,0
timing-1600x900-3-3,166,1,7.177000,,,,,,,,,,0
timing-1600x900-3-3,167,1,7.252000,,,,,,,,,,0
timing-1600x900-3-3,168,1,7.176000,,,,,,,,,,0
timing-1600x900-3-3,169,1,7.140000,,,,,,,,,,0
timing-1600x900-3-3,170,1,7.133000,,,,,,,,,,0
timing-1600x900-3-3,171,1,7.403000,,,,,,,,,,0
timing-1600x900-3-3,172,1,7.428000,,,,,,,,,,0
timing-1600x900-3-3,173,1,7.415000,,,,,,,,,,0
timing-1600x900-3-3,174,1,7.396000,,,,,,,,,,0
timing-1600x900-3-3,175,1,7.518000,,,,,,,,,,0
timing-1600x900-3-3,176,1,7.412000,,,,,,,,,,0
timing-1600x900-3-3,177,1,7.430000,,,,,,,,,,0
timing-1600x900-3-3,178,1,7.589000,,,,,,,,,,0
timing-1600x900-3-3,179,1,7.424000,,,,,,,,,,0
timing-1600x900-3-3,180,1,7.396000,,,,,,,,,,0
timing-1600x900-3-3,181,1,7.430000,,,,,,,,,,0
timing-1600x900-3-3,182,1,7.516000,,,,,,,,,,0
timing-1600x900-3-3,183,1,7.532000,,,,,,,,,,0
timing-1600x900-3-3,184,1,7.572000,,,,,,,,,,0
timing-1600x900-3-3,185,1,7.484000,,,,,,,,,,0
timing-1600x900-3-3,186,1,7.466000,,,,,,,,,,0
timing-1600x900-3-3,187,1,7.447000,,,,,,,,,,0
timing-1600x900-3-3,188,1,7.455000,,,,,,,,,,0
timing-1600x900-3-3,189,1,7.469000,,,,,,,,,,0
timing-1600x900-3-3,190,1,7.463000,,,,,,,,,,0
timing-1600x900-3-3,191,1,7.223000,,,,,,,,,,0
timing-1600x900-3-3,192,1,7.297000,,,,,,,,,,0
timing-1600x900-3-3,193,1,7.356000,,,,,,,,,,0
timing-1600x900-3-3,194,1,7.467000,,,,,,,,,,0
timing-1600x900-3-3,195,1,7.634000,,,,,,,,,,0
timing-1600x900-3-3,196,1,7.357000,,,,,,,,,,0
timing-1600x900-3-3,197,1,7.465000,,,,,,,,,,0
timing-1600x900-3-3,198,1,7.364000,,,,,,,,,,0
timing-1600x900-3-3,199,1,7.444000,,,,,,,,,,0
timing-1600x900-3-3,200,1,7.476000,,,,,,,,,,0
timing-1600x900-3-3,201,1,7.360000,,,,,,,,,,0
timing-1600x900-3-3,202,1,7.414000,,,,,,,,,,0
timing-1600x900-3-3,203,1,7.495000,,,,,,,,,,0
timing-1600x900-3-3,204,1,7.234000,,,,,,,,,,0
timing-1600x900-3-3,205,1,7.222000,,,,,,,,,,0
timing-1600x900-3-3,206,1,7.134000,,,,,,,,,,0
timing-1600x900-3-3,207,1,7.255000,,,,,,,,,,0
timing-1600x900-3-3,208,1,7.223000,,,,,,,,,,0
timing-1600x900-3-3,209,1,7.365000,,,,,,,,,,0
timing-1600x900-3-3,210,1,7.261000,,,,,,,,,,0
timing-1600x900-3-3,211,1,7.344000,,,,,,,,,,0
timing-1600x900-3-3,212,1,7.213000,,,,,,,,,,0
timing-1600x900-3-3,213,1,7.333000,,,,,,,,,,0
timing-1600x900-3-3,214,1,7.214000,,,,,,,,,,0
timing-1600x900-3-3,215,1,7.214000,,,,,,,,,,0
timing-1600x900-3-3,216,1,7.294000,,,,,,,,,,0
timing-1600x900-3-3,217,1,7.181000,,,,,,,,,,0
timing-1600x900-3-3,218,1,7.326000,,,,,,,,,,0
timing-1600x900-3-3,219,1,7.280000,,,,,,,,,,0
timing-1600x900-3-3,220,1,7.367000,,,,,,,,,,0
timing-1600x900-3-3,221,1,7.462000,,,,,,,,,,0
timing-1600x900-3-3,222,1,7.471000,,,,,,,,,,0
timing-1600x900-3-3,223,1,7.449000,,,,,,,,,,0
timing-1600x900-3-3,224,1,7.443000,,,,,,,,,,0
timing-1600x900-3-3,225,1,7.392000,,,,,,,,,,0
timing-1600x900-3-3,226,1,7.428000,,,,,,,,,,0
timing-1600x900-3-3,227,1,7.503000,,,,,,,,,,0
timing-1600x900-3-3,228,1,7.425000,,,,,,,,,,0
timing-1600x900-3-3,229,1,7.325000,,,,,,,,,,0
timing-1600x900-3-3,230,1,7.365000,,,,,,,,,,0
timing-1600x900-3-3,231,1,7.365000,,,,,,,,,,0
timing-1600x900-3-3,232,1,7.398000,,,,,,,,,,0
timing-1600x900-3-3,233,1,7.414000,,,,,,,,,,0
timing-1600x900-3-3,234,1,7.441000,,,,,,,,,,0
timing-1600x900-3-3,235,1,7.502000,,,,,,,,,,0
timing-1600x900-3-3,236,1,7.460000,,,,,,,,,,0
timing-1600x900-3-3,237,1,7.415000,,,,,,,,,,0
timing-1600x900-3-3,238,1,7.466000,,,,,,,,,,0
timing-1600x900-3-3,239,1,7.455000,,,,,,,,,,0
timing-1600x900-3-3,240,1,7.177000,,,,,,,,,,0
timing-1600x900-3-3,241,1,7.340000,,,,,,,,,,0
timing-1600x900-3-3,242,1,7.185000,,,,,,,,,,0
timing-1600x900-3-3,243,1,7.188000,,,,,,,,,,0
timing-1600x900-3-3,244,1,7.240000,,,,,,,,,,0
timing-1600x900-3-3,245,1,7.323000,,,,,,,,,,0
timing-1600x900-3-3,246,1,7.376000,,,,,,,,,,0
timing-1600x900-3-3,247,1,7.512000,,,,,,,,,,0
timing-1600x900-3-3,248,1,7.267000,,,,,,,,,,0
timing-1600x900-3-3,249,1,7.394000,,,,,,,,,,0
timing-1600x900-3-3,250,1,7.300000,,,,,,,,,,0
timing-1600x900-3-3,251,1,7.368000,,,,,,,,,,0
timing-1600x900-3-3,252,1,7.518000,,,,,,,,,,0
timing-1600x900-3-3,253,1,7.474000,,,,,,,,,,0
timing-1600x900-3-3,254,1,7.500000,,,,,,,,,,0
timing-1600x900-3-3,255,1,7.395000,,,,,,,,,,0
timing-1600x900-3-3,256,1,7.457000,,,,,,,,,,0
timing-1600x900-3-3,257,1,7.337000,,,,,,,,,,0
timing-1600x900-3-3,258,1,7.382000,,,,,,,,,,0
timing-1600x900-3-3,259,1,7.369000,,,,,,,,,,0
timing-1600x900-3-3,260,1,7.468000,,,,,,,,,,0
timing-1600x900-3-3,261,1,7.529000,,,,,,,,,,0
timing-1600x900-3-3,262,1,7.417000,,,,,,,,,,0
timing-1600x900-3-3,263,1,7.421000,,,,,,,,,,0
timing-1600x900-3-3,264,1,7.394000,,,,,,,,,,0
timing-1600x900-3-3,265,1,7.494000,,,,,,,,,,0
timing-1600x900-3-3,266,1,7.437000,,,,,,,,,,0
timing-1600x900-3-3,267,1,7.191000,,,,,,,,,,0
timing-1600x900-3-3,268,1,7.159000,,,,,,,,,,0
timing-1600x900-3-3,269,1,7.187000,,,,,,,,,,0
timing-1600x900-3-3,270,1,7.293000,,,,,,,,,,0
timing-1600x900-3-3,271,1,7.447000,,,,,,,,,,0
timing-1600x900-3-3,272,1,7.506000,,,,,,,,,,0
timing-1600x900-3-3,273,1,7.282000,,,,,,,,,,0
timing-1600x900-3-3,274,1,7.157000,,,,,,,,,,0
timing-1600x900-3-3,275,1,7.215000,,,,,,,,,,0
timing-1600x900-3-3,276,1,7.109000,,,,,,,,,,0
timing-1600x900-3-3,277,1,7.195000,,,,,,,,,,0
timing-1600x900-3-3,278,1,7.195000,,,,,,,,,,0
timing-1600x900-3-3,279,1,7.172000,,,,,,,,,,0
timing-1600x900-3-3,280,1,7.121000,,,,,,,,,,0
timing-1600x900-3-3,281,1,7.212000,,,,,,,,,,0
timing-1600x900-3-3,282,1,7.179000,,,,,,,,,,0
timing-1600x900-3-3,283,1,7.293000,,,,,,,,,,0
timing-1600x900-3-3,284,1,7.372000,,,,,,,,,,0
timing-1600x900-3-3,285,1,7.296000,,,,,,,,,,0
timing-1600x900-3-3,286,1,7.610000,,,,,,,,,,0
timing-1600x900-3-3,287,1,7.541000,,,,,,,,,,0
timing-1600x900-3-3,288,1,7.449000,,,,,,,,,,0
timing-1600x900-3-3,289,1,7.323000,,,,,,,,,,0
timing-1600x900-3-3,290,1,7.505000,,,,,,,,,,0
timing-1600x900-3-3,291,1,7.362000,,,,,,,,,,0
timing-1600x900-3-3,292,1,7.414000,,,,,,,,,,0
timing-1600x900-3-3,293,1,7.173000,,,,,,,,,,0
timing-1600x900-3-3,294,1,7.182000,,,,,,,,,,0
timing-1600x900-3-3,295,1,7.236000,,,,,,,,,,0
timing-1600x900-3-3,296,1,7.281000,,,,,,,,,,0
timing-1600x900-3-3,297,1,7.195000,,,,,,,,,,0
timing-1600x900-3-3,298,1,7.165000,,,,,,,,,,0
timing-1600x900-3-3,299,1,7.300000,,,,,,,,,,0
timing-1600x900-3-3,300,1,7.351000,,,,,,,,,,0
timing-1600x900-3-3,301,1,7.440000,,,,,,,,,,0
timing-1600x900-3-3,302,1,7.412000,,,,,,,,,,0
timing-1600x900-3-3,303,1,7.455000,,,,,,,,,,0
timing-1600x900-3-3,304,1,7.548000,,,,,,,,,,0
timing-1600x900-3-3,305,1,7.134000,,,,,,,,,,0
timing-1600x900-3-3,306,1,7.197000,,,,,,,,,,0
timing-1600x900-3-3,307,1,7.181000,,,,,,,,,,0
timing-1600x900-3-3,308,1,7.197000,,,,,,,,,,0
timing-1600x900-3-3,309,1,7.290000,,,,,,,,,,0
timing-1600x900-3-3,310,1,7.143000,,,,,,,,,,0
timing-1600x900-3-3,311,1,7.247000,,,,,,,,,,0
timing-1600x900-3-3,312,1,7.194000,,,,,,,,,,0
timing-1600x900-3-3,313,1,7.193000,,,,,,,,,,0
timing-1600x900-3-3,314,1,7.259000,,,,,,,,,,0
timing-1600x900-3-3,315,1,7.331000,,,,,,,,,,0
timing-1600x900-3-3,316,1,7.224000,,,,,,,,,,0
timing-1600x900-3-3,317,1,7.151000,,,,,,,,,,0
timing-1600x900-3-3,318,1,7.173000,,,,,,,,,,0
timing-1600x900-3-3,319,1,7.202000,0,0,0.999511719,0.361087472,0.40807074,452,120,0,0,1
timing-1920x1080-1-0,0,1,1202.640000,0,0,0.999511719,0.362065608,0.408951316,1254,352,0,0,1
timing-1920x1080-1-0,1,1,14.457000,,,,,,,,,,0
timing-1920x1080-1-0,2,1,11.171000,,,,,,,,,,0
timing-1920x1080-1-0,3,1,10.964000,,,,,,,,,,0
timing-1920x1080-1-0,4,1,10.908000,,,,,,,,,,0
timing-1920x1080-1-0,5,1,10.686000,,,,,,,,,,0
timing-1920x1080-1-0,6,1,10.399000,,,,,,,,,,0
timing-1920x1080-1-0,7,1,10.614000,,,,,,,,,,0
timing-1920x1080-1-0,8,1,10.640000,,,,,,,,,,0
timing-1920x1080-1-0,9,1,10.404000,,,,,,,,,,0
timing-1920x1080-1-0,10,1,10.442000,,,,,,,,,,0
timing-1920x1080-1-0,11,1,10.436000,,,,,,,,,,0
timing-1920x1080-1-0,12,1,10.529000,,,,,,,,,,0
timing-1920x1080-1-0,13,1,10.559000,,,,,,,,,,0
timing-1920x1080-1-0,14,1,10.417000,,,,,,,,,,0
timing-1920x1080-1-0,15,1,10.722000,,,,,,,,,,0
timing-1920x1080-1-0,16,1,10.019000,,,,,,,,,,0
timing-1920x1080-1-0,17,1,9.910000,,,,,,,,,,0
timing-1920x1080-1-0,18,1,10.005000,,,,,,,,,,0
timing-1920x1080-1-0,19,1,10.021000,,,,,,,,,,0
timing-1920x1080-1-0,20,1,9.989000,,,,,,,,,,0
timing-1920x1080-1-0,21,1,10.002000,,,,,,,,,,0
timing-1920x1080-1-0,22,1,10.133000,,,,,,,,,,0
timing-1920x1080-1-0,23,1,10.054000,,,,,,,,,,0
timing-1920x1080-1-0,24,1,9.931000,,,,,,,,,,0
timing-1920x1080-1-0,25,1,10.005000,,,,,,,,,,0
timing-1920x1080-1-0,26,1,10.006000,,,,,,,,,,0
timing-1920x1080-1-0,27,1,9.910000,,,,,,,,,,0
timing-1920x1080-1-0,28,1,10.125000,,,,,,,,,,0
timing-1920x1080-1-0,29,1,9.903000,,,,,,,,,,0
timing-1920x1080-1-0,30,1,9.946000,,,,,,,,,,0
timing-1920x1080-1-0,31,1,9.999000,,,,,,,,,,0
timing-1920x1080-1-0,32,1,9.929000,,,,,,,,,,0
timing-1920x1080-1-0,33,1,10.154000,,,,,,,,,,0
timing-1920x1080-1-0,34,1,9.995000,,,,,,,,,,0
timing-1920x1080-1-0,35,1,10.163000,,,,,,,,,,0
timing-1920x1080-1-0,36,1,9.975000,,,,,,,,,,0
timing-1920x1080-1-0,37,1,10.095000,,,,,,,,,,0
timing-1920x1080-1-0,38,1,10.029000,,,,,,,,,,0
timing-1920x1080-1-0,39,1,10.153000,,,,,,,,,,0
timing-1920x1080-1-0,40,1,10.084000,,,,,,,,,,0
timing-1920x1080-1-0,41,1,9.990000,,,,,,,,,,0
timing-1920x1080-1-0,42,1,10.202000,,,,,,,,,,0
timing-1920x1080-1-0,43,1,10.475000,,,,,,,,,,0
timing-1920x1080-1-0,44,1,10.358000,,,,,,,,,,0
timing-1920x1080-1-0,45,1,10.437000,,,,,,,,,,0
timing-1920x1080-1-0,46,1,10.357000,,,,,,,,,,0
timing-1920x1080-1-0,47,1,10.474000,,,,,,,,,,0
timing-1920x1080-1-0,48,1,10.363000,,,,,,,,,,0
timing-1920x1080-1-0,49,1,10.271000,,,,,,,,,,0
timing-1920x1080-1-0,50,1,10.221000,,,,,,,,,,0
timing-1920x1080-1-0,51,1,9.965000,,,,,,,,,,0
timing-1920x1080-1-0,52,1,10.079000,,,,,,,,,,0
timing-1920x1080-1-0,53,1,10.013000,,,,,,,,,,0
timing-1920x1080-1-0,54,1,9.984000,,,,,,,,,,0
timing-1920x1080-1-0,55,1,10.018000,,,,,,,,,,0
timing-1920x1080-1-0,56,1,9.948000,,,,,,,,,,0
timing-1920x1080-1-0,57,1,10.171000,,,,,,,,,,0
timing-1920x1080-1-0,58,1,10.110000,,,,,,,,,,0
timing-1920x1080-1-0,59,1,10.048000,,,,,,,,,,0
timing-1920x1080-1-0,60,1,9.987000,,,,,,,,,,0
timing-1920x1080-1-0,61,1,10.012000,,,,,,,,,,0
timing-1920x1080-1-0,62,1,9.939000,,,,,,,,,,0
timing-1920x1080-1-0,63,1,9.906000,,,,,,,,,,0
timing-1920x1080-1-0,64,1,10.133000,,,,,,,,,,0
timing-1920x1080-1-0,65,1,10.164000,,,,,,,,,,0
timing-1920x1080-1-0,66,1,10.155000,,,,,,,,,,0
timing-1920x1080-1-0,67,1,9.848000,,,,,,,,,,0
timing-1920x1080-1-0,68,1,9.903000,,,,,,,,,,0
timing-1920x1080-1-0,69,1,10.055000,,,,,,,,,,0
timing-1920x1080-1-0,70,1,9.967000,,,,,,,,,,0
timing-1920x1080-1-0,71,1,10.010000,,,,,,,,,,0
timing-1920x1080-1-0,72,1,9.896000,,,,,,,,,,0
timing-1920x1080-1-0,73,1,10.062000,,,,,,,,,,0
timing-1920x1080-1-0,74,1,10.016000,,,,,,,,,,0
timing-1920x1080-1-0,75,1,10.054000,,,,,,,,,,0
timing-1920x1080-1-0,76,1,9.914000,,,,,,,,,,0
timing-1920x1080-1-0,77,1,9.903000,,,,,,,,,,0
timing-1920x1080-1-0,78,1,9.984000,,,,,,,,,,0
timing-1920x1080-1-0,79,1,10.062000,,,,,,,,,,0
timing-1920x1080-1-0,80,1,9.863000,,,,,,,,,,0
timing-1920x1080-1-0,81,1,10.256000,,,,,,,,,,0
timing-1920x1080-1-0,82,1,10.259000,,,,,,,,,,0
timing-1920x1080-1-0,83,1,10.371000,,,,,,,,,,0
timing-1920x1080-1-0,84,1,10.086000,,,,,,,,,,0
timing-1920x1080-1-0,85,1,10.072000,,,,,,,,,,0
timing-1920x1080-1-0,86,1,10.261000,,,,,,,,,,0
timing-1920x1080-1-0,87,1,10.188000,,,,,,,,,,0
timing-1920x1080-1-0,88,1,10.158000,,,,,,,,,,0
timing-1920x1080-1-0,89,1,10.008000,,,,,,,,,,0
timing-1920x1080-1-0,90,1,9.983000,,,,,,,,,,0
timing-1920x1080-1-0,91,1,10.036000,,,,,,,,,,0
timing-1920x1080-1-0,92,1,10.063000,,,,,,,,,,0
timing-1920x1080-1-0,93,1,10.243000,,,,,,,,,,0
timing-1920x1080-1-0,94,1,10.260000,,,,,,,,,,0
timing-1920x1080-1-0,95,1,10.082000,,,,,,,,,,0
timing-1920x1080-1-0,96,1,9.928000,,,,,,,,,,0
timing-1920x1080-1-0,97,1,10.024000,,,,,,,,,,0
timing-1920x1080-1-0,98,1,10.193000,,,,,,,,,,0
timing-1920x1080-1-0,99,1,10.421000,,,,,,,,,,0
timing-1920x1080-1-0,100,1,10.312000,,,,,,,,,,0
timing-1920x1080-1-0,101,1,10.152000,,,,,,,,,,0
timing-1920x1080-1-0,102,1,10.386000,,,,,,,,,,0
timing-1920x1080-1-0,103,1,9.952000,,,,,,,,,,0
timing-1920x1080-1-0,104,1,10.103000,,,,,,,,,,0
timing-1920x1080-1-0,105,1,10.158000,,,,,,,,,,0
timing-1920x1080-1-0,106,1,10.010000,,,,,,,,,,0
timing-1920x1080-1-0,107,1,10.075000,,,,,,,,,,0
timing-1920x1080-1-0,108,1,10.157000,,,,,,,,,,0
timing-1920x1080-1-0,109,1,10.228000,,,,,,,,,,0
timing-1920x1080-1-0,110,1,10.275000,,,,,,,,,,0
timing-1920x1080-1-0,111,1,10.104000,,,,,,,,,,0
timing-1920x1080-1-0,112,1,10.250000,,,,,,,,,,0
timing-1920x1080-1-0,113,1,10.211000,,,,,,,,,,0
timing-1920x1080-1-0,114,1,10.345000,,,,,,,,,,0
timing-1920x1080-1-0,115,1,10.017000,,,,,,,,,,0
timing-1920x1080-1-0,116,1,10.034000,,,,,,,,,,0
timing-1920x1080-1-0,117,1,9.890000,,,,,,,,,,0
timing-1920x1080-1-0,118,1,9.930000,,,,,,,,,,0
timing-1920x1080-1-0,119,1,10.108000,,,,,,,,,,0
timing-1920x1080-1-0,120,1,10.253000,,,,,,,,,,0
timing-1920x1080-1-0,121,1,10.161000,,,,,,,,,,0
timing-1920x1080-1-0,122,1,10.234000,,,,,,,,,,0
timing-1920x1080-1-0,123,1,10.231000,,,,,,,,,,0
timing-1920x1080-1-0,124,1,10.235000,,,,,,,,,,0
timing-1920x1080-1-0,125,1,10.090000,,,,,,,,,,0
timing-1920x1080-1-0,126,1,10.302000,,,,,,,,,,0
timing-1920x1080-1-0,127,1,10.194000,,,,,,,,,,0
timing-1920x1080-1-0,128,1,10.143000,,,,,,,,,,0
timing-1920x1080-1-0,129,1,10.121000,,,,,,,,,,0
timing-1920x1080-1-0,130,1,10.168000,,,,,,,,,,0
timing-1920x1080-1-0,131,1,10.257000,,,,,,,,,,0
timing-1920x1080-1-0,132,1,10.158000,,,,,,,,,,0
timing-1920x1080-1-0,133,1,10.175000,,,,,,,,,,0
timing-1920x1080-1-0,134,1,10.262000,,,,,,,,,,0
timing-1920x1080-1-0,135,1,10.194000,,,,,,,,,,0
timing-1920x1080-1-0,136,1,10.002000,,,,,,,,,,0
timing-1920x1080-1-0,137,1,9.981000,,,,,,,,,,0
timing-1920x1080-1-0,138,1,10.240000,,,,,,,,,,0
timing-1920x1080-1-0,139,1,10.106000,,,,,,,,,,0
timing-1920x1080-1-0,140,1,10.295000,,,,,,,,,,0
timing-1920x1080-1-0,141,1,9.982000,,,,,,,,,,0
timing-1920x1080-1-0,142,1,10.127000,,,,,,,,,,0
timing-1920x1080-1-0,143,1,10.036000,,,,,,,,,,0
timing-1920x1080-1-0,144,1,10.270000,,,,,,,,,,0
timing-1920x1080-1-0,145,1,10.160000,,,,,,,,,,0
timing-1920x1080-1-0,146,1,10.107000,,,,,,,,,,0
timing-1920x1080-1-0,147,1,9.951000,,,,,,,,,,0
timing-1920x1080-1-0,148,1,9.942000,,,,,,,,,,0
timing-1920x1080-1-0,149,1,9.983000,,,,,,,,,,0
timing-1920x1080-1-0,150,1,10.167000,,,,,,,,,,0
timing-1920x1080-1-0,151,1,10.158000,,,,,,,,,,0
timing-1920x1080-1-0,152,1,10.367000,,,,,,,,,,0
timing-1920x1080-1-0,153,1,10.165000,,,,,,,,,,0
timing-1920x1080-1-0,154,1,10.207000,,,,,,,,,,0
timing-1920x1080-1-0,155,1,10.427000,,,,,,,,,,0
timing-1920x1080-1-0,156,1,10.382000,,,,,,,,,,0
timing-1920x1080-1-0,157,1,10.287000,,,,,,,,,,0
timing-1920x1080-1-0,158,1,10.203000,,,,,,,,,,0
timing-1920x1080-1-0,159,1,9.998000,,,,,,,,,,0
timing-1920x1080-1-0,160,1,10.036000,,,,,,,,,,0
timing-1920x1080-1-0,161,1,9.897000,,,,,,,,,,0
timing-1920x1080-1-0,162,1,9.994000,,,,,,,,,,0
timing-1920x1080-1-0,163,1,10.150000,,,,,,,,,,0
timing-1920x1080-1-0,164,1,10.103000,,,,,,,,,,0
timing-1920x1080-1-0,165,1,10.099000,,,,,,,,,,0
timing-1920x1080-1-0,166,1,9.993000,,,,,,,,,,0
timing-1920x1080-1-0,167,1,10.099000,,,,,,,,,,0
timing-1920x1080-1-0,168,1,10.106000,,,,,,,,,,0
timing-1920x1080-1-0,169,1,10.136000,,,,,,,,,,0
timing-1920x1080-1-0,170,1,10.253000,,,,,,,,,,0
timing-1920x1080-1-0,171,1,10.346000,,,,,,,,,,0
timing-1920x1080-1-0,172,1,10.243000,,,,,,,,,,0
timing-1920x1080-1-0,173,1,10.333000,,,,,,,,,,0
timing-1920x1080-1-0,174,1,10.262000,,,,,,,,,,0
timing-1920x1080-1-0,175,1,10.306000,,,,,,,,,,0
timing-1920x1080-1-0,176,1,10.135000,,,,,,,,,,0
timing-1920x1080-1-0,177,1,10.160000,,,,,,,,,,0
timing-1920x1080-1-0,178,1,10.157000,,,,,,,,,,0
timing-1920x1080-1-0,179,1,10.185000,,,,,,,,,,0
timing-1920x1080-1-0,180,1,10.041000,,,,,,,,,,0
timing-1920x1080-1-0,181,1,9.986000,,,,,,,,,,0
timing-1920x1080-1-0,182,1,9.864000,,,,,,,,,,0
timing-1920x1080-1-0,183,1,10.144000,,,,,,,,,,0
timing-1920x1080-1-0,184,1,10.218000,,,,,,,,,,0
timing-1920x1080-1-0,185,1,10.194000,,,,,,,,,,0
timing-1920x1080-1-0,186,1,10.231000,,,,,,,,,,0
timing-1920x1080-1-0,187,1,10.241000,,,,,,,,,,0
timing-1920x1080-1-0,188,1,10.160000,,,,,,,,,,0
timing-1920x1080-1-0,189,1,9.943000,,,,,,,,,,0
timing-1920x1080-1-0,190,1,10.099000,,,,,,,,,,0
timing-1920x1080-1-0,191,1,10.204000,,,,,,,,,,0
timing-1920x1080-1-0,192,1,10.066000,,,,,,,,,,0
timing-1920x1080-1-0,193,1,10.181000,,,,,,,,,,0
timing-1920x1080-1-0,194,1,9.936000,,,,,,,,,,0
timing-1920x1080-1-0,195,1,10.385000,,,,,,,,,,0
timing-1920x1080-1-0,196,1,10.124000,,,,,,,,,,0
timing-1920x1080-1-0,197,1,10.170000,,,,,,,,,,0
timing-1920x1080-1-0,198,1,10.303000,,,,,,,,,,0
timing-1920x1080-1-0,199,1,10.026000,,,,,,,,,,0
timing-1920x1080-1-0,200,1,9.893000,,,,,,,,,,0
timing-1920x1080-1-0,201,1,10.066000,,,,,,,,,,0
timing-1920x1080-1-0,202,1,9.911000,,,,,,,,,,0
timing-1920x1080-1-0,203,1,10.302000,,,,,,,,,,0
timing-1920x1080-1-0,204,1,9.933000,,,,,,,,,,0
timing-1920x1080-1-0,205,1,10.085000,,,,,,,,,,0
timing-1920x1080-1-0,206,1,9.953000,,,,,,,,,,0
timing-1920x1080-1-0,207,1,10.050000,,,,,,,,,,0
timing-1920x1080-1-0,208,1,10.030000,,,,,,,,,,0
timing-1920x1080-1-0,209,1,10.329000,,,,,,,,,,0
timing-1920x1080-1-0,210,1,9.967000,,,,,,,,,,0
timing-1920x1080-1-0,211,1,10.001000,,,,,,,,,,0
timing-1920x1080-1-0,212,1,9.964000,,,,,,,,,,0
timing-1920x1080-1-0,213,1,10.224000,,,,,,,,,,0
timing-1920x1080-1-0,214,1,10.168000,,,,,,,,,,0
timing-1920x1080-1-0,215,1,10.392000,,,,,,,,,,0
timing-1920x1080-1-0,216,1,10.202000,,,,,,,,,,0
timing-1920x1080-1-0,217,1,10.104000,,,,,,,,,,0
timing-1920x1080-1-0,218,1,10.172000,,,,,,,,,,0
timing-1920x1080-1-0,219,1,10.048000,,,,,,,,,,0
timing-1920x1080-1-0,220,1,10.217000,,,,,,,,,,0
timing-1920x1080-1-0,221,1,10.172000,,,,,,,,,,0
timing-1920x1080-1-0,222,1,10.250000,,,,,,,,,,0
timing-1920x1080-1-0,223,1,10.010000,,,,,,,,,,0
timing-1920x1080-1-0,224,1,10.018000,,,,,,,,,,0
timing-1920x1080-1-0,225,1,9.962000,,,,,,,,,,0
timing-1920x1080-1-0,226,1,10.248000,,,,,,,,,,0
timing-1920x1080-1-0,227,1,10.362000,,,,,,,,,,0
timing-1920x1080-1-0,228,1,10.290000,,,,,,,,,,0
timing-1920x1080-1-0,229,1,10.205000,,,,,,,,,,0
timing-1920x1080-1-0,230,1,10.271000,,,,,,,,,,0
timing-1920x1080-1-0,231,1,10.195000,,,,,,,,,,0
timing-1920x1080-1-0,232,1,10.222000,,,,,,,,,,0
timing-1920x1080-1-0,233,1,10.215000,,,,,,,,,,0
timing-1920x1080-1-0,234,1,10.476000,,,,,,,,,,0
timing-1920x1080-1-0,235,1,10.151000,,,,,,,,,,0
timing-1920x1080-1-0,236,1,10.285000,,,,,,,,,,0
timing-1920x1080-1-0,237,1,10.338000,,,,,,,,,,0
timing-1920x1080-1-0,238,1,10.126000,,,,,,,,,,0
timing-1920x1080-1-0,239,1,10.207000,,,,,,,,,,0
timing-1920x1080-1-0,240,1,10.190000,,,,,,,,,,0
timing-1920x1080-1-0,241,1,10.251000,,,,,,,,,,0
timing-1920x1080-1-0,242,1,10.161000,,,,,,,,,,0
timing-1920x1080-1-0,243,1,10.217000,,,,,,,,,,0
timing-1920x1080-1-0,244,1,10.092000,,,,,,,,,,0
timing-1920x1080-1-0,245,1,10.174000,,,,,,,,,,0
timing-1920x1080-1-0,246,1,10.153000,,,,,,,,,,0
timing-1920x1080-1-0,247,1,10.229000,,,,,,,,,,0
timing-1920x1080-1-0,248,1,10.349000,,,,,,,,,,0
timing-1920x1080-1-0,249,1,10.431000,,,,,,,,,,0
timing-1920x1080-1-0,250,1,10.410000,,,,,,,,,,0
timing-1920x1080-1-0,251,1,10.423000,,,,,,,,,,0
timing-1920x1080-1-0,252,1,10.361000,,,,,,,,,,0
timing-1920x1080-1-0,253,1,10.284000,,,,,,,,,,0
timing-1920x1080-1-0,254,1,10.380000,,,,,,,,,,0
timing-1920x1080-1-0,255,1,10.346000,,,,,,,,,,0
timing-1920x1080-1-0,256,1,10.563000,,,,,,,,,,0
timing-1920x1080-1-0,257,1,10.462000,,,,,,,,,,0
timing-1920x1080-1-0,258,1,10.351000,,,,,,,,,,0
timing-1920x1080-1-0,259,1,10.333000,,,,,,,,,,0
timing-1920x1080-1-0,260,1,10.253000,,,,,,,,,,0
timing-1920x1080-1-0,261,1,10.267000,,,,,,,,,,0
timing-1920x1080-1-0,262,1,9.966000,,,,,,,,,,0
timing-1920x1080-1-0,263,1,10.081000,,,,,,,,,,0
timing-1920x1080-1-0,264,1,10.284000,,,,,,,,,,0
timing-1920x1080-1-0,265,1,10.092000,,,,,,,,,,0
timing-1920x1080-1-0,266,1,10.129000,,,,,,,,,,0
timing-1920x1080-1-0,267,1,10.023000,,,,,,,,,,0
timing-1920x1080-1-0,268,1,10.010000,,,,,,,,,,0
timing-1920x1080-1-0,269,1,10.317000,,,,,,,,,,0
timing-1920x1080-1-0,270,1,10.225000,,,,,,,,,,0
timing-1920x1080-1-0,271,1,10.322000,,,,,,,,,,0
timing-1920x1080-1-0,272,1,9.992000,,,,,,,,,,0
timing-1920x1080-1-0,273,1,10.091000,,,,,,,,,,0
timing-1920x1080-1-0,274,1,9.919000,,,,,,,,,,0
timing-1920x1080-1-0,275,1,10.003000,,,,,,,,,,0
timing-1920x1080-1-0,276,1,10.186000,,,,,,,,,,0
timing-1920x1080-1-0,277,1,10.258000,,,,,,,,,,0
timing-1920x1080-1-0,278,1,10.150000,,,,,,,,,,0
timing-1920x1080-1-0,279,1,10.199000,,,,,,,,,,0
timing-1920x1080-1-0,280,1,10.193000,,,,,,,,,,0
timing-1920x1080-1-0,281,1,10.311000,,,,,,,,,,0
timing-1920x1080-1-0,282,1,10.299000,,,,,,,,,,0
timing-1920x1080-1-0,283,1,10.300000,,,,,,,,,,0
timing-1920x1080-1-0,284,1,10.151000,,,,,,,,,,0
timing-1920x1080-1-0,285,1,10.224000,,,,,,,,,,0
timing-1920x1080-1-0,286,1,10.298000,,,,,,,,,,0
timing-1920x1080-1-0,287,1,10.272000,,,,,,,,,,0
timing-1920x1080-1-0,288,1,10.130000,,,,,,,,,,0
timing-1920x1080-1-0,289,1,10.288000,,,,,,,,,,0
timing-1920x1080-1-0,290,1,9.982000,,,,,,,,,,0
timing-1920x1080-1-0,291,1,9.966000,,,,,,,,,,0
timing-1920x1080-1-0,292,1,10.127000,,,,,,,,,,0
timing-1920x1080-1-0,293,1,10.107000,,,,,,,,,,0
timing-1920x1080-1-0,294,1,10.222000,,,,,,,,,,0
timing-1920x1080-1-0,295,1,10.069000,,,,,,,,,,0
timing-1920x1080-1-0,296,1,10.163000,,,,,,,,,,0
timing-1920x1080-1-0,297,1,10.202000,,,,,,,,,,0
timing-1920x1080-1-0,298,1,10.258000,,,,,,,,,,0
timing-1920x1080-1-0,299,1,10.176000,,,,,,,,,,0
timing-1920x1080-1-0,300,1,10.221000,,,,,,,,,,0
timing-1920x1080-1-0,301,1,10.203000,,,,,,,,,,0
timing-1920x1080-1-0,302,1,10.315000,,,,,,,,,,0
timing-1920x1080-1-0,303,1,10.305000,,,,,,,,,,0
timing-1920x1080-1-0,304,1,10.276000,,,,,,,,,,0
timing-1920x1080-1-0,305,1,10.279000,,,,,,,,,,0
timing-1920x1080-1-0,306,1,9.998000,,,,,,,,,,0
timing-1920x1080-1-0,307,1,10.070000,,,,,,,,,,0
timing-1920x1080-1-0,308,1,10.300000,,,,,,,,,,0
timing-1920x1080-1-0,309,1,10.203000,,,,,,,,,,0
timing-1920x1080-1-0,310,1,10.235000,,,,,,,,,,0
timing-1920x1080-1-0,311,1,10.290000,,,,,,,,,,0
timing-1920x1080-1-0,312,1,10.031000,,,,,,,,,,0
timing-1920x1080-1-0,313,1,10.114000,,,,,,,,,,0
timing-1920x1080-1-0,314,1,10.208000,,,,,,,,,,0
timing-1920x1080-1-0,315,1,10.121000,,,,,,,,,,0
timing-1920x1080-1-0,316,1,10.058000,,,,,,,,,,0
timing-1920x1080-1-0,317,1,10.255000,,,,,,,,,,0
timing-1920x1080-1-0,318,1,10.238000,,,,,,,,,,0
timing-1920x1080-1-0,319,1,10.212000,0,0,0.999511719,0.362065608,0.408951316,1254,352,0,0,1
timing-1920x1080-1-1,0,1,1201.423000,0,0,0.999511719,0.362065608,0.408951316,1254,352,0,0,1
timing-1920x1080-1-1,1,1,13.409000,,,,,,,,,,0
timing-1920x1080-1-1,2,1,11.024000,,,,,,,,,,0
timing-1920x1080-1-1,3,1,10.829000,,,,,,,,,,0
timing-1920x1080-1-1,4,1,10.353000,,,,,,,,,,0
timing-1920x1080-1-1,5,1,10.391000,,,,,,,,,,0
timing-1920x1080-1-1,6,1,10.643000,,,,,,,,,,0
timing-1920x1080-1-1,7,1,10.519000,,,,,,,,,,0
timing-1920x1080-1-1,8,1,10.389000,,,,,,,,,,0
timing-1920x1080-1-1,9,1,10.461000,,,,,,,,,,0
timing-1920x1080-1-1,10,1,10.447000,,,,,,,,,,0
timing-1920x1080-1-1,11,1,10.422000,,,,,,,,,,0
timing-1920x1080-1-1,12,1,10.530000,,,,,,,,,,0
timing-1920x1080-1-1,13,1,10.387000,,,,,,,,,,0
timing-1920x1080-1-1,14,1,10.420000,,,,,,,,,,0
timing-1920x1080-1-1,15,1,10.324000,,,,,,,,,,0
timing-1920x1080-1-1,16,1,9.941000,,,,,,,,,,0
timing-1920x1080-1-1,17,1,10.054000,,,,,,,,,,0
timing-1920x1080-1-1,18,1,9.936000,,,,,,,,,,0
timing-1920x1080-1-1,19,1,10.007000,,,,,,,,,,0
timing-1920x1080-1-1,20,1,9.945000,,,,,,,,,,0
timing-1920x1080-1-1,21,1,9.862000,,,,,,,,,,0
timing-1920x1080-1-1,22,1,10.115000,,,,,,,,,,0
timing-1920x1080-1-1,23,1,10.089000,,,,,,,,,,0
timing-1920x1080-1-1,24,1,9.931000,,,,,,,,,,0
timing-1920x1080-1-1,25,1,9.916000,,,,,,,,,,0
timing-1920x1080-1-1,26,1,9.835000,,,,,,,,,,0
timing-1920x1080-1-1,27,1,9.827000,,,,,,,,,,0
timing-1920x1080-1-1,28,1,10.043000,,,,,,,,,,0
timing-1920x1080-1-1,29,1,9.978000,,,,,,,,,,0
timing-1920x1080-1-1,30,1,10.154000,,,,,,,,,,0
timing-1920x1080-1-1,31,1,9.928000,,,,,,,,,,0
timing-1920x1080-1-1,32,1,9.980000,,,,,,,,,,0
timing-1920x1080-1-1,33,1,9.946000,,,,,,,,,,0
timing-1920x1080-1-1,34,1,10.089000,,,,,,,,,,0
timing-1920x1080-1-1,35,1,9.984000,,,,,,,,,,0
timing-1920x1080-1-1,36,1,10.029000,,,,,,,,,,0
timing-1920x1080-1-1,37,1,10.024000,,,,,,,,,,0
timing-1920x1080-1-1,38,1,9.940000,,,,,,,,,,0
timing-1920x1080-1-1,39,1,10.067000,,,,,,,,,,0
timing-1920x1080-1-1,40,1,10.194000,,,,,,,,,,0
timing-1920x1080-1-1,41,1,9.962000,,,,,,,,,,0
timing-1920x1080-1-1,42,1,9.935000,,,,,,,,,,0
timing-1920x1080-1-1,43,1,10.012000,,,,,,,,,,0
timing-1920x1080-1-1,44,1,9.993000,,,,,,,,,,0
timing-1920x1080-1-1,45,1,9.996000,,,,,,,,,,0
timing-1920x1080-1-1,46,1,10.019000,,,,,,,,,,0
timing-1920x1080-1-1,47,1,9.994000,,,,,,,,,,0
timing-1920x1080-1-1,48,1,9.889000,,,,,,,,,,0
timing-1920x1080-1-1,49,1,9.955000,,,,,,,,,,0
timing-1920x1080-1-1,50,1,10.115000,,,,,,,,,,0
timing-1920x1080-1-1,51,1,10.031000,,,,,,,,,,0
timing-1920x1080-1-1,52,1,9.969000,,,,,,,,,,0
timing-1920x1080-1-1,53,1,9.922000,,,,,,,,,,0
timing-1920x1080-1-1,54,1,9.998000,,,,,,,,,,0
timing-1920x1080-1-1,55,1,9.997000,,,,,,,,,,0
timing-1920x1080-1-1,56,1,10.003000,,,,,,,,,,0
timing-1920x1080-1-1,57,1,9.917000,,,,,,,,,,0
timing-1920x1080-1-1,58,1,9.919000,,,,,,,,,,0
timing-1920x1080-1-1,59,1,9.944000,,,,,,,,,,0
timing-1920x1080-1-1,60,1,10.114000,,,,,,,,,,0
timing-1920x1080-1-1,61,1,9.922000,,,,,,,,,,0
timing-1920x1080-1-1,62,1,10.068000,,,,,,,,,,0
timing-1920x1080-1-1,63,1,9.951000,,,,,,,,,,0
timing-1920x1080-1-1,64,1,9.933000,,,,,,,,,,0
timing-1920x1080-1-1,65,1,9.966000,,,,,,,,,,0
timing-1920x1080-1-1,66,1,10.038000,,,,,,,,,,0
timing-1920x1080-1-1,67,1,10.013000,,,,,,,,,,0
timing-1920x1080-1-1,68,1,10.067000,,,,,,,,,,0
timing-1920x1080-1-1,69,1,10.013000,,,,,,,,,,0
timing-1920x1080-1-1,70,1,10.010000,,,,,,,,,,0
timing-1920x1080-1-1,71,1,9.899000,,,,,,,,,,0
timing-1920x1080-1-1,72,1,10.083000,,,,,,,,,,0
timing-1920x1080-1-1,73,1,9.883000,,,,,,,,,,0
timing-1920x1080-1-1,74,1,10.065000,,,,,,,,,,0
timing-1920x1080-1-1,75,1,9.965000,,,,,,,,,,0
timing-1920x1080-1-1,76,1,9.932000,,,,,,,,,,0
timing-1920x1080-1-1,77,1,9.912000,,,,,,,,,,0
timing-1920x1080-1-1,78,1,10.049000,,,,,,,,,,0
timing-1920x1080-1-1,79,1,9.921000,,,,,,,,,,0
timing-1920x1080-1-1,80,1,9.943000,,,,,,,,,,0
timing-1920x1080-1-1,81,1,9.880000,,,,,,,,,,0
timing-1920x1080-1-1,82,1,10.044000,,,,,,,,,,0
timing-1920x1080-1-1,83,1,10.100000,,,,,,,,,,0
timing-1920x1080-1-1,84,1,9.940000,,,,,,,,,,0
timing-1920x1080-1-1,85,1,9.866000,,,,,,,,,,0
timing-1920x1080-1-1,86,1,9.997000,,,,,,,,,,0
timing-1920x1080-1-1,87,1,10.055000,,,,,,,,,,0
timing-1920x1080-1-1,88,1,9.980000,,,,,,,,,,0
timing-1920x1080-1-1,89,1,10.200000,,,,,,,,,,0
timing-1920x1080-1-1,90,1,10.236000,,,,,,,,,,0
timing-1920x1080-1-1,91,1,10.162000,,,,,,,,,,0
timing-1920x1080-1-1,92,1,10.282000,,,,,,,,,,0
timing-1920x1080-1-1,93,1,10.149000,,,,,,,,,,0
timing-1920x1080-1-1,94,1,10.331000,,,,,,,,,,0
timing-1920x1080-1-1,95,1,10.300000,,,,,,,,,,0
timing-1920x1080-1-1,96,1,10.171000,,,,,,,,,,0
timing-1920x1080-1-1,97,1,10.123000,,,,,,,,,,0
timing-1920x1080-1-1,98,1,10.119000,,,,,,,,,,0
timing-1920x1080-1-1,99,1,10.168000,,,,,,,,,,0
timing-1920x1080-1-1,100,1,10.043000,,,,,,,,,,0
timing-1920x1080-1-1,101,1,10.151000,,,,,,,,,,0
timing-1920x1080-1-1,102,1,10.139000,,,,,,,,,,0
timing-1920x1080-1-1,103,1,10.106000,,,,,,,,,,0
timing-1920x1080-1-1,104,1,10.136000,,,,,,,,,,0
timing-1920x1080-1-1,105,1,10.142000,,,,,,,,,,0
timing-1920x1080-1-1,106,1,10.046000,,,,,,,,,,0
timing-1920x1080-1-1,107,1,10.201000,,,,,,,,,,0
timing-1920x1080-1-1,108,1,9.985000,,,,,,,,,,0
timing-1920x1080-1-1,109,1,9.959000,,,,,,,,,,0
timing-1920x1080-1-1,110,1,9.925000,,,,,,,,,,0
timing-1920x1080-1-1,111,1,10.114000,,,,,,,,,,0
timing-1920x1080-1-1,112,1,9.969000,,,,,,,,,,0
timing-1920x1080-1-1,113,1,9.901000,,,,,,,,,,0
timing-1920x1080-1-1,114,1,10.062000,,,,,,,,,,0
timing-1920x1080-1-1,115,1,10.210000,,,,,,,,,,0
timing-1920x1080-1-1,116,1,10.186000,,,,,,,,,,0
timing-1920x1080-1-1,117,1,10.178000,,,,,,,,,,0
timing-1920x1080-1-1,118,1,10.179000,,,,,,,,,,0
timing-1920x1080-1-1,119,1,10.363000,,,,,,,,,,0
timing-1920x1080-1-1,120,1,10.116000,,,,,,,,,,0
timing-1920x1080-1-1,121,1,10.093000,,,,,,,,,,0
timing-1920x1080-1-1,122,1,10.103000,,,,,,,,,,0
timing-1920x1080-1-1,123,1,10.086000,,,,,,,,,,0
timing-1920x1080-1-1,124,1,9.982000,,,,,,,,,,0
timing-1920x1080-1-1,125,1,10.066000,,,,,,,,,,0
timing-1920x1080-1-1,126,1,9.975000,,,,,,,,,,0
timing-1920x1080-1-1,127,1,10.193000,,,,,,,,,,0
timing-1920x1080-1-1,128,1,10.233000,,,,,,,,,,0
timing-1920x1080-1-1,129,1,10.379000,,,,,,,,,,0
timing-1920x1080-1-1,130,1,10.186000,,,,,,,,,,0
timing-1920x1080-1-1,131,1,10.338000,,,,,,,,,,0
timing-1920x1080-1-1,132,1,10.285000,,,,,,,,,,0
timing-1920x1080-1-1,133,1,10.448000,,,,,,,,,,0
timing-1920x1080-1-1,134,1,10.039000,,,,,,,,,,0
timing-1920x1080-1-1,135,1,10.020000,,,,,,,,,,0
timing-1920x1080-1-1,136,1,9.985000,,,,,,,,,,0
timing-1920x1080-1-1,137,1,10.154000,,,,,,,,,,0
timing-1920x1080-1-1,138,1,10.154000,,,,,,,,,,0
timing-1920x1080-1-1,139,1,10.185000,,,,,,,,,,0
timing-1920x1080-1-1,140,1,10.265000,,,,,,,,,,0
timing-1920x1080-1-1,141,1,10.001000,,,,,,,,,,0
timing-1920x1080-1-1,142,1,10.111000,,,,,,,,,,0
timing-1920x1080-1-1,143,1,9.979000,,,,,,,,,,0
timing-1920x1080-1-1,144,1,10.132000,,,,,,,,,,0
timing-1920x1080-1-1,145,1,10.164000,,,,,,,,,,0
timing-1920x1080-1-1,146,1,10.157000,,,,,,,,,,0
timing-1920x1080-1-1,147,1,10.269000,,,,,,,,,,0
timing-1920x1080-1-1,148,1,10.213000,,,,,,,,,,0
timing-1920x1080-1-1,149,1,10.217000,,,,,,,,,,0
timing-1920x1080-1-1,150,1,10.192000,,,,,,,,,,0
timing-1920x1080-1-1,151,1,10.191000,,,,,,,,,,0
timing-1920x1080-1-1,152,1,10.165000,,,,,,,,,,0
timing-1920x1080-1-1,153,1,10.179000,,,,,,,,,,0
timing-1920x1080-1-1,154,1,10.249000,,,,,,,,,,0
timing-1920x1080-1-1,155,1,10.215000,,,,,,,,,,0
timing-1920x1080-1-1,156,1,10.187000,,,,,,,,,,0
timing-1920x1080-1-1,157,1,10.213000,,,,,,,,,,0
timing-1920x1080-1-1,158,1,10.387000,,,,,,,,,,0
timing-1920x1080-1-1,159,1,9.985000,,,,,,,,,,0
timing-1920x1080-1-1,160,1,10.090000,,,,,,,,,,0
timing-1920x1080-1-1,161,1,9.915000,,,,,,,,,,0
timing-1920x1080-1-1,162,1,10.074000,,,,,,,,,,0
timing-1920x1080-1-1,163,1,10.179000,,,,,,,,,,0
timing-1920x1080-1-1,164,1,10.192000,,,,,,,,,,0
timing-1920x1080-1-1,165,1,10.111000,,,,,,,,,,0
timing-1920x1080-1-1,166,1,10.304000,,,,,,,,,,0
timing-1920x1080-1-1,167,1,10.204000,,,,,,,,,,0
timing-1920x1080-1-1,168,1,10.289000,,,,,,,,,,0
timing-1920x1080-1-1,169,1,10.172000,,,,,,,,,,0
timing-1920x1080-1-1,170,1,10.193000,,,,,,,,,,0
timing-1920x1080-1-1,171,1,10.239000,,,,,,,,,,0
timing-1920x1080-1-1,172,1,10.138000,,,,,,,,,,0
timing-1920x1080-1-1,173,1,10.287000,,,,,,,,,,0
timing-1920x1080-1-1,174,1,10.056000,,,,,,,,,,0
timing-1920x1080-1-1,175,1,10.235000,,,,,,,,,,0
timing-1920x1080-1-1,176,1,10.254000,,,,,,,,,,0
timing-1920x1080-1-1,177,1,10.207000,,,,,,,,,,0
timing-1920x1080-1-1,178,1,10.086000,,,,,,,,,,0
timing-1920x1080-1-1,179,1,10.308000,,,,,,,,,,0
timing-1920x1080-1-1,180,1,10.185000,,,,,,,,,,0
timing-1920x1080-1-1,181,1,10.250000,,,,,,,,,,0
timing-1920x1080-1-1,182,1,10.179000,,,,,,,,,,0
timing-1920x1080-1-1,183,1,10.347000,,,,,,,,,,0
timing-1920x1080-1-1,184,1,10.212000,,,,,,,,,,0
timing-1920x1080-1-1,185,1,10.238000,,,,,,,,,,0
timing-1920x1080-1-1,186,1,10.170000,,,,,,,,,,0
timing-1920x1080-1-1,187,1,10.375000,,,,,,,,,,0
timing-1920x1080-1-1,188,1,10.304000,,,,,,,,,,0
timing-1920x1080-1-1,189,1,10.182000,,,,,,,,,,0
timing-1920x1080-1-1,190,1,10.175000,,,,,,,,,,0
timing-1920x1080-1-1,191,1,10.078000,,,,,,,,,,0
timing-1920x1080-1-1,192,1,10.241000,,,,,,,,,,0
timing-1920x1080-1-1,193,1,10.158000,,,,,,,,,,0
timing-1920x1080-1-1,194,1,10.247000,,,,,,,,,,0
timing-1920x1080-1-1,195,1,10.141000,,,,,,,,,,0
timing-1920x1080-1-1,196,1,10.044000,,,,,,,,,,0
timing-1920x1080-1-1,197,1,9.960000,,,,,,,,,,0
timing-1920x1080-1-1,198,1,9.994000,,,,,,,,,,0
timing-1920x1080-1-1,199,1,10.089000,,,,,,,,,,0
timing-1920x1080-1-1,200,1,10.119000,,,,,,,,,,0
timing-1920x1080-1-1,201,1,10.175000,,,,,,,,,,0
timing-1920x1080-1-1,202,1,10.061000,,,,,,,,,,0
timing-1920x1080-1-1,203,1,9.909000,,,,,,,,,,0
timing-1920x1080-1-1,204,1,10.050000,,,,,,,,,,0
timing-1920x1080-1-1,205,1,10.019000,,,,,,,,,,0
timing-1920x1080-1-1,206,1,10.132000,,,,,,,,,,0
timing-1920x1080-1-1,207,1,10.118000,,,,,,,,,,0
timing-1920x1080-1-1,208,1,10.066000,,,,,,,,,,0
timing-1920x1080-1-1,209,1,10.162000,,,,,,,,,,0
timing-1920x1080-1-1,210,1,10.103000,,,,,,,,,,0
timing-1920x1080-1-1,211,1,9.997000,,,,,,,,,,0
timing-1920x1080-1-1,212,1,10.218000,,,,,,,,,,0
timing-1920x1080-1-1,213,1,10.255000,,,,,,,,,,0
timing-1920x1080-1-1,214,1,10.226000,,,,,,,,,,0
timing-1920x1080-1-1,215,1,10.118000,,,,,,,,,,0
timing-1920x1080-1-1,216,1,10.156000,,,,,,,,,,0
timing-1920x1080-1-1,217,1,10.220000,,,,,,,,,,0
timing-1920x1080-1-1,218,1,10.285000,,,,,,,,,,0
timing-1920x1080-1-1,219,1,10.235000,,,,,,,,,,0
timing-1920x1080-1-1,220,1,10.207000,,,,,,,,,,0
timing-1920x1080-1-1,221,1,10.176000,,,,,,,,,,0
timing-1920x1080-1-1,222,1,10.205000,,,,,,,,,,0
timing-1920x1080-1-1,223,1,10.245000,,,,,,,,,,0
timing-1920x1080-1-1,224,1,10.227000,,,,,,,,,,0
timing-1920x1080-1-1,225,1,10.115000,,,,,,,,,,0
timing-1920x1080-1-1,226,1,10.077000,,,,,,,,,,0
timing-1920x1080-1-1,227,1,10.153000,,,,,,,,,,0
timing-1920x1080-1-1,228,1,10.186000,,,,,,,,,,0
timing-1920x1080-1-1,229,1,10.345000,,,,,,,,,,0
timing-1920x1080-1-1,230,1,10.202000,,,,,,,,,,0
timing-1920x1080-1-1,231,1,10.155000,,,,,,,,,,0
timing-1920x1080-1-1,232,1,10.330000,,,,,,,,,,0
timing-1920x1080-1-1,233,1,10.198000,,,,,,,,,,0
timing-1920x1080-1-1,234,1,10.201000,,,,,,,,,,0
timing-1920x1080-1-1,235,1,10.267000,,,,,,,,,,0
timing-1920x1080-1-1,236,1,10.217000,,,,,,,,,,0
timing-1920x1080-1-1,237,1,10.137000,,,,,,,,,,0
timing-1920x1080-1-1,238,1,10.311000,,,,,,,,,,0
timing-1920x1080-1-1,239,1,10.184000,,,,,,,,,,0
timing-1920x1080-1-1,240,1,10.195000,,,,,,,,,,0
timing-1920x1080-1-1,241,1,10.227000,,,,,,,,,,0
timing-1920x1080-1-1,242,1,10.248000,,,,,,,,,,0
timing-1920x1080-1-1,243,1,10.121000,,,,,,,,,,0
timing-1920x1080-1-1,244,1,10.136000,,,,,,,,,,0
timing-1920x1080-1-1,245,1,10.158000,,,,,,,,,,0
timing-1920x1080-1-1,246,1,10.188000,,,,,,,,,,0
timing-1920x1080-1-1,247,1,10.110000,,,,,,,,,,0
timing-1920x1080-1-1,248,1,10.205000,,,,,,,,,,0
timing-1920x1080-1-1,249,1,10.134000,,,,,,,,,,0
timing-1920x1080-1-1,250,1,10.348000,,,,,,,,,,0
timing-1920x1080-1-1,251,1,10.404000,,,,,,,,,,0
timing-1920x1080-1-1,252,1,9.986000,,,,,,,,,,0
timing-1920x1080-1-1,253,1,9.908000,,,,,,,,,,0
timing-1920x1080-1-1,254,1,10.142000,,,,,,,,,,0
timing-1920x1080-1-1,255,1,10.063000,,,,,,,,,,0
timing-1920x1080-1-1,256,1,10.108000,,,,,,,,,,0
timing-1920x1080-1-1,257,1,10.185000,,,,,,,,,,0
timing-1920x1080-1-1,258,1,10.336000,,,,,,,,,,0
timing-1920x1080-1-1,259,1,10.169000,,,,,,,,,,0
timing-1920x1080-1-1,260,1,10.188000,,,,,,,,,,0
timing-1920x1080-1-1,261,1,10.340000,,,,,,,,,,0
timing-1920x1080-1-1,262,1,10.234000,,,,,,,,,,0
timing-1920x1080-1-1,263,1,10.191000,,,,,,,,,,0
timing-1920x1080-1-1,264,1,10.263000,,,,,,,,,,0
timing-1920x1080-1-1,265,1,10.148000,,,,,,,,,,0
timing-1920x1080-1-1,266,1,10.315000,,,,,,,,,,0
timing-1920x1080-1-1,267,1,10.310000,,,,,,,,,,0
timing-1920x1080-1-1,268,1,10.153000,,,,,,,,,,0
timing-1920x1080-1-1,269,1,10.219000,,,,,,,,,,0
timing-1920x1080-1-1,270,1,10.149000,,,,,,,,,,0
timing-1920x1080-1-1,271,1,10.257000,,,,,,,,,,0
timing-1920x1080-1-1,272,1,10.114000,,,,,,,,,,0
timing-1920x1080-1-1,273,1,10.243000,,,,,,,,,,0
timing-1920x1080-1-1,274,1,10.211000,,,,,,,,,,0
timing-1920x1080-1-1,275,1,10.289000,,,,,,,,,,0
timing-1920x1080-1-1,276,1,10.120000,,,,,,,,,,0
timing-1920x1080-1-1,277,1,10.116000,,,,,,,,,,0
timing-1920x1080-1-1,278,1,10.094000,,,,,,,,,,0
timing-1920x1080-1-1,279,1,10.265000,,,,,,,,,,0
timing-1920x1080-1-1,280,1,10.257000,,,,,,,,,,0
timing-1920x1080-1-1,281,1,10.117000,,,,,,,,,,0
timing-1920x1080-1-1,282,1,10.202000,,,,,,,,,,0
timing-1920x1080-1-1,283,1,10.199000,,,,,,,,,,0
timing-1920x1080-1-1,284,1,10.177000,,,,,,,,,,0
timing-1920x1080-1-1,285,1,10.260000,,,,,,,,,,0
timing-1920x1080-1-1,286,1,10.127000,,,,,,,,,,0
timing-1920x1080-1-1,287,1,10.426000,,,,,,,,,,0
timing-1920x1080-1-1,288,1,10.229000,,,,,,,,,,0
timing-1920x1080-1-1,289,1,10.241000,,,,,,,,,,0
timing-1920x1080-1-1,290,1,10.261000,,,,,,,,,,0
timing-1920x1080-1-1,291,1,10.221000,,,,,,,,,,0
timing-1920x1080-1-1,292,1,10.119000,,,,,,,,,,0
timing-1920x1080-1-1,293,1,10.193000,,,,,,,,,,0
timing-1920x1080-1-1,294,1,10.161000,,,,,,,,,,0
timing-1920x1080-1-1,295,1,10.221000,,,,,,,,,,0
timing-1920x1080-1-1,296,1,10.061000,,,,,,,,,,0
timing-1920x1080-1-1,297,1,10.336000,,,,,,,,,,0
timing-1920x1080-1-1,298,1,10.267000,,,,,,,,,,0
timing-1920x1080-1-1,299,1,10.266000,,,,,,,,,,0
timing-1920x1080-1-1,300,1,10.304000,,,,,,,,,,0
timing-1920x1080-1-1,301,1,10.199000,,,,,,,,,,0
timing-1920x1080-1-1,302,1,10.008000,,,,,,,,,,0
timing-1920x1080-1-1,303,1,9.953000,,,,,,,,,,0
timing-1920x1080-1-1,304,1,10.070000,,,,,,,,,,0
timing-1920x1080-1-1,305,1,10.130000,,,,,,,,,,0
timing-1920x1080-1-1,306,1,9.964000,,,,,,,,,,0
timing-1920x1080-1-1,307,1,9.988000,,,,,,,,,,0
timing-1920x1080-1-1,308,1,9.964000,,,,,,,,,,0
timing-1920x1080-1-1,309,1,9.976000,,,,,,,,,,0
timing-1920x1080-1-1,310,1,10.112000,,,,,,,,,,0
timing-1920x1080-1-1,311,1,10.163000,,,,,,,,,,0
timing-1920x1080-1-1,312,1,10.308000,,,,,,,,,,0
timing-1920x1080-1-1,313,1,10.071000,,,,,,,,,,0
timing-1920x1080-1-1,314,1,10.164000,,,,,,,,,,0
timing-1920x1080-1-1,315,1,10.350000,,,,,,,,,,0
timing-1920x1080-1-1,316,1,10.047000,,,,,,,,,,0
timing-1920x1080-1-1,317,1,10.200000,,,,,,,,,,0
timing-1920x1080-1-1,318,1,10.043000,,,,,,,,,,0
timing-1920x1080-1-1,319,1,10.382000,0,0,0.999511719,0.362065608,0.408951316,1254,352,0,0,1
timing-1920x1080-1-2,0,1,1260.293000,0,0,0.999511719,0.362065608,0.408951316,1254,352,0,0,1
timing-1920x1080-1-2,1,1,12.219000,,,,,,,,,,0
timing-1920x1080-1-2,2,1,11.163000,,,,,,,,,,0
timing-1920x1080-1-2,3,1,10.891000,,,,,,,,,,0
timing-1920x1080-1-2,4,1,10.509000,,,,,,,,,,0
timing-1920x1080-1-2,5,1,10.522000,,,,,,,,,,0
timing-1920x1080-1-2,6,1,10.587000,,,,,,,,,,0
timing-1920x1080-1-2,7,1,10.366000,,,,,,,,,,0
timing-1920x1080-1-2,8,1,10.379000,,,,,,,,,,0
timing-1920x1080-1-2,9,1,10.471000,,,,,,,,,,0
timing-1920x1080-1-2,10,1,10.167000,,,,,,,,,,0
timing-1920x1080-1-2,11,1,10.404000,,,,,,,,,,0
timing-1920x1080-1-2,12,1,10.470000,,,,,,,,,,0
timing-1920x1080-1-2,13,1,10.346000,,,,,,,,,,0
timing-1920x1080-1-2,14,1,10.318000,,,,,,,,,,0
timing-1920x1080-1-2,15,1,10.372000,,,,,,,,,,0
timing-1920x1080-1-2,16,1,9.826000,,,,,,,,,,0
timing-1920x1080-1-2,17,1,9.808000,,,,,,,,,,0
timing-1920x1080-1-2,18,1,9.965000,,,,,,,,,,0
timing-1920x1080-1-2,19,1,9.832000,,,,,,,,,,0
timing-1920x1080-1-2,20,1,9.941000,,,,,,,,,,0
timing-1920x1080-1-2,21,1,9.955000,,,,,,,,,,0
timing-1920x1080-1-2,22,1,9.998000,,,,,,,,,,0
timing-1920x1080-1-2,23,1,10.064000,,,,,,,,,,0
timing-1920x1080-1-2,24,1,9.958000,,,,,,,,,,0
timing-1920x1080-1-2,25,1,9.962000,,,,,,,,,,0
timing-1920x1080-1-2,26,1,9.995000,,,,,,,,,,0
timing-1920x1080-1-2,27,1,9.930000,,,,,,,,,,0
timing-1920x1080-1-2,28,1,9.924000,,,,,,,,,,0
timing-1920x1080-1-2,29,1,9.884000,,,,,,,,,,0
timing-1920x1080-1-2,30,1,9.956000,,,,,,,,,,0
timing-1920x1080-1-2,31,1,9.935000,,,,,,,,,,0
timing-1920x1080-1-2,32,1,10.309000,,,,,,,,,,0
timing-1920x1080-1-2,33,1,10.027000,,,,,,,,,,0
timing-1920x1080-1-2,34,1,9.999000,,,,,,,,,,0
timing-1920x1080-1-2,35,1,10.017000,,,,,,,,,,0
timing-1920x1080-1-2,36,1,9.963000,,,,,,,,,,0
timing-1920x1080-1-2,37,1,10.039000,,,,,,,,,,0
timing-1920x1080-1-2,38,1,10.007000,,,,,,,,,,0
timing-1920x1080-1-2,39,1,10.000000,,,,,,,,,,0
timing-1920x1080-1-2,40,1,10.027000,,,,,,,,,,0
timing-1920x1080-1-2,41,1,10.060000,,,,,,,,,,0
timing-1920x1080-1-2,42,1,10.080000,,,,,,,,,,0
timing-1920x1080-1-2,43,1,9.928000,,,,,,,,,,0
timing-1920x1080-1-2,44,1,9.963000,,,,,,,,,,0
timing-1920x1080-1-2,45,1,10.021000,,,,,,,,,,0
timing-1920x1080-1-2,46,1,9.947000,,,,,,,,,,0
timing-1920x1080-1-2,47,1,10.124000,,,,,,,,,,0
timing-1920x1080-1-2,48,1,10.038000,,,,,,,,,,0
timing-1920x1080-1-2,49,1,9.907000,,,,,,,,,,0
timing-1920x1080-1-2,50,1,10.068000,,,,,,,,,,0
timing-1920x1080-1-2,51,1,9.960000,,,,,,,,,,0
timing-1920x1080-1-2,52,1,10.090000,,,,,,,,,,0
timing-1920x1080-1-2,53,1,10.027000,,,,,,,,,,0
timing-1920x1080-1-2,54,1,9.960000,,,,,,,,,,0
timing-1920x1080-1-2,55,1,10.138000,,,,,,,,,,0
timing-1920x1080-1-2,56,1,9.974000,,,,,,,,,,0
timing-1920x1080-1-2,57,1,10.053000,,,,,,,,,,0
timing-1920x1080-1-2,58,1,9.965000,,,,,,,,,,0
timing-1920x1080-1-2,59,1,10.075000,,,,,,,,,,0
timing-1920x1080-1-2,60,1,9.952000,,,,,,,,,,0
timing-1920x1080-1-2,61,1,10.215000,,,,,,,,,,0
timing-1920x1080-1-2,62,1,9.934000,,,,,,,,,,0
timing-1920x1080-1-2,63,1,10.231000,,,,,,,,,,0
timing-1920x1080-1-2,64,1,9.920000,,,,,,,,,,0
timing-1920x1080-1-2,65,1,9.962000,,,,,,,,,,0
timing-1920x1080-1-2,66,1,10.113000,,,,,,,,,,0
timing-1920x1080-1-2,67,1,9.942000,,,,,,,,,,0
timing-1920x1080-1-2,68,1,10.056000,,,,,,,,,,0
timing-1920x1080-1-2,69,1,10.095000,,,,,,,,,,0
timing-1920x1080-1-2,70,1,9.996000,,,,,,,,,,0
timing-1920x1080-1-2,71,1,10.059000,,,,,,,,,,0
timing-1920x1080-1-2,72,1,10.043000,,,,,,,,,,0
timing-1920x1080-1-2,73,1,10.148000,,,,,,,,,,0
timing-1920x1080-1-2,74,1,10.010000,,,,,,,,,,0
timing-1920x1080-1-2,75,1,10.006000,,,,,,,,,,0
timing-1920x1080-1-2,76,1,10.179000,,,,,,,,,,0
timing-1920x1080-1-2,77,1,10.043000,,,,,,,,,,0
timing-1920x1080-1-2,78,1,9.962000,,,,,,,,,,0
timing-1920x1080-1-2,79,1,10.030000,,,,,,,,,,0
timing-1920x1080-1-2,80,1,10.154000,,,,,,,,,,0
timing-1920x1080-1-2,81,1,10.011000,,,,,,,,,,0
timing-1920x1080-1-2,82,1,10.162000,,,,,,,,,,0
timing-1920x1080-1-2,83,1,10.197000,,,,,,,,,,0
timing-1920x1080-1-2,84,1,10.153000,,,,,,,,,,0
timing-1920x1080-1-2,85,1,10.078000,,,,,,,,,,0
timing-1920x1080-1-2,86,1,9.995000,,,,,,,,,,0
timing-1920x1080-1-2,87,1,9.939000,,,,,,,,,,0
timing-1920x1080-1-2,88,1,10.007000,,,,,,,,,,0
timing-1920x1080-1-2,89,1,10.182000,,,,,,,,,,0
timing-1920x1080-1-2,90,1,10.192000,,,,,,,,,,0
timing-1920x1080-1-2,91,1,10.241000,,,,,,,,,,0
timing-1920x1080-1-2,92,1,10.228000,,,,,,,,,,0
timing-1920x1080-1-2,93,1,10.415000,,,,,,,,,,0
timing-1920x1080-1-2,94,1,10.049000,,,,,,,,,,0
timing-1920x1080-1-2,95,1,10.092000,,,,,,,,,,0
timing-1920x1080-1-2,96,1,10.286000,,,,,,,,,,0
timing-1920x1080-1-2,97,1,10.246000,,,,,,,,,,0
timing-1920x1080-1-2,98,1,10.188000,,,,,,,,,,0
timing-1920x1080-1-2,99,1,10.170000,,,,,,,,,,0
timing-1920x1080-1-2,100,1,9.954000,,,,,,,,,,0
timing-1920x1080-1-2,101,1,9.953000,,,,,,,,,,0
timing-1920x1080-1-2,102,1,10.102000,,,,,,,,,,0
timing-1920x1080-1-2,103,1,10.006000,,,,,,,,,,0
timing-1920x1080-1-2,104,1,10.126000,,,,,,,,,,0
timing-1920x1080-1-2,105,1,10.081000,,,,,,,,,,0
timing-1920x1080-1-2,106,1,9.949000,,,,,,,,,,0
timing-1920x1080-1-2,107,1,9.993000,,,,,,,,,,0
timing-1920x1080-1-2,108,1,10.245000,,,,,,,,,,0
timing-1920x1080-1-2,109,1,9.970000,,,,,,,,,,0
timing-1920x1080-1-2,110,1,9.995000,,,,,,,,,,0
timing-1920x1080-1-2,111,1,9.888000,,,,,,,,,,0
timing-1920x1080-1-2,112,1,10.066000,,,,,,,,,,0
timing-1920x1080-1-2,113,1,10.079000,,,,,,,,,,0
timing-1920x1080-1-2,114,1,10.005000,,,,,,,,,,0
timing-1920x1080-1-2,115,1,9.981000,,,,,,,,,,0
timing-1920x1080-1-2,116,1,9.982000,,,,,,,,,,0
timing-1920x1080-1-2,117,1,9.893000,,,,,,,,,,0
timing-1920x1080-1-2,118,1,10.187000,,,,,,,,,,0
timing-1920x1080-1-2,119,1,9.978000,,,,,,,,,,0
timing-1920x1080-1-2,120,1,10.128000,,,,,,,,,,0
timing-1920x1080-1-2,121,1,10.267000,,,,,,,,,,0
timing-1920x1080-1-2,122,1,9.948000,,,,,,,,,,0
timing-1920x1080-1-2,123,1,10.016000,,,,,,,,,,0
timing-1920x1080-1-2,124,1,10.124000,,,,,,,,,,0
timing-1920x1080-1-2,125,1,9.937000,,,,,,,,,,0
timing-1920x1080-1-2,126,1,9.901000,,,,,,,,,,0
timing-1920x1080-1-2,127,1,9.941000,,,,,,,,,,0
timing-1920x1080-1-2,128,1,10.067000,,,,,,,,,,0
timing-1920x1080-1-2,129,1,10.179000,,,,,,,,,,0
timing-1920x1080-1-2,130,1,10.027000,,,,,,,,,,0
timing-1920x1080-1-2,131,1,10.173000,,,,,,,,,,0
timing-1920x1080-1-2,132,1,10.236000,,,,,,,,,,0
timing-1920x1080-1-2,133,1,10.332000,,,,,,,,,,0
timing-1920x1080-1-2,134,1,10.002000,,,,,,,,,,0
timing-1920x1080-1-2,135,1,9.924000,,,,,,,,,,0
timing-1920x1080-1-2,136,1,10.238000,,,,,,,,,,0
timing-1920x1080-1-2,137,1,10.111000,,,,,,,,,,0
timing-1920x1080-1-2,138,1,10.194000,,,,,,,,,,0
timing-1920x1080-1-2,139,1,10.090000,,,,,,,,,,0
timing-1920x1080-1-2,140,1,9.926000,,,,,,,,,,0
timing-1920x1080-1-2,141,1,10.025000,,,,,,,,,,0
timing-1920x1080-1-2,142,1,10.056000,,,,,,,,,,0
timing-1920x1080-1-2,143,1,10.257000,,,,,,,,,,0
timing-1920x1080-1-2,144,1,10.097000,,,,,,,,,,0
timing-1920x1080-1-2,145,1,10.147000,,,,,,,,,,0
timing-1920x1080-1-2,146,1,10.005000,,,,,,,,,,0
timing-1920x1080-1-2,147,1,9.949000,,,,,,,,,,0
timing-1920x1080-1-2,148,1,10.009000,,,,,,,,,,0
timing-1920x1080-1-2,149,1,10.183000,,,,,,,,,,0
timing-1920x1080-1-2,150,1,10.124000,,,,,,,,,,0
timing-1920x1080-1-2,151,1,10.260000,,,,,,,,,,0
timing-1920x1080-1-2,152,1,10.290000,,,,,,,,,,0
timing-1920x1080-1-2,153,1,10.372000,,,,,,,,,,0
timing-1920x1080-1-2,154,1,10.207000,,,,,,,,,,0
timing-1920x1080-1-2,155,1,10.064000,,,,,,,,,,0
timing-1920x1080-1-2,156,1,10.092000,,,,,,,,,,0
timing-1920x1080-1-2,157,1,9.996000,,,,,,,,,,0
timing-1920x1080-1-2,158,1,10.183000,,,,,,,,,,0
timing-1920x1080-1-2,159,1,9.921000,,,,,,,,,,0
timing-1920x1080-1-2,160,1,10.109000,,,,,,,,,,0
timing-1920x1080-1-2,161,1,10.043000,,,,,,,,,,0
timing-1920x1080-1-2,162,1,10.209000,,,,,,,,,,0
timing-1920x1080-1-2,163,1,10.262000,,,,,,,,,,0
timing-1920x1080-1-2,164,1,10.121000,,,,,,,,,,0
timing-1920x1080-1-2,165,1,10.199000,,,,,,,,,,0
timing-1920x1080-1-2,166,1,10.116000,,,,,,,,,,0
timing-1920x1080-1-2,167,1,10.183000,,,,,,,,,,0
timing-1920x1080-1-2,168,1,10.112000,,,,,,,,,,0
timing-1920x1080-1-2,169,1,10.238000,,,,,,,,,,0
timing-1920x1080-1-2,170,1,10.214000,,,,,,,,,,0
timing-1920x1080-1-2,171,1,10.141000,,,,,,,,,,0
timing-1920x1080-1-2,172,1,9.965000,,,,,,,,,,0
timing-1920x1080-1-2,173,1,10.077000,,,,,,,,,,0
timing-1920x1080-1-2,174,1,10.138000,,,,,,,,,,0
timing-1920x1080-1-2,175,1,10.466000,,,,,,,,,,0
timing-1920x1080-1-2,176,1,10.351000,,,,,,,,,,0
timing-1920x1080-1-2,177,1,10.509000,,,,,,,,,,0
timing-1920x1080-1-2,178,1,10.370000,,,,,,,,,,0
timing-1920x1080-1-2,179,1,10.362000,,,,,,,,,,0
timing-1920x1080-1-2,180,1,10.512000,,,,,,,,,,0
timing-1920x1080-1-2,181,1,10.501000,,,,,,,,,,0
timing-1920x1080-1-2,182,1,10.365000,,,,,,,,,,0
timing-1920x1080-1-2,183,1,10.345000,,,,,,,,,,0
timing-1920x1080-1-2,184,1,10.268000,,,,,,,,,,0
timing-1920x1080-1-2,185,1,10.188000,,,,,,,,,,0
timing-1920x1080-1-2,186,1,10.111000,,,,,,,,,,0
timing-1920x1080-1-2,187,1,10.099000,,,,,,,,,,0
timing-1920x1080-1-2,188,1,10.385000,,,,,,,,,,0
timing-1920x1080-1-2,189,1,10.164000,,,,,,,,,,0
timing-1920x1080-1-2,190,1,10.211000,,,,,,,,,,0
timing-1920x1080-1-2,191,1,10.242000,,,,,,,,,,0
timing-1920x1080-1-2,192,1,10.216000,,,,,,,,,,0
timing-1920x1080-1-2,193,1,10.160000,,,,,,,,,,0
timing-1920x1080-1-2,194,1,10.151000,,,,,,,,,,0
timing-1920x1080-1-2,195,1,9.910000,,,,,,,,,,0
timing-1920x1080-1-2,196,1,10.115000,,,,,,,,,,0
timing-1920x1080-1-2,197,1,9.944000,,,,,,,,,,0
timing-1920x1080-1-2,198,1,10.224000,,,,,,,,,,0
timing-1920x1080-1-2,199,1,10.136000,,,,,,,,,,0
timing-1920x1080-1-2,200,1,10.232000,,,,,,,,,,0
timing-1920x1080-1-2,201,1,10.235000,,,,,,,,,,0
timing-1920x1080-1-2,202,1,10.135000,,,,,,,,,,0
timing-1920x1080-1-2,203,1,10.261000,,,,,,,,,,0
timing-1920x1080-1-2,204,1,10.186000,,,,,,,,,,0
timing-1920x1080-1-2,205,1,10.042000,,,,,,,,,,0
timing-1920x1080-1-2,206,1,10.105000,,,,,,,,,,0
timing-1920x1080-1-2,207,1,9.966000,,,,,,,,,,0
timing-1920x1080-1-2,208,1,10.297000,,,,,,,,,,0
timing-1920x1080-1-2,209,1,10.154000,,,,,,,,,,0
timing-1920x1080-1-2,210,1,10.389000,,,,,,,,,,0
timing-1920x1080-1-2,211,1,9.973000,,,,,,,,,,0
timing-1920x1080-1-2,212,1,10.179000,,,,,,,,,,0
timing-1920x1080-1-2,213,1,9.927000,,,,,,,,,,0
timing-1920x1080-1-2,214,1,10.052000,,,,,,,,,,0
timing-1920x1080-1-2,215,1,10.125000,,,,,,,,,,0
timing-1920x1080-1-2,216,1,10.186000,,,,,,,,,,0
timing-1920x1080-1-2,217,1,10.140000,,,,,,,,,,0
timing-1920x1080-1-2,218,1,10.337000,,,,,,,,,,0
timing-1920x1080-1-2,219,1,10.186000,,,,,,,,,,0
timing-1920x1080-1-2,220,1,10.272000,,,,,,,,,,0
timing-1920x1080-1-2,221,1,10.119000,,,,,,,,,,0
timing-1920x1080-1-2,222,1,10.107000,,,,,,,,,,0
timing-1920x1080-1-2,223,1,10.258000,,,,,,,,,,0
timing-1920x1080-1-2,224,1,10.294000,,,,,,,,,,0
timing-1920x1080-1-2,225,1,10.163000,,,,,,,,,,0
timing-1920x1080-1-2,226,1,10.284000,,,,,,,,,,0
timing-1920x1080-1-2,227,1,10.223000,,,,,,,,,,0
timing-1920x1080-1-2,228,1,10.179000,,,,,,,,,,0
timing-1920x1080-1-2,229,1,10.227000,,,,,,,,,,0
timing-1920x1080-1-2,230,1,10.175000,,,,,,,,,,0
timing-1920x1080-1-2,231,1,10.013000,,,,,,,,,,0
timing-1920x1080-1-2,232,1,9.957000,,,,,,,,,,0
timing-1920x1080-1-2,233,1,10.004000,,,,,,,,,,0
timing-1920x1080-1-2,234,1,10.202000,,,,,,,,,,0
timing-1920x1080-1-2,235,1,10.311000,,,,,,,,,,0
timing-1920x1080-1-2,236,1,10.130000,,,,,,,,,,0
timing-1920x1080-1-2,237,1,10.205000,,,,,,,,,,0
timing-1920x1080-1-2,238,1,10.256000,,,,,,,,,,0
timing-1920x1080-1-2,239,1,10.198000,,,,,,,,,,0
timing-1920x1080-1-2,240,1,10.305000,,,,,,,,,,0
timing-1920x1080-1-2,241,1,10.159000,,,,,,,,,,0
timing-1920x1080-1-2,242,1,10.290000,,,,,,,,,,0
timing-1920x1080-1-2,243,1,10.252000,,,,,,,,,,0
timing-1920x1080-1-2,244,1,9.950000,,,,,,,,,,0
timing-1920x1080-1-2,245,1,10.089000,,,,,,,,,,0
timing-1920x1080-1-2,246,1,10.070000,,,,,,,,,,0
timing-1920x1080-1-2,247,1,10.043000,,,,,,,,,,0
timing-1920x1080-1-2,248,1,10.254000,,,,,,,,,,0
timing-1920x1080-1-2,249,1,10.347000,,,,,,,,,,0
timing-1920x1080-1-2,250,1,10.206000,,,,,,,,,,0
timing-1920x1080-1-2,251,1,10.315000,,,,,,,,,,0
timing-1920x1080-1-2,252,1,10.138000,,,,,,,,,,0
timing-1920x1080-1-2,253,1,10.206000,,,,,,,,,,0
timing-1920x1080-1-2,254,1,10.164000,,,,,,,,,,0
timing-1920x1080-1-2,255,1,10.241000,,,,,,,,,,0
timing-1920x1080-1-2,256,1,10.519000,,,,,,,,,,0
timing-1920x1080-1-2,257,1,10.285000,,,,,,,,,,0
timing-1920x1080-1-2,258,1,10.185000,,,,,,,,,,0
timing-1920x1080-1-2,259,1,9.993000,,,,,,,,,,0
timing-1920x1080-1-2,260,1,10.097000,,,,,,,,,,0
timing-1920x1080-1-2,261,1,9.993000,,,,,,,,,,0
timing-1920x1080-1-2,262,1,10.138000,,,,,,,,,,0
timing-1920x1080-1-2,263,1,10.250000,,,,,,,,,,0
timing-1920x1080-1-2,264,1,10.187000,,,,,,,,,,0
timing-1920x1080-1-2,265,1,10.215000,,,,,,,,,,0
timing-1920x1080-1-2,266,1,10.227000,,,,,,,,,,0
timing-1920x1080-1-2,267,1,10.347000,,,,,,,,,,0
timing-1920x1080-1-2,268,1,10.128000,,,,,,,,,,0
timing-1920x1080-1-2,269,1,10.313000,,,,,,,,,,0
timing-1920x1080-1-2,270,1,10.128000,,,,,,,,,,0
timing-1920x1080-1-2,271,1,10.071000,,,,,,,,,,0
timing-1920x1080-1-2,272,1,9.901000,,,,,,,,,,0
timing-1920x1080-1-2,273,1,10.094000,,,,,,,,,,0
timing-1920x1080-1-2,274,1,10.204000,,,,,,,,,,0
timing-1920x1080-1-2,275,1,10.244000,,,,,,,,,,0
timing-1920x1080-1-2,276,1,10.085000,,,,,,,,,,0
timing-1920x1080-1-2,277,1,9.979000,,,,,,,,,,0
timing-1920x1080-1-2,278,1,10.098000,,,,,,,,,,0
timing-1920x1080-1-2,279,1,10.197000,,,,,,,,,,0
timing-1920x1080-1-2,280,1,10.008000,,,,,,,,,,0
timing-1920x1080-1-2,281,1,10.212000,,,,,,,,,,0
timing-1920x1080-1-2,282,1,10.227000,,,,,,,,,,0
timing-1920x1080-1-2,283,1,10.233000,,,,,,,,,,0
timing-1920x1080-1-2,284,1,10.491000,,,,,,,,,,0
timing-1920x1080-1-2,285,1,10.244000,,,,,,,,,,0
timing-1920x1080-1-2,286,1,10.085000,,,,,,,,,,0
timing-1920x1080-1-2,287,1,10.222000,,,,,,,,,,0
timing-1920x1080-1-2,288,1,10.233000,,,,,,,,,,0
timing-1920x1080-1-2,289,1,10.205000,,,,,,,,,,0
timing-1920x1080-1-2,290,1,10.356000,,,,,,,,,,0
timing-1920x1080-1-2,291,1,10.256000,,,,,,,,,,0
timing-1920x1080-1-2,292,1,10.212000,,,,,,,,,,0
timing-1920x1080-1-2,293,1,10.278000,,,,,,,,,,0
timing-1920x1080-1-2,294,1,10.226000,,,,,,,,,,0
timing-1920x1080-1-2,295,1,10.076000,,,,,,,,,,0
timing-1920x1080-1-2,296,1,10.200000,,,,,,,,,,0
timing-1920x1080-1-2,297,1,10.010000,,,,,,,,,,0
timing-1920x1080-1-2,298,1,10.103000,,,,,,,,,,0
timing-1920x1080-1-2,299,1,10.157000,,,,,,,,,,0
timing-1920x1080-1-2,300,1,10.168000,,,,,,,,,,0
timing-1920x1080-1-2,301,1,10.203000,,,,,,,,,,0
timing-1920x1080-1-2,302,1,10.072000,,,,,,,,,,0
timing-1920x1080-1-2,303,1,10.126000,,,,,,,,,,0
timing-1920x1080-1-2,304,1,10.169000,,,,,,,,,,0
timing-1920x1080-1-2,305,1,10.264000,,,,,,,,,,0
timing-1920x1080-1-2,306,1,10.188000,,,,,,,,,,0
timing-1920x1080-1-2,307,1,10.439000,,,,,,,,,,0
timing-1920x1080-1-2,308,1,10.159000,,,,,,,,,,0
timing-1920x1080-1-2,309,1,10.248000,,,,,,,,,,0
timing-1920x1080-1-2,310,1,10.253000,,,,,,,,,,0
timing-1920x1080-1-2,311,1,10.247000,,,,,,,,,,0
timing-1920x1080-1-2,312,1,10.171000,,,,,,,,,,0
timing-1920x1080-1-2,313,1,10.335000,,,,,,,,,,0
timing-1920x1080-1-2,314,1,10.175000,,,,,,,,,,0
timing-1920x1080-1-2,315,1,10.304000,,,,,,,,,,0
timing-1920x1080-1-2,316,1,10.383000,,,,,,,,,,0
timing-1920x1080-1-2,317,1,10.408000,,,,,,,,,,0
timing-1920x1080-1-2,318,1,10.211000,,,,,,,,,,0
timing-1920x1080-1-2,319,1,10.119000,0,0,0.999511719,0.362065608,0.408951316,1254,352,0,0,1
timing-1920x1080-1-3,0,1,1145.731000,0,0,0.999511719,0.362065608,0.408951316,1254,352,0,0,1
timing-1920x1080-1-3,1,1,16.477000,,,,,,,,,,0
timing-1920x1080-1-3,2,1,11.337000,,,,,,,,,,0
timing-1920x1080-1-3,3,1,10.872000,,,,,,,,,,0
timing-1920x1080-1-3,4,1,10.382000,,,,,,,,,,0
timing-1920x1080-1-3,5,1,10.526000,,,,,,,,,,0
timing-1920x1080-1-3,6,1,10.642000,,,,,,,,,,0
timing-1920x1080-1-3,7,1,10.523000,,,,,,,,,,0
timing-1920x1080-1-3,8,1,10.369000,,,,,,,,,,0
timing-1920x1080-1-3,9,1,10.341000,,,,,,,,,,0
timing-1920x1080-1-3,10,1,11.049000,,,,,,,,,,0
timing-1920x1080-1-3,11,1,10.793000,,,,,,,,,,0
timing-1920x1080-1-3,12,1,10.700000,,,,,,,,,,0
timing-1920x1080-1-3,13,1,10.636000,,,,,,,,,,0
timing-1920x1080-1-3,14,1,10.938000,,,,,,,,,,0
timing-1920x1080-1-3,15,1,10.709000,,,,,,,,,,0
timing-1920x1080-1-3,16,1,10.052000,,,,,,,,,,0
timing-1920x1080-1-3,17,1,10.150000,,,,,,,,,,0
timing-1920x1080-1-3,18,1,10.013000,,,,,,,,,,0
timing-1920x1080-1-3,19,1,9.997000,,,,,,,,,,0
timing-1920x1080-1-3,20,1,10.066000,,,,,,,,,,0
timing-1920x1080-1-3,21,1,10.046000,,,,,,,,,,0
timing-1920x1080-1-3,22,1,9.958000,,,,,,,,,,0
timing-1920x1080-1-3,23,1,10.251000,,,,,,,,,,0
timing-1920x1080-1-3,24,1,10.070000,,,,,,,,,,0
timing-1920x1080-1-3,25,1,10.117000,,,,,,,,,,0
timing-1920x1080-1-3,26,1,10.135000,,,,,,,,,,0
timing-1920x1080-1-3,27,1,10.088000,,,,,,,,,,0
timing-1920x1080-1-3,28,1,9.964000,,,,,,,,,,0
timing-1920x1080-1-3,29,1,9.934000,,,,,,,,,,0
timing-1920x1080-1-3,30,1,9.985000,,,,,,,,,,0
timing-1920x1080-1-3,31,1,10.004000,,,,,,,,,,0
timing-1920x1080-1-3,32,1,10.062000,,,,,,,,,,0
timing-1920x1080-1-3,33,1,10.175000,,,,,,,,,,0
timing-1920x1080-1-3,34,1,10.001000,,,,,,,,,,0
timing-1920x1080-1-3,35,1,10.285000,,,,,,,,,,0
timing-1920x1080-1-3,36,1,9.980000,,,,,,,,,,0
timing-1920x1080-1-3,37,1,10.074000,,,,,,,,,,0
timing-1920x1080-1-3,38,1,10.059000,,,,,,,,,,0
timing-1920x1080-1-3,39,1,10.119000,,,,,,,,,,0
timing-1920x1080-1-3,40,1,9.956000,,,,,,,,,,0
timing-1920x1080-1-3,41,1,10.174000,,,,,,,,,,0
timing-1920x1080-1-3,42,1,10.073000,,,,,,,,,,0
timing-1920x1080-1-3,43,1,10.152000,,,,,,,,,,0
timing-1920x1080-1-3,44,1,10.201000,,,,,,,,,,0
timing-1920x1080-1-3,45,1,10.160000,,,,,,,,,,0
timing-1920x1080-1-3,46,1,10.167000,,,,,,,,,,0
timing-1920x1080-1-3,47,1,10.078000,,,,,,,,,,0
timing-1920x1080-1-3,48,1,9.965000,,,,,,,,,,0
timing-1920x1080-1-3,49,1,10.211000,,,,,,,,,,0
timing-1920x1080-1-3,50,1,9.974000,,,,,,,,,,0
timing-1920x1080-1-3,51,1,10.160000,,,,,,,,,,0
timing-1920x1080-1-3,52,1,10.108000,,,,,,,,,,0
timing-1920x1080-1-3,53,1,10.032000,,,,,,,,,,0
timing-1920x1080-1-3,54,1,10.074000,,,,,,,,,,0
timing-1920x1080-1-3,55,1,9.934000,,,,,,,,,,0
timing-1920x1080-1-3,56,1,10.081000,,,,,,,,,,0
timing-1920x1080-1-3,57,1,10.204000,,,,,,,,,,0
timing-1920x1080-1-3,58,1,10.031000,,,,,,,,,,0
timing-1920x1080-1-3,59,1,10.102000,,,,,,,,,,0
timing-1920x1080-1-3,60,1,10.068000,,,,,,,,,,0
timing-1920x1080-1-3,61,1,10.185000,,,,,,,,,,0
timing-1920x1080-1-3,62,1,10.241000,,,,,,,,,,0
timing-1920x1080-1-3,63,1,10.067000,,,,,,,,,,0
timing-1920x1080-1-3,64,1,9.947000,,,,,,,,,,0
timing-1920x1080-1-3,65,1,10.025000,,,,,,,,,,0
timing-1920x1080-1-3,66,1,10.065000,,,,,,,,,,0
timing-1920x1080-1-3,67,1,10.080000,,,,,,,,,,0
timing-1920x1080-1-3,68,1,10.294000,,,,,,,,,,0
timing-1920x1080-1-3,69,1,10.135000,,,,,,,,,,0
timing-1920x1080-1-3,70,1,10.106000,,,,,,,,,,0
timing-1920x1080-1-3,71,1,10.083000,,,,,,,,,,0
timing-1920x1080-1-3,72,1,10.109000,,,,,,,,,,0
timing-1920x1080-1-3,73,1,10.078000,,,,,,,,,,0
timing-1920x1080-1-3,74,1,9.955000,,,,,,,,,,0
timing-1920x1080-1-3,75,1,9.968000,,,,,,,,,,0
timing-1920x1080-1-3,76,1,9.994000,,,,,,,,,,0
timing-1920x1080-1-3,77,1,10.037000,,,,,,,,,,0
timing-1920x1080-1-3,78,1,10.083000,,,,,,,,,,0
timing-1920x1080-1-3,79,1,10.126000,,,,,,,,,,0
timing-1920x1080-1-3,80,1,10.031000,,,,,,,,,,0
timing-1920x1080-1-3,81,1,10.050000,,,,,,,,,,0
timing-1920x1080-1-3,82,1,10.056000,,,,,,,,,,0
timing-1920x1080-1-3,83,1,10.107000,,,,,,,,,,0
timing-1920x1080-1-3,84,1,9.947000,,,,,,,,,,0
timing-1920x1080-1-3,85,1,10.077000,,,,,,,,,,0
timing-1920x1080-1-3,86,1,10.027000,,,,,,,,,,0
timing-1920x1080-1-3,87,1,10.057000,,,,,,,,,,0
timing-1920x1080-1-3,88,1,9.998000,,,,,,,,,,0
timing-1920x1080-1-3,89,1,10.039000,,,,,,,,,,0
timing-1920x1080-1-3,90,1,10.102000,,,,,,,,,,0
timing-1920x1080-1-3,91,1,10.257000,,,,,,,,,,0
timing-1920x1080-1-3,92,1,10.219000,,,,,,,,,,0
timing-1920x1080-1-3,93,1,10.347000,,,,,,,,,,0
timing-1920x1080-1-3,94,1,10.273000,,,,,,,,,,0
timing-1920x1080-1-3,95,1,10.367000,,,,,,,,,,0
timing-1920x1080-1-3,96,1,10.226000,,,,,,,,,,0
timing-1920x1080-1-3,97,1,10.285000,,,,,,,,,,0
timing-1920x1080-1-3,98,1,10.277000,,,,,,,,,,0
timing-1920x1080-1-3,99,1,10.325000,,,,,,,,,,0
timing-1920x1080-1-3,100,1,10.116000,,,,,,,,,,0
timing-1920x1080-1-3,101,1,10.005000,,,,,,,,,,0
timing-1920x1080-1-3,102,1,10.132000,,,,,,,,,,0
timing-1920x1080-1-3,103,1,10.240000,,,,,,,,,,0
timing-1920x1080-1-3,104,1,9.972000,,,,,,,,,,0
timing-1920x1080-1-3,105,1,10.204000,,,,,,,,,,0
timing-1920x1080-1-3,106,1,10.134000,,,,,,,,,,0
timing-1920x1080-1-3,107,1,10.321000,,,,,,,,,,0
timing-1920x1080-1-3,108,1,10.168000,,,,,,,,,,0
timing-1920x1080-1-3,109,1,10.223000,,,,,,,,,,0
timing-1920x1080-1-3,110,1,10.166000,,,,,,,,,,0
timing-1920x1080-1-3,111,1,10.123000,,,,,,,,,,0
timing-1920x1080-1-3,112,1,10.255000,,,,,,,,,,0
timing-1920x1080-1-3,113,1,10.235000,,,,,,,,,,0
timing-1920x1080-1-3,114,1,10.385000,,,,,,,,,,0
timing-1920x1080-1-3,115,1,10.262000,,,,,,,,,,0
timing-1920x1080-1-3,116,1,10.305000,,,,,,,,,,0
timing-1920x1080-1-3,117,1,10.199000,,,,,,,,,,0
timing-1920x1080-1-3,118,1,10.275000,,,,,,,,,,0
timing-1920x1080-1-3,119,1,10.323000,,,,,,,,,,0
timing-1920x1080-1-3,120,1,10.219000,,,,,,,,,,0
timing-1920x1080-1-3,121,1,10.246000,,,,,,,,,,0
timing-1920x1080-1-3,122,1,10.200000,,,,,,,,,,0
timing-1920x1080-1-3,123,1,10.188000,,,,,,,,,,0
timing-1920x1080-1-3,124,1,10.325000,,,,,,,,,,0
timing-1920x1080-1-3,125,1,10.228000,,,,,,,,,,0
timing-1920x1080-1-3,126,1,10.316000,,,,,,,,,,0
timing-1920x1080-1-3,127,1,10.272000,,,,,,,,,,0
timing-1920x1080-1-3,128,1,10.384000,,,,,,,,,,0
timing-1920x1080-1-3,129,1,10.387000,,,,,,,,,,0
timing-1920x1080-1-3,130,1,10.003000,,,,,,,,,,0
timing-1920x1080-1-3,131,1,9.953000,,,,,,,,,,0
timing-1920x1080-1-3,132,1,10.018000,,,,,,,,,,0
timing-1920x1080-1-3,133,1,10.342000,,,,,,,,,,0
timing-1920x1080-1-3,134,1,10.157000,,,,,,,,,,0
timing-1920x1080-1-3,135,1,10.216000,,,,,,,,,,0
timing-1920x1080-1-3,136,1,10.231000,,,,,,,,,,0
timing-1920x1080-1-3,137,1,10.260000,,,,,,,,,,0
timing-1920x1080-1-3,138,1,10.177000,,,,,,,,,,0
timing-1920x1080-1-3,139,1,10.260000,,,,,,,,,,0
timing-1920x1080-1-3,140,1,10.102000,,,,,,,,,,0
timing-1920x1080-1-3,141,1,10.162000,,,,,,,,,,0
timing-1920x1080-1-3,142,1,10.299000,,,,,,,,,,0
timing-1920x1080-1-3,143,1,10.206000,,,,,,,,,,0
timing-1920x1080-1-3,144,1,10.392000,,,,,,,,,,0
timing-1920x1080-1-3,145,1,10.203000,,,,,,,,,,0
timing-1920x1080-1-3,146,1,10.210000,,,,,,,,,,0
timing-1920x1080-1-3,147,1,10.234000,,,,,,,,,,0
timing-1920x1080-1-3,148,1,10.256000,,,,,,,,,,0
timing-1920x1080-1-3,149,1,10.077000,,,,,,,,,,0
timing-1920x1080-1-3,150,1,10.397000,,,,,,,,,,0
timing-1920x1080-1-3,151,1,10.158000,,,,,,,,,,0
timing-1920x1080-1-3,152,1,10.210000,,,,,,,,,,0
timing-1920x1080-1-3,153,1,10.333000,,,,,,,,,,0
timing-1920x1080-1-3,154,1,10.031000,,,,,,,,,,0
timing-1920x1080-1-3,155,1,10.095000,,,,,,,,,,0
timing-1920x1080-1-3,156,1,10.087000,,,,,,,,,,0
timing-1920x1080-1-3,157,1,10.203000,,,,,,,,,,0
timing-1920x1080-1-3,158,1,10.158000,,,,,,,,,,0
timing-1920x1080-1-3,159,1,10.317000,,,,,,,,,,0
timing-1920x1080-1-3,160,1,10.083000,,,,,,,,,,0
timing-1920x1080-1-3,161,1,10.244000,,,,,,,,,,0
timing-1920x1080-1-3,162,1,10.351000,,,,,,,,,,0
timing-1920x1080-1-3,163,1,10.164000,,,,,,,,,,0
timing-1920x1080-1-3,164,1,10.243000,,,,,,,,,,0
timing-1920x1080-1-3,165,1,10.130000,,,,,,,,,,0
timing-1920x1080-1-3,166,1,10.049000,,,,,,,,,,0
timing-1920x1080-1-3,167,1,10.058000,,,,,,,,,,0
timing-1920x1080-1-3,168,1,10.089000,,,,,,,,,,0
timing-1920x1080-1-3,169,1,10.193000,,,,,,,,,,0
timing-1920x1080-1-3,170,1,10.049000,,,,,,,,,,0
timing-1920x1080-1-3,171,1,10.186000,,,,,,,,,,0
timing-1920x1080-1-3,172,1,10.225000,,,,,,,,,,0
timing-1920x1080-1-3,173,1,10.176000,,,,,,,,,,0
timing-1920x1080-1-3,174,1,10.317000,,,,,,,,,,0
timing-1920x1080-1-3,175,1,10.306000,,,,,,,,,,0
timing-1920x1080-1-3,176,1,10.230000,,,,,,,,,,0
timing-1920x1080-1-3,177,1,10.304000,,,,,,,,,,0
timing-1920x1080-1-3,178,1,10.398000,,,,,,,,,,0
timing-1920x1080-1-3,179,1,10.294000,,,,,,,,,,0
timing-1920x1080-1-3,180,1,9.957000,,,,,,,,,,0
timing-1920x1080-1-3,181,1,10.052000,,,,,,,,,,0
timing-1920x1080-1-3,182,1,10.029000,,,,,,,,,,0
timing-1920x1080-1-3,183,1,10.208000,,,,,,,,,,0
timing-1920x1080-1-3,184,1,10.356000,,,,,,,,,,0
timing-1920x1080-1-3,185,1,10.157000,,,,,,,,,,0
timing-1920x1080-1-3,186,1,10.215000,,,,,,,,,,0
timing-1920x1080-1-3,187,1,10.151000,,,,,,,,,,0
timing-1920x1080-1-3,188,1,10.170000,,,,,,,,,,0
timing-1920x1080-1-3,189,1,10.303000,,,,,,,,,,0
timing-1920x1080-1-3,190,1,10.329000,,,,,,,,,,0
timing-1920x1080-1-3,191,1,10.239000,,,,,,,,,,0
timing-1920x1080-1-3,192,1,10.305000,,,,,,,,,,0
timing-1920x1080-1-3,193,1,10.278000,,,,,,,,,,0
timing-1920x1080-1-3,194,1,10.379000,,,,,,,,,,0
timing-1920x1080-1-3,195,1,10.304000,,,,,,,,,,0
timing-1920x1080-1-3,196,1,10.077000,,,,,,,,,,0
timing-1920x1080-1-3,197,1,10.124000,,,,,,,,,,0
timing-1920x1080-1-3,198,1,10.006000,,,,,,,,,,0
timing-1920x1080-1-3,199,1,10.258000,,,,,,,,,,0
timing-1920x1080-1-3,200,1,10.191000,,,,,,,,,,0
timing-1920x1080-1-3,201,1,10.272000,,,,,,,,,,0
timing-1920x1080-1-3,202,1,10.236000,,,,,,,,,,0
timing-1920x1080-1-3,203,1,10.252000,,,,,,,,,,0
timing-1920x1080-1-3,204,1,10.160000,,,,,,,,,,0
timing-1920x1080-1-3,205,1,10.389000,,,,,,,,,,0
timing-1920x1080-1-3,206,1,10.202000,,,,,,,,,,0
timing-1920x1080-1-3,207,1,10.383000,,,,,,,,,,0
timing-1920x1080-1-3,208,1,10.292000,,,,,,,,,,0
timing-1920x1080-1-3,209,1,10.057000,,,,,,,,,,0
timing-1920x1080-1-3,210,1,10.168000,,,,,,,,,,0
timing-1920x1080-1-3,211,1,10.037000,,,,,,,,,,0
timing-1920x1080-1-3,212,1,10.097000,,,,,,,,,,0
timing-1920x1080-1-3,213,1,10.232000,,,,,,,,,,0
timing-1920x1080-1-3,214,1,10.203000,,,,,,,,,,0
timing-1920x1080-1-3,215,1,10.269000,,,,,,,,,,0
timing-1920x1080-1-3,216,1,10.303000,,,,,,,,,,0
timing-1920x1080-1-3,217,1,10.293000,,,,,,,,,,0
timing-1920x1080-1-3,218,1,10.114000,,,,,,,,,,0
timing-1920x1080-1-3,219,1,10.119000,,,,,,,,,,0
timing-1920x1080-1-3,220,1,10.251000,,,,,,,,,,0
timing-1920x1080-1-3,221,1,10.329000,,,,,,,,,,0
timing-1920x1080-1-3,222,1,10.269000,,,,,,,,,,0
timing-1920x1080-1-3,223,1,10.461000,,,,,,,,,,0
timing-1920x1080-1-3,224,1,10.405000,,,,,,,,,,0
timing-1920x1080-1-3,225,1,10.478000,,,,,,,,,,0
timing-1920x1080-1-3,226,1,10.459000,,,,,,,,,,0
timing-1920x1080-1-3,227,1,10.651000,,,,,,,,,,0
timing-1920x1080-1-3,228,1,10.562000,,,,,,,,,,0
timing-1920x1080-1-3,229,1,10.404000,,,,,,,,,,0
timing-1920x1080-1-3,230,1,10.426000,,,,,,,,,,0
timing-1920x1080-1-3,231,1,10.259000,,,,,,,,,,0
timing-1920x1080-1-3,232,1,10.042000,,,,,,,,,,0
timing-1920x1080-1-3,233,1,10.001000,,,,,,,,,,0
timing-1920x1080-1-3,234,1,10.036000,,,,,,,,,,0
timing-1920x1080-1-3,235,1,10.084000,,,,,,,,,,0
timing-1920x1080-1-3,236,1,10.402000,,,,,,,,,,0
timing-1920x1080-1-3,237,1,10.313000,,,,,,,,,,0
timing-1920x1080-1-3,238,1,10.224000,,,,,,,,,,0
timing-1920x1080-1-3,239,1,10.250000,,,,,,,,,,0
timing-1920x1080-1-3,240,1,10.236000,,,,,,,,,,0
timing-1920x1080-1-3,241,1,10.040000,,,,,,,,,,0
timing-1920x1080-1-3,242,1,10.037000,,,,,,,,,,0
timing-1920x1080-1-3,243,1,10.108000,,,,,,,,,,0
timing-1920x1080-1-3,244,1,9.961000,,,,,,,,,,0
timing-1920x1080-1-3,245,1,10.190000,,,,,,,,,,0
timing-1920x1080-1-3,246,1,10.420000,,,,,,,,,,0
timing-1920x1080-1-3,247,1,10.308000,,,,,,,,,,0
timing-1920x1080-1-3,248,1,9.990000,,,,,,,,,,0
timing-1920x1080-1-3,249,1,10.029000,,,,,,,,,,0
timing-1920x1080-1-3,250,1,10.037000,,,,,,,,,,0
timing-1920x1080-1-3,251,1,9.983000,,,,,,,,,,0
timing-1920x1080-1-3,252,1,10.150000,,,,,,,,,,0
timing-1920x1080-1-3,253,1,10.195000,,,,,,,,,,0
timing-1920x1080-1-3,254,1,10.270000,,,,,,,,,,0
timing-1920x1080-1-3,255,1,10.267000,,,,,,,,,,0
timing-1920x1080-1-3,256,1,10.265000,,,,,,,,,,0
timing-1920x1080-1-3,257,1,10.304000,,,,,,,,,,0
timing-1920x1080-1-3,258,1,10.147000,,,,,,,,,,0
timing-1920x1080-1-3,259,1,10.367000,,,,,,,,,,0
timing-1920x1080-1-3,260,1,10.338000,,,,,,,,,,0
timing-1920x1080-1-3,261,1,10.024000,,,,,,,,,,0
timing-1920x1080-1-3,262,1,10.181000,,,,,,,,,,0
timing-1920x1080-1-3,263,1,10.004000,,,,,,,,,,0
timing-1920x1080-1-3,264,1,10.282000,,,,,,,,,,0
timing-1920x1080-1-3,265,1,10.158000,,,,,,,,,,0
timing-1920x1080-1-3,266,1,10.358000,,,,,,,,,,0
timing-1920x1080-1-3,267,1,10.275000,,,,,,,,,,0
timing-1920x1080-1-3,268,1,10.226000,,,,,,,,,,0
timing-1920x1080-1-3,269,1,10.310000,,,,,,,,,,0
timing-1920x1080-1-3,270,1,9.978000,,,,,,,,,,0
timing-1920x1080-1-3,271,1,10.238000,,,,,,,,,,0
timing-1920x1080-1-3,272,1,10.022000,,,,,,,,,,0
timing-1920x1080-1-3,273,1,10.021000,,,,,,,,,,0
timing-1920x1080-1-3,274,1,10.069000,,,,,,,,,,0
timing-1920x1080-1-3,275,1,10.094000,,,,,,,,,,0
timing-1920x1080-1-3,276,1,10.047000,,,,,,,,,,0
timing-1920x1080-1-3,277,1,10.208000,,,,,,,,,,0
timing-1920x1080-1-3,278,1,10.058000,,,,,,,,,,0
timing-1920x1080-1-3,279,1,10.145000,,,,,,,,,,0
timing-1920x1080-1-3,280,1,10.274000,,,,,,,,,,0
timing-1920x1080-1-3,281,1,9.989000,,,,,,,,,,0
timing-1920x1080-1-3,282,1,10.035000,,,,,,,,,,0
timing-1920x1080-1-3,283,1,10.056000,,,,,,,,,,0
timing-1920x1080-1-3,284,1,10.186000,,,,,,,,,,0
timing-1920x1080-1-3,285,1,10.227000,,,,,,,,,,0
timing-1920x1080-1-3,286,1,10.243000,,,,,,,,,,0
timing-1920x1080-1-3,287,1,10.000000,,,,,,,,,,0
timing-1920x1080-1-3,288,1,10.063000,,,,,,,,,,0
timing-1920x1080-1-3,289,1,10.146000,,,,,,,,,,0
timing-1920x1080-1-3,290,1,10.003000,,,,,,,,,,0
timing-1920x1080-1-3,291,1,10.082000,,,,,,,,,,0
timing-1920x1080-1-3,292,1,10.239000,,,,,,,,,,0
timing-1920x1080-1-3,293,1,10.269000,,,,,,,,,,0
timing-1920x1080-1-3,294,1,9.980000,,,,,,,,,,0
timing-1920x1080-1-3,295,1,10.129000,,,,,,,,,,0
timing-1920x1080-1-3,296,1,10.143000,,,,,,,,,,0
timing-1920x1080-1-3,297,1,10.238000,,,,,,,,,,0
timing-1920x1080-1-3,298,1,10.196000,,,,,,,,,,0
timing-1920x1080-1-3,299,1,10.162000,,,,,,,,,,0
timing-1920x1080-1-3,300,1,10.251000,,,,,,,,,,0
timing-1920x1080-1-3,301,1,10.197000,,,,,,,,,,0
timing-1920x1080-1-3,302,1,10.425000,,,,,,,,,,0
timing-1920x1080-1-3,303,1,10.250000,,,,,,,,,,0
timing-1920x1080-1-3,304,1,10.240000,,,,,,,,,,0
timing-1920x1080-1-3,305,1,10.255000,,,,,,,,,,0
timing-1920x1080-1-3,306,1,10.174000,,,,,,,,,,0
timing-1920x1080-1-3,307,1,10.446000,,,,,,,,,,0
timing-1920x1080-1-3,308,1,10.015000,,,,,,,,,,0
timing-1920x1080-1-3,309,1,10.290000,,,,,,,,,,0
timing-1920x1080-1-3,310,1,10.176000,,,,,,,,,,0
timing-1920x1080-1-3,311,1,10.246000,,,,,,,,,,0
timing-1920x1080-1-3,312,1,10.345000,,,,,,,,,,0
timing-1920x1080-1-3,313,1,10.185000,,,,,,,,,,0
timing-1920x1080-1-3,314,1,10.287000,,,,,,,,,,0
timing-1920x1080-1-3,315,1,10.057000,,,,,,,,,,0
timing-1920x1080-1-3,316,1,10.027000,,,,,,,,,,0
timing-1920x1080-1-3,317,1,10.362000,,,,,,,,,,0
timing-1920x1080-1-3,318,1,10.212000,,,,,,,,,,0
timing-1920x1080-1-3,319,1,10.330000,0,0,0.999511719,0.362065608,0.408951316,1254,352,0,0,1
timing-1920x1080-2-0,0,1,1163.324000,0,0,0.999511719,0.362065608,0.408951316,1254,352,0,0,1
timing-1920x1080-2-0,1,1,12.650000,,,,,,,,,,0
timing-1920x1080-2-0,2,1,11.158000,,,,,,,,,,0
timing-1920x1080-2-0,3,1,11.148000,,,,,,,,,,0
timing-1920x1080-2-0,4,1,10.751000,,,,,,,,,,0
timing-1920x1080-2-0,5,1,10.476000,,,,,,,,,,0
timing-1920x1080-2-0,6,1,10.525000,,,,,,,,,,0
timing-1920x1080-2-0,7,1,10.584000,,,,,,,,,,0
timing-1920x1080-2-0,8,1,10.392000,,,,,,,,,,0
timing-1920x1080-2-0,9,1,10.561000,,,,,,,,,,0
timing-1920x1080-2-0,10,1,10.506000,,,,,,,,,,0
timing-1920x1080-2-0,11,1,10.405000,,,,,,,,,,0
timing-1920x1080-2-0,12,1,10.371000,,,,,,,,,,0
timing-1920x1080-2-0,13,1,10.407000,,,,,,,,,,0
timing-1920x1080-2-0,14,1,10.502000,,,,,,,,,,0
timing-1920x1080-2-0,15,1,10.522000,,,,,,,,,,0
timing-1920x1080-2-0,16,1,9.949000,,,,,,,,,,0
timing-1920x1080-2-0,17,1,9.913000,,,,,,,,,,0
timing-1920x1080-2-0,18,1,9.911000,,,,,,,,,,0
timing-1920x1080-2-0,19,1,9.940000,,,,,,,,,,0
timing-1920x1080-2-0,20,1,9.987000,,,,,,,,,,0
timing-1920x1080-2-0,21,1,10.108000,,,,,,,,,,0
timing-1920x1080-2-0,22,1,10.132000,,,,,,,,,,0
timing-1920x1080-2-0,23,1,10.089000,,,,,,,,,,0
timing-1920x1080-2-0,24,1,9.926000,,,,,,,,,,0
timing-1920x1080-2-0,25,1,10.023000,,,,,,,,,,0
timing-1920x1080-2-0,26,1,9.973000,,,,,,,,,,0
timing-1920x1080-2-0,27,1,9.933000,,,,,,,,,,0
timing-1920x1080-2-0,28,1,10.104000,,,,,,,,,,0
timing-1920x1080-2-0,29,1,9.921000,,,,,,,,,,0
timing-1920x1080-2-0,30,1,9.909000,,,,,,,,,,0
timing-1920x1080-2-0,31,1,10.045000,,,,,,,,,,0
timing-1920x1080-2-0,32,1,9.957000,,,,,,,,,,0
timing-1920x1080-2-0,33,1,10.424000,,,,,,,,,,0
timing-1920x1080-2-0,34,1,10.115000,,,,,,,,,,0
timing-1920x1080-2-0,35,1,10.077000,,,,,,,,,,0
timing-1920x1080-2-0,36,1,9.971000,,,,,,,,,,0
timing-1920x1080-2-0,37,1,10.164000,,,,,,,,,,0
timing-1920x1080-2-0,38,1,10.000000,,,,,,,,,,0
timing-1920x1080-2-0,39,1,10.180000,,,,,,,,,,0
timing-1920x1080-2-0,40,1,9.934000,,,,,,,,,,0
timing-1920x1080-2-0,41,1,10.154000,,,,,,,,,,0
timing-1920x1080-2-0,42,1,9.910000,,,,,,,,,,0
timing-1920x1080-2-0,43,1,10.029000,,,,,,,,,,0
timing-1920x1080-2-0,44,1,9.982000,,,,,,,,,,0
timing-1920x1080-2-0,45,1,9.983000,,,,,,,,,,0
timing-1920x1080-2-0,46,1,9.960000,,,,,,,,,,0
timing-1920x1080-2-0,47,1,10.259000,,,,,,,,,,0
timing-1920x1080-2-0,48,1,10.112000,,,,,,,,,,0
timing-1920x1080-2-0,49,1,10.161000,,,,,,,,,,0
timing-1920x1080-2-0,50,1,10.020000,,,,,,,,,,0
timing-1920x1080-2-0,51,1,9.974000,,,,,,,,,,0
timing-1920x1080-2-0,52,1,10.108000,,,,,,,,,,0
timing-1920x1080-2-0,53,1,10.135000,,,,,,,,,,0
timing-1920x1080-2-0,54,1,9.971000,,,,,,,,,,0
timing-1920x1080-2-0,55,1,10.097000,,,,,,,,,,0
timing-1920x1080-2-0,56,1,9.950000,,,,,,,,,,0
timing-1920x1080-2-0,57,1,9.906000,,,,,,,,,,0
timing-1920x1080-2-0,58,1,9.954000,,,,,,,,,,0
timing-1920x1080-2-0,59,1,10.003000,,,,,,,,,,0
timing-1920x1080-2-0,60,1,10.030000,,,,,,,,,,0
timing-1920x1080-2-0,61,1,9.847000,,,,,,,,,,0
timing-1920x1080-2-0,62,1,10.087000,,,,,,,,,,0
timing-1920x1080-2-0,63,1,10.002000,,,,,,,,,,0
timing-1920x1080-2-0,64,1,10.059000,,,,,,,,,,0
timing-1920x1080-2-0,65,1,10.043000,,,,,,,,,,0
timing-1920x1080-2-0,66,1,10.090000,,,,,,,,,,0
timing-1920x1080-2-0,67,1,10.023000,,,,,,,,,,0
timing-1920x1080-2-0,68,1,9.869000,,,,,,,,,,0
timing-1920x1080-2-0,69,1,9.934000,,,,,,,,,,0
timing-1920x1080-2-0,70,1,9.937000,,,,,,,,,,0
timing-1920x1080-2-0,71,1,9.971000,,,,,,,,,,0
timing-1920x1080-2-0,72,1,10.280000,,,,,,,,,,0
timing-1920x1080-2-0,73,1,10.181000,,,,,,,,,,0
timing-1920x1080-2-0,74,1,10.105000,,,,,,,,,,0
timing-1920x1080-2-0,75,1,9.881000,,,,,,,,,,0
timing-1920x1080-2-0,76,1,10.051000,,,,,,,,,,0
timing-1920x1080-2-0,77,1,9.981000,,,,,,,,,,0
timing-1920x1080-2-0,78,1,10.092000,,,,,,,,,,0
timing-1920x1080-2-0,79,1,9.935000,,,,,,,,,,0
timing-1920x1080-2-0,80,1,10.154000,,,,,,,,,,0
timing-1920x1080-2-0,81,1,10.463000,,,,,,,,,,0
timing-1920x1080-2-0,82,1,10.389000,,,,,,,,,,0
timing-1920x1080-2-0,83,1,10.380000,,,,,,,,,,0
timing-1920x1080-2-0,84,1,10.305000,,,,,,,,,,0
timing-1920x1080-2-0,85,1,10.476000,,,,,,,,,,0
timing-1920x1080-2-0,86,1,10.515000,,,,,,,,,,0
timing-1920x1080-2-0,87,1,10.594000,,,,,,,,,,0
timing-1920x1080-2-0,88,1,10.443000,,,,,,,,,,0
timing-1920x1080-2-0,89,1,10.295000,,,,,,,,,,0
timing-1920x1080-2-0,90,1,10.204000,,,,,,,,,,0
timing-1920x1080-2-0,91,1,10.308000,,,,,,,,,,0
timing-1920x1080-2-0,92,1,10.207000,,,,,,,,,,0
timing-1920x1080-2-0,93,1,10.332000,,,,,,,,,,0
timing-1920x1080-2-0,94,1,10.090000,,,,,,,,,,0
timing-1920x1080-2-0,95,1,10.304000,,,,,,,,,,0
timing-1920x1080-2-0,96,1,10.169000,,,,,,,,,,0
timing-1920x1080-2-0,97,1,10.328000,,,,,,,,,,0
timing-1920x1080-2-0,98,1,10.265000,,,,,,,,,,0
timing-1920x1080-2-0,99,1,10.187000,,,,,,,,,,0
timing-1920x1080-2-0,100,1,10.211000,,,,,,,,,,0
timing-1920x1080-2-0,101,1,10.510000,,,,,,,,,,0
timing-1920x1080-2-0,102,1,10.223000,,,,,,,,,,0
timing-1920x1080-2-0,103,1,10.069000,,,,,,,,,,0
timing-1920x1080-2-0,104,1,10.342000,,,,,,,,,,0
timing-1920x1080-2-0,105,1,10.238000,,,,,,,,,,0
timing-1920x1080-2-0,106,1,10.389000,,,,,,,,,,0
timing-1920x1080-2-0,107,1,10.199000,,,,,,,,,,0
timing-1920x1080-2-0,108,1,10.260000,,,,,,,,,,0
timing-1920x1080-2-0,109,1,10.038000,,,,,,,,,,0
timing-1920x1080-2-0,110,1,9.901000,,,,,,,,,,0
timing-1920x1080-2-0,111,1,9.957000,,,,,,,,,,0
timing-1920x1080-2-0,112,1,10.266000,,,,,,,,,,0
timing-1920x1080-2-0,113,1,9.975000,,,,,,,,,,0
timing-1920x1080-2-0,114,1,10.045000,,,,,,,,,,0
timing-1920x1080-2-0,115,1,10.020000,,,,,,,,,,0
timing-1920x1080-2-0,116,1,10.290000,,,,,,,,,,0
timing-1920x1080-2-0,117,1,10.185000,,,,,,,,,,0
timing-1920x1080-2-0,118,1,10.318000,,,,,,,,,,0
timing-1920x1080-2-0,119,1,10.120000,,,,,,,,,,0
timing-1920x1080-2-0,120,1,10.580000,,,,,,,,,,0
timing-1920x1080-2-0,121,1,10.060000,,,,,,,,,,0
timing-1920x1080-2-0,122,1,10.010000,,,,,,,,,,0
timing-1920x1080-2-0,123,1,9.970000,,,,,,,,,,0
timing-1920x1080-2-0,124,1,10.241000,,,,,,,,,,0
timing-1920x1080-2-0,125,1,10.342000,,,,,,,,,,0
timing-1920x1080-2-0,126,1,10.274000,,,,,,,,,,0
timing-1920x1080-2-0,127,1,10.135000,,,,,,,,,,0
timing-1920x1080-2-0,128,1,10.265000,,,,,,,,,,0
timing-1920x1080-2-0,129,1,10.167000,,,,,,,,,,0
timing-1920x1080-2-0,130,1,10.261000,,,,,,,,,,0
timing-1920x1080-2-0,131,1,10.179000,,,,,,,,,,0
timing-1920x1080-2-0,132,1,10.284000,,,,,,,,,,0
timing-1920x1080-2-0,133,1,10.073000,,,,,,,,,,0
timing-1920x1080-2-0,134,1,10.011000,,,,,,,,,,0
timing-1920x1080-2-0,135,1,10.026000,,,,,,,,,,0
timing-1920x1080-2-0,136,1,10.165000,,,,,,,,,,0
timing-1920x1080-2-0,137,1,10.177000,,,,,,,,,,0
timing-1920x1080-2-0,138,1,10.290000,,,,,,,,,,0
timing-1920x1080-2-0,139,1,10.114000,,,,,,,,,,0
timing-1920x1080-2-0,140,1,10.179000,,,,,,,,,,0
timing-1920x1080-2-0,141,1,10.293000,,,,,,,,,,0
timing-1920x1080-2-0,142,1,10.271000,,,,,,,,,,0
timing-1920x1080-2-0,143,1,10.127000,,,,,,,,,,0
timing-1920x1080-2-0,144,1,10.237000,,,,,,,,,,0
timing-1920x1080-2-0,145,1,10.211000,,,,,,,,,,0
timing-1920x1080-2-0,146,1,10.185000,,,,,,,,,,0
timing-1920x1080-2-0,147,1,10.214000,,,,,,,,,,0
timing-1920x1080-2-0,148,1,10.319000,,,,,,,,,,0
timing-1920x1080-2-0,149,1,10.237000,,,,,,,,,,0
timing-1920x1080-2-0,150,1,10.207000,,,,,,,,,,0
timing-1920x1080-2-0,151,1,10.178000,,,,,,,,,,0
timing-1920x1080-2-0,152,1,10.241000,,,,,,,,,,0
timing-1920x1080-2-0,153,1,10.117000,,,,,,,,,,0
timing-1920x1080-2-0,154,1,10.397000,,,,,,,,,,0
timing-1920x1080-2-0,155,1,10.071000,,,,,,,,,,0
timing-1920x1080-2-0,156,1,10.234000,,,,,,,,,,0
timing-1920x1080-2-0,157,1,10.238000,,,,,,,,,,0
timing-1920x1080-2-0,158,1,10.206000,,,,,,,,,,0
timing-1920x1080-2-0,159,1,10.118000,,,,,,,,,,0
timing-1920x1080-2-0,160,1,10.349000,,,,,,,,,,0
timing-1920x1080-2-0,161,1,10.092000,,,,,,,,,,0
timing-1920x1080-2-0,162,1,10.241000,,,,,,,,,,0
timing-1920x1080-2-0,163,1,10.297000,,,,,,,,,,0
timing-1920x1080-2-0,164,1,10.345000,,,,,,,,,,0
timing-1920x1080-2-0,165,1,9.955000,,,,,,,,,,0
timing-1920x1080-2-0,166,1,9.969000,,,,,,,,,,0
timing-1920x1080-2-0,167,1,10.030000,,,,,,,,,,0
timing-1920x1080-2-0,168,1,10.152000,,,,,,,,,,0
timing-1920x1080-2-0,169,1,10.220000,,,,,,,,,,0
timing-1920x1080-2-0,170,1,10.334000,,,,,,,,,,0
timing-1920x1080-2-0,171,1,10.074000,,,,,,,,,,0
timing-1920x1080-2-0,172,1,10.023000,,,,,,,,,,0
timing-1920x1080-2-0,173,1,10.001000,,,,,,,,,,0
timing-1920x1080-2-0,174,1,10.008000,,,,,,,,,,0
timing-1920x1080-2-0,175,1,10.110000,,,,,,,,,,0
timing-1920x1080-2-0,176,1,10.260000,,,,,,,,,,0
timing-1920x1080-2-0,177,1,9.975000,,,,,,,,,,0
timing-1920x1080-2-0,178,1,10.067000,,,,,,,,,,0
timing-1920x1080-2-0,179,1,10.063000,,,,,,,,,,0
timing-1920x1080-2-0,180,1,10.109000,,,,,,,,,,0
timing-1920x1080-2-0,181,1,10.113000,,,,,,,,,,0
timing-1920x1080-2-0,182,1,10.239000,,,,,,,,,,0
timing-1920x1080-2-0,183,1,10.169000,,,,,,,,,,0
timing-1920x1080-2-0,184,1,10.182000,,,,,,,,,,0
timing-1920x1080-2-0,185,1,10.187000,,,,,,,,,,0
timing-1920x1080-2-0,186,1,10.289000,,,,,,,,,,0
timing-1920x1080-2-0,187,1,10.197000,,,,,,,,,,0
timing-1920x1080-2-0,188,1,9.998000,,,,,,,,,,0
timing-1920x1080-2-0,189,1,9.929000,,,,,,,,,,0
timing-1920x1080-2-0,190,1,10.082000,,,,,,,,,,0
timing-1920x1080-2-0,191,1,10.082000,,,,,,,,,,0
timing-1920x1080-2-0,192,1,10.137000,,,,,,,,,,0
timing-1920x1080-2-0,193,1,10.168000,,,,,,,,,,0
timing-1920x1080-2-0,194,1,10.345000,,,,,,,,,,0
timing-1920x1080-2-0,195,1,10.169000,,,,,,,,,,0
timing-1920x1080-2-0,196,1,10.179000,,,,,,,,,,0
timing-1920x1080-2-0,197,1,10.193000,,,,,,,,,,0
timing-1920x1080-2-0,198,1,9.963000,,,,,,,,,,0
timing-1920x1080-2-0,199,1,10.180000,,,,,,,,,,0
timing-1920x1080-2-0,200,1,9.998000,,,,,,,,,,0
timing-1920x1080-2-0,201,1,9.990000,,,,,,,,,,0
timing-1920x1080-2-0,202,1,9.959000,,,,,,,,,,0
timing-1920x1080-2-0,203,1,10.024000,,,,,,,,,,0
timing-1920x1080-2-0,204,1,10.237000,,,,,,,,,,0
timing-1920x1080-2-0,205,1,10.334000,,,,,,,,,,0
timing-1920x1080-2-0,206,1,9.893000,,,,,,,,,,0
timing-1920x1080-2-0,207,1,10.071000,,,,,,,,,,0
timing-1920x1080-2-0,208,1,9.997000,,,,,,,,,,0
timing-1920x1080-2-0,209,1,10.181000,,,,,,,,,,0
timing-1920x1080-2-0,210,1,10.435000,,,,,,,,,,0
timing-1920x1080-2-0,211,1,10.213000,,,,,,,,,,0
timing-1920x1080-2-0,212,1,10.076000,,,,,,,,,,0
timing-1920x1080-2-0,213,1,9.965000,,,,,,,,,,0
timing-1920x1080-2-0,214,1,10.122000,,,,,,,,,,0
timing-1920x1080-2-0,215,1,10.127000,,,,,,,,,,0
timing-1920x1080-2-0,216,1,10.239000,,,,,,,,,,0
timing-1920x1080-2-0,217,1,10.357000,,,,,,,,,,0
timing-1920x1080-2-0,218,1,10.219000,,,,,,,,,,0
timing-1920x1080-2-0,219,1,10.225000,,,,,,,,,,0
timing-1920x1080-2-0,220,1,10.209000,,,,,,,,,,0
timing-1920x1080-2-0,221,1,10.136000,,,,,,,,,,0
timing-1920x1080-2-0,222,1,10.095000,,,,,,,,,,0
timing-1920x1080-2-0,223,1,10.037000,,,,,,,,,,0
timing-1920x1080-2-0,224,1,10.064000,,,,,,,,,,0
timing-1920x1080-2-0,225,1,10.165000,,,,,,,,,,0
timing-1920x1080-2-0,226,1,10.116000,,,,,,,,,,0
timing-1920x1080-2-0,227,1,10.235000,,,,,,,,,,0
timing-1920x1080-2-0,228,1,10.246000,,,,,,,,,,0
timing-1920x1080-2-0,229,1,10.212000,,,,,,,,,,0
timing-1920x1080-2-0,230,1,10.209000,,,,,,,,,,0
timing-1920x1080-2-0,231,1,10.308000,,,,,,,,,,0
timing-1920x1080-2-0,232,1,10.218000,,,,,,,,,,0
timing-1920x1080-2-0,233,1,10.260000,,,,,,,,,,0
timing-1920x1080-2-0,234,1,10.250000,,,,,,,,,,0
timing-1920x1080-2-0,235,1,10.020000,,,,,,,,,,0
timing-1920x1080-2-0,236,1,9.988000,,,,,,,,,,0
timing-1920x1080-2-0,237,1,9.951000,,,,,,,,,,0
timing-1920x1080-2-0,238,1,10.197000,,,,,,,,,,0
timing-1920x1080-2-0,239,1,10.146000,,,,,,,,,,0
timing-1920x1080-2-0,240,1,10.193000,,,,,,,,,,0
timing-1920x1080-2-0,241,1,10.247000,,,,,,,,,,0
timing-1920x1080-2-0,242,1,10.078000,,,,,,,,,,0
timing-1920x1080-2-0,243,1,10.051000,,,,,,,,,,0
timing-1920x1080-2-0,244,1,10.147000,,,,,,,,,,0
timing-1920x1080-2-0,245,1,10.189000,,,,,,,,,,0
timing-1920x1080-2-0,246,1,10.152000,,,,,,,,,,0
timing-1920x1080-2-0,247,1,10.341000,,,,,,,,,,0
timing-1920x1080-2-0,248,1,10.311000,,,,,,,,,,0
timing-1920x1080-2-0,249,1,10.183000,,,,,,,,,,0
timing-1920x1080-2-0,250,1,9.898000,,,,,,,,,,0
timing-1920x1080-2-0,251,1,10.061000,,,,,,,,,,0
timing-1920x1080-2-0,252,1,9.965000,,,,,,,,,,0
timing-1920x1080-2-0,253,1,10.153000,,,,,,,,,,0
timing-1920x1080-2-0,254,1,10.111000,,,,,,,,,,0
timing-1920x1080-2-0,255,1,10.306000,,,,,,,,,,0
timing-1920x1080-2-0,256,1,10.023000,,,,,,,,,,0
timing-1920x1080-2-0,257,1,10.019000,,,,,,,,,,0
timing-1920x1080-2-0,258,1,10.033000,,,,,,,,,,0
timing-1920x1080-2-0,259,1,10.277000,,,,,,,,,,0
timing-1920x1080-2-0,260,1,10.005000,,,,,,,,,,0
timing-1920x1080-2-0,261,1,10.136000,,,,,,,,,,0
timing-1920x1080-2-0,262,1,10.044000,,,,,,,,,,0
timing-1920x1080-2-0,263,1,9.959000,,,,,,,,,,0
timing-1920x1080-2-0,264,1,10.098000,,,,,,,,,,0
timing-1920x1080-2-0,265,1,10.016000,,,,,,,,,,0
timing-1920x1080-2-0,266,1,9.983000,,,,,,,,,,0
timing-1920x1080-2-0,267,1,10.131000,,,,,,,,,,0
timing-1920x1080-2-0,268,1,10.317000,,,,,,,,,,0
timing-1920x1080-2-0,269,1,10.298000,,,,,,,,,,0
timing-1920x1080-2-0,270,1,10.333000,,,,,,,,,,0
timing-1920x1080-2-0,271,1,10.226000,,,,,,,,,,0
timing-1920x1080-2-0,272,1,10.153000,,,,,,,,,,0
timing-1920x1080-2-0,273,1,10.088000,,,,,,,,,,0
timing-1920x1080-2-0,274,1,10.184000,,,,,,,,,,0
timing-1920x1080-2-0,275,1,10.190000,,,,,,,,,,0
timing-1920x1080-2-0,276,1,10.222000,,,,,,,,,,0
timing-1920x1080-2-0,277,1,10.417000,,,,,,,,,,0
timing-1920x1080-2-0,278,1,10.198000,,,,,,,,,,0
timing-1920x1080-2-0,279,1,10.331000,,,,,,,,,,0
timing-1920x1080-2-0,280,1,10.230000,,,,,,,,,,0
timing-1920x1080-2-0,281,1,10.325000,,,,,,,,,,0
timing-1920x1080-2-0,282,1,10.157000,,,,,,,,,,0
timing-1920x1080-2-0,283,1,10.070000,,,,,,,,,,0
timing-1920x1080-2-0,284,1,10.448000,,,,,,,,,,0
timing-1920x1080-2-0,285,1,10.255000,,,,,,,,,,0
timing-1920x1080-2-0,286,1,10.109000,,,,,,,,,,0
timing-1920x1080-2-0,287,1,10.124000,,,,,,,,,,0
timing-1920x1080-2-0,288,1,10.183000,,,,,,,,,,0
timing-1920x1080-2-0,289,1,10.163000,,,,,,,,,,0
timing-1920x1080-2-0,290,1,10.336000,,,,,,,,,,0
timing-1920x1080-2-0,291,1,10.277000,,,,,,,,,,0
timing-1920x1080-2-0,292,1,10.156000,,,,,,,,,,0
timing-1920x1080-2-0,293,1,10.327000,,,,,,,,,,0
timing-1920x1080-2-0,294,1,10.315000,,,,,,,,,,0
timing-1920x1080-2-0,295,1,10.414000,,,,,,,,,,0
timing-1920x1080-2-0,296,1,10.330000,,,,,,,,,,0
timing-1920x1080-2-0,297,1,10.180000,,,,,,,,,,0
timing-1920x1080-2-0,298,1,10.272000,,,,,,,,,,0
timing-1920x1080-2-0,299,1,10.214000,,,,,,,,,,0
timing-1920x1080-2-0,300,1,10.388000,,,,,,,,,,0
timing-1920x1080-2-0,301,1,10.337000,,,,,,,,,,0
timing-1920x1080-2-0,302,1,10.314000,,,,,,,,,,0
timing-1920x1080-2-0,303,1,10.068000,,,,,,,,,,0
timing-1920x1080-2-0,304,1,10.052000,,,,,,,,,,0
timing-1920x1080-2-0,305,1,9.966000,,,,,,,,,,0
timing-1920x1080-2-0,306,1,10.132000,,,,,,,,,,0
timing-1920x1080-2-0,307,1,10.065000,,,,,,,,,,0
timing-1920x1080-2-0,308,1,10.085000,,,,,,,,,,0
timing-1920x1080-2-0,309,1,9.994000,,,,,,,,,,0
timing-1920x1080-2-0,310,1,10.120000,,,,,,,,,,0
timing-1920x1080-2-0,311,1,10.187000,,,,,,,,,,0
timing-1920x1080-2-0,312,1,10.206000,,,,,,,,,,0
timing-1920x1080-2-0,313,1,10.303000,,,,,,,,,,0
timing-1920x1080-2-0,314,1,10.199000,,,,,,,,,,0
timing-1920x1080-2-0,315,1,10.287000,,,,,,,,,,0
timing-1920x1080-2-0,316,1,10.245000,,,,,,,,,,0
timing-1920x1080-2-0,317,1,10.254000,,,,,,,,,,0
timing-1920x1080-2-0,318,1,10.282000,,,,,,,,,,0
timing-1920x1080-2-0,319,1,10.075000,0,0,0.999511719,0.362065608,0.408951316,1254,352,0,0,1
timing-1920x1080-2-1,0,1,1201.043000,0,0,0.999511719,0.362065608,0.408951316,1254,352,0,0,1
timing-1920x1080-2-1,1,1,16.182000,,,,,,,,,,0
timing-1920x1080-2-1,2,1,10.993000,,,,,,,,,,0
timing-1920x1080-2-1,3,1,10.853000,,,,,,,,,,0
timing-1920x1080-2-1,4,1,10.449000,,,,,,,,,,0
timing-1920x1080-2-1,5,1,10.329000,,,,,,,,,,0
timing-1920x1080-2-1,6,1,10.403000,,,,,,,,,,0
timing-1920x1080-2-1,7,1,10.397000,,,,,,,,,,0
timing-1920x1080-2-1,8,1,10.348000,,,,,,,,,,0
timing-1920x1080-2-1,9,1,10.370000,,,,,,,,,,0
timing-1920x1080-2-1,10,1,10.305000,,,,,,,,,,0
timing-1920x1080-2-1,11,1,10.332000,,,,,,,,,,0
timing-1920x1080-2-1,12,1,10.362000,,,,,,,,,,0
timing-1920x1080-2-1,13,1,10.368000,,,,,,,,,,0
timing-1920x1080-2-1,14,1,10.245000,,,,,,,,,,0
timing-1920x1080-2-1,15,1,10.437000,,,,,,,,,,0
timing-1920x1080-2-1,16,1,10.053000,,,,,,,,,,0
timing-1920x1080-2-1,17,1,10.270000,,,,,,,,,,0
timing-1920x1080-2-1,18,1,10.290000,,,,,,,,,,0
timing-1920x1080-2-1,19,1,10.354000,,,,,,,,,,0
timing-1920x1080-2-1,20,1,10.242000,,,,,,,,,,0
timing-1920x1080-2-1,21,1,10.408000,,,,,,,,,,0
timing-1920x1080-2-1,22,1,10.290000,,,,,,,,,,0
timing-1920x1080-2-1,23,1,10.422000,,,,,,,,,,0
timing-1920x1080-2-1,24,1,10.044000,,,,,,,,,,0
timing-1920x1080-2-1,25,1,9.966000,,,,,,,,,,0
timing-1920x1080-2-1,26,1,9.840000,,,,,,,,,,0
timing-1920x1080-2-1,27,1,10.054000,,,,,,,,,,0
timing-1920x1080-2-1,28,1,9.828000,,,,,,,,,,0
timing-1920x1080-2-1,29,1,9.941000,,,,,,,,,,0
timing-1920x1080-2-1,30,1,10.025000,,,,,,,,,,0
timing-1920x1080-2-1,31,1,9.986000,,,,,,,,,,0
timing-1920x1080-2-1,32,1,10.035000,,,,,,,,,,0
timing-1920x1080-2-1,33,1,10.025000,,,,,,,,,,0
timing-1920x1080-2-1,34,1,10.018000,,,,,,,,,,0
timing-1920x1080-2-1,35,1,9.895000,,,,,,,,,,0
timing-1920x1080-2-1,36,1,10.017000,,,,,,,,,,0
timing-1920x1080-2-1,37,1,9.879000,,,,,,,,,,0
timing-1920x1080-2-1,38,1,9.924000,,,,,,,,,,0
timing-1920x1080-2-1,39,1,10.144000,,,,,,,,,,0
timing-1920x1080-2-1,40,1,9.911000,,,,,,,,,,0
timing-1920x1080-2-1,41,1,9.981000,,,,,,,,,,0
timing-1920x1080-2-1,42,1,9.950000,,,,,,,,,,0
timing-1920x1080-2-1,43,1,10.044000,,,,,,,,,,0
timing-1920x1080-2-1,44,1,10.022000,,,,,,,,,,0
timing-1920x1080-2-1,45,1,9.943000,,,,,,,,,,0
timing-1920x1080-2-1,46,1,9.902000,,,,,,,,,,0
timing-1920x1080-2-1,47,1,9.984000,,,,,,,,,,0
timing-1920x1080-2-1,48,1,9.948000,,,,,,,,,,0
timing-1920x1080-2-1,49,1,10.075000,,,,,,,,,,0
timing-1920x1080-2-1,50,1,9.935000,,,,,,,,,,0
timing-1920x1080-2-1,51,1,10.045000,,,,,,,,,,0
timing-1920x1080-2-1,52,1,10.034000,,,,,,,,,,0
timing-1920x1080-2-1,53,1,10.060000,,,,,,,,,,0
timing-1920x1080-2-1,54,1,10.148000,,,,,,,,,,0
timing-1920x1080-2-1,55,1,10.021000,,,,,,,,,,0
timing-1920x1080-2-1,56,1,10.225000,,,,,,,,,,0
timing-1920x1080-2-1,57,1,9.914000,,,,,,,,,,0
timing-1920x1080-2-1,58,1,10.129000,,,,,,,,,,0
timing-1920x1080-2-1,59,1,10.170000,,,,,,,,,,0
timing-1920x1080-2-1,60,1,9.977000,,,,,,,,,,0
timing-1920x1080-2-1,61,1,9.979000,,,,,,,,,,0
timing-1920x1080-2-1,62,1,10.007000,,,,,,,,,,0
timing-1920x1080-2-1,63,1,9.954000,,,,,,,,,,0
timing-1920x1080-2-1,64,1,10.057000,,,,,,,,,,0
timing-1920x1080-2-1,65,1,9.944000,,,,,,,,,,0
timing-1920x1080-2-1,66,1,10.101000,,,,,,,,,,0
timing-1920x1080-2-1,67,1,9.978000,,,,,,,,,,0
timing-1920x1080-2-1,68,1,9.940000,,,,,,,,,,0
timing-1920x1080-2-1,69,1,10.165000,,,,,,,,,,0
timing-1920x1080-2-1,70,1,9.868000,,,,,,,,,,0
timing-1920x1080-2-1,71,1,9.922000,,,,,,,,,,0
timing-1920x1080-2-1,72,1,9.906000,,,,,,,,,,0
timing-1920x1080-2-1,73,1,10.047000,,,,,,,,,,0
timing-1920x1080-2-1,74,1,10.097000,,,,,,,,,,0
timing-1920x1080-2-1,75,1,9.925000,,,,,,,,,,0
timing-1920x1080-2-1,76,1,9.997000,,,,,,,,,,0
timing-1920x1080-2-1,77,1,10.063000,,,,,,,,,,0
timing-1920x1080-2-1,78,1,9.849000,,,,,,,,,,0
timing-1920x1080-2-1,79,1,10.271000,,,,,,,,,,0
timing-1920x1080-2-1,80,1,9.860000,,,,,,,,,,0
timing-1920x1080-2-1,81,1,9.963000,,,,,,,,,,0
timing-1920x1080-2-1,82,1,10.051000,,,,,,,,,,0
timing-1920x1080-2-1,83,1,10.084000,,,,,,,,,,0
timing-1920x1080-2-1,84,1,10.174000,,,,,,,,,,0
timing-1920x1080-2-1,85,1,10.005000,,,,,,,,,,0
timing-1920x1080-2-1,86,1,10.056000,,,,,,,,,,0
timing-1920x1080-2-1,87,1,10.147000,,,,,,,,,,0
timing-1920x1080-2-1,88,1,10.182000,,,,,,,,,,0
timing-1920x1080-2-1,89,1,10.022000,,,,,,,,,,0
timing-1920x1080-2-1,90,1,10.114000,,,,,,,,,,0
timing-1920x1080-2-1,91,1,9.975000,,,,,,,,,,0
timing-1920x1080-2-1,92,1,10.000000,,,,,,,,,,0
timing-1920x1080-2-1,93,1,10.334000,,,,,,,,,,0
timing-1920x1080-2-1,94,1,10.229000,,,,,,,,,,0
timing-1920x1080-2-1,95,1,10.195000,,,,,,,,,,0
timing-1920x1080-2-1,96,1,10.104000,,,,,,,,,,0
timing-1920x1080-2-1,97,1,10.350000,,,,,,,,,,0
timing-1920x1080-2-1,98,1,10.198000,,,,,,,,,,0
timing-1920x1080-2-1,99,1,10.201000,,,,,,,,,,0
timing-1920x1080-2-1,100,1,10.059000,,,,,,,,,,0
timing-1920x1080-2-1,101,1,10.216000,,,,,,,,,,0
timing-1920x1080-2-1,102,1,10.013000,,,,,,,,,,0
timing-1920x1080-2-1,103,1,10.176000,,,,,,,,,,0
timing-1920x1080-2-1,104,1,10.086000,,,,,,,,,,0
timing-1920x1080-2-1,105,1,10.228000,,,,,,,,,,0
timing-1920x1080-2-1,106,1,10.181000,,,,,,,,,,0
timing-1920x1080-2-1,107,1,10.057000,,,,,,,,,,0
timing-1920x1080-2-1,108,1,10.163000,,,,,,,,,,0
timing-1920x1080-2-1,109,1,9.991000,,,,,,,,,,0
timing-1920x1080-2-1,110,1,9.987000,,,,,,,,,,0
timing-1920x1080-2-1,111,1,10.136000,,,,,,,,,,0
timing-1920x1080-2-1,112,1,10.137000,,,,,,,,,,0
timing-1920x1080-2-1,113,1,10.368000,,,,,,,,,,0
timing-1920x1080-2-1,114,1,10.238000,,,,,,,,,,0
timing-1920x1080-2-1,115,1,10.186000,,,,,,,,,,0
timing-1920x1080-2-1,116,1,10.096000,,,,,,,,,,0
timing-1920x1080-2-1,117,1,10.285000,,,,,,,,,,0
timing-1920x1080-2-1,118,1,10.166000,,,,,,,,,,0
timing-1920x1080-2-1,119,1,10.260000,,,,,,,,,,0
timing-1920x1080-2-1,120,1,10.183000,,,,,,,,,,0
timing-1920x1080-2-1,121,1,10.142000,,,,,,,,,,0
timing-1920x1080-2-1,122,1,10.087000,,,,,,,,,,0
timing-1920x1080-2-1,123,1,10.354000,,,,,,,,,,0
timing-1920x1080-2-1,124,1,10.243000,,,,,,,,,,0
timing-1920x1080-2-1,125,1,10.160000,,,,,,,,,,0
timing-1920x1080-2-1,126,1,10.154000,,,,,,,,,,0
timing-1920x1080-2-1,127,1,10.327000,,,,,,,,,,0
timing-1920x1080-2-1,128,1,10.218000,,,,,,,,,,0
timing-1920x1080-2-1,129,1,10.194000,,,,,,,,,,0
timing-1920x1080-2-1,130,1,10.217000,,,,,,,,,,0
timing-1920x1080-2-1,131,1,10.256000,,,,,,,,,,0
timing-1920x1080-2-1,132,1,10.049000,,,,,,,,,,0
timing-1920x1080-2-1,133,1,10.032000,,,,,,,,,,0
timing-1920x1080-2-1,134,1,10.127000,,,,,,,,,,0
timing-1920x1080-2-1,135,1,10.009000,,,,,,,,,,0
timing-1920x1080-2-1,136,1,9.911000,,,,,,,,,,0
timing-1920x1080-2-1,137,1,9.994000,,,,,,,,,,0
timing-1920x1080-2-1,138,1,9.926000,,,,,,,,,,0
timing-1920x1080-2-1,139,1,10.321000,,,,,,,,,,0
timing-1920x1080-2-1,140,1,10.211000,,,,,,,,,,0
timing-1920x1080-2-1,141,1,9.955000,,,,,,,,,,0
timing-1920x1080-2-1,142,1,10.001000,,,,,,,,,,0
timing-1920x1080-2-1,143,1,10.000000,,,,,,,,,,0
timing-1920x1080-2-1,144,1,10.114000,,,,,,,,,,0
timing-1920x1080-2-1,145,1,10.172000,,,,,,,,,,0
timing-1920x1080-2-1,146,1,9.941000,,,,,,,,,,0
timing-1920x1080-2-1,147,1,9.929000,,,,,,,,,,0
timing-1920x1080-2-1,148,1,9.908000,,,,,,,,,,0
timing-1920x1080-2-1,149,1,10.009000,,,,,,,,,,0
timing-1920x1080-2-1,150,1,9.911000,,,,,,,,,,0
timing-1920x1080-2-1,151,1,9.949000,,,,,,,,,,0
timing-1920x1080-2-1,152,1,9.897000,,,,,,,,,,0
timing-1920x1080-2-1,153,1,10.060000,,,,,,,,,,0
timing-1920x1080-2-1,154,1,10.318000,,,,,,,,,,0
timing-1920x1080-2-1,155,1,10.272000,,,,,,,,,,0
timing-1920x1080-2-1,156,1,10.380000,,,,,,,,,,0
timing-1920x1080-2-1,157,1,10.275000,,,,,,,,,,0
timing-1920x1080-2-1,158,1,10.297000,,,,,,,,,,0
timing-1920x1080-2-1,159,1,10.192000,,,,,,,,,,0
timing-1920x1080-2-1,160,1,10.137000,,,,,,,,,,0
timing-1920x1080-2-1,161,1,10.161000,,,,,,,,,,0
timing-1920x1080-2-1,162,1,10.196000,,,,,,,,,,0
timing-1920x1080-2-1,163,1,10.172000,,,,,,,,,,0
timing-1920x1080-2-1,164,1,10.215000,,,,,,,,,,0
timing-1920x1080-2-1,165,1,10.148000,,,,,,,,,,0
timing-1920x1080-2-1,166,1,10.377000,,,,,,,,,,0
timing-1920x1080-2-1,167,1,10.120000,,,,,,,,,,0
timing-1920x1080-2-1,168,1,10.234000,,,,,,,,,,0
timing-1920x1080-2-1,169,1,10.091000,,,,,,,,,,0
timing-1920x1080-2-1,170,1,10.239000,,,,,,,,,,0
timing-1920x1080-2-1,171,1,10.134000,,,,,,,,,,0
timing-1920x1080-2-1,172,1,10.171000,,,,,,,,,,0
timing-1920x1080-2-1,173,1,10.060000,,,,,,,,,,0
timing-1920x1080-2-1,174,1,10.192000,,,,,,,,,,0
timing-1920x1080-2-1,175,1,10.475000,,,,,,,,,,0
timing-1920x1080-2-1,176,1,10.146000,,,,,,,,,,0
timing-1920x1080-2-1,177,1,10.210000,,,,,,,,,,0
timing-1920x1080-2-1,178,1,10.193000,,,,,,,,,,0
timing-1920x1080-2-1,179,1,10.241000,,,,,,,,,,0
timing-1920x1080-2-1,180,1,10.109000,,,,,,,,,,0
timing-1920x1080-2-1,181,1,10.166000,,,,,,,,,,0
timing-1920x1080-2-1,182,1,10.051000,,,,,,,,,,0
timing-1920x1080-2-1,183,1,10.142000,,,,,,,,,,0
timing-1920x1080-2-1,184,1,10.222000,,,,,,,,,,0
timing-1920x1080-2-1,185,1,10.340000,,,,,,,,,,0
timing-1920x1080-2-1,186,1,10.224000,,,,,,,,,,0
timing-1920x1080-2-1,187,1,10.295000,,,,,,,,,,0
timing-1920x1080-2-1,188,1,10.061000,,,,,,,,,,0
timing-1920x1080-2-1,189,1,10.200000,,,,,,,,,,0
timing-1920x1080-2-1,190,1,9.927000,,,,,,,,,,0
timing-1920x1080-2-1,191,1,10.158000,,,,,,,,,,0
timing-1920x1080-2-1,192,1,10.092000,,,,,,,,,,0
timing-1920x1080-2-1,193,1,10.064000,,,,,,,,,,0
timing-1920x1080-2-1,194,1,9.955000,,,,,,,,,,0
timing-1920x1080-2-1,195,1,10.003000,,,,,,,,,,0
timing-1920x1080-2-1,196,1,9.914000,,,,,,,,,,0
timing-1920x1080-2-1,197,1,10.003000,,,,,,,,,,0
timing-1920x1080-2-1,198,1,10.061000,,,,,,,,,,0
timing-1920x1080-2-1,199,1,10.181000,,,,,,,,,,0
timing-1920x1080-2-1,200,1,10.200000,,,,,,,,,,0
timing-1920x1080-2-1,201,1,9.986000,,,,,,,,,,0
timing-1920x1080-2-1,202,1,9.982000,,,,,,,,,,0
timing-1920x1080-2-1,203,1,9.880000,,,,,,,,,,0
timing-1920x1080-2-1,204,1,10.090000,,,,,,,,,,0
timing-1920x1080-2-1,205,1,10.190000,,,,,,,,,,0
timing-1920x1080-2-1,206,1,10.140000,,,,,,,,,,0
timing-1920x1080-2-1,207,1,10.223000,,,,,,,,,,0
timing-1920x1080-2-1,208,1,10.169000,,,,,,,,,,0
timing-1920x1080-2-1,209,1,10.249000,,,,,,,,,,0
timing-1920x1080-2-1,210,1,10.136000,,,,,,,,,,0
timing-1920x1080-2-1,211,1,9.936000,,,,,,,,,,0
timing-1920x1080-2-1,212,1,9.948000,,,,,,,,,,0
timing-1920x1080-2-1,213,1,9.916000,,,,,,,,,,0
timing-1920x1080-2-1,214,1,10.059000,,,,,,,,,,0
timing-1920x1080-2-1,215,1,10.254000,,,,,,,,,,0
timing-1920x1080-2-1,216,1,10.115000,,,,,,,,,,0
timing-1920x1080-2-1,217,1,10.167000,,,,,,,,,,0
timing-1920x1080-2-1,218,1,10.198000,,,,,,,,,,0
timing-1920x1080-2-1,219,1,10.310000,,,,,,,,,,0
timing-1920x1080-2-1,220,1,10.166000,,,,,,,,,,0
timing-1920x1080-2-1,221,1,10.290000,,,,,,,,,,0
timing-1920x1080-2-1,222,1,9.941000,,,,,,,,,,0
timing-1920x1080-2-1,223,1,10.026000,,,,,,,,,,0
timing-1920x1080-2-1,224,1,10.140000,,,,,,,,,,0
timing-1920x1080-2-1,225,1,10.178000,,,,,,,,,,0
timing-1920x1080-2-1,226,1,10.136000,,,,,,,,,,0
timing-1920x1080-2-1,227,1,10.249000,,,,,,,,,,0
timing-1920x1080-2-1,228,1,10.235000,,,,,,,,,,0
timing-1920x1080-2-1,229,1,10.040000,,,,,,,,,,0
timing-1920x1080-2-1,230,1,10.036000,,,,,,,,,,0
timing-1920x1080-2-1,231,1,9.976000,,,,,,,,,,0
timing-1920x1080-2-1,232,1,10.058000,,,,,,,,,,0
timing-1920x1080-2-1,233,1,10.036000,,,,,,,,,,0
timing-1920x1080-2-1,234,1,9.929000,,,,,,,,,,0
timing-1920x1080-2-1,235,1,10.017000,,,,,,,,,,0
timing-1920x1080-2-1,236,1,10.004000,,,,,,,,,,0
timing-1920x1080-2-1,237,1,10.165000,,,,,,,,,,0
timing-1920x1080-2-1,238,1,10.154000,,,,,,,,,,0
timing-1920x1080-2-1,239,1,10.093000,,,,,,,,,,0
timing-1920x1080-2-1,240,1,10.198000,,,,,,,,,,0
timing-1920x1080-2-1,241,1,10.266000,,,,,,,,,,0
timing-1920x1080-2-1,242,1,10.383000,,,,,,,,,,0
timing-1920x1080-2-1,243,1,10.466000,,,,,,,,,,0
timing-1920x1080-2-1,244,1,10.487000,,,,,,,,,,0
timing-1920x1080-2-1,245,1,10.326000,,,,,,,,,,0
timing-1920x1080-2-1,246,1,10.350000,,,,,,,,,,0
timing-1920x1080-2-1,247,1,10.475000,,,,,,,,,,0
timing-1920x1080-2-1,248,1,10.413000,,,,,,,,,,0
timing-1920x1080-2-1,249,1,10.413000,,,,,,,,,,0
timing-1920x1080-2-1,250,1,10.259000,,,,,,,,,,0
timing-1920x1080-2-1,251,1,10.278000,,,,,,,,,,0
timing-1920x1080-2-1,252,1,9.925000,,,,,,,,,,0
timing-1920x1080-2-1,253,1,9.959000,,,,,,,,,,0
timing-1920x1080-2-1,254,1,9.950000,,,,,,,,,,0
timing-1920x1080-2-1,255,1,10.216000,,,,,,,,,,0
timing-1920x1080-2-1,256,1,10.364000,,,,,,,,,,0
timing-1920x1080-2-1,257,1,10.206000,,,,,,,,,,0
timing-1920x1080-2-1,258,1,9.989000,,,,,,,,,,0
timing-1920x1080-2-1,259,1,10.002000,,,,,,,,,,0
timing-1920x1080-2-1,260,1,10.036000,,,,,,,,,,0
timing-1920x1080-2-1,261,1,10.144000,,,,,,,,,,0
timing-1920x1080-2-1,262,1,10.105000,,,,,,,,,,0
timing-1920x1080-2-1,263,1,10.181000,,,,,,,,,,0
timing-1920x1080-2-1,264,1,10.189000,,,,,,,,,,0
timing-1920x1080-2-1,265,1,10.259000,,,,,,,,,,0
timing-1920x1080-2-1,266,1,10.236000,,,,,,,,,,0
timing-1920x1080-2-1,267,1,10.289000,,,,,,,,,,0
timing-1920x1080-2-1,268,1,9.980000,,,,,,,,,,0
timing-1920x1080-2-1,269,1,10.228000,,,,,,,,,,0
timing-1920x1080-2-1,270,1,10.035000,,,,,,,,,,0
timing-1920x1080-2-1,271,1,10.233000,,,,,,,,,,0
timing-1920x1080-2-1,272,1,10.113000,,,,,,,,,,0
timing-1920x1080-2-1,273,1,10.237000,,,,,,,,,,0
timing-1920x1080-2-1,274,1,10.001000,,,,,,,,,,0
timing-1920x1080-2-1,275,1,10.141000,,,,,,,,,,0
timing-1920x1080-2-1,276,1,10.235000,,,,,,,,,,0
timing-1920x1080-2-1,277,1,10.196000,,,,,,,,,,0
timing-1920x1080-2-1,278,1,10.176000,,,,,,,,,,0
timing-1920x1080-2-1,279,1,10.217000,,,,,,,,,,0
timing-1920x1080-2-1,280,1,10.267000,,,,,,,,,,0
timing-1920x1080-2-1,281,1,10.303000,,,,,,,,,,0
timing-1920x1080-2-1,282,1,10.147000,,,,,,,,,,0
timing-1920x1080-2-1,283,1,10.192000,,,,,,,,,,0
timing-1920x1080-2-1,284,1,10.195000,,,,,,,,,,0
timing-1920x1080-2-1,285,1,10.183000,,,,,,,,,,0
timing-1920x1080-2-1,286,1,10.232000,,,,,,,,,,0
timing-1920x1080-2-1,287,1,10.368000,,,,,,,,,,0
timing-1920x1080-2-1,288,1,9.971000,,,,,,,,,,0
timing-1920x1080-2-1,289,1,10.032000,,,,,,,,,,0
timing-1920x1080-2-1,290,1,10.113000,,,,,,,,,,0
timing-1920x1080-2-1,291,1,10.137000,,,,,,,,,,0
timing-1920x1080-2-1,292,1,10.379000,,,,,,,,,,0
timing-1920x1080-2-1,293,1,10.192000,,,,,,,,,,0
timing-1920x1080-2-1,294,1,10.122000,,,,,,,,,,0
timing-1920x1080-2-1,295,1,9.992000,,,,,,,,,,0
timing-1920x1080-2-1,296,1,10.204000,,,,,,,,,,0
timing-1920x1080-2-1,297,1,10.182000,,,,,,,,,,0
timing-1920x1080-2-1,298,1,10.284000,,,,,,,,,,0
timing-1920x1080-2-1,299,1,9.852000,,,,,,,,,,0
timing-1920x1080-2-1,300,1,9.983000,,,,,,,,,,0
timing-1920x1080-2-1,301,1,10.071000,,,,,,,,,,0
timing-1920x1080-2-1,302,1,10.034000,,,,,,,,,,0
timing-1920x1080-2-1,303,1,10.015000,,,,,,,,,,0
timing-1920x1080-2-1,304,1,10.240000,,,,,,,,,,0
timing-1920x1080-2-1,305,1,10.277000,,,,,,,,,,0
timing-1920x1080-2-1,306,1,10.199000,,,,,,,,,,0
timing-1920x1080-2-1,307,1,10.309000,,,,,,,,,,0
timing-1920x1080-2-1,308,1,10.040000,,,,,,,,,,0
timing-1920x1080-2-1,309,1,9.903000,,,,,,,,,,0
timing-1920x1080-2-1,310,1,10.011000,,,,,,,,,,0
timing-1920x1080-2-1,311,1,10.036000,,,,,,,,,,0
timing-1920x1080-2-1,312,1,10.127000,,,,,,,,,,0
timing-1920x1080-2-1,313,1,10.199000,,,,,,,,,,0
timing-1920x1080-2-1,314,1,9.888000,,,,,,,,,,0
timing-1920x1080-2-1,315,1,9.854000,,,,,,,,,,0
timing-1920x1080-2-1,316,1,9.869000,,,,,,,,,,0
timing-1920x1080-2-1,317,1,9.864000,,,,,,,,,,0
timing-1920x1080-2-1,318,1,10.129000,,,,,,,,,,0
timing-1920x1080-2-1,319,1,10.251000,0,0,0.999511719,0.362065608,0.408951316,1254,352,0,0,1
timing-1920x1080-2-2,0,1,1182.179000,0,0,0.999511719,0.362065608,0.408951316,1254,352,0,0,1
timing-1920x1080-2-2,1,1,12.708000,,,,,,,,,,0
timing-1920x1080-2-2,2,1,11.355000,,,,,,,,,,0
timing-1920x1080-2-2,3,1,10.962000,,,,,,,,,,0
timing-1920x1080-2-2,4,1,10.594000,,,,,,,,,,0
timing-1920x1080-2-2,5,1,10.401000,,,,,,,,,,0
timing-1920x1080-2-2,6,1,10.186000,,,,,,,,,,0
timing-1920x1080-2-2,7,1,10.391000,,,,,,,,,,0
timing-1920x1080-2-2,8,1,10.212000,,,,,,,,,,0
timing-1920x1080-2-2,9,1,10.488000,,,,,,,,,,0
timing-1920x1080-2-2,10,1,10.492000,,,,,,,,,,0
timing-1920x1080-2-2,11,1,10.389000,,,,,,,,,,0
timing-1920x1080-2-2,12,1,10.546000,,,,,,,,,,0
timing-1920x1080-2-2,13,1,10.304000,,,,,,,,,,0
timing-1920x1080-2-2,14,1,10.524000,,,,,,,,,,0
timing-1920x1080-2-2,15,1,10.402000,,,,,,,,,,0
timing-1920x1080-2-2,16,1,9.815000,,,,,,,,,,0
timing-1920x1080-2-2,17,1,10.170000,,,,,,,,,,0
timing-1920x1080-2-2,18,1,10.055000,,,,,,,,,,0
timing-1920x1080-2-2,19,1,10.068000,,,,,,,,,,0
timing-1920x1080-2-2,20,1,10.205000,,,,,,,,,,0
timing-1920x1080-2-2,21,1,10.184000,,,,,,,,,,0
timing-1920x1080-2-2,22,1,10.015000,,,,,,,,,,0
timing-1920x1080-2-2,23,1,9.960000,,,,,,,,,,0
timing-1920x1080-2-2,24,1,10.083000,,,,,,,,,,0
timing-1920x1080-2-2,25,1,9.835000,,,,,,,,,,0
timing-1920x1080-2-2,26,1,10.210000,,,,,,,,,,0
timing-1920x1080-2-2,27,1,9.857000,,,,,,,,,,0
timing-1920x1080-2-2,28,1,9.894000,,,,,,,,,,0
timing-1920x1080-2-2,29,1,9.965000,,,,,,,,,,0
timing-1920x1080-2-2,30,1,9.942000,,,,,,,,,,0
timing-1920x1080-2-2,31,1,9.864000,,,,,,,,,,0
timing-1920x1080-2-2,32,1,9.918000,,,,,,,,,,0
timing-1920x1080-2-2,33,1,9.959000,,,,,,,,,,0
timing-1920x1080-2-2,34,1,10.061000,,,,,,,,,,0
timing-1920x1080-2-2,35,1,10.019000,,,,,,,,,,0
timing-1920x1080-2-2,36,1,9.979000,,,,,,,,,,0
timing-1920x1080-2-2,37,1,9.967000,,,,,,,,,,0
timing-1920x1080-2-2,38,1,9.925000,,,,,,,,,,0
timing-1920x1080-2-2,39,1,10.093000,,,,,,,,,,0
timing-1920x1080-2-2,40,1,10.005000,,,,,,,,,,0
timing-1920x1080-2-2,41,1,9.947000,,,,,,,,,,0
timing-1920x1080-2-2,42,1,10.144000,,,,,,,,,,0
timing-1920x1080-2-2,43,1,9.968000,,,,,,,,,,0
timing-1920x1080-2-2,44,1,9.990000,,,,,,,,,,0
timing-1920x1080-2-2,45,1,9.956000,,,,,,,,,,0
timing-1920x1080-2-2,46,1,10.005000,,,,,,,,,,0
timing-1920x1080-2-2,47,1,9.870000,,,,,,,,,,0
timing-1920x1080-2-2,48,1,10.170000,,,,,,,,,,0
timing-1920x1080-2-2,49,1,10.024000,,,,,,,,,,0
timing-1920x1080-2-2,50,1,10.030000,,,,,,,,,,0
timing-1920x1080-2-2,51,1,9.966000,,,,,,,,,,0
timing-1920x1080-2-2,52,1,9.982000,,,,,,,,,,0
timing-1920x1080-2-2,53,1,10.003000,,,,,,,,,,0
timing-1920x1080-2-2,54,1,9.924000,,,,,,,,,,0
timing-1920x1080-2-2,55,1,10.033000,,,,,,,,,,0
timing-1920x1080-2-2,56,1,9.990000,,,,,,,,,,0
timing-1920x1080-2-2,57,1,9.926000,,,,,,,,,,0
timing-1920x1080-2-2,58,1,9.922000,,,,,,,,,,0
timing-1920x1080-2-2,59,1,9.926000,,,,,,,,,,0
timing-1920x1080-2-2,60,1,10.034000,,,,,,,,,,0
timing-1920x1080-2-2,61,1,10.244000,,,,,,,,,,0
timing-1920x1080-2-2,62,1,10.191000,,,,,,,,,,0
timing-1920x1080-2-2,63,1,9.964000,,,,,,,,,,0
timing-1920x1080-2-2,64,1,9.969000,,,,,,,,,,0
timing-1920x1080-2-2,65,1,10.043000,,,,,,,,,,0
timing-1920x1080-2-2,66,1,9.932000,,,,,,,,,,0
timing-1920x1080-2-2,67,1,10.164000,,,,,,,,,,0
timing-1920x1080-2-2,68,1,9.924000,,,,,,,,,,0
timing-1920x1080-2-2,69,1,9.966000,,,,,,,,,,0
timing-1920x1080-2-2,70,1,10.152000,,,,,,,,,,0
timing-1920x1080-2-2,71,1,9.972000,,,,,,,,,,0
timing-1920x1080-2-2,72,1,10.181000,,,,,,,,,,0
timing-1920x1080-2-2,73,1,9.929000,,,,,,,,,,0
timing-1920x1080-2-2,74,1,9.951000,,,,,,,,,,0
timing-1920x1080-2-2,75,1,10.136000,,,,,,,,,,0
timing-1920x1080-2-2,76,1,10.063000,,,,,,,,,,0
timing-1920x1080-2-2,77,1,9.903000,,,,,,,,,,0
timing-1920x1080-2-2,78,1,10.025000,,,,,,,,,,0
timing-1920x1080-2-2,79,1,10.027000,,,,,,,,,,0
timing-1920x1080-2-2,80,1,10.007000,,,,,,,,,,0
timing-1920x1080-2-2,81,1,9.989000,,,,,,,,,,0
timing-1920x1080-2-2,82,1,9.939000,,,,,,,,,,0
timing-1920x1080-2-2,83,1,9.893000,,,,,,,,,,0
timing-1920x1080-2-2,84,1,9.893000,,,,,,,,,,0
timing-1920x1080-2-2,85,1,9.902000,,,,,,,,,,0
timing-1920x1080-2-2,86,1,10.003000,,,,,,,,,,0
timing-1920x1080-2-2,87,1,9.922000,,,,,,,,,,0
timing-1920x1080-2-2,88,1,10.161000,,,,,,,,,,0
timing-1920x1080-2-2,89,1,9.963000,,,,,,,,,,0
timing-1920x1080-2-2,90,1,10.053000,,,,,,,,,,0
timing-1920x1080-2-2,91,1,9.922000,,,,,,,,,,0
timing-1920x1080-2-2,92,1,10.112000,,,,,,,,,,0
timing-1920x1080-2-2,93,1,10.212000,,,,,,,,,,0
timing-1920x1080-2-2,94,1,10.388000,,,,,,,,,,0
timing-1920x1080-2-2,95,1,10.224000,,,,,,,,,,0
timing-1920x1080-2-2,96,1,10.126000,,,,,,,,,,0
timing-1920x1080-2-2,97,1,10.166000,,,,,,,,,,0
timing-1920x1080-2-2,98,1,10.196000,,,,,,,,,,0
timing-1920x1080-2-2,99,1,10.148000,,,,,,,,,,0
timing-1920x1080-2-2,100,1,10.225000,,,,,,,,,,0
timing-1920x1080-2-2,101,1,10.153000,,,,,,,,,,0
timing-1920x1080-2-2,102,1,10.269000,,,,,,,,,,0
timing-1920x1080-2-2,103,1,10.244000,,,,,,,,,,0
timing-1920x1080-2-2,104,1,10.302000,,,,,,,,,,0
timing-1920x1080-2-2,105,1,10.245000,,,,,,,,,,0
timing-1920x1080-2-2,106,1,10.113000,,,,,,,,,,0
timing-1920x1080-2-2,107,1,10.408000,,,,,,,,,,0
timing-1920x1080-2-2,108,1,10.284000,,,,,,,,,,0
timing-1920x1080-2-2,109,1,10.210000,,,,,,,,,,0
timing-1920x1080-2-2,110,1,10.207000,,,,,,,,,,0
timing-1920x1080-2-2,111,1,10.158000,,,,,,,,,,0
timing-1920x1080-2-2,112,1,10.191000,,,,,,,,,,0
timing-1920x1080-2-2,113,1,10.042000,,,,,,,,,,0
timing-1920x1080-2-2,114,1,10.035000,,,,,,,,,,0
timing-1920x1080-2-2,115,1,10.190000,,,,,,,,,,0
timing-1920x1080-2-2,116,1,10.282000,,,,,,,,,,0
timing-1920x1080-2-2,117,1,10.102000,,,,,,,,,,0
timing-1920x1080-2-2,118,1,9.968000,,,,,,,,,,0
timing-1920x1080-2-2,119,1,10.214000,,,,,,,,,,0
timing-1920x1080-2-2,120,1,9.980000,,,,,,,,,,0
timing-1920x1080-2-2,121,1,10.236000,,,,,,,,,,0
timing-1920x1080-2-2,122,1,10.271000,,,,,,,,,,0
timing-1920x1080-2-2,123,1,10.251000,,,,,,,,,,0
timing-1920x1080-2-2,124,1,10.295000,,,,,,,,,,0
timing-1920x1080-2-2,125,1,10.150000,,,,,,,,,,0
timing-1920x1080-2-2,126,1,10.113000,,,,,,,,,,0
timing-1920x1080-2-2,127,1,10.265000,,,,,,,,,,0
timing-1920x1080-2-2,128,1,10.316000,,,,,,,,,,0
timing-1920x1080-2-2,129,1,10.244000,,,,,,,,,,0
timing-1920x1080-2-2,130,1,10.289000,,,,,,,,,,0
timing-1920x1080-2-2,131,1,10.239000,,,,,,,,,,0
timing-1920x1080-2-2,132,1,10.255000,,,,,,,,,,0
timing-1920x1080-2-2,133,1,10.159000,,,,,,,,,,0
timing-1920x1080-2-2,134,1,10.036000,,,,,,,,,,0
timing-1920x1080-2-2,135,1,9.967000,,,,,,,,,,0
timing-1920x1080-2-2,136,1,10.147000,,,,,,,,,,0
timing-1920x1080-2-2,137,1,10.088000,,,,,,,,,,0
timing-1920x1080-2-2,138,1,10.295000,,,,,,,,,,0
timing-1920x1080-2-2,139,1,10.325000,,,,,,,,,,0
timing-1920x1080-2-2,140,1,10.280000,,,,,,,,,,0
timing-1920x1080-2-2,141,1,10.173000,,,,,,,,,,0
timing-1920x1080-2-2,142,1,10.090000,,,,,,,,,,0
timing-1920x1080-2-2,143,1,10.238000,,,,,,,,,,0
timing-1920x1080-2-2,144,1,10.263000,,,,,,,,,,0
timing-1920x1080-2-2,145,1,10.190000,,,,,,,,,,0
timing-1920x1080-2-2,146,1,10.133000,,,,,,,,,,0
timing-1920x1080-2-2,147,1,10.029000,,,,,,,,,,0
timing-1920x1080-2-2,148,1,9.985000,,,,,,,,,,0
timing-1920x1080-2-2,149,1,10.035000,,,,,,,,,,0
timing-1920x1080-2-2,150,1,10.119000,,,,,,,,,,0
timing-1920x1080-2-2,151,1,10.012000,,,,,,,,,,0
timing-1920x1080-2-2,152,1,9.967000,,,,,,,,,,0
timing-1920x1080-2-2,153,1,10.101000,,,,,,,,,,0
timing-1920x1080-2-2,154,1,10.097000,,,,,,,,,,0
timing-1920x1080-2-2,155,1,10.044000,,,,,,,,,,0
timing-1920x1080-2-2,156,1,9.980000,,,,,,,,,,0
timing-1920x1080-2-2,157,1,10.124000,,,,,,,,,,0
timing-1920x1080-2-2,158,1,10.212000,,,,,,,,,,0
timing-1920x1080-2-2,159,1,10.257000,,,,,,,,,,0
timing-1920x1080-2-2,160,1,10.162000,,,,,,,,,,0
timing-1920x1080-2-2,161,1,10.153000,,,,,,,,,,0
timing-1920x1080-2-2,162,1,10.190000,,,,,,,,,,0
timing-1920x1080-2-2,163,1,10.267000,,,,,,,,,,0
timing-1920x1080-2-2,164,1,10.269000,,,,,,,,,,0
timing-1920x1080-2-2,165,1,10.361000,,,,,,,,,,0
timing-1920x1080-2-2,166,1,10.263000,,,,,,,,,,0
timing-1920x1080-2-2,167,1,10.155000,,,,,,,,,,0
timing-1920x1080-2-2,168,1,10.293000,,,,,,,,,,0
timing-1920x1080-2-2,169,1,9.893000,,,,,,,,,,0
timing-1920x1080-2-2,170,1,10.035000,,,,,,,,,,0
timing-1920x1080-2-2,171,1,9.894000,,,,,,,,,,0
timing-1920x1080-2-2,172,1,10.016000,,,,,,,,,,0
timing-1920x1080-2-2,173,1,10.229000,,,,,,,,,,0
timing-1920x1080-2-2,174,1,10.051000,,,,,,,,,,0
timing-1920x1080-2-2,175,1,10.047000,,,,,,,,,,0
timing-1920x1080-2-2,176,1,10.084000,,,,,,,,,,0
timing-1920x1080-2-2,177,1,10.069000,,,,,,,,,,0
timing-1920x1080-2-2,178,1,10.077000,,,,,,,,,,0
timing-1920x1080-2-2,179,1,10.206000,,,,,,,,,,0
timing-1920x1080-2-2,180,1,10.220000,,,,,,,,,,0
timing-1920x1080-2-2,181,1,10.178000,,,,,,,,,,0
timing-1920x1080-2-2,182,1,10.202000,,,,,,,,,,0
timing-1920x1080-2-2,183,1,10.150000,,,,,,,,,,0
timing-1920x1080-2-2,184,1,10.261000,,,,,,,,,,0
timing-1920x1080-2-2,185,1,10.121000,,,,,,,,,,0
timing-1920x1080-2-2,186,1,10.161000,,,,,,,,,,0
timing-1920x1080-2-2,187,1,10.217000,,,,,,,,,,0
timing-1920x1080-2-2,188,1,10.326000,,,,,,,,,,0
timing-1920x1080-2-2,189,1,10.165000,,,,,,,,,,0
timing-1920x1080-2-2,190,1,10.312000,,,,,,,,,,0
timing-1920x1080-2-2,191,1,10.038000,,,,,,,,,,0
timing-1920x1080-2-2,192,1,10.061000,,,,,,,,,,0
timing-1920x1080-2-2,193,1,9.927000,,,,,,,,,,0
timing-1920x1080-2-2,194,1,10.272000,,,,,,,,,,0
timing-1920x1080-2-2,195,1,10.017000,,,,,,,,,,0
timing-1920x1080-2-2,196,1,10.046000,,,,,,,,,,0
timing-1920x1080-2-2,197,1,9.974000,,,,,,,,,,0
timing-1920x1080-2-2,198,1,10.097000,,,,,,,,,,0
timing-1920x1080-2-2,199,1,10.269000,,,,,,,,,,0
timing-1920x1080-2-2,200,1,10.150000,,,,,,,,,,0
timing-1920x1080-2-2,201,1,10.179000,,,,,,,,,,0
timing-1920x1080-2-2,202,1,10.223000,,,,,,,,,,0
timing-1920x1080-2-2,203,1,10.177000,,,,,,,,,,0
timing-1920x1080-2-2,204,1,10.259000,,,,,,,,,,0
timing-1920x1080-2-2,205,1,10.217000,,,,,,,,,,0
timing-1920x1080-2-2,206,1,10.311000,,,,,,,,,,0
timing-1920x1080-2-2,207,1,10.306000,,,,,,,,,,0
timing-1920x1080-2-2,208,1,10.502000,,,,,,,,,,0
timing-1920x1080-2-2,209,1,10.406000,,,,,,,,,,0
timing-1920x1080-2-2,210,1,10.381000,,,,,,,,,,0
timing-1920x1080-2-2,211,1,10.278000,,,,,,,,,,0
timing-1920x1080-2-2,212,1,10.294000,,,,,,,,,,0
timing-1920x1080-2-2,213,1,10.375000,,,,,,,,,,0
timing-1920x1080-2-2,214,1,10.354000,,,,,,,,,,0
timing-1920x1080-2-2,215,1,10.243000,,,,,,,,,,0
timing-1920x1080-2-2,216,1,10.234000,,,,,,,,,,0
timing-1920x1080-2-2,217,1,10.270000,,,,,,,,,,0
timing-1920x1080-2-2,218,1,10.168000,,,,,,,,,,0
timing-1920x1080-2-2,219,1,10.203000,,,,,,,,,,0
timing-1920x1080-2-2,220,1,10.186000,,,,,,,,,,0
timing-1920x1080-2-2,221,1,10.214000,,,,,,,,,,0
timing-1920x1080-2-2,222,1,10.189000,,,,,,,,,,0
timing-1920x1080-2-2,223,1,10.276000,,,,,,,,,,0
timing-1920x1080-2-2,224,1,10.246000,,,,,,,,,,0
timing-1920x1080-2-2,225,1,9.970000,,,,,,,,,,0
timing-1920x1080-2-2,226,1,9.964000,,,,,,,,,,0
timing-1920x1080-2-2,227,1,10.064000,,,,,,,,,,0
timing-1920x1080-2-2,228,1,10.230000,,,,,,,,,,0
timing-1920x1080-2-2,229,1,10.031000,,,,,,,,,,0
timing-1920x1080-2-2,230,1,9.958000,,,,,,,,,,0
timing-1920x1080-2-2,231,1,10.103000,,,,,,,,,,0
timing-1920x1080-2-2,232,1,9.970000,,,,,,,,,,0
timing-1920x1080-2-2,233,1,10.194000,,,,,,,,,,0
timing-1920x1080-2-2,234,1,10.162000,,,,,,,,,,0
timing-1920x1080-2-2,235,1,10.198000,,,,,,,,,,0
timing-1920x1080-2-2,236,1,10.108000,,,,,,,,,,0
timing-1920x1080-2-2,237,1,10.330000,,,,,,,,,,0
timing-1920x1080-2-2,238,1,10.007000,,,,,,,,,,0
timing-1920x1080-2-2,239,1,10.097000,,,,,,,,,,0
timing-1920x1080-2-2,240,1,9.937000,,,,,,,,,,0
timing-1920x1080-2-2,241,1,10.154000,,,,,,,,,,0
timing-1920x1080-2-2,242,1,10.176000,,,,,,,,,,0
timing-1920x1080-2-2,243,1,10.274000,,,,,,,,,,0
timing-1920x1080-2-2,244,1,10.175000,,,,,,,,,,0
timing-1920x1080-2-2,245,1,10.160000,,,,,,,,,,0
timing-1920x1080-2-2,246,1,10.189000,,,,,,,,,,0
timing-1920x1080-2-2,247,1,10.227000,,,,,,,,,,0
timing-1920x1080-2-2,248,1,10.153000,,,,,,,,,,0
timing-1920x1080-2-2,249,1,10.249000,,,,,,,,,,0
timing-1920x1080-2-2,250,1,9.916000,,,,,,,,,,0
timing-1920x1080-2-2,251,1,10.018000,,,,,,,,,,0
timing-1920x1080-2-2,252,1,9.923000,,,,,,,,,,0
timing-1920x1080-2-2,253,1,9.998000,,,,,,,,,,0
timing-1920x1080-2-2,254,1,10.163000,,,,,,,,,,0
timing-1920x1080-2-2,255,1,10.230000,,,,,,,,,,0
timing-1920x1080-2-2,256,1,10.363000,,,,,,,,,,0
timing-1920x1080-2-2,257,1,10.295000,,,,,,,,,,0
timing-1920x1080-2-2,258,1,10.150000,,,,,,,,,,0
timing-1920x1080-2-2,259,1,10.147000,,,,,,,,,,0
timing-1920x1080-2-2,260,1,10.369000,,,,,,,,,,0
timing-1920x1080-2-2,261,1,10.164000,,,,,,,,,,0
timing-1920x1080-2-2,262,1,10.202000,,,,,,,,,,0
timing-1920x1080-2-2,263,1,10.214000,,,,,,,,,,0
timing-1920x1080-2-2,264,1,10.212000,,,,,,,,,,0
timing-1920x1080-2-2,265,1,9.897000,,,,,,,,,,0
timing-1920x1080-2-2,266,1,10.078000,,,,,,,,,,0
timing-1920x1080-2-2,267,1,10.014000,,,,,,,,,,0
timing-1920x1080-2-2,268,1,10.169000,,,,,,,,,,0
timing-1920x1080-2-2,269,1,10.151000,,,,,,,,,,0
timing-1920x1080-2-2,270,1,10.294000,,,,,,,,,,0
timing-1920x1080-2-2,271,1,10.270000,,,,,,,,,,0
timing-1920x1080-2-2,272,1,10.301000,,,,,,,,,,0
timing-1920x1080-2-2,273,1,10.298000,,,,,,,,,,0
timing-1920x1080-2-2,274,1,10.189000,,,,,,,,,,0
timing-1920x1080-2-2,275,1,10.330000,,,,,,,,,,0
timing-1920x1080-2-2,276,1,10.267000,,,,,,,,,,0
timing-1920x1080-2-2,277,1,9.998000,,,,,,,,,,0
timing-1920x1080-2-2,278,1,9.999000,,,,,,,,,,0
timing-1920x1080-2-2,279,1,9.939000,,,,,,,,,,0
timing-1920x1080-2-2,280,1,10.096000,,,,,,,,,,0
timing-1920x1080-2-2,281,1,10.113000,,,,,,,,,,0
timing-1920x1080-2-2,282,1,10.423000,,,,,,,,,,0
timing-1920x1080-2-2,283,1,10.161000,,,,,,,,,,0
timing-1920x1080-2-2,284,1,10.227000,,,,,,,,,,0
timing-1920x1080-2-2,285,1,10.240000,,,,,,,,,,0
timing-1920x1080-2-2,286,1,10.386000,,,,,,,,,,0
timing-1920x1080-2-2,287,1,10.175000,,,,,,,,,,0
timing-1920x1080-2-2,288,1,10.241000,,,,,,,,,,0
timing-1920x1080-2-2,289,1,10.302000,,,,,,,,,,0
timing-1920x1080-2-2,290,1,10.239000,,,,,,,,,,0
timing-1920x1080-2-2,291,1,10.242000,,,,,,,,,,0
timing-1920x1080-2-2,292,1,10.281000,,,,,,,,,,0
timing-1920x1080-2-2,293,1,10.212000,,,,,,,,,,0
timing-1920x1080-2-2,294,1,10.281000,,,,,,,,,,0
timing-1920x1080-2-2,295,1,10.198000,,,,,,,,,,0
timing-1920x1080-2-2,296,1,10.247000,,,,,,,,,,0
timing-1920x1080-2-2,297,1,10.162000,,,,,,,,,,0
timing-1920x1080-2-2,298,1,10.074000,,,,,,,,,,0
timing-1920x1080-2-2,299,1,10.261000,,,,,,,,,,0
timing-1920x1080-2-2,300,1,10.265000,,,,,,,,,,0
timing-1920x1080-2-2,301,1,10.224000,,,,,,,,,,0
timing-1920x1080-2-2,302,1,10.155000,,,,,,,,,,0
timing-1920x1080-2-2,303,1,10.235000,,,,,,,,,,0
timing-1920x1080-2-2,304,1,10.136000,,,,,,,,,,0
timing-1920x1080-2-2,305,1,10.207000,,,,,,,,,,0
timing-1920x1080-2-2,306,1,10.281000,,,,,,,,,,0
timing-1920x1080-2-2,307,1,10.164000,,,,,,,,,,0
timing-1920x1080-2-2,308,1,10.307000,,,,,,,,,,0
timing-1920x1080-2-2,309,1,10.283000,,,,,,,,,,0
timing-1920x1080-2-2,310,1,10.388000,,,,,,,,,,0
timing-1920x1080-2-2,311,1,10.225000,,,,,,,,,,0
timing-1920x1080-2-2,312,1,10.306000,,,,,,,,,,0
timing-1920x1080-2-2,313,1,10.249000,,,,,,,,,,0
timing-1920x1080-2-2,314,1,10.337000,,,,,,,,,,0
timing-1920x1080-2-2,315,1,10.337000,,,,,,,,,,0
timing-1920x1080-2-2,316,1,10.247000,,,,,,,,,,0
timing-1920x1080-2-2,317,1,10.347000,,,,,,,,,,0
timing-1920x1080-2-2,318,1,10.255000,,,,,,,,,,0
timing-1920x1080-2-2,319,1,10.173000,0,0,0.999511719,0.362065608,0.408951316,1254,352,0,0,1
timing-1920x1080-2-3,0,1,1170.802000,0,0,0.999511719,0.362065608,0.408951316,1254,352,0,0,1
timing-1920x1080-2-3,1,1,17.984000,,,,,,,,,,0
timing-1920x1080-2-3,2,1,11.369000,,,,,,,,,,0
timing-1920x1080-2-3,3,1,10.698000,,,,,,,,,,0
timing-1920x1080-2-3,4,1,10.373000,,,,,,,,,,0
timing-1920x1080-2-3,5,1,10.343000,,,,,,,,,,0
timing-1920x1080-2-3,6,1,10.395000,,,,,,,,,,0
timing-1920x1080-2-3,7,1,10.502000,,,,,,,,,,0
timing-1920x1080-2-3,8,1,10.453000,,,,,,,,,,0
timing-1920x1080-2-3,9,1,10.362000,,,,,,,,,,0
timing-1920x1080-2-3,10,1,10.422000,,,,,,,,,,0
timing-1920x1080-2-3,11,1,10.357000,,,,,,,,,,0
timing-1920x1080-2-3,12,1,10.635000,,,,,,,,,,0
timing-1920x1080-2-3,13,1,10.314000,,,,,,,,,,0
timing-1920x1080-2-3,14,1,10.443000,,,,,,,,,,0
timing-1920x1080-2-3,15,1,10.381000,,,,,,,,,,0
timing-1920x1080-2-3,16,1,9.912000,,,,,,,,,,0
timing-1920x1080-2-3,17,1,9.828000,,,,,,,,,,0
timing-1920x1080-2-3,18,1,9.972000,,,,,,,,,,0
timing-1920x1080-2-3,19,1,10.056000,,,,,,,,,,0
timing-1920x1080-2-3,20,1,10.194000,,,,,,,,,,0
timing-1920x1080-2-3,21,1,10.002000,,,,,,,,,,0
timing-1920x1080-2-3,22,1,10.045000,,,,,,,,,,0
timing-1920x1080-2-3,23,1,10.082000,,,,,,,,,,0
timing-1920x1080-2-3,24,1,10.136000,,,,,,,,,,0
timing-1920x1080-2-3,25,1,9.972000,,,,,,,,,,0
timing-1920x1080-2-3,26,1,9.997000,,,,,,,,,,0
timing-1920x1080-2-3,27,1,9.922000,,,,,,,,,,0
timing-1920x1080-2-3,28,1,9.988000,,,,,,,,,,0
timing-1920x1080-2-3,29,1,9.988000,,,,,,,,,,0
timing-1920x1080-2-3,30,1,9.961000,,,,,,,,,,0
timing-1920x1080-2-3,31,1,10.120000,,,,,,,,,,0
timing-1920x1080-2-3,32,1,10.051000,,,,,,,,,,0
timing-1920x1080-2-3,33,1,10.223000,,,,,,,,,,0
timing-1920x1080-2-3,34,1,10.253000,,,,,,,,,,0
timing-1920x1080-2-3,35,1,10.051000,,,,,,,,,,0
timing-1920x1080-2-3,36,1,9.945000,,,,,,,,,,0
timing-1920x1080-2-3,37,1,10.068000,,,,,,,,,,0
timing-1920x1080-2-3,38,1,10.040000,,,,,,,,,,0
timing-1920x1080-2-3,39,1,10.030000,,,,,,,,,,0
timing-1920x1080-2-3,40,1,9.990000,,,,,,,,,,0
timing-1920x1080-2-3,41,1,10.221000,,,,,,,,,,0
timing-1920x1080-2-3,42,1,9.996000,,,,,,,,,,0
timing-1920x1080-2-3,43,1,10.030000,,,,,,,,,,0
timing-1920x1080-2-3,44,1,10.055000,,,,,,,,,,0
timing-1920x1080-2-3,45,1,10.115000,,,,,,,,,,0
timing-1920x1080-2-3,46,1,9.962000,,,,,,,,,,0
timing-1920x1080-2-3,47,1,10.130000,,,,,,,,,,0
timing-1920x1080-2-3,48,1,10.190000,,,,,,,,,,0
timing-1920x1080-2-3,49,1,10.039000,,,,,,,,,,0
timing-1920x1080-2-3,50,1,9.949000,,,,,,,,,,0
timing-1920x1080-2-3,51,1,9.966000,,,,,,,,,,0
timing-1920x1080-2-3,52,1,9.972000,,,,,,,,,,0
timing-1920x1080-2-3,53,1,10.112000,,,,,,,,,,0
timing-1920x1080-2-3,54,1,10.025000,,,,,,,,,,0
timing-1920x1080-2-3,55,1,10.104000,,,,,,,,,,0
timing-1920x1080-2-3,56,1,9.995000,,,,,,,,,,0
timing-1920x1080-2-3,57,1,10.022000,,,,,,,,,,0
timing-1920x1080-2-3,58,1,10.114000,,,,,,,,,,0
timing-1920x1080-2-3,59,1,9.958000,,,,,,,,,,0
timing-1920x1080-2-3,60,1,9.939000,,,,,,,,,,0
timing-1920x1080-2-3,61,1,9.986000,,,,,,,,,,0
timing-1920x1080-2-3,62,1,9.945000,,,,,,,,,,0
timing-1920x1080-2-3,63,1,10.002000,,,,,,,,,,0
timing-1920x1080-2-3,64,1,10.097000,,,,,,,,,,0
timing-1920x1080-2-3,65,1,10.041000,,,,,,,,,,0
timing-1920x1080-2-3,66,1,9.992000,,,,,,,,,,0
timing-1920x1080-2-3,67,1,10.037000,,,,,,,,,,0
timing-1920x1080-2-3,68,1,10.023000,,,,,,,,,,0
timing-1920x1080-2-3,69,1,10.048000,,,,,,,,,,0
timing-1920x1080-2-3,70,1,10.024000,,,,,,,,,,0
timing-1920x1080-2-3,71,1,10.053000,,,,,,,,,,0
timing-1920x1080-2-3,72,1,10.133000,,,,,,,,,,0
timing-1920x1080-2-3,73,1,10.001000,,,,,,,,,,0
timing-1920x1080-2-3,74,1,10.036000,,,,,,,,,,0
timing-1920x1080-2-3,75,1,10.118000,,,,,,,,,,0
timing-1920x1080-2-3,76,1,9.953000,,,,,,,,,,0
timing-1920x1080-2-3,77,1,10.056000,,,,,,,,,,0
timing-1920x1080-2-3,78,1,9.933000,,,,,,,,,,0
timing-1920x1080-2-3,79,1,9.987000,,,,,,,,,,0
timing-1920x1080-2-3,80,1,9.863000,,,,,,,,,,0
timing-1920x1080-2-3,81,1,10.059000,,,,,,,,,,0
timing-1920x1080-2-3,82,1,10.075000,,,,,,,,,,0
timing-1920x1080-2-3,83,1,9.975000,,,,,,,,,,0
timing-1920x1080-2-3,84,1,9.975000,,,,,,,,,,0
timing-1920x1080-2-3,85,1,10.055000,,,,,,,,,,0
timing-1920x1080-2-3,86,1,9.975000,,,,,,,,,,0
timing-1920x1080-2-3,87,1,10.038000,,,,,,,,,,0
timing-1920x1080-2-3,88,1,10.195000,,,,,,,,,,0
timing-1920x1080-2-3,89,1,10.035000,,,,,,,,,,0
timing-1920x1080-2-3,90,1,9.913000,,,,,,,,,,0
timing-1920x1080-2-3,91,1,10.363000,,,,,,,,,,0
timing-1920x1080-2-3,92,1,10.177000,,,,,,,,,,0
timing-1920x1080-2-3,93,1,10.252000,,,,,,,,,,0
timing-1920x1080-2-3,94,1,10.173000,,,,,,,,,,0
timing-1920x1080-2-3,95,1,10.226000,,,,,,,,,,0
timing-1920x1080-2-3,96,1,10.318000,,,,,,,,,,0
timing-1920x1080-2-3,97,1,10.223000,,,,,,,,,,0
timing-1920x1080-2-3,98,1,9.986000,,,,,,,,,,0
timing-1920x1080-2-3,99,1,10.151000,,,,,,,,,,0
timing-1920x1080-2-3,100,1,10.051000,,,,,,,,,,0
timing-1920x1080-2-3,101,1,10.185000,,,,,,,,,,0
timing-1920x1080-2-3,102,1,10.266000,,,,,,,,,,0
timing-1920x1080-2-3,103,1,10.231000,,,,,,,,,,0
timing-1920x1080-2-3,104,1,9.985000,,,,,,,,,,0
timing-1920x1080-2-3,105,1,10.088000,,,,,,,,,,0
timing-1920x1080-2-3,106,1,10.072000,,,,,,,,,,0
timing-1920x1080-2-3,107,1,10.213000,,,,,,,,,,0
timing-1920x1080-2-3,108,1,10.284000,,,,,,,,,,0
timing-1920x1080-2-3,109,1,10.173000,,,,,,,,,,0
timing-1920x1080-2-3,110,1,10.059000,,,,,,,,,,0
timing-1920x1080-2-3,111,1,10.141000,,,,,,,,,,0
timing-1920x1080-2-3,112,1,10.077000,,,,,,,,,,0
timing-1920x1080-2-3,113,1,10.099000,,,,,,,,,,0
timing-1920x1080-2-3,114,1,10.229000,,,,,,,,,,0
timing-1920x1080-2-3,115,1,10.263000,,,,,,,,,,0
timing-1920x1080-2-3,116,1,10.448000,,,,,,,,,,0
timing-1920x1080-2-3,117,1,10.233000,,,,,,,,,,0
timing-1920x1080-2-3,118,1,10.381000,,,,,,,,,,0
timing-1920x1080-2-3,119,1,10.291000,,,,,,,,,,0
timing-1920x1080-2-3,120,1,10.294000,,,,,,,,,,0
timing-1920x1080-2-3,121,1,10.012000,,,,,,,,,,0
timing-1920x1080-2-3,122,1,10.162000,,,,,,,,,,0
timing-1920x1080-2-3,123,1,10.316000,,,,,,,,,,0
timing-1920x1080-2-3,124,1,10.311000,,,,,,,,,,0
timing-1920x1080-2-3,125,1,10.317000,,,,,,,,,,0
timing-1920x1080-2-3,126,1,10.360000,,,,,,,,,,0
timing-1920x1080-2-3,127,1,10.329000,,,,,,,,,,0
timing-1920x1080-2-3,128,1,10.401000,,,,,,,,,,0
timing-1920x1080-2-3,129,1,10.008000,,,,,,,,,,0
timing-1920x1080-2-3,130,1,10.056000,,,,,,,,,,0
timing-1920x1080-2-3,131,1,10.019000,,,,,,,,,,0
timing-1920x1080-2-3,132,1,10.290000,,,,,,,,,,0
timing-1920x1080-2-3,133,1,10.249000,,,,,,,,,,0
timing-1920x1080-2-3,134,1,10.443000,,,,,,,,,,0
timing-1920x1080-2-3,135,1,10.382000,,,,,,,,,,0
timing-1920x1080-2-3,136,1,10.197000,,,,,,,,,,0
timing-1920x1080-2-3,137,1,10.370000,,,,,,,,,,0
timing-1920x1080-2-3,138,1,10.307000,,,,,,,,,,0
timing-1920x1080-2-3,139,1,9.958000,,,,,,,,,,0
timing-1920x1080-2-3,140,1,10.074000,,,,,,,,,,0
timing-1920x1080-2-3,141,1,10.008000,,,,,,,,,,0
timing-1920x1080-2-3,142,1,10.290000,,,,,,,,,,0
timing-1920x1080-2-3,143,1,10.261000,,,,,,,,,,0
timing-1920x1080-2-3,144,1,10.429000,,,,,,,,,,0
timing-1920x1080-2-3,145,1,10.309000,,,,,,,,,,0
timing-1920x1080-2-3,146,1,10.157000,,,,,,,,,,0
timing-1920x1080-2-3,147,1,10.389000,,,,,,,,,,0
timing-1920x1080-2-3,148,1,10.035000,,,,,,,,,,0
timing-1920x1080-2-3,149,1,10.021000,,,,,,,,,,0
timing-1920x1080-2-3,150,1,10.016000,,,,,,,,,,0
timing-1920x1080-2-3,151,1,10.156000,,,,,,,,,,0
timing-1920x1080-2-3,152,1,10.273000,,,,,,,,,,0
timing-1920x1080-2-3,153,1,10.261000,,,,,,,,,,0
timing-1920x1080-2-3,154,1,10.151000,,,,,,,,,,0
timing-1920x1080-2-3,155,1,10.283000,,,,,,,,,,0
timing-1920x1080-2-3,156,1,10.284000,,,,,,,,,,0
timing-1920x1080-2-3,157,1,10.320000,,,,,,,,,,0
timing-1920x1080-2-3,158,1,10.037000,,,,,,,,,,0
timing-1920x1080-2-3,159,1,10.044000,,,,,,,,,,0
timing-1920x1080-2-3,160,1,10.063000,,,,,,,,,,0
timing-1920x1080-2-3,161,1,9.982000,,,,,,,,,,0
timing-1920x1080-2-3,162,1,10.085000,,,,,,,,,,0
timing-1920x1080-2-3,163,1,10.238000,,,,,,,,,,0
timing-1920x1080-2-3,164,1,10.209000,,,,,,,,,,0
timing-1920x1080-2-3,165,1,10.154000,,,,,,,,,,0
timing-1920x1080-2-3,166,1,10.250000,,,,,,,,,,0
timing-1920x1080-2-3,167,1,10.609000,,,,,,,,,,0
timing-1920x1080-2-3,168,1,10.317000,,,,,,,,,,0
timing-1920x1080-2-3,169,1,10.189000,,,,,,,,,,0
timing-1920x1080-2-3,170,1,10.236000,,,,,,,,,,0
timing-1920x1080-2-3,171,1,10.277000,,,,,,,,,,0
timing-1920x1080-2-3,172,1,10.107000,,,,,,,,,,0
timing-1920x1080-2-3,173,1,10.210000,,,,,,,,,,0
timing-1920x1080-2-3,174,1,9.995000,,,,,,,,,,0
timing-1920x1080-2-3,175,1,10.063000,,,,,,,,,,0
timing-1920x1080-2-3,176,1,10.220000,,,,,,,,,,0
timing-1920x1080-2-3,177,1,10.379000,,,,,,,,,,0
timing-1920x1080-2-3,178,1,10.383000,,,,,,,,,,0
timing-1920x1080-2-3,179,1,9.936000,,,,,,,,,,0
timing-1920x1080-2-3,180,1,10.158000,,,,,,,,,,0
timing-1920x1080-2-3,181,1,10.328000,,,,,,,,,,0
timing-1920x1080-2-3,182,1,10.643000,,,,,,,,,,0
timing-1920x1080-2-3,183,1,10.418000,,,,,,,,,,0
timing-1920x1080-2-3,184,1,10.461000,,,,,,,,,,0
timing-1920x1080-2-3,185,1,10.350000,,,,,,,,,,0
timing-1920x1080-2-3,186,1,10.589000,,,,,,,,,,0
timing-1920x1080-2-3,187,1,10.622000,,,,,,,,,,0
timing-1920x1080-2-3,188,1,10.541000,,,,,,,,,,0
timing-1920x1080-2-3,189,1,10.324000,,,,,,,,,,0
timing-1920x1080-2-3,190,1,10.328000,,,,,,,,,,0
timing-1920x1080-2-3,191,1,10.368000,,,,,,,,,,0
timing-1920x1080-2-3,192,1,10.294000,,,,,,,,,,0
timing-1920x1080-2-3,193,1,10.225000,,,,,,,,,,0
timing-1920x1080-2-3,194,1,10.347000,,,,,,,,,,0
timing-1920x1080-2-3,195,1,10.302000,,,,,,,,,,0
timing-1920x1080-2-3,196,1,10.243000,,,,,,,,,,0
timing-1920x1080-2-3,197,1,10.378000,,,,,,,,,,0
timing-1920x1080-2-3,198,1,10.223000,,,,,,,,,,0
timing-1920x1080-2-3,199,1,10.272000,,,,,,,,,,0
timing-1920x1080-2-3,200,1,10.156000,,,,,,,,,,0
timing-1920x1080-2-3,201,1,10.549000,,,,,,,,,,0
timing-1920x1080-2-3,202,1,10.250000,,,,,,,,,,0
timing-1920x1080-2-3,203,1,10.384000,,,,,,,,,,0
timing-1920x1080-2-3,204,1,10.388000,,,,,,,,,,0
timing-1920x1080-2-3,205,1,10.307000,,,,,,,,,,0
timing-1920x1080-2-3,206,1,10.269000,,,,,,,,,,0
timing-1920x1080-2-3,207,1,10.207000,,,,,,,,,,0
timing-1920x1080-2-3,208,1,10.333000,,,,,,,,,,0
timing-1920x1080-2-3,209,1,10.432000,,,,,,,,,,0
timing-1920x1080-2-3,210,1,10.294000,,,,,,,,,,0
timing-1920x1080-2-3,211,1,10.307000,,,,,,,,,,0
timing-1920x1080-2-3,212,1,10.378000,,,,,,,,,,0
timing-1920x1080-2-3,213,1,10.294000,,,,,,,,,,0
timing-1920x1080-2-3,214,1,10.313000,,,,,,,,,,0
timing-1920x1080-2-3,215,1,10.363000,,,,,,,,,,0
timing-1920x1080-2-3,216,1,10.155000,,,,,,,,,,0
timing-1920x1080-2-3,217,1,10.138000,,,,,,,,,,0
timing-1920x1080-2-3,218,1,10.165000,,,,,,,,,,0
timing-1920x1080-2-3,219,1,10.172000,,,,,,,,,,0
timing-1920x1080-2-3,220,1,10.045000,,,,,,,,,,0
timing-1920x1080-2-3,221,1,10.078000,,,,,,,,,,0
timing-1920x1080-2-3,222,1,10.055000,,,,,,,,,,0
timing-1920x1080-2-3,223,1,10.024000,,,,,,,,,,0
timing-1920x1080-2-3,224,1,10.153000,,,,,,,,,,0
timing-1920x1080-2-3,225,1,10.232000,,,,,,,,,,0
timing-1920x1080-2-3,226,1,10.327000,,,,,,,,,,0
timing-1920x1080-2-3,227,1,10.157000,,,,,,,,,,0
timing-1920x1080-2-3,228,1,10.195000,,,,,,,,,,0
timing-1920x1080-2-3,229,1,10.335000,,,,,,,,,,0
timing-1920x1080-2-3,230,1,10.314000,,,,,,,,,,0
timing-1920x1080-2-3,231,1,10.108000,,,,,,,,,,0
timing-1920x1080-2-3,232,1,10.188000,,,,,,,,,,0
timing-1920x1080-2-3,233,1,9.952000,,,,,,,,,,0
timing-1920x1080-2-3,234,1,10.270000,,,,,,,,,,0
timing-1920x1080-2-3,235,1,10.232000,,,,,,,,,,0
timing-1920x1080-2-3,236,1,10.202000,,,,,,,,,,0
timing-1920x1080-2-3,237,1,10.234000,,,,,,,,,,0
timing-1920x1080-2-3,238,1,10.392000,,,,,,,,,,0
timing-1920x1080-2-3,239,1,10.171000,,,,,,,,,,0
timing-1920x1080-2-3,240,1,10.021000,,,,,,,,,,0
timing-1920x1080-2-3,241,1,10.094000,,,,,,,,,,0
timing-1920x1080-2-3,242,1,10.102000,,,,,,,,,,0
timing-1920x1080-2-3,243,1,10.200000,,,,,,,,,,0
timing-1920x1080-2-3,244,1,10.284000,,,,,,,,,,0
timing-1920x1080-2-3,245,1,10.232000,,,,,,,,,,0
timing-1920x1080-2-3,246,1,10.391000,,,,,,,,,,0
timing-1920x1080-2-3,247,1,10.210000,,,,,,,,,,0
timing-1920x1080-2-3,248,1,10.369000,,,,,,,,,,0
timing-1920x1080-2-3,249,1,10.012000,,,,,,,,,,0
timing-1920x1080-2-3,250,1,10.224000,,,,,,,,,,0
timing-1920x1080-2-3,251,1,9.995000,,,,,,,,,,0
timing-1920x1080-2-3,252,1,10.140000,,,,,,,,,,0
timing-1920x1080-2-3,253,1,10.219000,,,,,,,,,,0
timing-1920x1080-2-3,254,1,10.449000,,,,,,,,,,0
timing-1920x1080-2-3,255,1,10.188000,,,,,,,,,,0
timing-1920x1080-2-3,256,1,10.062000,,,,,,,,,,0
timing-1920x1080-2-3,257,1,10.065000,,,,,,,,,,0
timing-1920x1080-2-3,258,1,10.046000,,,,,,,,,,0
timing-1920x1080-2-3,259,1,10.283000,,,,,,,,,,0
timing-1920x1080-2-3,260,1,10.211000,,,,,,,,,,0
timing-1920x1080-2-3,261,1,10.252000,,,,,,,,,,0
timing-1920x1080-2-3,262,1,10.258000,,,,,,,,,,0
timing-1920x1080-2-3,263,1,10.392000,,,,,,,,,,0
timing-1920x1080-2-3,264,1,10.238000,,,,,,,,,,0
timing-1920x1080-2-3,265,1,10.344000,,,,,,,,,,0
timing-1920x1080-2-3,266,1,10.298000,,,,,,,,,,0
timing-1920x1080-2-3,267,1,10.204000,,,,,,,,,,0
timing-1920x1080-2-3,268,1,10.330000,,,,,,,,,,0
timing-1920x1080-2-3,269,1,10.178000,,,,,,,,,,0
timing-1920x1080-2-3,270,1,10.232000,,,,,,,,,,0
timing-1920x1080-2-3,271,1,10.277000,,,,,,,,,,0
timing-1920x1080-2-3,272,1,10.229000,,,,,,,,,,0
timing-1920x1080-2-3,273,1,9.992000,,,,,,,,,,0
timing-1920x1080-2-3,274,1,9.960000,,,,,,,,,,0
timing-1920x1080-2-3,275,1,10.103000,,,,,,,,,,0
timing-1920x1080-2-3,276,1,10.177000,,,,,,,,,,0
timing-1920x1080-2-3,277,1,10.130000,,,,,,,,,,0
timing-1920x1080-2-3,278,1,10.279000,,,,,,,,,,0
timing-1920x1080-2-3,279,1,10.246000,,,,,,,,,,0
timing-1920x1080-2-3,280,1,10.207000,,,,,,,,,,0
timing-1920x1080-2-3,281,1,10.195000,,,,,,,,,,0
timing-1920x1080-2-3,282,1,10.240000,,,,,,,,,,0
timing-1920x1080-2-3,283,1,10.402000,,,,,,,,,,0
timing-1920x1080-2-3,284,1,10.507000,,,,,,,,,,0
timing-1920x1080-2-3,285,1,10.461000,,,,,,,,,,0
timing-1920x1080-2-3,286,1,10.502000,,,,,,,,,,0
timing-1920x1080-2-3,287,1,10.118000,,,,,,,,,,0
timing-1920x1080-2-3,288,1,10.027000,,,,,,,,,,0
timing-1920x1080-2-3,289,1,10.000000,,,,,,,,,,0
timing-1920x1080-2-3,290,1,10.252000,,,,,,,,,,0
timing-1920x1080-2-3,291,1,10.337000,,,,,,,,,,0
timing-1920x1080-2-3,292,1,10.386000,,,,,,,,,,0
timing-1920x1080-2-3,293,1,10.259000,,,,,,,,,,0
timing-1920x1080-2-3,294,1,10.162000,,,,,,,,,,0
timing-1920x1080-2-3,295,1,10.248000,,,,,,,,,,0
timing-1920x1080-2-3,296,1,10.211000,,,,,,,,,,0
timing-1920x1080-2-3,297,1,10.343000,,,,,,,,,,0
timing-1920x1080-2-3,298,1,9.994000,,,,,,,,,,0
timing-1920x1080-2-3,299,1,10.115000,,,,,,,,,,0
timing-1920x1080-2-3,300,1,10.147000,,,,,,,,,,0
timing-1920x1080-2-3,301,1,10.082000,,,,,,,,,,0
timing-1920x1080-2-3,302,1,9.979000,,,,,,,,,,0
timing-1920x1080-2-3,303,1,10.191000,,,,,,,,,,0
timing-1920x1080-2-3,304,1,10.300000,,,,,,,,,,0
timing-1920x1080-2-3,305,1,10.510000,,,,,,,,,,0
timing-1920x1080-2-3,306,1,10.138000,,,,,,,,,,0
timing-1920x1080-2-3,307,1,10.441000,,,,,,,,,,0
timing-1920x1080-2-3,308,1,10.285000,,,,,,,,,,0
timing-1920x1080-2-3,309,1,10.343000,,,,,,,,,,0
timing-1920x1080-2-3,310,1,10.228000,,,,,,,,,,0
timing-1920x1080-2-3,311,1,10.230000,,,,,,,,,,0
timing-1920x1080-2-3,312,1,10.174000,,,,,,,,,,0
timing-1920x1080-2-3,313,1,10.250000,,,,,,,,,,0
timing-1920x1080-2-3,314,1,10.246000,,,,,,,,,,0
timing-1920x1080-2-3,315,1,10.281000,,,,,,,,,,0
timing-1920x1080-2-3,316,1,10.294000,,,,,,,,,,0
timing-1920x1080-2-3,317,1,10.227000,,,,,,,,,,0
timing-1920x1080-2-3,318,1,10.179000,,,,,,,,,,0
timing-1920x1080-2-3,319,1,10.302000,0,0,0.999511719,0.362065608,0.408951316,1254,352,0,0,1
timing-1920x1080-3-0,0,1,1145.918000,0,0,0.999511719,0.362065608,0.408951316,1254,352,0,0,1
timing-1920x1080-3-0,1,1,17.895000,,,,,,,,,,0
timing-1920x1080-3-0,2,1,11.129000,,,,,,,,,,0
timing-1920x1080-3-0,3,1,10.611000,,,,,,,,,,0
timing-1920x1080-3-0,4,1,10.567000,,,,,,,,,,0
timing-1920x1080-3-0,5,1,10.523000,,,,,,,,,,0
timing-1920x1080-3-0,6,1,10.601000,,,,,,,,,,0
timing-1920x1080-3-0,7,1,10.400000,,,,,,,,,,0
timing-1920x1080-3-0,8,1,10.509000,,,,,,,,,,0
timing-1920x1080-3-0,9,1,10.457000,,,,,,,,,,0
timing-1920x1080-3-0,10,1,10.468000,,,,,,,,,,0
timing-1920x1080-3-0,11,1,10.252000,,,,,,,,,,0
timing-1920x1080-3-0,12,1,10.421000,,,,,,,,,,0
timing-1920x1080-3-0,13,1,10.689000,,,,,,,,,,0
timing-1920x1080-3-0,14,1,10.370000,,,,,,,,,,0
timing-1920x1080-3-0,15,1,10.294000,,,,,,,,,,0
timing-1920x1080-3-0,16,1,10.063000,,,,,,,,,,0
timing-1920x1080-3-0,17,1,9.977000,,,,,,,,,,0
timing-1920x1080-3-0,18,1,9.905000,,,,,,,,,,0
timing-1920x1080-3-0,19,1,10.121000,,,,,,,,,,0
timing-1920x1080-3-0,20,1,10.144000,,,,,,,,,,0
timing-1920x1080-3-0,21,1,10.228000,,,,,,,,,,0
timing-1920x1080-3-0,22,1,10.029000,,,,,,,,,,0
timing-1920x1080-3-0,23,1,9.973000,,,,,,,,,,0
timing-1920x1080-3-0,24,1,9.984000,,,,,,,,,,0
timing-1920x1080-3-0,25,1,10.080000,,,,,,,,,,0
timing-1920x1080-3-0,26,1,10.063000,,,,,,,,,,0
timing-1920x1080-3-0,27,1,10.053000,,,,,,,,,,0
timing-1920x1080-3-0,28,1,10.104000,,,,,,,,,,0
timing-1920x1080-3-0,29,1,10.015000,,,,,,,,,,0
timing-1920x1080-3-0,30,1,9.946000,,,,,,,,,,0
timing-1920x1080-3-0,31,1,10.195000,,,,,,,,,,0
timing-1920x1080-3-0,32,1,10.005000,,,,,,,,,,0
timing-1920x1080-3-0,33,1,9.991000,,,,,,,,,,0
timing-1920x1080-3-0,34,1,10.004000,,,,,,,,,,0
timing-1920x1080-3-0,35,1,10.009000,,,,,,,,,,0
timing-1920x1080-3-0,36,1,10.181000,,,,,,,,,,0
timing-1920x1080-3-0,37,1,10.084000,,,,,,,,,,0
timing-1920x1080-3-0,38,1,10.016000,,,,,,,,,,0
timing-1920x1080-3-0,39,1,9.974000,,,,,,,,,,0
timing-1920x1080-3-0,40,1,9.993000,,,,,,,,,,0
timing-1920x1080-3-0,41,1,10.146000,,,,,,,,,,0
timing-1920x1080-3-0,42,1,10.130000,,,,,,,,,,0
timing-1920x1080-3-0,43,1,10.029000,,,,,,,,,,0
timing-1920x1080-3-0,44,1,9.979000,,,,,,,,,,0
timing-1920x1080-3-0,45,1,10.131000,,,,,,,,,,0
timing-1920x1080-3-0,46,1,9.963000,,,,,,,,,,0
timing-1920x1080-3-0,47,1,10.086000,,,,,,,,,,0
timing-1920x1080-3-0,48,1,9.964000,,,,,,,,,,0
timing-1920x1080-3-0,49,1,10.018000,,,,,,,,,,0
timing-1920x1080-3-0,50,1,10.010000,,,,,,,,,,0
timing-1920x1080-3-0,51,1,10.119000,,,,,,,,,,0
timing-1920x1080-3-0,52,1,10.182000,,,,,,,,,,0
timing-1920x1080-3-0,53,1,10.138000,,,,,,,,,,0
timing-1920x1080-3-0,54,1,9.971000,,,,,,,,,,0
timing-1920x1080-3-0,55,1,10.143000,,,,,,,,,,0
timing-1920x1080-3-0,56,1,10.048000,,,,,,,,,,0
timing-1920x1080-3-0,57,1,9.941000,,,,,,,,,,0
timing-1920x1080-3-0,58,1,9.979000,,,,,,,,,,0
timing-1920x1080-3-0,59,1,10.114000,,,,,,,,,,0
timing-1920x1080-3-0,60,1,10.058000,,,,,,,,,,0
timing-1920x1080-3-0,61,1,10.088000,,,,,,,,,,0
timing-1920x1080-3-0,62,1,9.944000,,,,,,,,,,0
timing-1920x1080-3-0,63,1,9.943000,,,,,,,,,,0
timing-1920x1080-3-0,64,1,10.080000,,,,,,,,,,0
timing-1920x1080-3-0,65,1,9.969000,,,,,,,,,,0
timing-1920x1080-3-0,66,1,10.009000,,,,,,,,,,0
timing-1920x1080-3-0,67,1,10.054000,,,,,,,,,,0
timing-1920x1080-3-0,68,1,10.022000,,,,,,,,,,0
timing-1920x1080-3-0,69,1,10.063000,,,,,,,,,,0
timing-1920x1080-3-0,70,1,10.201000,,,,,,,,,,0
timing-1920x1080-3-0,71,1,10.078000,,,,,,,,,,0
timing-1920x1080-3-0,72,1,10.019000,,,,,,,,,,0
timing-1920x1080-3-0,73,1,10.114000,,,,,,,,,,0
timing-1920x1080-3-0,74,1,10.146000,,,,,,,,,,0
timing-1920x1080-3-0,75,1,10.209000,,,,,,,,,,0
timing-1920x1080-3-0,76,1,9.919000,,,,,,,,,,0
timing-1920x1080-3-0,77,1,10.066000,,,,,,,,,,0
timing-1920x1080-3-0,78,1,9.942000,,,,,,,,,,0
timing-1920x1080-3-0,79,1,10.105000,,,,,,,,,,0
timing-1920x1080-3-0,80,1,10.034000,,,,,,,,,,0
timing-1920x1080-3-0,81,1,10.015000,,,,,,,,,,0
timing-1920x1080-3-0,82,1,10.027000,,,,,,,,,,0
timing-1920x1080-3-0,83,1,10.421000,,,,,,,,,,0
timing-1920x1080-3-0,84,1,10.440000,,,,,,,,,,0
timing-1920x1080-3-0,85,1,10.427000,,,,,,,,,,0
timing-1920x1080-3-0,86,1,10.403000,,,,,,,,,,0
timing-1920x1080-3-0,87,1,10.431000,,,,,,,,,,0
timing-1920x1080-3-0,88,1,10.393000,,,,,,,,,,0
timing-1920x1080-3-0,89,1,10.377000,,,,,,,,,,0
timing-1920x1080-3-0,90,1,10.443000,,,,,,,,,,0
timing-1920x1080-3-0,91,1,10.145000,,,,,,,,,,0
timing-1920x1080-3-0,92,1,10.207000,,,,,,,,,,0
timing-1920x1080-3-0,93,1,10.235000,,,,,,,,,,0
timing-1920x1080-3-0,94,1,10.237000,,,,,,,,,,0
timing-1920x1080-3-0,95,1,10.253000,,,,,,,,,,0
timing-1920x1080-3-0,96,1,10.259000,,,,,,,,,,0
timing-1920x1080-3-0,97,1,10.046000,,,,,,,,,,0
timing-1920x1080-3-0,98,1,10.046000,,,,,,,,,,0
timing-1920x1080-3-0,99,1,10.024000,,,,,,,,,,0
timing-1920x1080-3-0,100,1,10.154000,,,,,,,,,,0
timing-1920x1080-3-0,101,1,10.107000,,,,,,,,,,0
timing-1920x1080-3-0,102,1,10.039000,,,,,,,,,,0
timing-1920x1080-3-0,103,1,10.224000,,,,,,,,,,0
timing-1920x1080-3-0,104,1,10.238000,,,,,,,,,,0
timing-1920x1080-3-0,105,1,10.226000,,,,,,,,,,0
timing-1920x1080-3-0,106,1,10.236000,,,,,,,,,,0
timing-1920x1080-3-0,107,1,10.242000,,,,,,,,,,0
timing-1920x1080-3-0,108,1,10.285000,,,,,,,,,,0
timing-1920x1080-3-0,109,1,10.238000,,,,,,,,,,0
timing-1920x1080-3-0,110,1,10.360000,,,,,,,,,,0
timing-1920x1080-3-0,111,1,10.225000,,,,,,,,,,0
timing-1920x1080-3-0,112,1,10.109000,,,,,,,,,,0
timing-1920x1080-3-0,113,1,9.943000,,,,,,,,,,0
timing-1920x1080-3-0,114,1,10.060000,,,,,,,,,,0
timing-1920x1080-3-0,115,1,10.227000,,,,,,,,,,0
timing-1920x1080-3-0,116,1,10.266000,,,,,,,,,,0
timing-1920x1080-3-0,117,1,10.070000,,,,,,,,,,0
timing-1920x1080-3-0,118,1,10.124000,,,,,,,,,,0
timing-1920x1080-3-0,119,1,10.131000,,,,,,,,,,0
timing-1920x1080-3-0,120,1,10.087000,,,,,,,,,,0
timing-1920x1080-3-0,121,1,10.072000,,,,,,,,,,0
timing-1920x1080-3-0,122,1,10.155000,,,,,,,,,,0
timing-1920x1080-3-0,123,1,10.042000,,,,,,,,,,0
timing-1920x1080-3-0,124,1,10.144000,,,,,,,,,,0
timing-1920x1080-3-0,125,1,10.231000,,,,,,,,,,0
timing-1920x1080-3-0,126,1,10.190000,,,,,,,,,,0
timing-1920x1080-3-0,127,1,10.261000,,,,,,,,,,0
timing-1920x1080-3-0,128,1,10.268000,,,,,,,,,,0
timing-1920x1080-3-0,129,1,10.075000,,,,,,,,,,0
timing-1920x1080-3-0,130,1,10.197000,,,,,,,,,,0
timing-1920x1080-3-0,131,1,9.947000,,,,,,,,,,0
timing-1920x1080-3-0,132,1,10.314000,,,,,,,,,,0
timing-1920x1080-3-0,133,1,10.254000,,,,,,,,,,0
timing-1920x1080-3-0,134,1,10.126000,,,,,,,,,,0
timing-1920x1080-3-0,135,1,10.215000,,,,,,,,,,0
timing-1920x1080-3-0,136,1,10.082000,,,,,,,,,,0
timing-1920x1080-3-0,137,1,10.094000,,,,,,,,,,0
timing-1920x1080-3-0,138,1,10.130000,,,,,,,,,,0
timing-1920x1080-3-0,139,1,10.152000,,,,,,,,,,0
timing-1920x1080-3-0,140,1,10.138000,,,,,,,,,,0
timing-1920x1080-3-0,141,1,10.304000,,,,,,,,,,0
timing-1920x1080-3-0,142,1,10.212000,,,,,,,,,,0
timing-1920x1080-3-0,143,1,10.149000,,,,,,,,,,0
timing-1920x1080-3-0,144,1,10.329000,,,,,,,,,,0
timing-1920x1080-3-0,145,1,10.296000,,,,,,,,,,0
timing-1920x1080-3-0,146,1,10.521000,,,,,,,,,,0
timing-1920x1080-3-0,147,1,10.293000,,,,,,,,,,0
timing-1920x1080-3-0,148,1,10.259000,,,,,,,,,,0
timing-1920x1080-3-0,149,1,10.201000,,,,,,,,,,0
timing-1920x1080-3-0,150,1,10.224000,,,,,,,,,,0
timing-1920x1080-3-0,151,1,10.209000,,,,,,,,,,0
timing-1920x1080-3-0,152,1,10.320000,,,,,,,,,,0
timing-1920x1080-3-0,153,1,10.294000,,,,,,,,,,0
timing-1920x1080-3-0,154,1,10.362000,,,,,,,,,,0
timing-1920x1080-3-0,155,1,10.235000,,,,,,,,,,0
timing-1920x1080-3-0,156,1,10.223000,,,,,,,,,,0
timing-1920x1080-3-0,157,1,10.274000,,,,,,,,,,0
timing-1920x1080-3-0,158,1,10.241000,,,,,,,,,,0
timing-1920x1080-3-0,159,1,10.345000,,,,,,,,,,0
timing-1920x1080-3-0,160,1,10.296000,,,,,,,,,,0
timing-1920x1080-3-0,161,1,10.275000,,,,,,,,,,0
timing-1920x1080-3-0,162,1,10.233000,,,,,,,,,,0
timing-1920x1080-3-0,163,1,10.109000,,,,,,,,,,0
timing-1920x1080-3-0,164,1,10.143000,,,,,,,,,,0
timing-1920x1080-3-0,165,1,10.198000,,,,,,,,,,0
timing-1920x1080-3-0,166,1,10.317000,,,,,,,,,,0
timing-1920x1080-3-0,167,1,10.111000,,,,,,,,,,0
timing-1920x1080-3-0,168,1,10.125000,,,,,,,,,,0
timing-1920x1080-3-0,169,1,10.394000,,,,,,,,,,0
timing-1920x1080-3-0,170,1,10.212000,,,,,,,,,,0
timing-1920x1080-3-0,171,1,10.204000,,,,,,,,,,0
timing-1920x1080-3-0,172,1,10.343000,,,,,,,,,,0
timing-1920x1080-3-0,173,1,10.195000,,,,,,,,,,0
timing-1920x1080-3-0,174,1,10.414000,,,,,,,,,,0
timing-1920x1080-3-0,175,1,10.104000,,,,,,,,,,0
timing-1920x1080-3-0,176,1,10.172000,,,,,,,,,,0
timing-1920x1080-3-0,177,1,10.147000,,,,,,,,,,0
timing-1920x1080-3-0,178,1,10.213000,,,,,,,,,,0
timing-1920x1080-3-0,179,1,10.344000,,,,,,,,,,0
timing-1920x1080-3-0,180,1,10.229000,,,,,,,,,,0
timing-1920x1080-3-0,181,1,10.292000,,,,,,,,,,0
timing-1920x1080-3-0,182,1,10.220000,,,,,,,,,,0
timing-1920x1080-3-0,183,1,10.099000,,,,,,,,,,0
timing-1920x1080-3-0,184,1,10.204000,,,,,,,,,,0
timing-1920x1080-3-0,185,1,10.165000,,,,,,,,,,0
timing-1920x1080-3-0,186,1,10.220000,,,,,,,,,,0
timing-1920x1080-3-0,187,1,10.169000,,,,,,,,,,0
timing-1920x1080-3-0,188,1,10.284000,,,,,,,,,,0
timing-1920x1080-3-0,189,1,10.213000,,,,,,,,,,0
timing-1920x1080-3-0,190,1,10.372000,,,,,,,,,,0
timing-1920x1080-3-0,191,1,10.270000,,,,,,,,,,0
timing-1920x1080-3-0,192,1,10.255000,,,,,,,,,,0
timing-1920x1080-3-0,193,1,10.225000,,,,,,,,,,0
timing-1920x1080-3-0,194,1,10.247000,,,,,,,,,,0
timing-1920x1080-3-0,195,1,10.231000,,,,,,,,,,0
timing-1920x1080-3-0,196,1,9.963000,,,,,,,,,,0
timing-1920x1080-3-0,197,1,9.995000,,,,,,,,,,0
timing-1920x1080-3-0,198,1,10.182000,,,,,,,,,,0
timing-1920x1080-3-0,199,1,10.038000,,,,,,,,,,0
timing-1920x1080-3-0,200,1,10.142000,,,,,,,,,,0
timing-1920x1080-3-0,201,1,10.348000,,,,,,,,,,0
timing-1920x1080-3-0,202,1,10.166000,,,,,,,,,,0
timing-1920x1080-3-0,203,1,10.416000,,,,,,,,,,0
timing-1920x1080-3-0,204,1,9.922000,,,,,,,,,,0
timing-1920x1080-3-0,205,1,10.123000,,,,,,,,,,0
timing-1920x1080-3-0,206,1,10.073000,,,,,,,,,,0
timing-1920x1080-3-0,207,1,10.261000,,,,,,,,,,0
timing-1920x1080-3-0,208,1,10.157000,,,,,,,,,,0
timing-1920x1080-3-0,209,1,10.290000,,,,,,,,,,0
timing-1920x1080-3-0,210,1,10.125000,,,,,,,,,,0
timing-1920x1080-3-0,211,1,10.386000,,,,,,,,,,0
timing-1920x1080-3-0,212,1,10.046000,,,,,,,,,,0
timing-1920x1080-3-0,213,1,10.105000,,,,,,,,,,0
timing-1920x1080-3-0,214,1,10.262000,,,,,,,,,,0
timing-1920x1080-3-0,215,1,10.330000,,,,,,,,,,0
timing-1920x1080-3-0,216,1,10.208000,,,,,,,,,,0
timing-1920x1080-3-0,217,1,10.292000,,,,,,,,,,0
timing-1920x1080-3-0,218,1,10.259000,,,,,,,,,,0
timing-1920x1080-3-0,219,1,10.328000,,,,,,,,,,0
timing-1920x1080-3-0,220,1,10.226000,,,,,,,,,,0
timing-1920x1080-3-0,221,1,10.216000,,,,,,,,,,0
timing-1920x1080-3-0,222,1,10.265000,,,,,,,,,,0
timing-1920x1080-3-0,223,1,10.305000,,,,,,,,,,0
timing-1920x1080-3-0,224,1,10.301000,,,,,,,,,,0
timing-1920x1080-3-0,225,1,10.174000,,,,,,,,,,0
timing-1920x1080-3-0,226,1,10.323000,,,,,,,,,,0
timing-1920x1080-3-0,227,1,10.213000,,,,,,,,,,0
timing-1920x1080-3-0,228,1,10.314000,,,,,,,,,,0
timing-1920x1080-3-0,229,1,10.166000,,,,,,,,,,0
timing-1920x1080-3-0,230,1,10.219000,,,,,,,,,,0
timing-1920x1080-3-0,231,1,10.291000,,,,,,,,,,0
timing-1920x1080-3-0,232,1,10.024000,,,,,,,,,,0
timing-1920x1080-3-0,233,1,9.969000,,,,,,,,,,0
timing-1920x1080-3-0,234,1,10.114000,,,,,,,,,,0
timing-1920x1080-3-0,235,1,10.155000,,,,,,,,,,0
timing-1920x1080-3-0,236,1,10.307000,,,,,,,,,,0
timing-1920x1080-3-0,237,1,10.156000,,,,,,,,,,0
timing-1920x1080-3-0,238,1,9.938000,,,,,,,,,,0
timing-1920x1080-3-0,239,1,10.006000,,,,,,,,,,0
timing-1920x1080-3-0,240,1,10.250000,,,,,,,,,,0
timing-1920x1080-3-0,241,1,10.127000,,,,,,,,,,0
timing-1920x1080-3-0,242,1,10.032000,,,,,,,,,,0
timing-1920x1080-3-0,243,1,10.120000,,,,,,,,,,0
timing-1920x1080-3-0,244,1,10.046000,,,,,,,,,,0
timing-1920x1080-3-0,245,1,10.198000,,,,,,,,,,0
timing-1920x1080-3-0,246,1,10.221000,,,,,,,,,,0
timing-1920x1080-3-0,247,1,10.210000,,,,,,,,,,0
timing-1920x1080-3-0,248,1,10.354000,,,,,,,,,,0
timing-1920x1080-3-0,249,1,10.367000,,,,,,,,,,0
timing-1920x1080-3-0,250,1,10.348000,,,,,,,,,,0
timing-1920x1080-3-0,251,1,10.200000,,,,,,,,,,0
timing-1920x1080-3-0,252,1,10.231000,,,,,,,,,,0
timing-1920x1080-3-0,253,1,10.038000,,,,,,,,,,0
timing-1920x1080-3-0,254,1,10.101000,,,,,,,,,,0
timing-1920x1080-3-0,255,1,10.023000,,,,,,,,,,0
timing-1920x1080-3-0,256,1,10.239000,,,,,,,,,,0
timing-1920x1080-3-0,257,1,10.280000,,,,,,,,,,0
timing-1920x1080-3-0,258,1,10.333000,,,,,,,,,,0
timing-1920x1080-3-0,259,1,10.422000,,,,,,,,,,0
timing-1920x1080-3-0,260,1,10.424000,,,,,,,,,,0
timing-1920x1080-3-0,261,1,10.299000,,,,,,,,,,0
timing-1920x1080-3-0,262,1,10.239000,,,,,,,,,,0
timing-1920x1080-3-0,263,1,10.176000,,,,,,,,,,0
timing-1920x1080-3-0,264,1,10.382000,,,,,,,,,,0
timing-1920x1080-3-0,265,1,10.309000,,,,,,,,,,0
timing-1920x1080-3-0,266,1,10.344000,,,,,,,,,,0
timing-1920x1080-3-0,267,1,10.133000,,,,,,,,,,0
timing-1920x1080-3-0,268,1,10.421000,,,,,,,,,,0
timing-1920x1080-3-0,269,1,10.297000,,,,,,,,,,0
timing-1920x1080-3-0,270,1,10.213000,,,,,,,,,,0
timing-1920x1080-3-0,271,1,10.215000,,,,,,,,,,0
timing-1920x1080-3-0,272,1,10.044000,,,,,,,,,,0
timing-1920x1080-3-0,273,1,10.237000,,,,,,,,,,0
timing-1920x1080-3-0,274,1,9.999000,,,,,,,,,,0
timing-1920x1080-3-0,275,1,10.046000,,,,,,,,,,0
timing-1920x1080-3-0,276,1,10.245000,,,,,,,,,,0
timing-1920x1080-3-0,277,1,10.275000,,,,,,,,,,0
timing-1920x1080-3-0,278,1,10.514000,,,,,,,,,,0
timing-1920x1080-3-0,279,1,10.252000,,,,,,,,,,0
timing-1920x1080-3-0,280,1,10.322000,,,,,,,,,,0
timing-1920x1080-3-0,281,1,10.249000,,,,,,,,,,0
timing-1920x1080-3-0,282,1,10.258000,,,,,,,,,,0
timing-1920x1080-3-0,283,1,10.364000,,,,,,,,,,0
timing-1920x1080-3-0,284,1,10.645000,,,,,,,,,,0
timing-1920x1080-3-0,285,1,10.457000,,,,,,,,,,0
timing-1920x1080-3-0,286,1,10.403000,,,,,,,,,,0
timing-1920x1080-3-0,287,1,10.531000,,,,,,,,,,0
timing-1920x1080-3-0,288,1,10.597000,,,,,,,,,,0
timing-1920x1080-3-0,289,1,10.519000,,,,,,,,,,0
timing-1920x1080-3-0,290,1,10.479000,,,,,,,,,,0
timing-1920x1080-3-0,291,1,10.181000,,,,,,,,,,0
timing-1920x1080-3-0,292,1,10.440000,,,,,,,,,,0
timing-1920x1080-3-0,293,1,10.329000,,,,,,,,,,0
timing-1920x1080-3-0,294,1,10.331000,,,,,,,,,,0
timing-1920x1080-3-0,295,1,10.275000,,,,,,,,,,0
timing-1920x1080-3-0,296,1,10.130000,,,,,,,,,,0
timing-1920x1080-3-0,297,1,10.133000,,,,,,,,,,0
timing-1920x1080-3-0,298,1,10.051000,,,,,,,,,,0
timing-1920x1080-3-0,299,1,10.133000,,,,,,,,,,0
timing-1920x1080-3-0,300,1,10.330000,,,,,,,,,,0
timing-1920x1080-3-0,301,1,10.205000,,,,,,,,,,0
timing-1920x1080-3-0,302,1,10.433000,,,,,,,,,,0
timing-1920x1080-3-0,303,1,10.255000,,,,,,,,,,0
timing-1920x1080-3-0,304,1,10.383000,,,,,,,,,,0
timing-1920x1080-3-0,305,1,9.937000,,,,,,,,,,0
timing-1920x1080-3-0,306,1,10.037000,,,,,,,,,,0
timing-1920x1080-3-0,307,1,10.242000,,,,,,,,,,0
timing-1920x1080-3-0,308,1,10.139000,,,,,,,,,,0
timing-1920x1080-3-0,309,1,10.020000,,,,,,,,,,0
timing-1920x1080-3-0,310,1,10.349000,,,,,,,,,,0
timing-1920x1080-3-0,311,1,10.123000,,,,,,,,,,0
timing-1920x1080-3-0,312,1,10.116000,,,,,,,,,,0
timing-1920x1080-3-0,313,1,10.254000,,,,,,,,,,0
timing-1920x1080-3-0,314,1,10.429000,,,,,,,,,,0
timing-1920x1080-3-0,315,1,10.064000,,,,,,,,,,0
timing-1920x1080-3-0,316,1,10.127000,,,,,,,,,,0
timing-1920x1080-3-0,317,1,10.148000,,,,,,,,,,0
timing-1920x1080-3-0,318,1,10.200000,,,,,,,,,,0
timing-1920x1080-3-0,319,1,10.016000,0,0,0.999511719,0.362065608,0.408951316,1254,352,0,0,1
timing-1920x1080-3-1,0,1,1175.792000,0,0,0.999511719,0.362065608,0.408951316,1254,352,0,0,1
timing-1920x1080-3-1,1,1,12.296000,,,,,,,,,,0
timing-1920x1080-3-1,2,1,11.189000,,,,,,,,,,0
timing-1920x1080-3-1,3,1,11.039000,,,,,,,,,,0
timing-1920x1080-3-1,4,1,10.481000,,,,,,,,,,0
timing-1920x1080-3-1,5,1,10.342000,,,,,,,,,,0
timing-1920x1080-3-1,6,1,10.394000,,,,,,,,,,0
timing-1920x1080-3-1,7,1,10.172000,,,,,,,,,,0
timing-1920x1080-3-1,8,1,10.275000,,,,,,,,,,0
timing-1920x1080-3-1,9,1,10.424000,,,,,,,,,,0
timing-1920x1080-3-1,10,1,10.487000,,,,,,,,,,0
timing-1920x1080-3-1,11,1,10.506000,,,,,,,,,,0
timing-1920x1080-3-1,12,1,10.511000,,,,,,,,,,0
timing-1920x1080-3-1,13,1,10.377000,,,,,,,,,,0
timing-1920x1080-3-1,14,1,10.333000,,,,,,,,,,0
timing-1920x1080-3-1,15,1,10.397000,,,,,,,,,,0
timing-1920x1080-3-1,16,1,9.853000,,,,,,,,,,0
timing-1920x1080-3-1,17,1,9.979000,,,,,,,,,,0
timing-1920x1080-3-1,18,1,10.040000,,,,,,,,,,0
timing-1920x1080-3-1,19,1,9.921000,,,,,,,,,,0
timing-1920x1080-3-1,20,1,10.238000,,,,,,,,,,0
timing-1920x1080-3-1,21,1,10.055000,,,,,,,,,,0
timing-1920x1080-3-1,22,1,10.013000,,,,,,,,,,0
timing-1920x1080-3-1,23,1,9.999000,,,,,,,,,,0
timing-1920x1080-3-1,24,1,10.052000,,,,,,,,,,0
timing-1920x1080-3-1,25,1,10.311000,,,,,,,,,,0
timing-1920x1080-3-1,26,1,10.039000,,,,,,,,,,0
timing-1920x1080-3-1,27,1,9.918000,,,,,,,,,,0
timing-1920x1080-3-1,28,1,9.968000,,,,,,,,,,0
timing-1920x1080-3-1,29,1,10.032000,,,,,,,,,,0
timing-1920x1080-3-1,30,1,10.228000,,,,,,,,,,0
timing-1920x1080-3-1,31,1,9.938000,,,,,,,,,,0
timing-1920x1080-3-1,32,1,10.026000,,,,,,,,,,0
timing-1920x1080-3-1,33,1,9.932000,,,,,,,,,,0
timing-1920x1080-3-1,34,1,9.930000,,,,,,,,,,0
timing-1920x1080-3-1,35,1,9.993000,,,,,,,,,,0
timing-1920x1080-3-1,36,1,9.939000,,,,,,,,,,0
timing-1920x1080-3-1,37,1,10.044000,,,,,,,,,,0
timing-1920x1080-3-1,38,1,9.966000,,,,,,,,,,0
timing-1920x1080-3-1,39,1,9.994000,,,,,,,,,,0
timing-1920x1080-3-1,40,1,10.047000,,,,,,,,,,0
timing-1920x1080-3-1,41,1,9.886000,,,,,,,,,,0
timing-1920x1080-3-1,42,1,9.997000,,,,,,,,,,0
timing-1920x1080-3-1,43,1,9.934000,,,,,,,,,,0
timing-1920x1080-3-1,44,1,9.858000,,,,,,,,,,0
timing-1920x1080-3-1,45,1,10.060000,,,,,,,,,,0
timing-1920x1080-3-1,46,1,9.946000,,,,,,,,,,0
timing-1920x1080-3-1,47,1,9.942000,,,,,,,,,,0
timing-1920x1080-3-1,48,1,10.104000,,,,,,,,,,0
timing-1920x1080-3-1,49,1,10.006000,,,,,,,,,,0
timing-1920x1080-3-1,50,1,10.037000,,,,,,,,,,0
timing-1920x1080-3-1,51,1,9.975000,,,,,,,,,,0
timing-1920x1080-3-1,52,1,9.904000,,,,,,,,,,0
timing-1920x1080-3-1,53,1,10.016000,,,,,,,,,,0
timing-1920x1080-3-1,54,1,9.834000,,,,,,,,,,0
timing-1920x1080-3-1,55,1,9.921000,,,,,,,,,,0
timing-1920x1080-3-1,56,1,9.944000,,,,,,,,,,0
timing-1920x1080-3-1,57,1,9.936000,,,,,,,,,,0
timing-1920x1080-3-1,58,1,9.945000,,,,,,,,,,0
timing-1920x1080-3-1,59,1,10.170000,,,,,,,,,,0
timing-1920x1080-3-1,60,1,9.991000,,,,,,,,,,0
timing-1920x1080-3-1,61,1,9.983000,,,,,,,,,,0
timing-1920x1080-3-1,62,1,9.911000,,,,,,,,,,0
timing-1920x1080-3-1,63,1,10.055000,,,,,,,,,,0
timing-1920x1080-3-1,64,1,10.016000,,,,,,,,,,0
timing-1920x1080-3-1,65,1,10.067000,,,,,,,,,,0
timing-1920x1080-3-1,66,1,9.964000,,,,,,,,,,0
timing-1920x1080-3-1,67,1,9.914000,,,,,,,,,,0
timing-1920x1080-3-1,68,1,9.864000,,,,,,,,,,0
timing-1920x1080-3-1,69,1,10.002000,,,,,,,,,,0
timing-1920x1080-3-1,70,1,9.863000,,,,,,,,,,0
timing-1920x1080-3-1,71,1,10.058000,,,,,,,,,,0
timing-1920x1080-3-1,72,1,9.981000,,,,,,,,,,0
timing-1920x1080-3-1,73,1,9.939000,,,,,,,,,,0
timing-1920x1080-3-1,74,1,9.927000,,,,,,,,,,0
timing-1920x1080-3-1,75,1,10.102000,,,,,,,,,,0
timing-1920x1080-3-1,76,1,9.874000,,,,,,,,,,0
timing-1920x1080-3-1,77,1,9.915000,,,,,,,,,,0
timing-1920x1080-3-1,78,1,10.108000,,,,,,,,,,0
timing-1920x1080-3-1,79,1,10.082000,,,,,,,,,,0
timing-1920x1080-3-1,80,1,9.961000,,,,,,,,,,0
timing-1920x1080-3-1,81,1,9.961000,,,,,,,,,,0
timing-1920x1080-3-1,82,1,9.841000,,,,,,,,,,0
timing-1920x1080-3-1,83,1,10.017000,,,,,,,,,,0
timing-1920x1080-3-1,84,1,9.832000,,,,,,,,,,0
timing-1920x1080-3-1,85,1,9.992000,,,,,,,,,,0
timing-1920x1080-3-1,86,1,9.968000,,,,,,,,,,0
timing-1920x1080-3-1,87,1,10.203000,,,,,,,,,,0
timing-1920x1080-3-1,88,1,10.141000,,,,,,,,,,0
timing-1920x1080-3-1,89,1,10.228000,,,,,,,,,,0
timing-1920x1080-3-1,90,1,10.173000,,,,,,,,,,0
timing-1920x1080-3-1,91,1,9.982000,,,,,,,,,,0
timing-1920x1080-3-1,92,1,9.907000,,,,,,,,,,0
timing-1920x1080-3-1,93,1,10.028000,,,,,,,,,,0
timing-1920x1080-3-1,94,1,10.154000,,,,,,,,,,0
timing-1920x1080-3-1,95,1,9.934000,,,,,,,,,,0
timing-1920x1080-3-1,96,1,10.163000,,,,,,,,,,0
timing-1920x1080-3-1,97,1,10.150000,,,,,,,,,,0
timing-1920x1080-3-1,98,1,10.179000,,,,,,,,,,0
timing-1920x1080-3-1,99,1,10.221000,,,,,,,,,,0
timing-1920x1080-3-1,100,1,10.166000,,,,,,,,,,0
timing-1920x1080-3-1,101,1,10.317000,,,,,,,,,,0
timing-1920x1080-3-1,102,1,10.168000,,,,,,,,,,0
timing-1920x1080-3-1,103,1,10.308000,,,,,,,,,,0
timing-1920x1080-3-1,104,1,10.262000,,,,,,,,,,0
timing-1920x1080-3-1,105,1,10.191000,,,,,,,,,,0
timing-1920x1080-3-1,106,1,10.265000,,,,,,,,,,0
timing-1920x1080-3-1,107,1,10.146000,,,,,,,,,,0
timing-1920x1080-3-1,108,1,10.068000,,,,,,,,,,0
timing-1920x1080-3-1,109,1,10.041000,,,,,,,,,,0
timing-1920x1080-3-1,110,1,9.957000,,,,,,,,,,0
timing-1920x1080-3-1,111,1,10.066000,,,,,,,,,,0
timing-1920x1080-3-1,112,1,10.007000,,,,,,,,,,0
timing-1920x1080-3-1,113,1,10.270000,,,,,,,,,,0
timing-1920x1080-3-1,114,1,10.278000,,,,,,,,,,0
timing-1920x1080-3-1,115,1,10.384000,,,,,,,,,,0
timing-1920x1080-3-1,116,1,10.361000,,,,,,,,,,0
timing-1920x1080-3-1,117,1,10.401000,,,,,,,,,,0
timing-1920x1080-3-1,118,1,10.451000,,,,,,,,,,0
timing-1920x1080-3-1,119,1,10.324000,,,,,,,,,,0
timing-1920x1080-3-1,120,1,10.470000,,,,,,,,,,0
timing-1920x1080-3-1,121,1,10.476000,,,,,,,,,,0
timing-1920x1080-3-1,122,1,10.339000,,,,,,,,,,0
timing-1920x1080-3-1,123,1,10.330000,,,,,,,,,,0
timing-1920x1080-3-1,124,1,10.243000,,,,,,,,,,0
timing-1920x1080-3-1,125,1,10.448000,,,,,,,,,,0
timing-1920x1080-3-1,126,1,10.085000,,,,,,,,,,0
timing-1920x1080-3-1,127,1,10.234000,,,,,,,,,,0
timing-1920x1080-3-1,128,1,10.046000,,,,,,,,,,0
timing-1920x1080-3-1,129,1,10.004000,,,,,,,,,,0
timing-1920x1080-3-1,130,1,9.926000,,,,,,,,,,0
timing-1920x1080-3-1,131,1,10.361000,,,,,,,,,,0
timing-1920x1080-3-1,132,1,10.032000,,,,,,,,,,0
timing-1920x1080-3-1,133,1,10.061000,,,,,,,,,,0
timing-1920x1080-3-1,134,1,10.059000,,,,,,,,,,0
timing-1920x1080-3-1,135,1,10.393000,,,,,,,,,,0
timing-1920x1080-3-1,136,1,10.090000,,,,,,,,,,0
timing-1920x1080-3-1,137,1,10.285000,,,,,,,,,,0
timing-1920x1080-3-1,138,1,10.247000,,,,,,,,,,0
timing-1920x1080-3-1,139,1,10.467000,,,,,,,,,,0
timing-1920x1080-3-1,140,1,10.158000,,,,,,,,,,0
timing-1920x1080-3-1,141,1,10.113000,,,,,,,,,,0
timing-1920x1080-3-1,142,1,10.215000,,,,,,,,,,0
timing-1920x1080-3-1,143,1,9.951000,,,,,,,,,,0
timing-1920x1080-3-1,144,1,9.986000,,,,,,,,,,0
timing-1920x1080-3-1,145,1,9.929000,,,,,,,,,,0
timing-1920x1080-3-1,146,1,10.043000,,,,,,,,,,0
timing-1920x1080-3-1,147,1,10.115000,,,,,,,,,,0
timing-1920x1080-3-1,148,1,10.182000,,,,,,,,,,0
timing-1920x1080-3-1,149,1,10.229000,,,,,,,,,,0
timing-1920x1080-3-1,150,1,10.152000,,,,,,,,,,0
timing-1920x1080-3-1,151,1,10.331000,,,,,,,,,,0
timing-1920x1080-3-1,152,1,9.968000,,,,,,,,,,0
timing-1920x1080-3-1,153,1,10.031000,,,,,,,,,,0
timing-1920x1080-3-1,154,1,9.977000,,,,,,,,,,0
timing-1920x1080-3-1,155,1,10.008000,,,,,,,,,,0
timing-1920x1080-3-1,156,1,10.115000,,,,,,,,,,0
timing-1920x1080-3-1,157,1,10.166000,,,,,,,,,,0
timing-1920x1080-3-1,158,1,10.210000,,,,,,,,,,0
timing-1920x1080-3-1,159,1,9.993000,,,,,,,,,,0
timing-1920x1080-3-1,160,1,10.034000,,,,,,,,,,0
timing-1920x1080-3-1,161,1,10.005000,,,,,,,,,,0
timing-1920x1080-3-1,162,1,10.004000,,,,,,,,,,0
timing-1920x1080-3-1,163,1,9.945000,,,,,,,,,,0
timing-1920x1080-3-1,164,1,10.214000,,,,,,,,,,0
timing-1920x1080-3-1,165,1,10.179000,,,,,,,,,,0
timing-1920x1080-3-1,166,1,10.077000,,,,,,,,,,0
timing-1920x1080-3-1,167,1,9.993000,,,,,,,,,,0
timing-1920x1080-3-1,168,1,9.996000,,,,,,,,,,0
timing-1920x1080-3-1,169,1,10.065000,,,,,,,,,,0
timing-1920x1080-3-1,170,1,10.191000,,,,,,,,,,0
timing-1920x1080-3-1,171,1,10.187000,,,,,,,,,,0
timing-1920x1080-3-1,172,1,10.161000,,,,,,,,,,0
timing-1920x1080-3-1,173,1,10.155000,,,,,,,,,,0
timing-1920x1080-3-1,174,1,10.265000,,,,,,,,,,0
timing-1920x1080-3-1,175,1,9.949000,,,,,,,,,,0
timing-1920x1080-3-1,176,1,10.059000,,,,,,,,,,0
timing-1920x1080-3-1,177,1,9.890000,,,,,,,,,,0
timing-1920x1080-3-1,178,1,10.043000,,,,,,,,,,0
timing-1920x1080-3-1,179,1,10.233000,,,,,,,,,,0
timing-1920x1080-3-1,180,1,10.211000,,,,,,,,,,0
timing-1920x1080-3-1,181,1,10.242000,,,,,,,,,,0
timing-1920x1080-3-1,182,1,9.966000,,,,,,,,,,0
timing-1920x1080-3-1,183,1,10.049000,,,,,,,,,,0
timing-1920x1080-3-1,184,1,9.913000,,,,,,,,,,0
timing-1920x1080-3-1,185,1,9.919000,,,,,,,,,,0
timing-1920x1080-3-1,186,1,10.010000,,,,,,,,,,0
timing-1920x1080-3-1,187,1,10.202000,,,,,,,,,,0
timing-1920x1080-3-1,188,1,10.214000,,,,,,,,,,0
timing-1920x1080-3-1,189,1,10.224000,,,,,,,,,,0
timing-1920x1080-3-1,190,1,10.006000,,,,,,,,,,0
timing-1920x1080-3-1,191,1,10.023000,,,,,,,,,,0
timing-1920x1080-3-1,192,1,10.215000,,,,,,,,,,0
timing-1920x1080-3-1,193,1,10.155000,,,,,,,,,,0
timing-1920x1080-3-1,194,1,10.101000,,,,,,,,,,0
timing-1920x1080-3-1,195,1,10.138000,,,,,,,,,,0
timing-1920x1080-3-1,196,1,10.229000,,,,,,,,,,0
timing-1920x1080-3-1,197,1,9.968000,,,,,,,,,,0
timing-1920x1080-3-1,198,1,10.063000,,,,,,,,,,0
timing-1920x1080-3-1,199,1,10.100000,,,,,,,,,,0
timing-1920x1080-3-1,200,1,10.175000,,,,,,,,,,0
timing-1920x1080-3-1,201,1,10.086000,,,,,,,,,,0
timing-1920x1080-3-1,202,1,10.254000,,,,,,,,,,0
timing-1920x1080-3-1,203,1,10.218000,,,,,,,,,,0
timing-1920x1080-3-1,204,1,10.033000,,,,,,,,,,0
timing-1920x1080-3-1,205,1,10.223000,,,,,,,,,,0
timing-1920x1080-3-1,206,1,10.176000,,,,,,,,,,0
timing-1920x1080-3-1,207,1,10.218000,,,,,,,,,,0
timing-1920x1080-3-1,208,1,10.152000,,,,,,,,,,0
timing-1920x1080-3-1,209,1,9.916000,,,,,,,,,,0
timing-1920x1080-3-1,210,1,9.965000,,,,,,,,,,0
timing-1920x1080-3-1,211,1,10.021000,,,,,,,,,,0
timing-1920x1080-3-1,212,1,10.213000,,,,,,,,,,0
timing-1920x1080-3-1,213,1,10.236000,,,,,,,,,,0
timing-1920x1080-3-1,214,1,10.215000,,,,,,,,,,0
timing-1920x1080-3-1,215,1,10.239000,,,,,,,,,,0
timing-1920x1080-3-1,216,1,10.133000,,,,,,,,,,0
timing-1920x1080-3-1,217,1,10.023000,,,,,,,,,,0
timing-1920x1080-3-1,218,1,10.217000,,,,,,,,,,0
timing-1920x1080-3-1,219,1,10.127000,,,,,,,,,,0
timing-1920x1080-3-1,220,1,10.358000,,,,,,,,,,0
timing-1920x1080-3-1,221,1,10.240000,,,,,,,,,,0
timing-1920x1080-3-1,222,1,10.322000,,,,,,,,,,0
timing-1920x1080-3-1,223,1,10.023000,,,,,,,,,,0
timing-1920x1080-3-1,224,1,9.981000,,,,,,,,,,0
timing-1920x1080-3-1,225,1,9.977000,,,,,,,,,,0
timing-1920x1080-3-1,226,1,9.896000,,,,,,,,,,0
timing-1920x1080-3-1,227,1,10.281000,,,,,,,,,,0
timing-1920x1080-3-1,228,1,10.098000,,,,,,,,,,0
timing-1920x1080-3-1,229,1,10.253000,,,,,,,,,,0
timing-1920x1080-3-1,230,1,10.222000,,,,,,,,,,0
timing-1920x1080-3-1,231,1,10.200000,,,,,,,,,,0
timing-1920x1080-3-1,232,1,10.112000,,,,,,,,,,0
timing-1920x1080-3-1,233,1,10.196000,,,,,,,,,,0
timing-1920x1080-3-1,234,1,10.470000,,,,,,,,,,0
timing-1920x1080-3-1,235,1,10.107000,,,,,,,,,,0
timing-1920x1080-3-1,236,1,10.246000,,,,,,,,,,0
timing-1920x1080-3-1,237,1,10.156000,,,,,,,,,,0
timing-1920x1080-3-1,238,1,10.354000,,,,,,,,,,0
timing-1920x1080-3-1,239,1,10.091000,,,,,,,,,,0
timing-1920x1080-3-1,240,1,10.213000,,,,,,,,,,0
timing-1920x1080-3-1,241,1,10.213000,,,,,,,,,,0
timing-1920x1080-3-1,242,1,10.009000,,,,,,,,,,0
timing-1920x1080-3-1,243,1,9.985000,,,,,,,,,,0
timing-1920x1080-3-1,244,1,10.020000,,,,,,,,,,0
timing-1920x1080-3-1,245,1,9.974000,,,,,,,,,,0
timing-1920x1080-3-1,246,1,10.007000,,,,,,,,,,0
timing-1920x1080-3-1,247,1,9.824000,,,,,,,,,,0
timing-1920x1080-3-1,248,1,10.056000,,,,,,,,,,0
timing-1920x1080-3-1,249,1,9.933000,,,,,,,,,,0
timing-1920x1080-3-1,250,1,10.329000,,,,,,,,,,0
timing-1920x1080-3-1,251,1,10.169000,,,,,,,,,,0
timing-1920x1080-3-1,252,1,10.280000,,,,,,,,,,0
timing-1920x1080-3-1,253,1,10.037000,,,,,,,,,,0
timing-1920x1080-3-1,254,1,10.041000,,,,,,,,,,0
timing-1920x1080-3-1,255,1,10.038000,,,,,,,,,,0
timing-1920x1080-3-1,256,1,9.991000,,,,,,,,,,0
timing-1920x1080-3-1,257,1,10.043000,,,,,,,,,,0
timing-1920x1080-3-1,258,1,10.333000,,,,,,,,,,0
timing-1920x1080-3-1,259,1,10.226000,,,,,,,,,,0
timing-1920x1080-3-1,260,1,10.085000,,,,,,,,,,0
timing-1920x1080-3-1,261,1,9.976000,,,,,,,,,,0
timing-1920x1080-3-1,262,1,9.936000,,,,,,,,,,0
timing-1920x1080-3-1,263,1,9.963000,,,,,,,,,,0
timing-1920x1080-3-1,264,1,10.004000,,,,,,,,,,0
timing-1920x1080-3-1,265,1,10.168000,,,,,,,,,,0
timing-1920x1080-3-1,266,1,10.255000,,,,,,,,,,0
timing-1920x1080-3-1,267,1,10.217000,,,,,,,,,,0
timing-1920x1080-3-1,268,1,10.213000,,,,,,,,,,0
timing-1920x1080-3-1,269,1,10.144000,,,,,,,,,,0
timing-1920x1080-3-1,270,1,10.101000,,,,,,,,,,0
timing-1920x1080-3-1,271,1,10.137000,,,,,,,,,,0
timing-1920x1080-3-1,272,1,10.201000,,,,,,,,,,0
timing-1920x1080-3-1,273,1,10.166000,,,,,,,,,,0
timing-1920x1080-3-1,274,1,10.410000,,,,,,,,,,0
timing-1920x1080-3-1,275,1,10.275000,,,,,,,,,,0
timing-1920x1080-3-1,276,1,10.033000,,,,,,,,,,0
timing-1920x1080-3-1,277,1,9.995000,,,,,,,,,,0
timing-1920x1080-3-1,278,1,10.118000,,,,,,,,,,0
timing-1920x1080-3-1,279,1,10.083000,,,,,,,,,,0
timing-1920x1080-3-1,280,1,10.020000,,,,,,,,,,0
timing-1920x1080-3-1,281,1,10.090000,,,,,,,,,,0
timing-1920x1080-3-1,282,1,10.002000,,,,,,,,,,0
timing-1920x1080-3-1,283,1,9.901000,,,,,,,,,,0
timing-1920x1080-3-1,284,1,10.003000,,,,,,,,,,0
timing-1920x1080-3-1,285,1,10.228000,,,,,,,,,,0
timing-1920x1080-3-1,286,1,10.204000,,,,,,,,,,0
timing-1920x1080-3-1,287,1,10.068000,,,,,,,,,,0
timing-1920x1080-3-1,288,1,10.032000,,,,,,,,,,0
timing-1920x1080-3-1,289,1,9.991000,,,,,,,,,,0
timing-1920x1080-3-1,290,1,10.097000,,,,,,,,,,0
timing-1920x1080-3-1,291,1,10.324000,,,,,,,,,,0
timing-1920x1080-3-1,292,1,10.353000,,,,,,,,,,0
timing-1920x1080-3-1,293,1,10.206000,,,,,,,,,,0
timing-1920x1080-3-1,294,1,10.282000,,,,,,,,,,0
timing-1920x1080-3-1,295,1,10.153000,,,,,,,,,,0
timing-1920x1080-3-1,296,1,10.176000,,,,,,,,,,0
timing-1920x1080-3-1,297,1,10.213000,,,,,,,,,,0
timing-1920x1080-3-1,298,1,10.226000,,,,,,,,,,0
timing-1920x1080-3-1,299,1,10.256000,,,,,,,,,,0
timing-1920x1080-3-1,300,1,10.245000,,,,,,,,,,0
timing-1920x1080-3-1,301,1,10.232000,,,,,,,,,,0
timing-1920x1080-3-1,302,1,10.281000,,,,,,,,,,0
timing-1920x1080-3-1,303,1,10.215000,,,,,,,,,,0
timing-1920x1080-3-1,304,1,10.143000,,,,,,,,,,0
timing-1920x1080-3-1,305,1,9.930000,,,,,,,,,,0
timing-1920x1080-3-1,306,1,10.018000,,,,,,,,,,0
timing-1920x1080-3-1,307,1,9.986000,,,,,,,,,,0
timing-1920x1080-3-1,308,1,10.185000,,,,,,,,,,0
timing-1920x1080-3-1,309,1,10.301000,,,,,,,,,,0
timing-1920x1080-3-1,310,1,10.010000,,,,,,,,,,0
timing-1920x1080-3-1,311,1,10.232000,,,,,,,,,,0
timing-1920x1080-3-1,312,1,10.264000,,,,,,,,,,0
timing-1920x1080-3-1,313,1,10.153000,,,,,,,,,,0
timing-1920x1080-3-1,314,1,10.075000,,,,,,,,,,0
timing-1920x1080-3-1,315,1,10.351000,,,,,,,,,,0
timing-1920x1080-3-1,316,1,10.131000,,,,,,,,,,0
timing-1920x1080-3-1,317,1,10.537000,,,,,,,,,,0
timing-1920x1080-3-1,318,1,10.297000,,,,,,,,,,0
timing-1920x1080-3-1,319,1,10.274000,0,0,0.999511719,0.362065608,0.408951316,1254,352,0,0,1
timing-1920x1080-3-2,0,1,1183.838000,0,0,0.999511719,0.362065608,0.408951316,1254,352,0,0,1
timing-1920x1080-3-2,1,1,17.054000,,,,,,,,,,0
timing-1920x1080-3-2,2,1,11.223000,,,,,,,,,,0
timing-1920x1080-3-2,3,1,10.700000,,,,,,,,,,0
timing-1920x1080-3-2,4,1,10.500000,,,,,,,,,,0
timing-1920x1080-3-2,5,1,10.393000,,,,,,,,,,0
timing-1920x1080-3-2,6,1,10.455000,,,,,,,,,,0
timing-1920x1080-3-2,7,1,10.426000,,,,,,,,,,0
timing-1920x1080-3-2,8,1,10.384000,,,,,,,,,,0
timing-1920x1080-3-2,9,1,10.382000,,,,,,,,,,0
timing-1920x1080-3-2,10,1,10.358000,,,,,,,,,,0
timing-1920x1080-3-2,11,1,10.272000,,,,,,,,,,0
timing-1920x1080-3-2,12,1,10.389000,,,,,,,,,,0
timing-1920x1080-3-2,13,1,10.221000,,,,,,,,,,0
timing-1920x1080-3-2,14,1,10.250000,,,,,,,,,,0
timing-1920x1080-3-2,15,1,10.231000,,,,,,,,,,0
timing-1920x1080-3-2,16,1,9.938000,,,,,,,,,,0
timing-1920x1080-3-2,17,1,9.842000,,,,,,,,,,0
timing-1920x1080-3-2,18,1,9.974000,,,,,,,,,,0
timing-1920x1080-3-2,19,1,10.115000,,,,,,,,,,0
timing-1920x1080-3-2,20,1,10.180000,,,,,,,,,,0
timing-1920x1080-3-2,21,1,10.201000,,,,,,,,,,0
timing-1920x1080-3-2,22,1,10.013000,,,,,,,,,,0
timing-1920x1080-3-2,23,1,9.783000,,,,,,,,,,0
timing-1920x1080-3-2,24,1,9.904000,,,,,,,,,,0
timing-1920x1080-3-2,25,1,10.008000,,,,,,,,,,0
timing-1920x1080-3-2,26,1,10.069000,,,,,,,,,,0
timing-1920x1080-3-2,27,1,9.875000,,,,,,,,,,0
timing-1920x1080-3-2,28,1,9.974000,,,,,,,,,,0
timing-1920x1080-3-2,29,1,10.060000,,,,,,,,,,0
timing-1920x1080-3-2,30,1,9.947000,,,,,,,,,,0
timing-1920x1080-3-2,31,1,10.043000,,,,,,,,,,0
timing-1920x1080-3-2,32,1,10.270000,,,,,,,,,,0
timing-1920x1080-3-2,33,1,9.843000,,,,,,,,,,0
timing-1920x1080-3-2,34,1,9.941000,,,,,,,,,,0
timing-1920x1080-3-2,35,1,10.124000,,,,,,,,,,0
timing-1920x1080-3-2,36,1,9.914000,,,,,,,,,,0
timing-1920x1080-3-2,37,1,9.974000,,,,,,,,,,0
timing-1920x1080-3-2,38,1,9.891000,,,,,,,,,,0
timing-1920x1080-3-2,39,1,9.953000,,,,,,,,,,0
timing-1920x1080-3-2,40,1,9.851000,,,,,,,,,,0
timing-1920x1080-3-2,41,1,10.058000,,,,,,,,,,0
timing-1920x1080-3-2,42,1,9.945000,,,,,,,,,,0
timing-1920x1080-3-2,43,1,10.231000,,,,,,,,,,0
timing-1920x1080-3-2,44,1,9.920000,,,,,,,,,,0
timing-1920x1080-3-2,45,1,9.964000,,,,,,,,,,0
timing-1920x1080-3-2,46,1,10.052000,,,,,,,,,,0
timing-1920x1080-3-2,47,1,9.954000,,,,,,,,,,0
timing-1920x1080-3-2,48,1,9.868000,,,,,,,,,,0
timing-1920x1080-3-2,49,1,9.984000,,,,,,,,,,0
timing-1920x1080-3-2,50,1,10.016000,,,,,,,,,,0
timing-1920x1080-3-2,51,1,10.066000,,,,,,,,,,0
timing-1920x1080-3-2,52,1,9.885000,,,,,,,,,,0
timing-1920x1080-3-2,53,1,10.092000,,,,,,,,,,0
timing-1920x1080-3-2,54,1,9.891000,,,,,,,,,,0
timing-1920x1080-3-2,55,1,9.944000,,,,,,,,,,0
timing-1920x1080-3-2,56,1,9.877000,,,,,,,,,,0
timing-1920x1080-3-2,57,1,9.840000,,,,,,,,,,0
timing-1920x1080-3-2,58,1,9.963000,,,,,,,,,,0
timing-1920x1080-3-2,59,1,10.052000,,,,,,,,,,0
timing-1920x1080-3-2,60,1,9.985000,,,,,,,,,,0
timing-1920x1080-3-2,61,1,10.105000,,,,,,,,,,0
timing-1920x1080-3-2,62,1,9.922000,,,,,,,,,,0
timing-1920x1080-3-2,63,1,10.078000,,,,,,,,,,0
timing-1920x1080-3-2,64,1,9.887000,,,,,,,,,,0
timing-1920x1080-3-2,65,1,10.017000,,,,,,,,,,0
timing-1920x1080-3-2,66,1,10.035000,,,,,,,,,,0
timing-1920x1080-3-2,67,1,10.003000,,,,,,,,,,0
timing-1920x1080-3-2,68,1,9.991000,,,,,,,,,,0
timing-1920x1080-3-2,69,1,10.056000,,,,,,,,,,0
timing-1920x1080-3-2,70,1,9.952000,,,,,,,,,,0
timing-1920x1080-3-2,71,1,9.899000,,,,,,,,,,0
timing-1920x1080-3-2,72,1,10.014000,,,,,,,,,,0
timing-1920x1080-3-2,73,1,10.076000,,,,,,,,,,0
timing-1920x1080-3-2,74,1,9.985000,,,,,,,,,,0
timing-1920x1080-3-2,75,1,10.061000,,,,,,,,,,0
timing-1920x1080-3-2,76,1,9.929000,,,,,,,,,,0
timing-1920x1080-3-2,77,1,10.227000,,,,,,,,,,0
timing-1920x1080-3-2,78,1,9.831000,,,,,,,,,,0
timing-1920x1080-3-2,79,1,9.906000,,,,,,,,,,0
timing-1920x1080-3-2,80,1,9.883000,,,,,,,,,,0
timing-1920x1080-3-2,81,1,9.941000,,,,,,,,,,0
timing-1920x1080-3-2,82,1,9.884000,,,,,,,,,,0
timing-1920x1080-3-2,83,1,10.155000,,,,,,,,,,0
timing-1920x1080-3-2,84,1,9.900000,,,,,,,,,,0
timing-1920x1080-3-2,85,1,9.973000,,,,,,,,,,0
timing-1920x1080-3-2,86,1,9.813000,,,,,,,,,,0
timing-1920x1080-3-2,87,1,10.268000,,,,,,,,,,0
timing-1920x1080-3-2,88,1,10.122000,,,,,,,,,,0
timing-1920x1080-3-2,89,1,10.201000,,,,,,,,,,0
timing-1920x1080-3-2,90,1,10.039000,,,,,,,,,,0
timing-1920x1080-3-2,91,1,10.089000,,,,,,,,,,0
timing-1920x1080-3-2,92,1,10.084000,,,,,,,,,,0
timing-1920x1080-3-2,93,1,10.189000,,,,,,,,,,0
timing-1920x1080-3-2,94,1,10.193000,,,,,,,,,,0
timing-1920x1080-3-2,95,1,9.914000,,,,,,,,,,0
timing-1920x1080-3-2,96,1,9.937000,,,,,,,,,,0
timing-1920x1080-3-2,97,1,10.052000,,,,,,,,,,0
timing-1920x1080-3-2,98,1,9.978000,,,,,,,,,,0
timing-1920x1080-3-2,99,1,10.126000,,,,,,,,,,0
timing-1920x1080-3-2,100,1,10.299000,,,,,,,,,,0
timing-1920x1080-3-2,101,1,10.288000,,,,,,,,,,0
timing-1920x1080-3-2,102,1,10.039000,,,,,,,,,,0
timing-1920x1080-3-2,103,1,9.957000,,,,,,,,,,0
timing-1920x1080-3-2,104,1,9.923000,,,,,,,,,,0
timing-1920x1080-3-2,105,1,10.240000,,,,,,,,,,0
timing-1920x1080-3-2,106,1,10.254000,,,,,,,,,,0
timing-1920x1080-3-2,107,1,10.307000,,,,,,,,,,0
timing-1920x1080-3-2,108,1,10.211000,,,,,,,,,,0
timing-1920x1080-3-2,109,1,10.081000,,,,,,,,,,0
timing-1920x1080-3-2,110,1,9.875000,,,,,,,,,,0
timing-1920x1080-3-2,111,1,10.052000,,,,,,,,,,0
timing-1920x1080-3-2,112,1,10.079000,,,,,,,,,,0
timing-1920x1080-3-2,113,1,10.027000,,,,,,,,,,0
timing-1920x1080-3-2,114,1,10.148000,,,,,,,,,,0
timing-1920x1080-3-2,115,1,9.932000,,,,,,,,,,0
timing-1920x1080-3-2,116,1,10.035000,,,,,,,,,,0
timing-1920x1080-3-2,117,1,10.139000,,,,,,,,,,0
timing-1920x1080-3-2,118,1,10.248000,,,,,,,,,,0
timing-1920x1080-3-2,119,1,10.014000,,,,,,,,,,0
timing-1920x1080-3-2,120,1,10.011000,,,,,,,,,,0
timing-1920x1080-3-2,121,1,10.061000,,,,,,,,,,0
timing-1920x1080-3-2,122,1,10.066000,,,,,,,,,,0
timing-1920x1080-3-2,123,1,10.067000,,,,,,,,,,0
timing-1920x1080-3-2,124,1,10.065000,,,,,,,,,,0
timing-1920x1080-3-2,125,1,10.255000,,,,,,,,,,0
timing-1920x1080-3-2,126,1,10.191000,,,,,,,,,,0
timing-1920x1080-3-2,127,1,10.197000,,,,,,,,,,0
timing-1920x1080-3-2,128,1,10.104000,,,,,,,,,,0
timing-1920x1080-3-2,129,1,10.053000,,,,,,,,,,0
timing-1920x1080-3-2,130,1,10.377000,,,,,,,,,,0
timing-1920x1080-3-2,131,1,10.221000,,,,,,,,,,0
timing-1920x1080-3-2,132,1,10.198000,,,,,,,,,,0
timing-1920x1080-3-2,133,1,10.359000,,,,,,,,,,0
timing-1920x1080-3-2,134,1,10.345000,,,,,,,,,,0
timing-1920x1080-3-2,135,1,10.082000,,,,,,,,,,0
timing-1920x1080-3-2,136,1,10.258000,,,,,,,,,,0
timing-1920x1080-3-2,137,1,10.256000,,,,,,,,,,0
timing-1920x1080-3-2,138,1,10.360000,,,,,,,,,,0
timing-1920x1080-3-2,139,1,10.392000,,,,,,,,,,0
timing-1920x1080-3-2,140,1,10.162000,,,,,,,,,,0
timing-1920x1080-3-2,141,1,10.336000,,,,,,,,,,0
timing-1920x1080-3-2,142,1,10.203000,,,,,,,,,,0
timing-1920x1080-3-2,143,1,10.290000,,,,,,,,,,0
timing-1920x1080-3-2,144,1,10.191000,,,,,,,,,,0
timing-1920x1080-3-2,145,1,10.194000,,,,,,,,,,0
timing-1920x1080-3-2,146,1,10.254000,,,,,,,,,,0
timing-1920x1080-3-2,147,1,10.194000,,,,,,,,,,0
timing-1920x1080-3-2,148,1,10.192000,,,,,,,,,,0
timing-1920x1080-3-2,149,1,10.318000,,,,,,,,,,0
timing-1920x1080-3-2,150,1,10.035000,,,,,,,,,,0
timing-1920x1080-3-2,151,1,9.995000,,,,,,,,,,0
timing-1920x1080-3-2,152,1,10.000000,,,,,,,,,,0
timing-1920x1080-3-2,153,1,10.112000,,,,,,,,,,0
timing-1920x1080-3-2,154,1,9.980000,,,,,,,,,,0
timing-1920x1080-3-2,155,1,9.957000,,,,,,,,,,0
timing-1920x1080-3-2,156,1,10.005000,,,,,,,,,,0
timing-1920x1080-3-2,157,1,9.945000,,,,,,,,,,0
timing-1920x1080-3-2,158,1,10.204000,,,,,,,,,,0
timing-1920x1080-3-2,159,1,10.201000,,,,,,,,,,0
timing-1920x1080-3-2,160,1,10.178000,,,,,,,,,,0
timing-1920x1080-3-2,161,1,10.198000,,,,,,,,,,0
timing-1920x1080-3-2,162,1,10.176000,,,,,,,,,,0
timing-1920x1080-3-2,163,1,10.189000,,,,,,,,,,0
timing-1920x1080-3-2,164,1,10.420000,,,,,,,,,,0
timing-1920x1080-3-2,165,1,10.235000,,,,,,,,,,0
timing-1920x1080-3-2,166,1,10.016000,,,,,,,,,,0
timing-1920x1080-3-2,167,1,10.061000,,,,,,,,,,0
timing-1920x1080-3-2,168,1,10.122000,,,,,,,,,,0
timing-1920x1080-3-2,169,1,10.078000,,,,,,,,,,0
timing-1920x1080-3-2,170,1,10.123000,,,,,,,,,,0
timing-1920x1080-3-2,171,1,10.188000,,,,,,,,,,0
timing-1920x1080-3-2,172,1,10.612000,,,,,,,,,,0
timing-1920x1080-3-2,173,1,10.203000,,,,,,,,,,0
timing-1920x1080-3-2,174,1,10.201000,,,,,,,,,,0
timing-1920x1080-3-2,175,1,10.590000,,,,,,,,,,0
timing-1920x1080-3-2,176,1,10.143000,,,,,,,,,,0
timing-1920x1080-3-2,177,1,10.153000,,,,,,,,,,0
timing-1920x1080-3-2,178,1,10.192000,,,,,,,,,,0
timing-1920x1080-3-2,179,1,10.483000,,,,,,,,,,0
timing-1920x1080-3-2,180,1,10.340000,,,,,,,,,,0
timing-1920x1080-3-2,181,1,10.506000,,,,,,,,,,0
timing-1920x1080-3-2,182,1,10.434000,,,,,,,,,,0
timing-1920x1080-3-2,183,1,10.502000,,,,,,,,,,0
timing-1920x1080-3-2,184,1,10.370000,,,,,,,,,,0
timing-1920x1080-3-2,185,1,10.264000,,,,,,,,,,0
timing-1920x1080-3-2,186,1,10.314000,,,,,,,,,,0
timing-1920x1080-3-2,187,1,10.415000,,,,,,,,,,0
timing-1920x1080-3-2,188,1,10.161000,,,,,,,,,,0
timing-1920x1080-3-2,189,1,10.258000,,,,,,,,,,0
timing-1920x1080-3-2,190,1,10.310000,,,,,,,,,,0
timing-1920x1080-3-2,191,1,10.170000,,,,,,,,,,0
timing-1920x1080-3-2,192,1,10.291000,,,,,,,,,,0
timing-1920x1080-3-2,193,1,10.137000,,,,,,,,,,0
timing-1920x1080-3-2,194,1,10.106000,,,,,,,,,,0
timing-1920x1080-3-2,195,1,10.157000,,,,,,,,,,0
timing-1920x1080-3-2,196,1,10.307000,,,,,,,,,,0
timing-1920x1080-3-2,197,1,10.020000,,,,,,,,,,0
timing-1920x1080-3-2,198,1,10.293000,,,,,,,,,,0
timing-1920x1080-3-2,199,1,10.263000,,,,,,,,,,0
timing-1920x1080-3-2,200,1,10.161000,,,,,,,,,,0
timing-1920x1080-3-2,201,1,10.199000,,,,,,,,,,0
timing-1920x1080-3-2,202,1,10.302000,,,,,,,,,,0
timing-1920x1080-3-2,203,1,9.930000,,,,,,,,,,0
timing-1920x1080-3-2,204,1,9.912000,,,,,,,,,,0
timing-1920x1080-3-2,205,1,9.976000,,,,,,,,,,0
timing-1920x1080-3-2,206,1,10.148000,,,,,,,,,,0
timing-1920x1080-3-2,207,1,10.061000,,,,,,,,,,0
timing-1920x1080-3-2,208,1,10.392000,,,,,,,,,,0
timing-1920x1080-3-2,209,1,10.305000,,,,,,,,,,0
timing-1920x1080-3-2,210,1,10.254000,,,,,,,,,,0
timing-1920x1080-3-2,211,1,10.187000,,,,,,,,,,0
timing-1920x1080-3-2,212,1,10.181000,,,,,,,,,,0
timing-1920x1080-3-2,213,1,10.282000,,,,,,,,,,0
timing-1920x1080-3-2,214,1,10.060000,,,,,,,,,,0
timing-1920x1080-3-2,215,1,10.085000,,,,,,,,,,0
timing-1920x1080-3-2,216,1,10.059000,,,,,,,,,,0
timing-1920x1080-3-2,217,1,10.060000,,,,,,,,,,0
timing-1920x1080-3-2,218,1,10.296000,,,,,,,,,,0
timing-1920x1080-3-2,219,1,10.156000,,,,,,,,,,0
timing-1920x1080-3-2,220,1,10.216000,,,,,,,,,,0
timing-1920x1080-3-2,221,1,9.961000,,,,,,,,,,0
timing-1920x1080-3-2,222,1,9.983000,,,,,,,,,,0
timing-1920x1080-3-2,223,1,10.039000,,,,,,,,,,0
timing-1920x1080-3-2,224,1,10.083000,,,,,,,,,,0
timing-1920x1080-3-2,225,1,10.287000,,,,,,,,,,0
timing-1920x1080-3-2,226,1,10.441000,,,,,,,,,,0
timing-1920x1080-3-2,227,1,10.108000,,,,,,,,,,0
timing-1920x1080-3-2,228,1,10.191000,,,,,,,,,,0
timing-1920x1080-3-2,229,1,10.219000,,,,,,,,,,0
timing-1920x1080-3-2,230,1,10.192000,,,,,,,,,,0
timing-1920x1080-3-2,231,1,10.163000,,,,,,,,,,0
timing-1920x1080-3-2,232,1,10.108000,,,,,,,,,,0
timing-1920x1080-3-2,233,1,10.114000,,,,,,,,,,0
timing-1920x1080-3-2,234,1,10.200000,,,,,,,,,,0
timing-1920x1080-3-2,235,1,10.186000,,,,,,,,,,0
timing-1920x1080-3-2,236,1,10.303000,,,,,,,,,,0
timing-1920x1080-3-2,237,1,10.095000,,,,,,,,,,0
timing-1920x1080-3-2,238,1,9.953000,,,,,,,,,,0
timing-1920x1080-3-2,239,1,9.964000,,,,,,,,,,0
timing-1920x1080-3-2,240,1,9.995000,,,,,,,,,,0
timing-1920x1080-3-2,241,1,10.377000,,,,,,,,,,0
timing-1920x1080-3-2,242,1,10.225000,,,,,,,,,,0
timing-1920x1080-3-2,243,1,10.019000,,,,,,,,,,0
timing-1920x1080-3-2,244,1,9.942000,,,,,,,,,,0
timing-1920x1080-3-2,245,1,9.924000,,,,,,,,,,0
timing-1920x1080-3-2,246,1,10.179000,,,,,,,,,,0
timing-1920x1080-3-2,247,1,10.184000,,,,,,,,,,0
timing-1920x1080-3-2,248,1,10.231000,,,,,,,,,,0
timing-1920x1080-3-2,249,1,10.167000,,,,,,,,,,0
timing-1920x1080-3-2,250,1,10.198000,,,,,,,,,,0
timing-1920x1080-3-2,251,1,10.136000,,,,,,,,,,0
timing-1920x1080-3-2,252,1,10.287000,,,,,,,,,,0
timing-1920x1080-3-2,253,1,9.934000,,,,,,,,,,0
timing-1920x1080-3-2,254,1,9.977000,,,,,,,,,,0
timing-1920x1080-3-2,255,1,10.067000,,,,,,,,,,0
timing-1920x1080-3-2,256,1,10.122000,,,,,,,,,,0
timing-1920x1080-3-2,257,1,10.265000,,,,,,,,,,0
timing-1920x1080-3-2,258,1,10.302000,,,,,,,,,,0
timing-1920x1080-3-2,259,1,10.172000,,,,,,,,,,0
timing-1920x1080-3-2,260,1,10.354000,,,,,,,,,,0
timing-1920x1080-3-2,261,1,10.160000,,,,,,,,,,0
timing-1920x1080-3-2,262,1,10.339000,,,,,,,,,,0
timing-1920x1080-3-2,263,1,10.189000,,,,,,,,,,0
timing-1920x1080-3-2,264,1,10.115000,,,,,,,,,,0
timing-1920x1080-3-2,265,1,9.953000,,,,,,,,,,0
timing-1920x1080-3-2,266,1,9.933000,,,,,,,,,,0
timing-1920x1080-3-2,267,1,9.920000,,,,,,,,,,0
timing-1920x1080-3-2,268,1,10.055000,,,,,,,,,,0
timing-1920x1080-3-2,269,1,10.126000,,,,,,,,,,0
timing-1920x1080-3-2,270,1,10.092000,,,,,,,,,,0
timing-1920x1080-3-2,271,1,10.154000,,,,,,,,,,0
timing-1920x1080-3-2,272,1,10.310000,,,,,,,,,,0
timing-1920x1080-3-2,273,1,10.200000,,,,,,,,,,0
timing-1920x1080-3-2,274,1,10.337000,,,,,,,,,,0
timing-1920x1080-3-2,275,1,10.035000,,,,,,,,,,0
timing-1920x1080-3-2,276,1,10.169000,,,,,,,,,,0
timing-1920x1080-3-2,277,1,10.291000,,,,,,,,,,0
timing-1920x1080-3-2,278,1,10.198000,,,,,,,,,,0
timing-1920x1080-3-2,279,1,10.269000,,,,,,,,,,0
timing-1920x1080-3-2,280,1,10.110000,,,,,,,,,,0
timing-1920x1080-3-2,281,1,10.111000,,,,,,,,,,0
timing-1920x1080-3-2,282,1,10.284000,,,,,,,,,,0
timing-1920x1080-3-2,283,1,10.329000,,,,,,,,,,0
timing-1920x1080-3-2,284,1,10.148000,,,,,,,,,,0
timing-1920x1080-3-2,285,1,10.080000,,,,,,,,,,0
timing-1920x1080-3-2,286,1,10.042000,,,,,,,,,,0
timing-1920x1080-3-2,287,1,10.213000,,,,,,,,,,0
timing-1920x1080-3-2,288,1,10.356000,,,,,,,,,,0
timing-1920x1080-3-2,289,1,10.069000,,,,,,,,,,0
timing-1920x1080-3-2,290,1,10.168000,,,,,,,,,,0
timing-1920x1080-3-2,291,1,10.138000,,,,,,,,,,0
timing-1920x1080-3-2,292,1,10.270000,,,,,,,,,,0
timing-1920x1080-3-2,293,1,10.063000,,,,,,,,,,0
timing-1920x1080-3-2,294,1,10.377000,,,,,,,,,,0
timing-1920x1080-3-2,295,1,10.186000,,,,,,,,,,0
timing-1920x1080-3-2,296,1,10.288000,,,,,,,,,,0
timing-1920x1080-3-2,297,1,10.203000,,,,,,,,,,0
timing-1920x1080-3-2,298,1,10.149000,,,,,,,,,,0
timing-1920x1080-3-2,299,1,10.186000,,,,,,,,,,0
timing-1920x1080-3-2,300,1,10.158000,,,,,,,,,,0
timing-1920x1080-3-2,301,1,10.136000,,,,,,,,,,0
timing-1920x1080-3-2,302,1,10.211000,,,,,,,,,,0
timing-1920x1080-3-2,303,1,10.192000,,,,,,,,,,0
timing-1920x1080-3-2,304,1,10.314000,,,,,,,,,,0
timing-1920x1080-3-2,305,1,9.915000,,,,,,,,,,0
timing-1920x1080-3-2,306,1,9.924000,,,,,,,,,,0
timing-1920x1080-3-2,307,1,10.104000,,,,,,,,,,0
timing-1920x1080-3-2,308,1,10.286000,,,,,,,,,,0
timing-1920x1080-3-2,309,1,9.925000,,,,,,,,,,0
timing-1920x1080-3-2,310,1,10.046000,,,,,,,,,,0
timing-1920x1080-3-2,311,1,9.955000,,,,,,,,,,0
timing-1920x1080-3-2,312,1,10.244000,,,,,,,,,,0
timing-1920x1080-3-2,313,1,10.059000,,,,,,,,,,0
timing-1920x1080-3-2,314,1,10.296000,,,,,,,,,,0
timing-1920x1080-3-2,315,1,10.105000,,,,,,,,,,0
timing-1920x1080-3-2,316,1,10.172000,,,,,,,,,,0
timing-1920x1080-3-2,317,1,10.174000,,,,,,,,,,0
timing-1920x1080-3-2,318,1,10.128000,,,,,,,,,,0
timing-1920x1080-3-2,319,1,10.128000,0,0,0.999511719,0.362065608,0.408951316,1254,352,0,0,1
timing-1920x1080-3-3,0,1,1159.611000,0,0,0.999511719,0.362065608,0.408951316,1254,352,0,0,1
timing-1920x1080-3-3,1,1,13.399000,,,,,,,,,,0
timing-1920x1080-3-3,2,1,11.091000,,,,,,,,,,0
timing-1920x1080-3-3,3,1,10.894000,,,,,,,,,,0
timing-1920x1080-3-3,4,1,10.639000,,,,,,,,,,0
timing-1920x1080-3-3,5,1,10.528000,,,,,,,,,,0
timing-1920x1080-3-3,6,1,10.560000,,,,,,,,,,0
timing-1920x1080-3-3,7,1,10.440000,,,,,,,,,,0
timing-1920x1080-3-3,8,1,10.491000,,,,,,,,,,0
timing-1920x1080-3-3,9,1,10.345000,,,,,,,,,,0
timing-1920x1080-3-3,10,1,10.316000,,,,,,,,,,0
timing-1920x1080-3-3,11,1,10.483000,,,,,,,,,,0
timing-1920x1080-3-3,12,1,10.149000,,,,,,,,,,0
timing-1920x1080-3-3,13,1,10.410000,,,,,,,,,,0
timing-1920x1080-3-3,14,1,10.432000,,,,,,,,,,0
timing-1920x1080-3-3,15,1,10.320000,,,,,,,,,,0
timing-1920x1080-3-3,16,1,9.894000,,,,,,,,,,0
timing-1920x1080-3-3,17,1,10.064000,,,,,,,,,,0
timing-1920x1080-3-3,18,1,10.006000,,,,,,,,,,0
timing-1920x1080-3-3,19,1,10.020000,,,,,,,,,,0
timing-1920x1080-3-3,20,1,10.020000,,,,,,,,,,0
timing-1920x1080-3-3,21,1,10.217000,,,,,,,,,,0
timing-1920x1080-3-3,22,1,10.029000,,,,,,,,,,0
timing-1920x1080-3-3,23,1,9.912000,,,,,,,,,,0
timing-1920x1080-3-3,24,1,9.915000,,,,,,,,,,0
timing-1920x1080-3-3,25,1,9.883000,,,,,,,,,,0
timing-1920x1080-3-3,26,1,9.979000,,,,,,,,,,0
timing-1920x1080-3-3,27,1,9.808000,,,,,,,,,,0
timing-1920x1080-3-3,28,1,9.902000,,,,,,,,,,0
timing-1920x1080-3-3,29,1,10.074000,,,,,,,,,,0
timing-1920x1080-3-3,30,1,9.875000,,,,,,,,,,0
timing-1920x1080-3-3,31,1,10.298000,,,,,,,,,,0
timing-1920x1080-3-3,32,1,10.049000,,,,,,,,,,0
timing-1920x1080-3-3,33,1,9.882000,,,,,,,,,,0
timing-1920x1080-3-3,34,1,10.158000,,,,,,,,,,0
timing-1920x1080-3-3,35,1,9.984000,,,,,,,,,,0
timing-1920x1080-3-3,36,1,10.009000,,,,,,,,,,0
timing-1920x1080-3-3,37,1,10.091000,,,,,,,,,,0
timing-1920x1080-3-3,38,1,9.946000,,,,,,,,,,0
timing-1920x1080-3-3,39,1,10.058000,,,,,,,,,,0
timing-1920x1080-3-3,40,1,10.150000,,,,,,,,,,0
timing-1920x1080-3-3,41,1,9.947000,,,,,,,,,,0
timing-1920x1080-3-3,42,1,10.033000,,,,,,,,,,0
timing-1920x1080-3-3,43,1,9.893000,,,,,,,,,,0
timing-1920x1080-3-3,44,1,9.966000,,,,,,,,,,0
timing-1920x1080-3-3,45,1,10.004000,,,,,,,,,,0
timing-1920x1080-3-3,46,1,10.068000,,,,,,,,,,0
timing-1920x1080-3-3,47,1,10.169000,,,,,,,,,,0
timing-1920x1080-3-3,48,1,9.917000,,,,,,,,,,0
timing-1920x1080-3-3,49,1,10.067000,,,,,,,,,,0
timing-1920x1080-3-3,50,1,10.114000,,,,,,,,,,0
timing-1920x1080-3-3,51,1,10.180000,,,,,,,,,,0
timing-1920x1080-3-3,52,1,10.066000,,,,,,,,,,0
timing-1920x1080-3-3,53,1,9.935000,,,,,,,,,,0
timing-1920x1080-3-3,54,1,9.907000,,,,,,,,,,0
timing-1920x1080-3-3,55,1,10.065000,,,,,,,,,,0
timing-1920x1080-3-3,56,1,10.219000,,,,,,,,,,0
timing-1920x1080-3-3,57,1,10.022000,,,,,,,,,,0
timing-1920x1080-3-3,58,1,9.995000,,,,,,,,,,0
timing-1920x1080-3-3,59,1,10.652000,,,,,,,,,,0
timing-1920x1080-3-3,60,1,10.397000,,,,,,,,,,0
timing-1920x1080-3-3,61,1,10.449000,,,,,,,,,,0
timing-1920x1080-3-3,62,1,10.374000,,,,,,,,,,0
timing-1920x1080-3-3,63,1,10.260000,,,,,,,,,,0
timing-1920x1080-3-3,64,1,10.496000,,,,,,,,,,0
timing-1920x1080-3-3,65,1,10.393000,,,,,,,,,,0
timing-1920x1080-3-3,66,1,10.228000,,,,,,,,,,0
timing-1920x1080-3-3,67,1,10.379000,,,,,,,,,,0
timing-1920x1080-3-3,68,1,10.107000,,,,,,,,,,0
timing-1920x1080-3-3,69,1,10.044000,,,,,,,,,,0
timing-1920x1080-3-3,70,1,10.055000,,,,,,,,,,0
timing-1920x1080-3-3,71,1,10.088000,,,,,,,,,,0
timing-1920x1080-3-3,72,1,10.091000,,,,,,,,,,0
timing-1920x1080-3-3,73,1,10.003000,,,,,,,,,,0
timing-1920x1080-3-3,74,1,10.040000,,,,,,,,,,0
timing-1920x1080-3-3,75,1,9.998000,,,,,,,,,,0
timing-1920x1080-3-3,76,1,10.114000,,,,,,,,,,0
timing-1920x1080-3-3,77,1,10.050000,,,,,,,,,,0
timing-1920x1080-3-3,78,1,10.183000,,,,,,,,,,0
timing-1920x1080-3-3,79,1,10.126000,,,,,,,,,,0
timing-1920x1080-3-3,80,1,9.931000,,,,,,,,,,0
timing-1920x1080-3-3,81,1,10.059000,,,,,,,,,,0
timing-1920x1080-3-3,82,1,9.976000,,,,,,,,,,0
timing-1920x1080-3-3,83,1,10.009000,,,,,,,,,,0
timing-1920x1080-3-3,84,1,9.986000,,,,,,,,,,0
timing-1920x1080-3-3,85,1,10.191000,,,,,,,,,,0
timing-1920x1080-3-3,86,1,10.198000,,,,,,,,,,0
timing-1920x1080-3-3,87,1,10.128000,,,,,,,,,,0
timing-1920x1080-3-3,88,1,10.170000,,,,,,,,,,0
timing-1920x1080-3-3,89,1,10.165000,,,,,,,,,,0
timing-1920x1080-3-3,90,1,10.176000,,,,,,,,,,0
timing-1920x1080-3-3,91,1,10.333000,,,,,,,,,,0
timing-1920x1080-3-3,92,1,10.251000,,,,,,,,,,0
timing-1920x1080-3-3,93,1,10.251000,,,,,,,,,,0
timing-1920x1080-3-3,94,1,10.396000,,,,,,,,,,0
timing-1920x1080-3-3,95,1,10.201000,,,,,,,,,,0
timing-1920x1080-3-3,96,1,10.207000,,,,,,,,,,0
timing-1920x1080-3-3,97,1,10.184000,,,,,,,,,,0
timing-1920x1080-3-3,98,1,10.208000,,,,,,,,,,0
timing-1920x1080-3-3,99,1,10.150000,,,,,,,,,,0
timing-1920x1080-3-3,100,1,10.239000,,,,,,,,,,0
timing-1920x1080-3-3,101,1,10.144000,,,,,,,,,,0
timing-1920x1080-3-3,102,1,10.192000,,,,,,,,,,0
timing-1920x1080-3-3,103,1,10.275000,,,,,,,,,,0
timing-1920x1080-3-3,104,1,10.018000,,,,,,,,,,0
timing-1920x1080-3-3,105,1,10.032000,,,,,,,,,,0
timing-1920x1080-3-3,106,1,10.088000,,,,,,,,,,0
timing-1920x1080-3-3,107,1,10.090000,,,,,,,,,,0
timing-1920x1080-3-3,108,1,10.172000,,,,,,,,,,0
timing-1920x1080-3-3,109,1,10.095000,,,,,,,,,,0
timing-1920x1080-3-3,110,1,10.290000,,,,,,,,,,0
timing-1920x1080-3-3,111,1,10.146000,,,,,,,,,,0
timing-1920x1080-3-3,112,1,10.204000,,,,,,,,,,0
timing-1920x1080-3-3,113,1,10.183000,,,,,,,,,,0
timing-1920x1080-3-3,114,1,10.245000,,,,,,,,,,0
timing-1920x1080-3-3,115,1,10.242000,,,,,,,,,,0
timing-1920x1080-3-3,116,1,10.068000,,,,,,,,,,0
timing-1920x1080-3-3,117,1,10.143000,,,,,,,,,,0
timing-1920x1080-3-3,118,1,10.070000,,,,,,,,,,0
timing-1920x1080-3-3,119,1,10.303000,,,,,,,,,,0
timing-1920x1080-3-3,120,1,10.272000,,,,,,,,,,0
timing-1920x1080-3-3,121,1,10.336000,,,,,,,,,,0
timing-1920x1080-3-3,122,1,10.237000,,,,,,,,,,0
timing-1920x1080-3-3,123,1,10.270000,,,,,,,,,,0
timing-1920x1080-3-3,124,1,10.068000,,,,,,,,,,0
timing-1920x1080-3-3,125,1,10.034000,,,,,,,,,,0
timing-1920x1080-3-3,126,1,10.186000,,,,,,,,,,0
timing-1920x1080-3-3,127,1,10.226000,,,,,,,,,,0
timing-1920x1080-3-3,128,1,10.112000,,,,,,,,,,0
timing-1920x1080-3-3,129,1,10.228000,,,,,,,,,,0
timing-1920x1080-3-3,130,1,10.258000,,,,,,,,,,0
timing-1920x1080-3-3,131,1,10.197000,,,,,,,,,,0
timing-1920x1080-3-3,132,1,10.263000,,,,,,,,,,0
timing-1920x1080-3-3,133,1,10.182000,,,,,,,,,,0
timing-1920x1080-3-3,134,1,10.149000,,,,,,,,,,0
timing-1920x1080-3-3,135,1,10.204000,,,,,,,,,,0
timing-1920x1080-3-3,136,1,10.337000,,,,,,,,,,0
timing-1920x1080-3-3,137,1,10.210000,,,,,,,,,,0
timing-1920x1080-3-3,138,1,10.220000,,,,,,,,,,0
timing-1920x1080-3-3,139,1,10.024000,,,,,,,,,,0
timing-1920x1080-3-3,140,1,10.126000,,,,,,,,,,0
timing-1920x1080-3-3,141,1,10.191000,,,,,,,,,,0
timing-1920x1080-3-3,142,1,10.242000,,,,,,,,,,0
timing-1920x1080-3-3,143,1,10.250000,,,,,,,,,,0
timing-1920x1080-3-3,144,1,10.302000,,,,,,,,,,0
timing-1920x1080-3-3,145,1,10.197000,,,,,,,,,,0
timing-1920x1080-3-3,146,1,10.413000,,,,,,,,,,0
timing-1920x1080-3-3,147,1,10.324000,,,,,,,,,,0
timing-1920x1080-3-3,148,1,10.004000,,,,,,,,,,0
timing-1920x1080-3-3,149,1,10.025000,,,,,,,,,,0
timing-1920x1080-3-3,150,1,10.018000,,,,,,,,,,0
timing-1920x1080-3-3,151,1,10.034000,,,,,,,,,,0
timing-1920x1080-3-3,152,1,10.224000,,,,,,,,,,0
timing-1920x1080-3-3,153,1,10.303000,,,,,,,,,,0
timing-1920x1080-3-3,154,1,10.164000,,,,,,,,,,0
timing-1920x1080-3-3,155,1,10.265000,,,,,,,,,,0
timing-1920x1080-3-3,156,1,9.992000,,,,,,,,,,0
timing-1920x1080-3-3,157,1,10.102000,,,,,,,,,,0
timing-1920x1080-3-3,158,1,10.066000,,,,,,,,,,0
timing-1920x1080-3-3,159,1,10.232000,,,,,,,,,,0
timing-1920x1080-3-3,160,1,10.169000,,,,,,,,,,0
timing-1920x1080-3-3,161,1,10.249000,,,,,,,,,,0
timing-1920x1080-3-3,162,1,10.207000,,,,,,,,,,0
timing-1920x1080-3-3,163,1,10.341000,,,,,,,,,,0
timing-1920x1080-3-3,164,1,10.213000,,,,,,,,,,0
timing-1920x1080-3-3,165,1,10.320000,,,,,,,,,,0
timing-1920x1080-3-3,166,1,9.996000,,,,,,,,,,0
timing-1920x1080-3-3,167,1,10.049000,,,,,,,,,,0
timing-1920x1080-3-3,168,1,9.978000,,,,,,,,,,0
timing-1920x1080-3-3,169,1,10.116000,,,,,,,,,,0
timing-1920x1080-3-3,170,1,10.242000,,,,,,,,,,0
timing-1920x1080-3-3,171,1,10.399000,,,,,,,,,,0
timing-1920x1080-3-3,172,1,10.146000,,,,,,,,,,0
timing-1920x1080-3-3,173,1,10.162000,,,,,,,,,,0
timing-1920x1080-3-3,174,1,9.999000,,,,,,,,,,0
timing-1920x1080-3-3,175,1,10.101000,,,,,,,,,,0
timing-1920x1080-3-3,176,1,9.970000,,,,,,,,,,0
timing-1920x1080-3-3,177,1,10.050000,,,,,,,,,,0
timing-1920x1080-3-3,178,1,10.128000,,,,,,,,,,0
timing-1920x1080-3-3,179,1,10.431000,,,,,,,,,,0
timing-1920x1080-3-3,180,1,9.967000,,,,,,,,,,0
timing-1920x1080-3-3,181,1,10.217000,,,,,,,,,,0
timing-1920x1080-3-3,182,1,10.191000,,,,,,,,,,0
timing-1920x1080-3-3,183,1,10.117000,,,,,,,,,,0
timing-1920x1080-3-3,184,1,10.255000,,,,,,,,,,0
timing-1920x1080-3-3,185,1,10.176000,,,,,,,,,,0
timing-1920x1080-3-3,186,1,10.109000,,,,,,,,,,0
timing-1920x1080-3-3,187,1,10.014000,,,,,,,,,,0
timing-1920x1080-3-3,188,1,10.139000,,,,,,,,,,0
timing-1920x1080-3-3,189,1,10.260000,,,,,,,,,,0
timing-1920x1080-3-3,190,1,10.280000,,,,,,,,,,0
timing-1920x1080-3-3,191,1,10.178000,,,,,,,,,,0
timing-1920x1080-3-3,192,1,10.220000,,,,,,,,,,0
timing-1920x1080-3-3,193,1,10.300000,,,,,,,,,,0
timing-1920x1080-3-3,194,1,10.332000,,,,,,,,,,0
timing-1920x1080-3-3,195,1,10.373000,,,,,,,,,,0
timing-1920x1080-3-3,196,1,10.138000,,,,,,,,,,0
timing-1920x1080-3-3,197,1,10.257000,,,,,,,,,,0
timing-1920x1080-3-3,198,1,10.159000,,,,,,,,,,0
timing-1920x1080-3-3,199,1,10.107000,,,,,,,,,,0
timing-1920x1080-3-3,200,1,10.336000,,,,,,,,,,0
timing-1920x1080-3-3,201,1,10.327000,,,,,,,,,,0
timing-1920x1080-3-3,202,1,10.219000,,,,,,,,,,0
timing-1920x1080-3-3,203,1,10.289000,,,,,,,,,,0
timing-1920x1080-3-3,204,1,10.045000,,,,,,,,,,0
timing-1920x1080-3-3,205,1,10.080000,,,,,,,,,,0
timing-1920x1080-3-3,206,1,10.025000,,,,,,,,,,0
timing-1920x1080-3-3,207,1,10.103000,,,,,,,,,,0
timing-1920x1080-3-3,208,1,10.065000,,,,,,,,,,0
timing-1920x1080-3-3,209,1,10.062000,,,,,,,,,,0
timing-1920x1080-3-3,210,1,10.020000,,,,,,,,,,0
timing-1920x1080-3-3,211,1,10.033000,,,,,,,,,,0
timing-1920x1080-3-3,212,1,9.951000,,,,,,,,,,0
timing-1920x1080-3-3,213,1,10.133000,,,,,,,,,,0
timing-1920x1080-3-3,214,1,10.207000,,,,,,,,,,0
timing-1920x1080-3-3,215,1,10.173000,,,,,,,,,,0
timing-1920x1080-3-3,216,1,10.314000,,,,,,,,,,0
timing-1920x1080-3-3,217,1,10.296000,,,,,,,,,,0
timing-1920x1080-3-3,218,1,10.282000,,,,,,,,,,0
timing-1920x1080-3-3,219,1,10.198000,,,,,,,,,,0
timing-1920x1080-3-3,220,1,10.324000,,,,,,,,,,0
timing-1920x1080-3-3,221,1,9.980000,,,,,,,,,,0
timing-1920x1080-3-3,222,1,9.975000,,,,,,,,,,0
timing-1920x1080-3-3,223,1,9.868000,,,,,,,,,,0
timing-1920x1080-3-3,224,1,10.150000,,,,,,,,,,0
timing-1920x1080-3-3,225,1,10.169000,,,,,,,,,,0
timing-1920x1080-3-3,226,1,10.204000,,,,,,,,,,0
timing-1920x1080-3-3,227,1,10.171000,,,,,,,,,,0
timing-1920x1080-3-3,228,1,10.173000,,,,,,,,,,0
timing-1920x1080-3-3,229,1,10.289000,,,,,,,,,,0
timing-1920x1080-3-3,230,1,10.516000,,,,,,,,,,0
timing-1920x1080-3-3,231,1,10.298000,,,,,,,,,,0
timing-1920x1080-3-3,232,1,10.021000,,,,,,,,,,0
timing-1920x1080-3-3,233,1,10.051000,,,,,,,,,,0
timing-1920x1080-3-3,234,1,10.121000,,,,,,,,,,0
timing-1920x1080-3-3,235,1,10.043000,,,,,,,,,,0
timing-1920x1080-3-3,236,1,10.149000,,,,,,,,,,0
timing-1920x1080-3-3,237,1,10.339000,,,,,,,,,,0
timing-1920x1080-3-3,238,1,10.222000,,,,,,,,,,0
timing-1920x1080-3-3,239,1,10.189000,,,,,,,,,,0
timing-1920x1080-3-3,240,1,10.230000,,,,,,,,,,0
timing-1920x1080-3-3,241,1,10.280000,,,,,,,,,,0
timing-1920x1080-3-3,242,1,10.227000,,,,,,,,,,0
timing-1920x1080-3-3,243,1,10.258000,,,,,,,,,,0
timing-1920x1080-3-3,244,1,10.231000,,,,,,,,,,0
timing-1920x1080-3-3,245,1,10.195000,,,,,,,,,,0
timing-1920x1080-3-3,246,1,10.403000,,,,,,,,,,0
timing-1920x1080-3-3,247,1,10.220000,,,,,,,,,,0
timing-1920x1080-3-3,248,1,10.215000,,,,,,,,,,0
timing-1920x1080-3-3,249,1,10.217000,,,,,,,,,,0
timing-1920x1080-3-3,250,1,10.315000,,,,,,,,,,0
timing-1920x1080-3-3,251,1,10.007000,,,,,,,,,,0
timing-1920x1080-3-3,252,1,10.060000,,,,,,,,,,0
timing-1920x1080-3-3,253,1,9.918000,,,,,,,,,,0
timing-1920x1080-3-3,254,1,10.062000,,,,,,,,,,0
timing-1920x1080-3-3,255,1,10.219000,,,,,,,,,,0
timing-1920x1080-3-3,256,1,10.271000,,,,,,,,,,0
timing-1920x1080-3-3,257,1,10.412000,,,,,,,,,,0
timing-1920x1080-3-3,258,1,10.207000,,,,,,,,,,0
timing-1920x1080-3-3,259,1,10.230000,,,,,,,,,,0
timing-1920x1080-3-3,260,1,10.289000,,,,,,,,,,0
timing-1920x1080-3-3,261,1,10.043000,,,,,,,,,,0
timing-1920x1080-3-3,262,1,10.056000,,,,,,,,,,0
timing-1920x1080-3-3,263,1,9.970000,,,,,,,,,,0
timing-1920x1080-3-3,264,1,10.024000,,,,,,,,,,0
timing-1920x1080-3-3,265,1,10.024000,,,,,,,,,,0
timing-1920x1080-3-3,266,1,10.069000,,,,,,,,,,0
timing-1920x1080-3-3,267,1,10.163000,,,,,,,,,,0
timing-1920x1080-3-3,268,1,10.294000,,,,,,,,,,0
timing-1920x1080-3-3,269,1,10.019000,,,,,,,,,,0
timing-1920x1080-3-3,270,1,10.211000,,,,,,,,,,0
timing-1920x1080-3-3,271,1,10.144000,,,,,,,,,,0
timing-1920x1080-3-3,272,1,10.431000,,,,,,,,,,0
timing-1920x1080-3-3,273,1,10.249000,,,,,,,,,,0
timing-1920x1080-3-3,274,1,10.233000,,,,,,,,,,0
timing-1920x1080-3-3,275,1,10.334000,,,,,,,,,,0
timing-1920x1080-3-3,276,1,10.249000,,,,,,,,,,0
timing-1920x1080-3-3,277,1,10.344000,,,,,,,,,,0
timing-1920x1080-3-3,278,1,10.322000,,,,,,,,,,0
timing-1920x1080-3-3,279,1,10.407000,,,,,,,,,,0
timing-1920x1080-3-3,280,1,10.234000,,,,,,,,,,0
timing-1920x1080-3-3,281,1,10.208000,,,,,,,,,,0
timing-1920x1080-3-3,282,1,10.148000,,,,,,,,,,0
timing-1920x1080-3-3,283,1,10.018000,,,,,,,,,,0
timing-1920x1080-3-3,284,1,10.167000,,,,,,,,,,0
timing-1920x1080-3-3,285,1,10.285000,,,,,,,,,,0
timing-1920x1080-3-3,286,1,10.105000,,,,,,,,,,0
timing-1920x1080-3-3,287,1,10.235000,,,,,,,,,,0
timing-1920x1080-3-3,288,1,10.033000,,,,,,,,,,0
timing-1920x1080-3-3,289,1,10.118000,,,,,,,,,,0
timing-1920x1080-3-3,290,1,10.110000,,,,,,,,,,0
timing-1920x1080-3-3,291,1,10.086000,,,,,,,,,,0
timing-1920x1080-3-3,292,1,10.224000,,,,,,,,,,0
timing-1920x1080-3-3,293,1,10.230000,,,,,,,,,,0
timing-1920x1080-3-3,294,1,10.405000,,,,,,,,,,0
timing-1920x1080-3-3,295,1,10.167000,,,,,,,,,,0
timing-1920x1080-3-3,296,1,10.234000,,,,,,,,,,0
timing-1920x1080-3-3,297,1,10.323000,,,,,,,,,,0
timing-1920x1080-3-3,298,1,10.244000,,,,,,,,,,0
timing-1920x1080-3-3,299,1,10.191000,,,,,,,,,,0
timing-1920x1080-3-3,300,1,10.262000,,,,,,,,,,0
timing-1920x1080-3-3,301,1,10.342000,,,,,,,,,,0
timing-1920x1080-3-3,302,1,10.366000,,,,,,,,,,0
timing-1920x1080-3-3,303,1,10.099000,,,,,,,,,,0
timing-1920x1080-3-3,304,1,10.389000,,,,,,,,,,0
timing-1920x1080-3-3,305,1,10.327000,,,,,,,,,,0
timing-1920x1080-3-3,306,1,10.081000,,,,,,,,,,0
timing-1920x1080-3-3,307,1,10.442000,,,,,,,,,,0
timing-1920x1080-3-3,308,1,10.087000,,,,,,,,,,0
timing-1920x1080-3-3,309,1,9.989000,,,,,,,,,,0
timing-1920x1080-3-3,310,1,10.003000,,,,,,,,,,0
timing-1920x1080-3-3,311,1,10.067000,,,,,,,,,,0
timing-1920x1080-3-3,312,1,10.061000,,,,,,,,,,0
timing-1920x1080-3-3,313,1,10.161000,,,,,,,,,,0
timing-1920x1080-3-3,314,1,10.151000,,,,,,,,,,0
timing-1920x1080-3-3,315,1,10.181000,,,,,,,,,,0
timing-1920x1080-3-3,316,1,10.157000,,,,,,,,,,0
timing-1920x1080-3-3,317,1,10.404000,,,,,,,,,,0
timing-1920x1080-3-3,318,1,10.369000,,,,,,,,,,0
timing-1920x1080-3-3,319,1,10.340000,0,0,0.999511719,0.362065608,0.408951316,1254,352,0,0,1
timing-2560x1440-1-0,0,1,1200.470000,0,0,0.999511719,0.359683349,0.403534527,1325,232,0,0,1
timing-2560x1440-1-0,1,1,25.382000,,,,,,,,,,0
timing-2560x1440-1-0,2,1,17.608000,,,,,,,,,,0
timing-2560x1440-1-0,3,1,16.897000,,,,,,,,,,0
timing-2560x1440-1-0,4,1,16.824000,,,,,,,,,,0
timing-2560x1440-1-0,5,1,16.598000,,,,,,,,,,0
timing-2560x1440-1-0,6,1,16.850000,,,,,,,,,,0
timing-2560x1440-1-0,7,1,16.876000,,,,,,,,,,0
timing-2560x1440-1-0,8,1,16.762000,,,,,,,,,,0
timing-2560x1440-1-0,9,1,17.078000,,,,,,,,,,0
timing-2560x1440-1-0,10,1,17.058000,,,,,,,,,,0
timing-2560x1440-1-0,11,1,16.826000,,,,,,,,,,0
timing-2560x1440-1-0,12,1,16.863000,,,,,,,,,,0
timing-2560x1440-1-0,13,1,16.922000,,,,,,,,,,0
timing-2560x1440-1-0,14,1,17.148000,,,,,,,,,,0
timing-2560x1440-1-0,15,1,17.043000,,,,,,,,,,0
timing-2560x1440-1-0,16,1,16.527000,,,,,,,,,,0
timing-2560x1440-1-0,17,1,16.751000,,,,,,,,,,0
timing-2560x1440-1-0,18,1,16.676000,,,,,,,,,,0
timing-2560x1440-1-0,19,1,16.755000,,,,,,,,,,0
timing-2560x1440-1-0,20,1,16.645000,,,,,,,,,,0
timing-2560x1440-1-0,21,1,16.685000,,,,,,,,,,0
timing-2560x1440-1-0,22,1,16.847000,,,,,,,,,,0
timing-2560x1440-1-0,23,1,16.626000,,,,,,,,,,0
timing-2560x1440-1-0,24,1,16.713000,,,,,,,,,,0
timing-2560x1440-1-0,25,1,16.674000,,,,,,,,,,0
timing-2560x1440-1-0,26,1,16.791000,,,,,,,,,,0
timing-2560x1440-1-0,27,1,17.141000,,,,,,,,,,0
timing-2560x1440-1-0,28,1,16.609000,,,,,,,,,,0
timing-2560x1440-1-0,29,1,16.652000,,,,,,,,,,0
timing-2560x1440-1-0,30,1,16.599000,,,,,,,,,,0
timing-2560x1440-1-0,31,1,16.780000,,,,,,,,,,0
timing-2560x1440-1-0,32,1,16.747000,,,,,,,,,,0
timing-2560x1440-1-0,33,1,16.829000,,,,,,,,,,0
timing-2560x1440-1-0,34,1,16.585000,,,,,,,,,,0
timing-2560x1440-1-0,35,1,16.867000,,,,,,,,,,0
timing-2560x1440-1-0,36,1,16.800000,,,,,,,,,,0
timing-2560x1440-1-0,37,1,16.808000,,,,,,,,,,0
timing-2560x1440-1-0,38,1,17.008000,,,,,,,,,,0
timing-2560x1440-1-0,39,1,16.800000,,,,,,,,,,0
timing-2560x1440-1-0,40,1,16.784000,,,,,,,,,,0
timing-2560x1440-1-0,41,1,16.793000,,,,,,,,,,0
timing-2560x1440-1-0,42,1,16.790000,,,,,,,,,,0
timing-2560x1440-1-0,43,1,16.789000,,,,,,,,,,0
timing-2560x1440-1-0,44,1,17.114000,,,,,,,,,,0
timing-2560x1440-1-0,45,1,16.929000,,,,,,,,,,0
timing-2560x1440-1-0,46,1,17.125000,,,,,,,,,,0
timing-2560x1440-1-0,47,1,16.978000,,,,,,,,,,0
timing-2560x1440-1-0,48,1,16.808000,,,,,,,,,,0
timing-2560x1440-1-0,49,1,16.823000,,,,,,,,,,0
timing-2560x1440-1-0,50,1,16.999000,,,,,,,,,,0
timing-2560x1440-1-0,51,1,16.850000,,,,,,,,,,0
timing-2560x1440-1-0,52,1,17.017000,,,,,,,,,,0
timing-2560x1440-1-0,53,1,16.873000,,,,,,,,,,0
timing-2560x1440-1-0,54,1,17.053000,,,,,,,,,,0
timing-2560x1440-1-0,55,1,17.119000,,,,,,,,,,0
timing-2560x1440-1-0,56,1,17.154000,,,,,,,,,,0
timing-2560x1440-1-0,57,1,16.992000,,,,,,,,,,0
timing-2560x1440-1-0,58,1,17.053000,,,,,,,,,,0
timing-2560x1440-1-0,59,1,16.933000,,,,,,,,,,0
timing-2560x1440-1-0,60,1,17.102000,,,,,,,,,,0
timing-2560x1440-1-0,61,1,17.105000,,,,,,,,,,0
timing-2560x1440-1-0,62,1,17.288000,,,,,,,,,,0
timing-2560x1440-1-0,63,1,17.201000,,,,,,,,,,0
timing-2560x1440-1-0,64,1,17.213000,,,,,,,,,,0
timing-2560x1440-1-0,65,1,17.014000,,,,,,,,,,0
timing-2560x1440-1-0,66,1,17.136000,,,,,,,,,,0
timing-2560x1440-1-0,67,1,16.989000,,,,,,,,,,0
timing-2560x1440-1-0,68,1,16.981000,,,,,,,,,,0
timing-2560x1440-1-0,69,1,17.018000,,,,,,,,,,0
timing-2560x1440-1-0,70,1,16.929000,,,,,,,,,,0
timing-2560x1440-1-0,71,1,17.037000,,,,,,,,,,0
timing-2560x1440-1-0,72,1,17.017000,,,,,,,,,,0
timing-2560x1440-1-0,73,1,16.990000,,,,,,,,,,0
timing-2560x1440-1-0,74,1,16.885000,,,,,,,,,,0
timing-2560x1440-1-0,75,1,16.914000,,,,,,,,,,0
timing-2560x1440-1-0,76,1,16.810000,,,,,,,,,,0
timing-2560x1440-1-0,77,1,17.045000,,,,,,,,,,0
timing-2560x1440-1-0,78,1,17.066000,,,,,,,,,,0
timing-2560x1440-1-0,79,1,16.824000,,,,,,,,,,0
timing-2560x1440-1-0,80,1,16.785000,,,,,,,,,,0
timing-2560x1440-1-0,81,1,16.989000,,,,,,,,,,0
timing-2560x1440-1-0,82,1,16.864000,,,,,,,,,,0
timing-2560x1440-1-0,83,1,17.104000,,,,,,,,,,0
timing-2560x1440-1-0,84,1,17.121000,,,,,,,,,,0
timing-2560x1440-1-0,85,1,16.961000,,,,,,,,,,0
timing-2560x1440-1-0,86,1,17.109000,,,,,,,,,,0
timing-2560x1440-1-0,87,1,16.965000,,,,,,,,,,0
timing-2560x1440-1-0,88,1,16.963000,,,,,,,,,,0
timing-2560x1440-1-0,89,1,16.750000,,,,,,,,,,0
timing-2560x1440-1-0,90,1,16.710000,,,,,,,,,,0
timing-2560x1440-1-0,91,1,17.015000,,,,,,,,,,0
timing-2560x1440-1-0,92,1,16.927000,,,,,,,,,,0
timing-2560x1440-1-0,93,1,17.073000,,,,,,,,,,0
timing-2560x1440-1-0,94,1,16.963000,,,,,,,,,,0
timing-2560x1440-1-0,95,1,17.017000,,,,,,,,,,0
timing-2560x1440-1-0,96,1,16.834000,,,,,,,,,,0
timing-2560x1440-1-0,97,1,16.878000,,,,,,,,,,0
timing-2560x1440-1-0,98,1,16.779000,,,,,,,,,,0
timing-2560x1440-1-0,99,1,17.023000,,,,,,,,,,0
timing-2560x1440-1-0,100,1,16.805000,,,,,,,,,,0
timing-2560x1440-1-0,101,1,16.927000,,,,,,,,,,0
timing-2560x1440-1-0,102,1,16.708000,,,,,,,,,,0
timing-2560x1440-1-0,103,1,16.893000,,,,,,,,,,0
timing-2560x1440-1-0,104,1,16.789000,,,,,,,,,,0
timing-2560x1440-1-0,105,1,16.770000,,,,,,,,,,0
timing-2560x1440-1-0,106,1,16.855000,,,,,,,,,,0
timing-2560x1440-1-0,107,1,17.048000,,,,,,,,,,0
timing-2560x1440-1-0,108,1,17.048000,,,,,,,,,,0
timing-2560x1440-1-0,109,1,17.098000,,,,,,,,,,0
timing-2560x1440-1-0,110,1,17.075000,,,,,,,,,,0
timing-2560x1440-1-0,111,1,17.023000,,,,,,,,,,0
timing-2560x1440-1-0,112,1,16.886000,,,,,,,,,,0
timing-2560x1440-1-0,113,1,17.032000,,,,,,,,,,0
timing-2560x1440-1-0,114,1,17.059000,,,,,,,,,,0
timing-2560x1440-1-0,115,1,16.979000,,,,,,,,,,0
timing-2560x1440-1-0,116,1,17.104000,,,,,,,,,,0
timing-2560x1440-1-0,117,1,16.842000,,,,,,,,,,0
timing-2560x1440-1-0,118,1,16.928000,,,,,,,,,,0
timing-2560x1440-1-0,119,1,16.996000,,,,,,,,,,0
timing-2560x1440-1-0,120,1,16.642000,,,,,,,,,,0
timing-2560x1440-1-0,121,1,17.338000,,,,,,,,,,0
timing-2560x1440-1-0,122,1,16.730000,,,,,,,,,,0
timing-2560x1440-1-0,123,1,16.678000,,,,,,,,,,0
timing-2560x1440-1-0,124,1,16.906000,,,,,,,,,,0
timing-2560x1440-1-0,125,1,16.927000,,,,,,,,,,0
timing-2560x1440-1-0,126,1,17.062000,,,,,,,,,,0
timing-2560x1440-1-0,127,1,16.655000,,,,,,,,,,0
timing-2560x1440-1-0,128,1,17.017000,,,,,,,,,,0
timing-2560x1440-1-0,129,1,17.109000,,,,,,,,,,0
timing-2560x1440-1-0,130,1,17.127000,,,,,,,,,,0
timing-2560x1440-1-0,131,1,17.146000,,,,,,,,,,0
timing-2560x1440-1-0,132,1,16.899000,,,,,,,,,,0
timing-2560x1440-1-0,133,1,17.079000,,,,,,,,,,0
timing-2560x1440-1-0,134,1,16.961000,,,,,,,,,,0
timing-2560x1440-1-0,135,1,16.928000,,,,,,,,,,0
timing-2560x1440-1-0,136,1,16.733000,,,,,,,,,,0
timing-2560x1440-1-0,137,1,16.946000,,,,,,,,,,0
timing-2560x1440-1-0,138,1,17.004000,,,,,,,,,,0
timing-2560x1440-1-0,139,1,17.409000,,,,,,,,,,0
timing-2560x1440-1-0,140,1,16.794000,,,,,,,,,,0
timing-2560x1440-1-0,141,1,16.895000,,,,,,,,,,0
timing-2560x1440-1-0,142,1,16.994000,,,,,,,,,,0
timing-2560x1440-1-0,143,1,17.039000,,,,,,,,,,0
timing-2560x1440-1-0,144,1,16.992000,,,,,,,,,,0
timing-2560x1440-1-0,145,1,17.102000,,,,,,,,,,0
timing-2560x1440-1-0,146,1,16.954000,,,,,,,,,,0
timing-2560x1440-1-0,147,1,16.924000,,,,,,,,,,0
timing-2560x1440-1-0,148,1,16.975000,,,,,,,,,,0
timing-2560x1440-1-0,149,1,16.986000,,,,,,,,,,0
timing-2560x1440-1-0,150,1,16.927000,,,,,,,,,,0
timing-2560x1440-1-0,151,1,16.839000,,,,,,,,,,0
timing-2560x1440-1-0,152,1,17.014000,,,,,,,,,,0
timing-2560x1440-1-0,153,1,16.965000,,,,,,,,,,0
timing-2560x1440-1-0,154,1,17.123000,,,,,,,,,,0
timing-2560x1440-1-0,155,1,17.062000,,,,,,,,,,0
timing-2560x1440-1-0,156,1,16.853000,,,,,,,,,,0
timing-2560x1440-1-0,157,1,17.142000,,,,,,,,,,0
timing-2560x1440-1-0,158,1,17.191000,,,,,,,,,,0
timing-2560x1440-1-0,159,1,16.848000,,,,,,,,,,0
timing-2560x1440-1-0,160,1,17.003000,,,,,,,,,,0
timing-2560x1440-1-0,161,1,16.778000,,,,,,,,,,0
timing-2560x1440-1-0,162,1,16.935000,,,,,,,,,,0
timing-2560x1440-1-0,163,1,16.983000,,,,,,,,,,0
timing-2560x1440-1-0,164,1,17.041000,,,,,,,,,,0
timing-2560x1440-1-0,165,1,17.034000,,,,,,,,,,0
timing-2560x1440-1-0,166,1,17.047000,,,,,,,,,,0
timing-2560x1440-1-0,167,1,16.885000,,,,,,,,,,0
timing-2560x1440-1-0,168,1,16.715000,,,,,,,,,,0
timing-2560x1440-1-0,169,1,17.011000,,,,,,,,,,0
timing-2560x1440-1-0,170,1,16.991000,,,,,,,,,,0
timing-2560x1440-1-0,171,1,17.005000,,,,,,,,,,0
timing-2560x1440-1-0,172,1,16.952000,,,,,,,,,,0
timing-2560x1440-1-0,173,1,16.978000,,,,,,,,,,0
timing-2560x1440-1-0,174,1,17.023000,,,,,,,,,,0
timing-2560x1440-1-0,175,1,17.046000,,,,,,,,,,0
timing-2560x1440-1-0,176,1,16.861000,,,,,,,,,,0
timing-2560x1440-1-0,177,1,16.882000,,,,,,,,,,0
timing-2560x1440-1-0,178,1,16.785000,,,,,,,,,,0
timing-2560x1440-1-0,179,1,17.017000,,,,,,,,,,0
timing-2560x1440-1-0,180,1,16.695000,,,,,,,,,,0
timing-2560x1440-1-0,181,1,16.855000,,,,,,,,,,0
timing-2560x1440-1-0,182,1,17.123000,,,,,,,,,,0
timing-2560x1440-1-0,183,1,16.895000,,,,,,,,,,0
timing-2560x1440-1-0,184,1,17.043000,,,,,,,,,,0
timing-2560x1440-1-0,185,1,16.906000,,,,,,,,,,0
timing-2560x1440-1-0,186,1,16.788000,,,,,,,,,,0
timing-2560x1440-1-0,187,1,17.025000,,,,,,,,,,0
timing-2560x1440-1-0,188,1,16.937000,,,,,,,,,,0
timing-2560x1440-1-0,189,1,16.869000,,,,,,,,,,0
timing-2560x1440-1-0,190,1,16.911000,,,,,,,,,,0
timing-2560x1440-1-0,191,1,17.108000,,,,,,,,,,0
timing-2560x1440-1-0,192,1,17.356000,,,,,,,,,,0
timing-2560x1440-1-0,193,1,17.121000,,,,,,,,,,0
timing-2560x1440-1-0,194,1,17.251000,,,,,,,,,,0
timing-2560x1440-1-0,195,1,16.993000,,,,,,,,,,0
timing-2560x1440-1-0,196,1,17.053000,,,,,,,,,,0
timing-2560x1440-1-0,197,1,16.989000,,,,,,,,,,0
timing-2560x1440-1-0,198,1,16.955000,,,,,,,,,,0
timing-2560x1440-1-0,199,1,17.020000,,,,,,,,,,0
timing-2560x1440-1-0,200,1,16.997000,,,,,,,,,,0
timing-2560x1440-1-0,201,1,17.091000,,,,,,,,,,0
timing-2560x1440-1-0,202,1,16.786000,,,,,,,,,,0
timing-2560x1440-1-0,203,1,16.806000,,,,,,,,,,0
timing-2560x1440-1-0,204,1,16.923000,,,,,,,,,,0
timing-2560x1440-1-0,205,1,17.053000,,,,,,,,,,0
timing-2560x1440-1-0,206,1,16.801000,,,,,,,,,,0
timing-2560x1440-1-0,207,1,16.839000,,,,,,,,,,0
timing-2560x1440-1-0,208,1,16.915000,,,,,,,,,,0
timing-2560x1440-1-0,209,1,16.843000,,,,,,,,,,0
timing-2560x1440-1-0,210,1,16.884000,,,,,,,,,,0
timing-2560x1440-1-0,211,1,16.824000,,,,,,,,,,0
timing-2560x1440-1-0,212,1,17.061000,,,,,,,,,,0
timing-2560x1440-1-0,213,1,17.012000,,,,,,,,,,0
timing-2560x1440-1-0,214,1,17.083000,,,,,,,,,,0
timing-2560x1440-1-0,215,1,17.092000,,,,,,,,,,0
timing-2560x1440-1-0,216,1,16.974000,,,,,,,,,,0
timing-2560x1440-1-0,217,1,16.778000,,,,,,,,,,0
timing-2560x1440-1-0,218,1,16.785000,,,,,,,,,,0
timing-2560x1440-1-0,219,1,16.820000,,,,,,,,,,0
timing-2560x1440-1-0,220,1,16.839000,,,,,,,,,,0
timing-2560x1440-1-0,221,1,16.819000,,,,,,,,,,0
timing-2560x1440-1-0,222,1,16.754000,,,,,,,,,,0
timing-2560x1440-1-0,223,1,16.962000,,,,,,,,,,0
timing-2560x1440-1-0,224,1,16.785000,,,,,,,,,,0
timing-2560x1440-1-0,225,1,16.790000,,,,,,,,,,0
timing-2560x1440-1-0,226,1,16.716000,,,,,,,,,,0
timing-2560x1440-1-0,227,1,17.103000,,,,,,,,,,0
timing-2560x1440-1-0,228,1,16.955000,,,,,,,,,,0
timing-2560x1440-1-0,229,1,17.032000,,,,,,,,,,0
timing-2560x1440-1-0,230,1,17.234000,,,,,,,,,,0
timing-2560x1440-1-0,231,1,17.141000,,,,,,,,,,0
timing-2560x1440-1-0,232,1,16.912000,,,,,,,,,,0
timing-2560x1440-1-0,233,1,17.057000,,,,,,,,,,0
timing-2560x1440-1-0,234,1,16.996000,,,,,,,,,,0
timing-2560x1440-1-0,235,1,17.062000,,,,,,,,,,0
timing-2560x1440-1-0,236,1,16.991000,,,,,,,,,,0
timing-2560x1440-1-0,237,1,16.984000,,,,,,,,,,0
timing-2560x1440-1-0,238,1,16.885000,,,,,,,,,,0
timing-2560x1440-1-0,239,1,16.760000,,,,,,,,,,0
timing-2560x1440-1-0,240,1,16.785000,,,,,,,,,,0
timing-2560x1440-1-0,241,1,16.853000,,,,,,,,,,0
timing-2560x1440-1-0,242,1,17.000000,,,,,,,,,,0
timing-2560x1440-1-0,243,1,16.981000,,,,,,,,,,0
timing-2560x1440-1-0,244,1,17.007000,,,,,,,,,,0
timing-2560x1440-1-0,245,1,16.944000,,,,,,,,,,0
timing-2560x1440-1-0,246,1,17.014000,,,,,,,,,,0
timing-2560x1440-1-0,247,1,16.803000,,,,,,,,,,0
timing-2560x1440-1-0,248,1,17.024000,,,,,,,,,,0
timing-2560x1440-1-0,249,1,16.628000,,,,,,,,,,0
timing-2560x1440-1-0,250,1,16.854000,,,,,,,,,,0
timing-2560x1440-1-0,251,1,16.896000,,,,,,,,,,0
timing-2560x1440-1-0,252,1,16.794000,,,,,,,,,,0
timing-2560x1440-1-0,253,1,16.892000,,,,,,,,,,0
timing-2560x1440-1-0,254,1,16.888000,,,,,,,,,,0
timing-2560x1440-1-0,255,1,16.925000,,,,,,,,,,0
timing-2560x1440-1-0,256,1,16.794000,,,,,,,,,,0
timing-2560x1440-1-0,257,1,17.395000,,,,,,,,,,0
timing-2560x1440-1-0,258,1,16.942000,,,,,,,,,,0
timing-2560x1440-1-0,259,1,16.706000,,,,,,,,,,0
timing-2560x1440-1-0,260,1,16.847000,,,,,,,,,,0
timing-2560x1440-1-0,261,1,16.797000,,,,,,,,,,0
timing-2560x1440-1-0,262,1,16.954000,,,,,,,,,,0
timing-2560x1440-1-0,263,1,16.992000,,,,,,,,,,0
timing-2560x1440-1-0,264,1,17.006000,,,,,,,,,,0
timing-2560x1440-1-0,265,1,16.738000,,,,,,,,,,0
timing-2560x1440-1-0,266,1,17.059000,,,,,,,,,,0
timing-2560x1440-1-0,267,1,17.031000,,,,,,,,,,0
timing-2560x1440-1-0,268,1,17.047000,,,,,,,,,,0
timing-2560x1440-1-0,269,1,17.007000,,,,,,,,,,0
timing-2560x1440-1-0,270,1,17.012000,,,,,,,,,,0
timing-2560x1440-1-0,271,1,17.011000,,,,,,,,,,0
timing-2560x1440-1-0,272,1,16.922000,,,,,,,,,,0
timing-2560x1440-1-0,273,1,16.990000,,,,,,,,,,0
timing-2560x1440-1-0,274,1,16.991000,,,,,,,,,,0
timing-2560x1440-1-0,275,1,16.940000,,,,,,,,,,0
timing-2560x1440-1-0,276,1,16.976000,,,,,,,,,,0
timing-2560x1440-1-0,277,1,16.825000,,,,,,,,,,0
timing-2560x1440-1-0,278,1,16.982000,,,,,,,,,,0
timing-2560x1440-1-0,279,1,16.905000,,,,,,,,,,0
timing-2560x1440-1-0,280,1,16.948000,,,,,,,,,,0
timing-2560x1440-1-0,281,1,16.932000,,,,,,,,,,0
timing-2560x1440-1-0,282,1,16.879000,,,,,,,,,,0
timing-2560x1440-1-0,283,1,16.998000,,,,,,,,,,0
timing-2560x1440-1-0,284,1,16.979000,,,,,,,,,,0
timing-2560x1440-1-0,285,1,16.808000,,,,,,,,,,0
timing-2560x1440-1-0,286,1,16.820000,,,,,,,,,,0
timing-2560x1440-1-0,287,1,16.822000,,,,,,,,,,0
timing-2560x1440-1-0,288,1,16.913000,,,,,,,,,,0
timing-2560x1440-1-0,289,1,16.974000,,,,,,,,,,0
timing-2560x1440-1-0,290,1,16.970000,,,,,,,,,,0
timing-2560x1440-1-0,291,1,17.081000,,,,,,,,,,0
timing-2560x1440-1-0,292,1,16.778000,,,,,,,,,,0
timing-2560x1440-1-0,293,1,17.008000,,,,,,,,,,0
timing-2560x1440-1-0,294,1,17.023000,,,,,,,,,,0
timing-2560x1440-1-0,295,1,16.826000,,,,,,,,,,0
timing-2560x1440-1-0,296,1,16.919000,,,,,,,,,,0
timing-2560x1440-1-0,297,1,17.031000,,,,,,,,,,0
timing-2560x1440-1-0,298,1,16.891000,,,,,,,,,,0
timing-2560x1440-1-0,299,1,16.810000,,,,,,,,,,0
timing-2560x1440-1-0,300,1,17.184000,,,,,,,,,,0
timing-2560x1440-1-0,301,1,17.026000,,,,,,,,,,0
timing-2560x1440-1-0,302,1,16.899000,,,,,,,,,,0
timing-2560x1440-1-0,303,1,17.005000,,,,,,,,,,0
timing-2560x1440-1-0,304,1,16.798000,,,,,,,,,,0
timing-2560x1440-1-0,305,1,17.010000,,,,,,,,,,0
timing-2560x1440-1-0,306,1,17.009000,,,,,,,,,,0
timing-2560x1440-1-0,307,1,17.156000,,,,,,,,,,0
timing-2560x1440-1-0,308,1,16.752000,,,,,,,,,,0
timing-2560x1440-1-0,309,1,16.818000,,,,,,,,,,0
timing-2560x1440-1-0,310,1,16.882000,,,,,,,,,,0
timing-2560x1440-1-0,311,1,16.983000,,,,,,,,,,0
timing-2560x1440-1-0,312,1,16.847000,,,,,,,,,,0
timing-2560x1440-1-0,313,1,16.876000,,,,,,,,,,0
timing-2560x1440-1-0,314,1,17.070000,,,,,,,,,,0
timing-2560x1440-1-0,315,1,17.043000,,,,,,,,,,0
timing-2560x1440-1-0,316,1,17.017000,,,,,,,,,,0
timing-2560x1440-1-0,317,1,17.121000,,,,,,,,,,0
timing-2560x1440-1-0,318,1,16.760000,,,,,,,,,,0
timing-2560x1440-1-0,319,1,17.016000,0,0,0.999511719,0.359683349,0.403534527,1325,232,0,0,1
timing-2560x1440-1-1,0,1,1179.104000,0,0,0.999511719,0.359683349,0.403534527,1325,232,0,0,1
timing-2560x1440-1-1,1,1,19.619000,,,,,,,,,,0
timing-2560x1440-1-1,2,1,17.558000,,,,,,,,,,0
timing-2560x1440-1-1,3,1,16.714000,,,,,,,,,,0
timing-2560x1440-1-1,4,1,16.987000,,,,,,,,,,0
timing-2560x1440-1-1,5,1,16.826000,,,,,,,,,,0
timing-2560x1440-1-1,6,1,16.880000,,,,,,,,,,0
timing-2560x1440-1-1,7,1,16.966000,,,,,,,,,,0
timing-2560x1440-1-1,8,1,16.901000,,,,,,,,,,0
timing-2560x1440-1-1,9,1,17.419000,,,,,,,,,,0
timing-2560x1440-1-1,10,1,17.279000,,,,,,,,,,0
timing-2560x1440-1-1,11,1,16.811000,,,,,,,,,,0
timing-2560x1440-1-1,12,1,17.038000,,,,,,,,,,0
timing-2560x1440-1-1,13,1,17.101000,,,,,,,,,,0
timing-2560x1440-1-1,14,1,17.091000,,,,,,,,,,0
timing-2560x1440-1-1,15,1,17.031000,,,,,,,,,,0
timing-2560x1440-1-1,16,1,16.698000,,,,,,,,,,0
timing-2560x1440-1-1,17,1,16.744000,,,,,,,,,,0
timing-2560x1440-1-1,18,1,16.671000,,,,,,,,,,0
timing-2560x1440-1-1,19,1,16.712000,,,,,,,,,,0
timing-2560x1440-1-1,20,1,16.761000,,,,,,,,,,0
timing-2560x1440-1-1,21,1,16.629000,,,,,,,,,,0
timing-2560x1440-1-1,22,1,16.708000,,,,,,,,,,0
timing-2560x1440-1-1,23,1,16.541000,,,,,,,,,,0
timing-2560x1440-1-1,24,1,16.573000,,,,,,,,,,0
timing-2560x1440-1-1,25,1,16.556000,,,,,,,,,,0
timing-2560x1440-1-1,26,1,16.500000,,,,,,,,,,0
timing-2560x1440-1-1,27,1,16.519000,,,,,,,,,,0
timing-2560x1440-1-1,28,1,16.608000,,,,,,,,,,0
timing-2560x1440-1-1,29,1,16.719000,,,,,,,,,,0
timing-2560x1440-1-1,30,1,16.685000,,,,,,,,,,0
timing-2560x1440-1-1,31,1,16.699000,,,,,,,,,,0
timing-2560x1440-1-1,32,1,16.546000,,,,,,,,,,0
timing-2560x1440-1-1,33,1,16.573000,,,,,,,,,,0
timing-2560x1440-1-1,34,1,16.571000,,,,,,,,,,0
timing-2560x1440-1-1,35,1,16.677000,,,,,,,,,,0
timing-2560x1440-1-1,36,1,16.646000,,,,,,,,,,0
timing-2560x1440-1-1,37,1,16.682000,,,,,,,,,,0
timing-2560x1440-1-1,38,1,16.649000,,,,,,,,,,0
timing-2560x1440-1-1,39,1,16.923000,,,,,,,,,,0
timing-2560x1440-1-1,40,1,16.654000,,,,,,,,,,0
timing-2560x1440-1-1,41,1,16.849000,,,,,,,,,,0
timing-2560x1440-1-1,42,1,16.682000,,,,,,,,,,0
timing-2560x1440-1-1,43,1,16.707000,,,,,,,,,,0
timing-2560x1440-1-1,44,1,16.772000,,,,,,,,,,0
timing-2560x1440-1-1,45,1,16.822000,,,,,,,,,,0
timing-2560x1440-1-1,46,1,16.921000,,,,,,,,,,0
timing-2560x1440-1-1,47,1,16.671000,,,,,,,,,,0
timing-2560x1440-1-1,48,1,16.968000,,,,,,,,,,0
timing-2560x1440-1-1,49,1,16.759000,,,,,,,,,,0
timing-2560x1440-1-1,50,1,16.881000,,,,,,,,,,0
timing-2560x1440-1-1,51,1,16.879000,,,,,,,,,,0
timing-2560x1440-1-1,52,1,17.039000,,,,,,,,,,0
timing-2560x1440-1-1,53,1,16.866000,,,,,,,,,,0
timing-2560x1440-1-1,54,1,16.800000,,,,,,,,,,0
timing-2560x1440-1-1,55,1,16.990000,,,,,,,,,,0
timing-2560x1440-1-1,56,1,16.883000,,,,,,,,,,0
timing-2560x1440-1-1,57,1,17.036000,,,,,,,,,,0
timing-2560x1440-1-1,58,1,16.568000,,,,,,,,,,0
timing-2560x1440-1-1,59,1,16.806000,,,,,,,,,,0
timing-2560x1440-1-1,60,1,16.986000,,,,,,,,,,0
timing-2560x1440-1-1,61,1,16.751000,,,,,,,,,,0
timing-2560x1440-1-1,62,1,16.954000,,,,,,,,,,0
timing-2560x1440-1-1,63,1,16.656000,,,,,,,,,,0
timing-2560x1440-1-1,64,1,16.644000,,,,,,,,,,0
timing-2560x1440-1-1,65,1,16.854000,,,,,,,,,,0
timing-2560x1440-1-1,66,1,16.935000,,,,,,,,,,0
timing-2560x1440-1-1,67,1,16.778000,,,,,,,,,,0
timing-2560x1440-1-1,68,1,16.891000,,,,,,,,,,0
timing-2560x1440-1-1,69,1,16.698000,,,,,,,,,,0
timing-2560x1440-1-1,70,1,16.672000,,,,,,,,,,0
timing-2560x1440-1-1,71,1,16.639000,,,,,,,,,,0
timing-2560x1440-1-1,72,1,16.853000,,,,,,,,,,0
timing-2560x1440-1-1,73,1,16.918000,,,,,,,,,,0
timing-2560x1440-1-1,74,1,16.835000,,,,,,,,,,0
timing-2560x1440-1-1,75,1,16.744000,,,,,,,,,,0
timing-2560x1440-1-1,76,1,16.655000,,,,,,,,,,0
timing-2560x1440-1-1,77,1,16.640000,,,,,,,,,,0
timing-2560x1440-1-1,78,1,16.961000,,,,,,,,,,0
timing-2560x1440-1-1,79,1,16.866000,,,,,,,,,,0
timing-2560x1440-1-1,80,1,16.854000,,,,,,,,,,0
timing-2560x1440-1-1,81,1,16.884000,,,,,,,,,,0
timing-2560x1440-1-1,82,1,16.930000,,,,,,,,,,0
timing-2560x1440-1-1,83,1,16.762000,,,,,,,,,,0
timing-2560x1440-1-1,84,1,16.851000,,,,,,,,,,0
timing-2560x1440-1-1,85,1,16.826000,,,,,,,,,,0
timing-2560x1440-1-1,86,1,16.741000,,,,,,,,,,0
timing-2560x1440-1-1,87,1,16.714000,,,,,,,,,,0
timing-2560x1440-1-1,88,1,16.747000,,,,,,,,,,0
timing-2560x1440-1-1,89,1,16.820000,,,,,,,,,,0
timing-2560x1440-1-1,90,1,16.747000,,,,,,,,,,0
timing-2560x1440-1-1,91,1,16.700000,,,,,,,,,,0
timing-2560x1440-1-1,92,1,16.646000,,,,,,,,,,0
timing-2560x1440-1-1,93,1,16.896000,,,,,,,,,,0
timing-2560x1440-1-1,94,1,16.921000,,,,,,,,,,0
timing-2560x1440-1-1,95,1,16.799000,,,,,,,,,,0
timing-2560x1440-1-1,96,1,16.827000,,,,,,,,,,0
timing-2560x1440-1-1,97,1,16.961000,,,,,,,,,,0
timing-2560x1440-1-1,98,1,16.704000,,,,,,,,,,0
timing-2560x1440-1-1,99,1,16.934000,,,,,,,,,,0
timing-2560x1440-1-1,100,1,16.877000,,,,,,,,,,0
timing-2560x1440-1-1,101,1,16.742000,,,,,,,,,,0
timing-2560x1440-1-1,102,1,16.833000,,,,,,,,,,0
timing-2560x1440-1-1,103,1,16.807000,,,,,,,,,,0
timing-2560x1440-1-1,104,1,16.755000,,,,,,,,,,0
timing-2560x1440-1-1,105,1,16.679000,,,,,,,,,,0
timing-2560x1440-1-1,106,1,16.911000,,,,,,,,,,0
timing-2560x1440-1-1,107,1,16.866000,,,,,,,,,,0
timing-2560x1440-1-1,108,1,17.111000,,,,,,,,,,0
timing-2560x1440-1-1,109,1,17.075000,,,,,,,,,,0
timing-2560x1440-1-1,110,1,17.230000,,,,,,,,,,0
timing-2560x1440-1-1,111,1,16.828000,,,,,,,,,,0
timing-2560x1440-1-1,112,1,16.977000,,,,,,,,,,0
timing-2560x1440-1-1,113,1,17.005000,,,,,,,,,,0
timing-2560x1440-1-1,114,1,16.897000,,,,,,,,,,0
timing-2560x1440-1-1,115,1,16.708000,,,,,,,,,,0
timing-2560x1440-1-1,116,1,16.635000,,,,,,,,,,0
timing-2560x1440-1-1,117,1,16.886000,,,,,,,,,,0
timing-2560x1440-1-1,118,1,16.665000,,,,,,,,,,0
timing-2560x1440-1-1,119,1,16.783000,,,,,,,,,,0
timing-2560x1440-1-1,120,1,16.878000,,,,,,,,,,0
timing-2560x1440-1-1,121,1,16.868000,,,,,,,,,,0
timing-2560x1440-1-1,122,1,16.791000,,,,,,,,,,0
timing-2560x1440-1-1,123,1,16.710000,,,,,,,,,,0
timing-2560x1440-1-1,124,1,16.888000,,,,,,,,,,0
timing-2560x1440-1-1,125,1,16.981000,,,,,,,,,,0
timing-2560x1440-1-1,126,1,16.642000,,,,,,,,,,0
timing-2560x1440-1-1,127,1,16.723000,,,,,,,,,,0
timing-2560x1440-1-1,128,1,16.886000,,,,,,,,,,0
timing-2560x1440-1-1,129,1,16.892000,,,,,,,,,,0
timing-2560x1440-1-1,130,1,16.769000,,,,,,,,,,0
timing-2560x1440-1-1,131,1,16.872000,,,,,,,,,,0
timing-2560x1440-1-1,132,1,16.743000,,,,,,,,,,0
timing-2560x1440-1-1,133,1,17.001000,,,,,,,,,,0
timing-2560x1440-1-1,134,1,16.802000,,,,,,,,,,0
timing-2560x1440-1-1,135,1,16.888000,,,,,,,,,,0
timing-2560x1440-1-1,136,1,16.984000,,,,,,,,,,0
timing-2560x1440-1-1,137,1,16.777000,,,,,,,,,,0
timing-2560x1440-1-1,138,1,16.710000,,,,,,,,,,0
timing-2560x1440-1-1,139,1,16.813000,,,,,,,,,,0
timing-2560x1440-1-1,140,1,16.991000,,,,,,,,,,0
timing-2560x1440-1-1,141,1,16.859000,,,,,,,,,,0
timing-2560x1440-1-1,142,1,16.797000,,,,,,,,,,0
timing-2560x1440-1-1,143,1,16.883000,,,,,,,,,,0
timing-2560x1440-1-1,144,1,17.078000,,,,,,,,,,0
timing-2560x1440-1-1,145,1,16.800000,,,,,,,,,,0
timing-2560x1440-1-1,146,1,16.710000,,,,,,,,,,0
timing-2560x1440-1-1,147,1,16.816000,,,,,,,,,,0
timing-2560x1440-1-1,148,1,16.924000,,,,,,,,,,0
timing-2560x1440-1-1,149,1,16.911000,,,,,,,,,,0
timing-2560x1440-1-1,150,1,16.836000,,,,,,,,,,0
timing-2560x1440-1-1,151,1,17.003000,,,,,,,,,,0
timing-2560x1440-1-1,152,1,17.257000,,,,,,,,,,0
timing-2560x1440-1-1,153,1,16.968000,,,,,,,,,,0
timing-2560x1440-1-1,154,1,16.963000,,,,,,,,,,0
timing-2560x1440-1-1,155,1,16.728000,,,,,,,,,,0
timing-2560x1440-1-1,156,1,16.815000,,,,,,,,,,0
timing-2560x1440-1-1,157,1,16.624000,,,,,,,,,,0
timing-2560x1440-1-1,158,1,16.760000,,,,,,,,,,0
timing-2560x1440-1-1,159,1,16.967000,,,,,,,,,,0
timing-2560x1440-1-1,160,1,16.935000,,,,,,,,,,0
timing-2560x1440-1-1,161,1,17.053000,,,,,,,,,,0
timing-2560x1440-1-1,162,1,16.975000,,,,,,,,,,0
timing-2560x1440-1-1,163,1,17.108000,,,,,,,,,,0
timing-2560x1440-1-1,164,1,16.757000,,,,,,,,,,0
timing-2560x1440-1-1,165,1,16.725000,,,,,,,,,,0
timing-2560x1440-1-1,166,1,16.956000,,,,,,,,,,0
timing-2560x1440-1-1,167,1,16.995000,,,,,,,,,,0
timing-2560x1440-1-1,168,1,16.858000,,,,,,,,,,0
timing-2560x1440-1-1,169,1,16.795000,,,,,,,,,,0
timing-2560x1440-1-1,170,1,16.882000,,,,,,,,,,0
timing-2560x1440-1-1,171,1,16.826000,,,,,,,,,,0
timing-2560x1440-1-1,172,1,16.934000,,,,,,,,,,0
timing-2560x1440-1-1,173,1,16.891000,,,,,,,,,,0
timing-2560x1440-1-1,174,1,16.649000,,,,,,,,,,0
timing-2560x1440-1-1,175,1,16.758000,,,,,,,,,,0
timing-2560x1440-1-1,176,1,16.933000,,,,,,,,,,0
timing-2560x1440-1-1,177,1,17.016000,,,,,,,,,,0
timing-2560x1440-1-1,178,1,16.773000,,,,,,,,,,0
timing-2560x1440-1-1,179,1,17.029000,,,,,,,,,,0
timing-2560x1440-1-1,180,1,16.832000,,,,,,,,,,0
timing-2560x1440-1-1,181,1,16.716000,,,,,,,,,,0
timing-2560x1440-1-1,182,1,16.798000,,,,,,,,,,0
timing-2560x1440-1-1,183,1,16.981000,,,,,,,,,,0
timing-2560x1440-1-1,184,1,17.086000,,,,,,,,,,0
timing-2560x1440-1-1,185,1,16.881000,,,,,,,,,,0
timing-2560x1440-1-1,186,1,16.932000,,,,,,,,,,0
timing-2560x1440-1-1,187,1,16.981000,,,,,,,,,,0
timing-2560x1440-1-1,188,1,16.635000,,,,,,,,,,0
timing-2560x1440-1-1,189,1,16.670000,,,,,,,,,,0
timing-2560x1440-1-1,190,1,16.729000,,,,,,,,,,0
timing-2560x1440-1-1,191,1,16.714000,,,,,,,,,,0
timing-2560x1440-1-1,192,1,16.879000,,,,,,,,,,0
timing-2560x1440-1-1,193,1,16.866000,,,,,,,,,,0
timing-2560x1440-1-1,194,1,16.901000,,,,,,,,,,0
timing-2560x1440-1-1,195,1,16.850000,,,,,,,,,,0
timing-2560x1440-1-1,196,1,16.994000,,,,,,,,,,0
timing-2560x1440-1-1,197,1,17.166000,,,,,,,,,,0
timing-2560x1440-1-1,198,1,16.771000,,,,,,,,,,0
timing-2560x1440-1-1,199,1,16.680000,,,,,,,,,,0
timing-2560x1440-1-1,200,1,16.886000,,,,,,,,,,0
timing-2560x1440-1-1,201,1,16.686000,,,,,,,,,,0
timing-2560x1440-1-1,202,1,16.757000,,,,,,,,,,0
timing-2560x1440-1-1,203,1,16.856000,,,,,,,,,,0
timing-2560x1440-1-1,204,1,16.643000,,,,,,,,,,0
timing-2560x1440-1-1,205,1,16.732000,,,,,,,,,,0
timing-2560x1440-1-1,206,1,16.880000,,,,,,,,,,0
timing-2560x1440-1-1,207,1,16.720000,,,,,,,,,,0
timing-2560x1440-1-1,208,1,16.875000,,,,,,,,,,0
timing-2560x1440-1-1,209,1,16.857000,,,,,,,,,,0
timing-2560x1440-1-1,210,1,17.134000,,,,,,,,,,0
timing-2560x1440-1-1,211,1,16.731000,,,,,,,,,,0
timing-2560x1440-1-1,212,1,16.743000,,,,,,,,,,0
timing-2560x1440-1-1,213,1,16.774000,,,,,,,,,,0
timing-2560x1440-1-1,214,1,17.053000,,,,,,,,,,0
timing-2560x1440-1-1,215,1,16.869000,,,,,,,,,,0
timing-2560x1440-1-1,216,1,17.077000,,,,,,,,,,0
timing-2560x1440-1-1,217,1,16.766000,,,,,,,,,,0
timing-2560x1440-1-1,218,1,16.829000,,,,,,,,,,0
timing-2560x1440-1-1,219,1,16.687000,,,,,,,,,,0
timing-2560x1440-1-1,220,1,16.734000,,,,,,,,,,0
timing-2560x1440-1-1,221,1,16.822000,,,,,,,,,,0
timing-2560x1440-1-1,222,1,17.035000,,,,,,,,,,0
timing-2560x1440-1-1,223,1,17.115000,,,,,,,,,,0
timing-2560x1440-1-1,224,1,17.186000,,,,,,,,,,0
timing-2560x1440-1-1,225,1,16.875000,,,,,,,,,,0
timing-2560x1440-1-1,226,1,17.080000,,,,,,,,,,0
timing-2560x1440-1-1,227,1,17.147000,,,,,,,,,,0
timing-2560x1440-1-1,228,1,16.978000,,,,,,,,,,0
timing-2560x1440-1-1,229,1,16.956000,,,,,,,,,,0
timing-2560x1440-1-1,230,1,16.808000,,,,,,,,,,0
timing-2560x1440-1-1,231,1,16.935000,,,,,,,,,,0
timing-2560x1440-1-1,232,1,16.986000,,,,,,,,,,0
timing-2560x1440-1-1,233,1,16.935000,,,,,,,,,,0
timing-2560x1440-1-1,234,1,16.938000,,,,,,,,,,0
timing-2560x1440-1-1,235,1,16.863000,,,,,,,,,,0
timing-2560x1440-1-1,236,1,16.827000,,,,,,,,,,0
timing-2560x1440-1-1,237,1,16.824000,,,,,,,,,,0
timing-2560x1440-1-1,238,1,16.849000,,,,,,,,,,0
timing-2560x1440-1-1,239,1,16.829000,,,,,,,,,,0
timing-2560x1440-1-1,240,1,17.026000,,,,,,,,,,0
timing-2560x1440-1-1,241,1,16.843000,,,,,,,,,,0
timing-2560x1440-1-1,242,1,16.869000,,,,,,,,,,0
timing-2560x1440-1-1,243,1,16.696000,,,,,,,,,,0
timing-2560x1440-1-1,244,1,16.868000,,,,,,,,,,0
timing-2560x1440-1-1,245,1,16.842000,,,,,,,,,,0
timing-2560x1440-1-1,246,1,16.708000,,,,,,,,,,0
timing-2560x1440-1-1,247,1,16.717000,,,,,,,,,,0
timing-2560x1440-1-1,248,1,16.689000,,,,,,,,,,0
timing-2560x1440-1-1,249,1,16.636000,,,,,,,,,,0
timing-2560x1440-1-1,250,1,17.002000,,,,,,,,,,0
timing-2560x1440-1-1,251,1,16.904000,,,,,,,,,,0
timing-2560x1440-1-1,252,1,16.883000,,,,,,,,,,0
timing-2560x1440-1-1,253,1,16.780000,,,,,,,,,,0
timing-2560x1440-1-1,254,1,16.919000,,,,,,,,,,0
timing-2560x1440-1-1,255,1,16.760000,,,,,,,,,,0
timing-2560x1440-1-1,256,1,16.864000,,,,,,,,,,0
timing-2560x1440-1-1,257,1,16.858000,,,,,,,,,,0
timing-2560x1440-1-1,258,1,16.977000,,,,,,,,,,0
timing-2560x1440-1-1,259,1,16.862000,,,,,,,,,,0
timing-2560x1440-1-1,260,1,16.816000,,,,,,,,,,0
timing-2560x1440-1-1,261,1,16.917000,,,,,,,,,,0
timing-2560x1440-1-1,262,1,17.055000,,,,,,,,,,0
timing-2560x1440-1-1,263,1,16.825000,,,,,,,,,,0
timing-2560x1440-1-1,264,1,17.151000,,,,,,,,,,0
timing-2560x1440-1-1,265,1,16.729000,,,,,,,,,,0
timing-2560x1440-1-1,266,1,16.823000,,,,,,,,,,0
timing-2560x1440-1-1,267,1,17.014000,,,,,,,,,,0
timing-2560x1440-1-1,268,1,16.694000,,,,,,,,,,0
timing-2560x1440-1-1,269,1,16.864000,,,,,,,,,,0
timing-2560x1440-1-1,270,1,16.866000,,,,,,,,,,0
timing-2560x1440-1-1,271,1,16.809000,,,,,,,,,,0
timing-2560x1440-1-1,272,1,16.953000,,,,,,,,,,0
timing-2560x1440-1-1,273,1,16.874000,,,,,,,,,,0
timing-2560x1440-1-1,274,1,16.752000,,,,,,,,,,0
timing-2560x1440-1-1,275,1,16.705000,,,,,,,,,,0
timing-2560x1440-1-1,276,1,16.613000,,,,,,,,,,0
timing-2560x1440-1-1,277,1,16.863000,,,,,,,,,,0
timing-2560x1440-1-1,278,1,16.744000,,,,,,,,,,0
timing-2560x1440-1-1,279,1,16.802000,,,,,,,,,,0
timing-2560x1440-1-1,280,1,17.039000,,,,,,,,,,0
timing-2560x1440-1-1,281,1,16.918000,,,,,,,,,,0
timing-2560x1440-1-1,282,1,16.833000,,,,,,,,,,0
timing-2560x1440-1-1,283,1,16.762000,,,,,,,,,,0
timing-2560x1440-1-1,284,1,16.979000,,,,,,,,,,0
timing-2560x1440-1-1,285,1,17.059000,,,,,,,,,,0
timing-2560x1440-1-1,286,1,16.777000,,,,,,,,,,0
timing-2560x1440-1-1,287,1,16.740000,,,,,,,,,,0
timing-2560x1440-1-1,288,1,16.891000,,,,,,,,,,0
timing-2560x1440-1-1,289,1,16.722000,,,,,,,,,,0
timing-2560x1440-1-1,290,1,16.945000,,,,,,,,,,0
timing-2560x1440-1-1,291,1,16.887000,,,,,,,,,,0
timing-2560x1440-1-1,292,1,17.018000,,,,,,,,,,0
timing-2560x1440-1-1,293,1,17.125000,,,,,,,,,,0
timing-2560x1440-1-1,294,1,16.915000,,,,,,,,,,0
timing-2560x1440-1-1,295,1,16.804000,,,,,,,,,,0
timing-2560x1440-1-1,296,1,16.727000,,,,,,,,,,0
timing-2560x1440-1-1,297,1,16.798000,,,,,,,,,,0
timing-2560x1440-1-1,298,1,16.808000,,,,,,,,,,0
timing-2560x1440-1-1,299,1,16.935000,,,,,,,,,,0
timing-2560x1440-1-1,300,1,16.843000,,,,,,,,,,0
timing-2560x1440-1-1,301,1,16.639000,,,,,,,,,,0
timing-2560x1440-1-1,302,1,16.641000,,,,,,,,,,0
timing-2560x1440-1-1,303,1,16.786000,,,,,,,,,,0
timing-2560x1440-1-1,304,1,16.961000,,,,,,,,,,0
timing-2560x1440-1-1,305,1,16.961000,,,,,,,,,,0
timing-2560x1440-1-1,306,1,16.858000,,,,,,,,,,0
timing-2560x1440-1-1,307,1,16.879000,,,,,,,,,,0
timing-2560x1440-1-1,308,1,16.764000,,,,,,,,,,0
timing-2560x1440-1-1,309,1,16.715000,,,,,,,,,,0
timing-2560x1440-1-1,310,1,16.944000,,,,,,,,,,0
timing-2560x1440-1-1,311,1,16.923000,,,,,,,,,,0
timing-2560x1440-1-1,312,1,16.963000,,,,,,,,,,0
timing-2560x1440-1-1,313,1,16.983000,,,,,,,,,,0
timing-2560x1440-1-1,314,1,16.802000,,,,,,,,,,0
timing-2560x1440-1-1,315,1,16.730000,,,,,,,,,,0
timing-2560x1440-1-1,316,1,17.020000,,,,,,,,,,0
timing-2560x1440-1-1,317,1,16.949000,,,,,,,,,,0
timing-2560x1440-1-1,318,1,16.852000,,,,,,,,,,0
timing-2560x1440-1-1,319,1,16.969000,0,0,0.999511719,0.359683349,0.403534527,1325,232,0,0,1
timing-2560x1440-1-2,0,1,1159.008000,0,0,0.999511719,0.359683349,0.403534527,1325,232,0,0,1
timing-2560x1440-1-2,1,1,19.919000,,,,,,,,,,0
timing-2560x1440-1-2,2,1,17.422000,,,,,,,,,,0
timing-2560x1440-1-2,3,1,16.864000,,,,,,,,,,0
timing-2560x1440-1-2,4,1,16.895000,,,,,,,,,,0
timing-2560x1440-1-2,5,1,17.043000,,,,,,,,,,0
timing-2560x1440-1-2,6,1,16.964000,,,,,,,,,,0
timing-2560x1440-1-2,7,1,16.961000,,,,,,,,,,0
timing-2560x1440-1-2,8,1,16.823000,,,,,,,,,,0
timing-2560x1440-1-2,9,1,17.322000,,,,,,,,,,0
timing-2560x1440-1-2,10,1,17.019000,,,,,,,,,,0
timing-2560x1440-1-2,11,1,17.105000,,,,,,,,,,0
timing-2560x1440-1-2,12,1,16.744000,,,,,,,,,,0
timing-2560x1440-1-2,13,1,16.768000,,,,,,,,,,0
timing-2560x1440-1-2,14,1,17.004000,,,,,,,,,,0
timing-2560x1440-1-2,15,1,16.931000,,,,,,,,,,0
timing-2560x1440-1-2,16,1,16.739000,,,,,,,,,,0
timing-2560x1440-1-2,17,1,16.672000,,,,,,,,,,0
timing-2560x1440-1-2,18,1,16.714000,,,,,,,,,,0
timing-2560x1440-1-2,19,1,16.730000,,,,,,,,,,0
timing-2560x1440-1-2,20,1,16.668000,,,,,,,,,,0
timing-2560x1440-1-2,21,1,16.959000,,,,,,,,,,0
timing-2560x1440-1-2,22,1,16.687000,,,,,,,,,,0
timing-2560x1440-1-2,23,1,16.623000,,,,,,,,,,0
timing-2560x1440-1-2,24,1,16.549000,,,,,,,,,,0
timing-2560x1440-1-2,25,1,16.702000,,,,,,,,,,0
timing-2560x1440-1-2,26,1,16.673000,,,,,,,,,,0
timing-2560x1440-1-2,27,1,16.705000,,,,,,,,,,0
timing-2560x1440-1-2,28,1,16.724000,,,,,,,,,,0
timing-2560x1440-1-2,29,1,16.656000,,,,,,,,,,0
timing-2560x1440-1-2,30,1,16.603000,,,,,,,,,,0
timing-2560x1440-1-2,31,1,16.656000,,,,,,,,,,0
timing-2560x1440-1-2,32,1,16.634000,,,,,,,,,,0
timing-2560x1440-1-2,33,1,16.691000,,,,,,,,,,0
timing-2560x1440-1-2,34,1,16.777000,,,,,,,,,,0
timing-2560x1440-1-2,35,1,16.693000,,,,,,,,,,0
timing-2560x1440-1-2,36,1,16.767000,,,,,,,,,,0
timing-2560x1440-1-2,37,1,16.774000,,,,,,,,,,0
timing-2560x1440-1-2,38,1,16.805000,,,,,,,,,,0
timing-2560x1440-1-2,39,1,16.554000,,,,,,,,,,0
timing-2560x1440-1-2,40,1,16.737000,,,,,,,,,,0
timing-2560x1440-1-2,41,1,16.903000,,,,,,,,,,0
timing-2560x1440-1-2,42,1,16.720000,,,,,,,,,,0
timing-2560x1440-1-2,43,1,16.838000,,,,,,,,,,0
timing-2560x1440-1-2,44,1,16.957000,,,,,,,,,,0
timing-2560x1440-1-2,45,1,16.824000,,,,,,,,,,0
timing-2560x1440-1-2,46,1,16.898000,,,,,,,,,,0
timing-2560x1440-1-2,47,1,16.903000,,,,,,,,,,0
timing-2560x1440-1-2,48,1,16.883000,,,,,,,,,,0
timing-2560x1440-1-2,49,1,16.992000,,,,,,,,,,0
timing-2560x1440-1-2,50,1,16.847000,,,,,,,,,,0
timing-2560x1440-1-2,51,1,16.939000,,,,,,,,,,0
timing-2560x1440-1-2,52,1,16.954000,,,,,,,,,,0
timing-2560x1440-1-2,53,1,16.760000,,,,,,,,,,0
timing-2560x1440-1-2,54,1,16.761000,,,,,,,,,,0
timing-2560x1440-1-2,55,1,16.906000,,,,,,,,,,0
timing-2560x1440-1-2,56,1,16.900000,,,,,,,,,,0
timing-2560x1440-1-2,57,1,16.954000,,,,,,,,,,0
timing-2560x1440-1-2,58,1,16.990000,,,,,,,,,,0
timing-2560x1440-1-2,59,1,17.078000,,,,,,,,,,0
timing-2560x1440-1-2,60,1,16.828000,,,,,,,,,,0
timing-2560x1440-1-2,61,1,16.703000,,,,,,,,,,0
timing-2560x1440-1-2,62,1,16.688000,,,,,,,,,,0
timing-2560x1440-1-2,63,1,16.857000,,,,,,,,,,0
timing-2560x1440-1-2,64,1,16.986000,,,,,,,,,,0
timing-2560x1440-1-2,65,1,16.904000,,,,,,,,,,0
timing-2560x1440-1-2,66,1,16.605000,,,,,,,,,,0
timing-2560x1440-1-2,67,1,16.937000,,,,,,,,,,0
timing-2560x1440-1-2,68,1,16.910000,,,,,,,,,,0
timing-2560x1440-1-2,69,1,16.620000,,,,,,,,,,0
timing-2560x1440-1-2,70,1,16.695000,,,,,,,,,,0
timing-2560x1440-1-2,71,1,16.817000,,,,,,,,,,0
timing-2560x1440-1-2,72,1,16.914000,,,,,,,,,,0
timing-2560x1440-1-2,73,1,17.111000,,,,,,,,,,0
timing-2560x1440-1-2,74,1,16.827000,,,,,,,,,,0
timing-2560x1440-1-2,75,1,16.872000,,,,,,,,,,0
timing-2560x1440-1-2,76,1,16.931000,,,,,,,,,,0
timing-2560x1440-1-2,77,1,16.885000,,,,,,,,,,0
timing-2560x1440-1-2,78,1,16.902000,,,,,,,,,,0
timing-2560x1440-1-2,79,1,16.664000,,,,,,,,,,0
timing-2560x1440-1-2,80,1,16.776000,,,,,,,,,,0
timing-2560x1440-1-2,81,1,16.898000,,,,,,,,,,0
timing-2560x1440-1-2,82,1,16.824000,,,,,,,,,,0
timing-2560x1440-1-2,83,1,16.922000,,,,,,,,,,0
timing-2560x1440-1-2,84,1,17.007000,,,,,,,,,,0
timing-2560x1440-1-2,85,1,16.890000,,,,,,,,,,0
timing-2560x1440-1-2,86,1,16.689000,,,,,,,,,,0
timing-2560x1440-1-2,87,1,16.760000,,,,,,,,,,0
timing-2560x1440-1-2,88,1,16.794000,,,,,,,,,,0
timing-2560x1440-1-2,89,1,16.785000,,,,,,,,,,0
timing-2560x1440-1-2,90,1,16.628000,,,,,,,,,,0
timing-2560x1440-1-2,91,1,16.823000,,,,,,,,,,0
timing-2560x1440-1-2,92,1,16.665000,,,,,,,,,,0
timing-2560x1440-1-2,93,1,16.846000,,,,,,,,,,0
timing-2560x1440-1-2,94,1,17.197000,,,,,,,,,,0
timing-2560x1440-1-2,95,1,16.854000,,,,,,,,,,0
timing-2560x1440-1-2,96,1,16.951000,,,,,,,,,,0
timing-2560x1440-1-2,97,1,16.971000,,,,,,,,,,0
timing-2560x1440-1-2,98,1,16.977000,,,,,,,,,,0
timing-2560x1440-1-2,99,1,16.894000,,,,,,,,,,0
timing-2560x1440-1-2,100,1,17.258000,,,,,,,,,,0
timing-2560x1440-1-2,101,1,17.053000,,,,,,,,,,0
timing-2560x1440-1-2,102,1,16.718000,,,,,,,,,,0
timing-2560x1440-1-2,103,1,16.689000,,,,,,,,,,0
timing-2560x1440-1-2,104,1,16.682000,,,,,,,,,,0
timing-2560x1440-1-2,105,1,17.127000,,,,,,,,,,0
timing-2560x1440-1-2,106,1,16.815000,,,,,,,,,,0
timing-2560x1440-1-2,107,1,16.909000,,,,,,,,,,0
timing-2560x1440-1-2,108,1,17.185000,,,,,,,,,,0
timing-2560x1440-1-2,109,1,16.909000,,,,,,,,,,0
timing-2560x1440-1-2,110,1,16.952000,,,,,,,,,,0
timing-2560x1440-1-2,111,1,16.855000,,,,,,,,,,0
timing-2560x1440-1-2,112,1,16.903000,,,,,,,,,,0
timing-2560x1440-1-2,113,1,16.691000,,,,,,,,,,0
timing-2560x1440-1-2,114,1,16.995000,,,,,,,,,,0
timing-2560x1440-1-2,115,1,16.854000,,,,,,,,,,0
timing-2560x1440-1-2,116,1,16.902000,,,,,,,,,,0
timing-2560x1440-1-2,117,1,16.945000,,,,,,,,,,0
timing-2560x1440-1-2,118,1,16.905000,,,,,,,,,,0
timing-2560x1440-1-2,119,1,17.003000,,,,,,,,,,0
timing-2560x1440-1-2,120,1,16.846000,,,,,,,,,,0
timing-2560x1440-1-2,121,1,17.020000,,,,,,,,,,0
timing-2560x1440-1-2,122,1,16.828000,,,,,,,,,,0
timing-2560x1440-1-2,123,1,17.072000,,,,,,,,,,0
timing-2560x1440-1-2,124,1,17.025000,,,,,,,,,,0
timing-2560x1440-1-2,125,1,17.053000,,,,,,,,,,0
timing-2560x1440-1-2,126,1,16.650000,,,,,,,,,,0
timing-2560x1440-1-2,127,1,16.728000,,,,,,,,,,0
timing-2560x1440-1-2,128,1,16.767000,,,,,,,,,,0
timing-2560x1440-1-2,129,1,16.760000,,,,,,,,,,0
timing-2560x1440-1-2,130,1,16.885000,,,,,,,,,,0
timing-2560x1440-1-2,131,1,17.271000,,,,,,,,,,0
timing-2560x1440-1-2,132,1,16.946000,,,,,,,,,,0
timing-2560x1440-1-2,133,1,16.866000,,,,,,,,,,0
timing-2560x1440-1-2,134,1,16.952000,,,,,,,,,,0
timing-2560x1440-1-2,135,1,16.924000,,,,,,,,,,0
timing-2560x1440-1-2,136,1,17.036000,,,,,,,,,,0
timing-2560x1440-1-2,137,1,16.936000,,,,,,,,,,0
timing-2560x1440-1-2,138,1,16.755000,,,,,,,,,,0
timing-2560x1440-1-2,139,1,16.720000,,,,,,,,,,0
timing-2560x1440-1-2,140,1,16.746000,,,,,,,,,,0
timing-2560x1440-1-2,141,1,17.016000,,,,,,,,,,0
timing-2560x1440-1-2,142,1,16.849000,,,,,,,,,,0
timing-2560x1440-1-2,143,1,16.880000,,,,,,,,,,0
timing-2560x1440-1-2,144,1,16.789000,,,,,,,,,,0
timing-2560x1440-1-2,145,1,16.950000,,,,,,,,,,0
timing-2560x1440-1-2,146,1,17.133000,,,,,,,,,,0
timing-2560x1440-1-2,147,1,16.795000,,,,,,,,,,0
timing-2560x1440-1-2,148,1,16.600000,,,,,,,,,,0
timing-2560x1440-1-2,149,1,16.913000,,,,,,,,,,0
timing-2560x1440-1-2,150,1,16.915000,,,,,,,,,,0
timing-2560x1440-1-2,151,1,16.992000,,,,,,,,,,0
timing-2560x1440-1-2,152,1,16.939000,,,,,,,,,,0
timing-2560x1440-1-2,153,1,16.846000,,,,,,,,,,0
timing-2560x1440-1-2,154,1,16.976000,,,,,,,,,,0
timing-2560x1440-1-2,155,1,16.859000,,,,,,,,,,0
timing-2560x1440-1-2,156,1,16.743000,,,,,,,,,,0
timing-2560x1440-1-2,157,1,16.893000,,,,,,,,,,0
timing-2560x1440-1-2,158,1,16.854000,,,,,,,,,,0
timing-2560x1440-1-2,159,1,16.781000,,,,,,,,,,0
timing-2560x1440-1-2,160,1,16.869000,,,,,,,,,,0
timing-2560x1440-1-2,161,1,16.708000,,,,,,,,,,0
timing-2560x1440-1-2,162,1,16.747000,,,,,,,,,,0
timing-2560x1440-1-2,163,1,16.917000,,,,,,,,,,0
timing-2560x1440-1-2,164,1,16.866000,,,,,,,,,,0
timing-2560x1440-1-2,165,1,16.952000,,,,,,,,,,0
timing-2560x1440-1-2,166,1,16.731000,,,,,,,,,,0
timing-2560x1440-1-2,167,1,16.907000,,,,,,,,,,0
timing-2560x1440-1-2,168,1,17.024000,,,,,,,,,,0
timing-2560x1440-1-2,169,1,17.039000,,,,,,,,,,0
timing-2560x1440-1-2,170,1,17.208000,,,,,,,,,,0
timing-2560x1440-1-2,171,1,16.901000,,,,,,,,,,0
timing-2560x1440-1-2,172,1,16.932000,,,,,,,,,,0
timing-2560x1440-1-2,173,1,16.918000,,,,,,,,,,0
timing-2560x1440-1-2,174,1,17.045000,,,,,,,,,,0
timing-2560x1440-1-2,175,1,16.742000,,,,,,,,,,0
timing-2560x1440-1-2,176,1,16.953000,,,,,,,,,,0
timing-2560x1440-1-2,177,1,16.819000,,,,,,,,,,0
timing-2560x1440-1-2,178,1,16.719000,,,,,,,,,,0
timing-2560x1440-1-2,179,1,16.712000,,,,,,,,,,0
timing-2560x1440-1-2,180,1,16.984000,,,,,,,,,,0
timing-2560x1440-1-2,181,1,16.906000,,,,,,,,,,0
timing-2560x1440-1-2,182,1,16.764000,,,,,,,,,,0
timing-2560x1440-1-2,183,1,16.788000,,,,,,,,,,0
timing-2560x1440-1-2,184,1,16.877000,,,,,,,,,,0
timing-2560x1440-1-2,185,1,16.945000,,,,,,,,,,0
timing-2560x1440-1-2,186,1,16.931000,,,,,,,,,,0
timing-2560x1440-1-2,187,1,16.970000,,,,,,,,,,0
timing-2560x1440-1-2,188,1,16.663000,,,,,,,,,,0
timing-2560x1440-1-2,189,1,16.712000,,,,,,,,,,0
timing-2560x1440-1-2,190,1,17.053000,,,,,,,,,,0
timing-2560x1440-1-2,191,1,16.745000,,,,,,,,,,0
timing-2560x1440-1-2,192,1,16.608000,,,,,,,,,,0
timing-2560x1440-1-2,193,1,16.795000,,,,,,,,,,0
timing-2560x1440-1-2,194,1,16.864000,,,,,,,,,,0
timing-2560x1440-1-2,195,1,16.818000,,,,,,,,,,0
timing-2560x1440-1-2,196,1,16.737000,,,,,,,,,,0
timing-2560x1440-1-2,197,1,16.923000,,,,,,,,,,0
timing-2560x1440-1-2,198,1,16.949000,,,,,,,,,,0
timing-2560x1440-1-2,199,1,16.843000,,,,,,,,,,0
timing-2560x1440-1-2,200,1,16.707000,,,,,,,,,,0
timing-2560x1440-1-2,201,1,16.896000,,,,,,,,,,0
timing-2560x1440-1-2,202,1,16.725000,,,,,,,,,,0
timing-2560x1440-1-2,203,1,16.708000,,,,,,,,,,0
timing-2560x1440-1-2,204,1,16.940000,,,,,,,,,,0
timing-2560x1440-1-2,205,1,17.064000,,,,,,,,,,0
timing-2560x1440-1-2,206,1,16.837000,,,,,,,,,,0
timing-2560x1440-1-2,207,1,16.791000,,,,,,,,,,0
timing-2560x1440-1-2,208,1,16.864000,,,,,,,,,,0
timing-2560x1440-1-2,209,1,16.872000,,,,,,,,,,0
timing-2560x1440-1-2,210,1,16.959000,,,,,,,,,,0
timing-2560x1440-1-2,211,1,16.884000,,,,,,,,,,0
timing-2560x1440-1-2,212,1,16.829000,,,,,,,,,,0
timing-2560x1440-1-2,213,1,16.837000,,,,,,,,,,0
timing-2560x1440-1-2,214,1,16.920000,,,,,,,,,,0
timing-2560x1440-1-2,215,1,16.750000,,,,,,,,,,0
timing-2560x1440-1-2,216,1,16.737000,,,,,,,,,,0
timing-2560x1440-1-2,217,1,16.920000,,,,,,,,,,0
timing-2560x1440-1-2,218,1,16.978000,,,,,,,,,,0
timing-2560x1440-1-2,219,1,16.880000,,,,,,,,,,0
timing-2560x1440-1-2,220,1,16.691000,,,,,,,,,,0
timing-2560x1440-1-2,221,1,16.941000,,,,,,,,,,0
timing-2560x1440-1-2,222,1,16.928000,,,,,,,,,,0
timing-2560x1440-1-2,223,1,16.673000,,,,,,,,,,0
timing-2560x1440-1-2,224,1,16.967000,,,,,,,,,,0
timing-2560x1440-1-2,225,1,16.957000,,,,,,,,,,0
timing-2560x1440-1-2,226,1,16.679000,,,,,,,,,,0
timing-2560x1440-1-2,227,1,16.880000,,,,,,,,,,0
timing-2560x1440-1-2,228,1,16.832000,,,,,,,,,,0
timing-2560x1440-1-2,229,1,16.930000,,,,,,,,,,0
timing-2560x1440-1-2,230,1,16.859000,,,,,,,,,,0
timing-2560x1440-1-2,231,1,16.686000,,,,,,,,,,0
timing-2560x1440-1-2,232,1,16.701000,,,,,,,,,,0
timing-2560x1440-1-2,233,1,16.956000,,,,,,,,,,0
timing-2560x1440-1-2,234,1,16.880000,,,,,,,,,,0
timing-2560x1440-1-2,235,1,16.662000,,,,,,,,,,0
timing-2560x1440-1-2,236,1,16.841000,,,,,,,,,,0
timing-2560x1440-1-2,237,1,17.116000,,,,,,,,,,0
timing-2560x1440-1-2,238,1,16.826000,,,,,,,,,,0
timing-2560x1440-1-2,239,1,16.796000,,,,,,,,,,0
timing-2560x1440-1-2,240,1,17.024000,,,,,,,,,,0
timing-2560x1440-1-2,241,1,16.858000,,,,,,,,,,0
timing-2560x1440-1-2,242,1,16.900000,,,,,,,,,,0
timing-2560x1440-1-2,243,1,16.861000,,,,,,,,,,0
timing-2560x1440-1-2,244,1,16.840000,,,,,,,,,,0
timing-2560x1440-1-2,245,1,17.052000,,,,,,,,,,0
timing-2560x1440-1-2,246,1,16.781000,,,,,,,,,,0
timing-2560x1440-1-2,247,1,16.767000,,,,,,,,,,0
timing-2560x1440-1-2,248,1,16.667000,,,,,,,,,,0
timing-2560x1440-1-2,249,1,16.970000,,,,,,,,,,0
timing-2560x1440-1-2,250,1,16.867000,,,,,,,,,,0
timing-2560x1440-1-2,251,1,16.982000,,,,,,,,,,0
timing-2560x1440-1-2,252,1,16.711000,,,,,,,,,,0
timing-2560x1440-1-2,253,1,16.756000,,,,,,,,,,0
timing-2560x1440-1-2,254,1,16.843000,,,,,,,,,,0
timing-2560x1440-1-2,255,1,16.990000,,,,,,,,,,0
timing-2560x1440-1-2,256,1,17.326000,,,,,,,,,,0
timing-2560x1440-1-2,257,1,17.035000,,,,,,,,,,0
timing-2560x1440-1-2,258,1,16.863000,,,,,,,,,,0
timing-2560x1440-1-2,259,1,16.791000,,,,,,,,,,0
timing-2560x1440-1-2,260,1,16.932000,,,,,,,,,,0
timing-2560x1440-1-2,261,1,16.770000,,,,,,,,,,0
timing-2560x1440-1-2,262,1,16.723000,,,,,,,,,,0
timing-2560x1440-1-2,263,1,16.996000,,,,,,,,,,0
timing-2560x1440-1-2,264,1,16.801000,,,,,,,,,,0
timing-2560x1440-1-2,265,1,16.684000,,,,,,,,,,0
timing-2560x1440-1-2,266,1,16.706000,,,,,,,,,,0
timing-2560x1440-1-2,267,1,16.801000,,,,,,,,,,0
timing-2560x1440-1-2,268,1,17.005000,,,,,,,,,,0
timing-2560x1440-1-2,269,1,16.875000,,,,,,,,,,0
timing-2560x1440-1-2,270,1,16.768000,,,,,,,,,,0
timing-2560x1440-1-2,271,1,17.060000,,,,,,,,,,0
timing-2560x1440-1-2,272,1,16.952000,,,,,,,,,,0
timing-2560x1440-1-2,273,1,16.681000,,,,,,,,,,0
timing-2560x1440-1-2,274,1,16.705000,,,,,,,,,,0
timing-2560x1440-1-2,275,1,16.818000,,,,,,,,,,0
timing-2560x1440-1-2,276,1,16.717000,,,,,,,,,,0
timing-2560x1440-1-2,277,1,16.938000,,,,,,,,,,0
timing-2560x1440-1-2,278,1,17.016000,,,,,,,,,,0
timing-2560x1440-1-2,279,1,16.833000,,,,,,,,,,0
timing-2560x1440-1-2,280,1,16.713000,,,,,,,,,,0
timing-2560x1440-1-2,281,1,16.862000,,,,,,,,,,0
timing-2560x1440-1-2,282,1,16.836000,,,,,,,,,,0
timing-2560x1440-1-2,283,1,16.667000,,,,,,,,,,0
timing-2560x1440-1-2,284,1,16.864000,,,,,,,,,,0
timing-2560x1440-1-2,285,1,16.877000,,,,,,,,,,0
timing-2560x1440-1-2,286,1,16.988000,,,,,,,,,,0
timing-2560x1440-1-2,287,1,16.909000,,,,,,,,,,0
timing-2560x1440-1-2,288,1,16.963000,,,,,,,,,,0
timing-2560x1440-1-2,289,1,16.887000,,,,,,,,,,0
timing-2560x1440-1-2,290,1,16.741000,,,,,,,,,,0
timing-2560x1440-1-2,291,1,16.759000,,,,,,,,,,0
timing-2560x1440-1-2,292,1,16.872000,,,,,,,,,,0
timing-2560x1440-1-2,293,1,16.913000,,,,,,,,,,0
timing-2560x1440-1-2,294,1,16.755000,,,,,,,,,,0
timing-2560x1440-1-2,295,1,16.915000,,,,,,,,,,0
timing-2560x1440-1-2,296,1,16.669000,,,,,,,,,,0
timing-2560x1440-1-2,297,1,16.856000,,,,,,,,,,0
timing-2560x1440-1-2,298,1,16.956000,,,,,,,,,,0
timing-2560x1440-1-2,299,1,16.750000,,,,,,,,,,0
timing-2560x1440-1-2,300,1,16.887000,,,,,,,,,,0
timing-2560x1440-1-2,301,1,16.911000,,,,,,,,,,0
timing-2560x1440-1-2,302,1,17.032000,,,,,,,,,,0
timing-2560x1440-1-2,303,1,17.082000,,,,,,,,,,0
timing-2560x1440-1-2,304,1,16.902000,,,,,,,,,,0
timing-2560x1440-1-2,305,1,17.025000,,,,,,,,,,0
timing-2560x1440-1-2,306,1,16.929000,,,,,,,,,,0
timing-2560x1440-1-2,307,1,17.083000,,,,,,,,,,0
timing-2560x1440-1-2,308,1,16.700000,,,,,,,,,,0
timing-2560x1440-1-2,309,1,16.737000,,,,,,,,,,0
timing-2560x1440-1-2,310,1,16.862000,,,,,,,,,,0
timing-2560x1440-1-2,311,1,16.845000,,,,,,,,,,0
timing-2560x1440-1-2,312,1,16.721000,,,,,,,,,,0
timing-2560x1440-1-2,313,1,16.960000,,,,,,,,,,0
timing-2560x1440-1-2,314,1,16.894000,,,,,,,,,,0
timing-2560x1440-1-2,315,1,16.967000,,,,,,,,,,0
timing-2560x1440-1-2,316,1,16.837000,,,,,,,,,,0
timing-2560x1440-1-2,317,1,16.888000,,,,,,,,,,0
timing-2560x1440-1-2,318,1,16.858000,,,,,,,,,,0
timing-2560x1440-1-2,319,1,17.015000,0,0,0.999511719,0.359683349,0.403534527,1325,232,0,0,1
timing-2560x1440-1-3,0,1,1180.705000,0,0,0.999511719,0.359683349,0.403534527,1325,232,0,0,1
timing-2560x1440-1-3,1,1,26.013000,,,,,,,,,,0
timing-2560x1440-1-3,2,1,17.337000,,,,,,,,,,0
timing-2560x1440-1-3,3,1,16.965000,,,,,,,,,,0
timing-2560x1440-1-3,4,1,16.988000,,,,,,,,,,0
timing-2560x1440-1-3,5,1,16.960000,,,,,,,,,,0
timing-2560x1440-1-3,6,1,16.756000,,,,,,,,,,0
timing-2560x1440-1-3,7,1,16.749000,,,,,,,,,,0
timing-2560x1440-1-3,8,1,16.863000,,,,,,,,,,0
timing-2560x1440-1-3,9,1,16.874000,,,,,,,,,,0
timing-2560x1440-1-3,10,1,16.948000,,,,,,,,,,0
timing-2560x1440-1-3,11,1,17.071000,,,,,,,,,,0
timing-2560x1440-1-3,12,1,16.930000,,,,,,,,,,0
timing-2560x1440-1-3,13,1,16.999000,,,,,,,,,,0
timing-2560x1440-1-3,14,1,17.054000,,,,,,,,,,0
timing-2560x1440-1-3,15,1,17.100000,,,,,,,,,,0
timing-2560x1440-1-3,16,1,16.738000,,,,,,,,,,0
timing-2560x1440-1-3,17,1,16.929000,,,,,,,,,,0
timing-2560x1440-1-3,18,1,16.761000,,,,,,,,,,0
timing-2560x1440-1-3,19,1,16.665000,,,,,,,,,,0
timing-2560x1440-1-3,20,1,16.705000,,,,,,,,,,0
timing-2560x1440-1-3,21,1,16.845000,,,,,,,,,,0
timing-2560x1440-1-3,22,1,16.637000,,,,,,,,,,0
timing-2560x1440-1-3,23,1,16.823000,,,,,,,,,,0
timing-2560x1440-1-3,24,1,16.876000,,,,,,,,,,0
timing-2560x1440-1-3,25,1,16.771000,,,,,,,,,,0
timing-2560x1440-1-3,26,1,16.776000,,,,,,,,,,0
timing-2560x1440-1-3,27,1,16.955000,,,,,,,,,,0
timing-2560x1440-1-3,28,1,16.775000,,,,,,,,,,0
timing-2560x1440-1-3,29,1,16.713000,,,,,,,,,,0
timing-2560x1440-1-3,30,1,16.681000,,,,,,,,,,0
timing-2560x1440-1-3,31,1,16.892000,,,,,,,,,,0
timing-2560x1440-1-3,32,1,16.832000,,,,,,,,,,0
timing-2560x1440-1-3,33,1,16.716000,,,,,,,,,,0
timing-2560x1440-1-3,34,1,16.782000,,,,,,,,,,0
timing-2560x1440-1-3,35,1,16.750000,,,,,,,,,,0
timing-2560x1440-1-3,36,1,16.892000,,,,,,,,,,0
timing-2560x1440-1-3,37,1,16.740000,,,,,,,,,,0
timing-2560x1440-1-3,38,1,16.862000,,,,,,,,,,0
timing-2560x1440-1-3,39,1,16.917000,,,,,,,,,,0
timing-2560x1440-1-3,40,1,16.651000,,,,,,,,,,0
timing-2560x1440-1-3,41,1,16.880000,,,,,,,,,,0
timing-2560x1440-1-3,42,1,16.936000,,,,,,,,,,0
timing-2560x1440-1-3,43,1,16.794000,,,,,,,,,,0
timing-2560x1440-1-3,44,1,16.837000,,,,,,,,,,0
timing-2560x1440-1-3,45,1,16.716000,,,,,,,,,,0
timing-2560x1440-1-3,46,1,17.087000,,,,,,,,,,0
timing-2560x1440-1-3,47,1,16.702000,,,,,,,,,,0
timing-2560x1440-1-3,48,1,16.772000,,,,,,,,,,0
timing-2560x1440-1-3,49,1,16.803000,,,,,,,,,,0
timing-2560x1440-1-3,50,1,16.996000,,,,,,,,,,0
timing-2560x1440-1-3,51,1,16.998000,,,,,,,,,,0
timing-2560x1440-1-3,52,1,16.828000,,,,,,,,,,0
timing-2560x1440-1-3,53,1,16.954000,,,,,,,,,,0
timing-2560x1440-1-3,54,1,16.821000,,,,,,,,,,0
timing-2560x1440-1-3,55,1,16.899000,,,,,,,,,,0
timing-2560x1440-1-3,56,1,16.976000,,,,,,,,,,0
timing-2560x1440-1-3,57,1,17.016000,,,,,,,,,,0
timing-2560x1440-1-3,58,1,16.789000,,,,,,,,,,0
timing-2560x1440-1-3,59,1,16.828000,,,,,,,,,,0
timing-2560x1440-1-3,60,1,16.847000,,,,,,,,,,0
timing-2560x1440-1-3,61,1,16.931000,,,,,,,,,,0
timing-2560x1440-1-3,62,1,17.077000,,,,,,,,,,0
timing-2560x1440-1-3,63,1,16.953000,,,,,,,,,,0
timing-2560x1440-1-3,64,1,17.093000,,,,,,,,,,0
timing-2560x1440-1-3,65,1,17.272000,,,,,,,,,,0
timing-2560x1440-1-3,66,1,16.978000,,,,,,,,,,0
timing-2560x1440-1-3,67,1,17.029000,,,,,,,,,,0
timing-2560x1440-1-3,68,1,16.899000,,,,,,,,,,0
timing-2560x1440-1-3,69,1,17.029000,,,,,,,,,,0
timing-2560x1440-1-3,70,1,16.933000,,,,,,,,,,0
timing-2560x1440-1-3,71,1,17.018000,,,,,,,,,,0
timing-2560x1440-1-3,72,1,17.190000,,,,,,,,,,0
timing-2560x1440-1-3,73,1,17.189000,,,,,,,,,,0
timing-2560x1440-1-3,74,1,17.212000,,,,,,,,,,0
timing-2560x1440-1-3,75,1,17.071000,,,,,,,,,,0
timing-2560x1440-1-3,76,1,16.990000,,,,,,,,,,0
timing-2560x1440-1-3,77,1,17.161000,,,,,,,,,,0
timing-2560x1440-1-3,78,1,17.219000,,,,,,,,,,0
timing-2560x1440-1-3,79,1,16.831000,,,,,,,,,,0
timing-2560x1440-1-3,80,1,17.163000,,,,,,,,,,0
timing-2560x1440-1-3,81,1,17.172000,,,,,,,,,,0
timing-2560x1440-1-3,82,1,17.001000,,,,,,,,,,0
timing-2560x1440-1-3,83,1,17.105000,,,,,,,,,,0
timing-2560x1440-1-3,84,1,17.058000,,,,,,,,,,0
timing-2560x1440-1-3,85,1,17.089000,,,,,,,,,,0
timing-2560x1440-1-3,86,1,17.030000,,,,,,,,,,0
timing-2560x1440-1-3,87,1,17.018000,,,,,,,,,,0
timing-2560x1440-1-3,88,1,16.948000,,,,,,,,,,0
timing-2560x1440-1-3,89,1,16.906000,,,,,,,,,,0
timing-2560x1440-1-3,90,1,17.126000,,,,,,,,,,0
timing-2560x1440-1-3,91,1,16.918000,,,,,,,,,,0
timing-2560x1440-1-3,92,1,16.966000,,,,,,,,,,0
timing-2560x1440-1-3,93,1,16.940000,,,,,,,,,,0
timing-2560x1440-1-3,94,1,17.089000,,,,,,,,,,0
timing-2560x1440-1-3,95,1,16.759000,,,,,,,,,,0
timing-2560x1440-1-3,96,1,16.943000,,,,,,,,,,0
timing-2560x1440-1-3,97,1,16.876000,,,,,,,,,,0
timing-2560x1440-1-3,98,1,16.949000,,,,,,,,,,0
timing-2560x1440-1-3,99,1,17.108000,,,,,,,,,,0
timing-2560x1440-1-3,100,1,16.986000,,,,,,,,,,0
timing-2560x1440-1-3,101,1,16.905000,,,,,,,,,,0
timing-2560x1440-1-3,102,1,16.927000,,,,,,,,,,0
timing-2560x1440-1-3,103,1,16.914000,,,,,,,,,,0
timing-2560x1440-1-3,104,1,16.970000,,,,,,,,,,0
timing-2560x1440-1-3,105,1,17.000000,,,,,,,,,,0
timing-2560x1440-1-3,106,1,17.125000,,,,,,,,,,0
timing-2560x1440-1-3,107,1,17.110000,,,,,,,,,,0
timing-2560x1440-1-3,108,1,17.068000,,,,,,,,,,0
timing-2560x1440-1-3,109,1,16.868000,,,,,,,,,,0
timing-2560x1440-1-3,110,1,16.975000,,,,,,,,,,0
timing-2560x1440-1-3,111,1,17.011000,,,,,,,,,,0
timing-2560x1440-1-3,112,1,16.994000,,,,,,,,,,0
timing-2560x1440-1-3,113,1,16.872000,,,,,,,,,,0
timing-2560x1440-1-3,114,1,16.725000,,,,,,,,,,0
timing-2560x1440-1-3,115,1,16.919000,,,,,,,,,,0
timing-2560x1440-1-3,116,1,16.997000,,,,,,,,,,0
timing-2560x1440-1-3,117,1,16.927000,,,,,,,,,,0
timing-2560x1440-1-3,118,1,17.018000,,,,,,,,,,0
timing-2560x1440-1-3,119,1,17.072000,,,,,,,,,,0
timing-2560x1440-1-3,120,1,17.143000,,,,,,,,,,0
timing-2560x1440-1-3,121,1,16.964000,,,,,,,,,,0
timing-2560x1440-1-3,122,1,16.950000,,,,,,,,,,0
timing-2560x1440-1-3,123,1,16.993000,,,,,,,,,,0
timing-2560x1440-1-3,124,1,17.018000,,,,,,,,,,0
timing-2560x1440-1-3,125,1,16.969000,,,,,,,,,,0
timing-2560x1440-1-3,126,1,16.962000,,,,,,,,,,0
timing-2560x1440-1-3,127,1,17.227000,,,,,,,,,,0
timing-2560x1440-1-3,128,1,17.108000,,,,,,,,,,0
timing-2560x1440-1-3,129,1,16.831000,,,,,,,,,,0
timing-2560x1440-1-3,130,1,16.858000,,,,,,,,,,0
timing-2560x1440-1-3,131,1,17.110000,,,,,,,,,,0
timing-2560x1440-1-3,132,1,16.967000,,,,,,,,,,0
timing-2560x1440-1-3,133,1,17.135000,,,,,,,,,,0
timing-2560x1440-1-3,134,1,17.076000,,,,,,,,,,0
timing-2560x1440-1-3,135,1,16.899000,,,,,,,,,,0
timing-2560x1440-1-3,136,1,16.705000,,,,,,,,,,0
timing-2560x1440-1-3,137,1,16.879000,,,,,,,,,,0
timing-2560x1440-1-3,138,1,16.985000,,,,,,,,,,0
timing-2560x1440-1-3,139,1,16.878000,,,,,,,,,,0
timing-2560x1440-1-3,140,1,16.816000,,,,,,,,,,0
timing-2560x1440-1-3,141,1,16.965000,,,,,,,,,,0
timing-2560x1440-1-3,142,1,16.865000,,,,,,,,,,0
timing-2560x1440-1-3,143,1,16.932000,,,,,,,,,,0
timing-2560x1440-1-3,144,1,16.865000,,,,,,,,,,0
timing-2560x1440-1-3,145,1,17.131000,,,,,,,,,,0
timing-2560x1440-1-3,146,1,16.827000,,,,,,,,,,0
timing-2560x1440-1-3,147,1,17.116000,,,,,,,,,,0
timing-2560x1440-1-3,148,1,17.010000,,,,,,,,,,0
timing-2560x1440-1-3,149,1,17.025000,,,,,,,,,,0
timing-2560x1440-1-3,150,1,17.040000,,,,,,,,,,0
timing-2560x1440-1-3,151,1,17.050000,,,,,,,,,,0
timing-2560x1440-1-3,152,1,16.803000,,,,,,,,,,0
timing-2560x1440-1-3,153,1,16.776000,,,,,,,,,,0
timing-2560x1440-1-3,154,1,16.968000,,,,,,,,,,0
timing-2560x1440-1-3,155,1,16.845000,,,,,,,,,,0
timing-2560x1440-1-3,156,1,17.004000,,,,,,,,,,0
timing-2560x1440-1-3,157,1,16.888000,,,,,,,,,,0
timing-2560x1440-1-3,158,1,16.910000,,,,,,,,,,0
timing-2560x1440-1-3,159,1,16.805000,,,,,,,,,,0
timing-2560x1440-1-3,160,1,16.854000,,,,,,,,,,0
timing-2560x1440-1-3,161,1,16.821000,,,,,,,,,,0
timing-2560x1440-1-3,162,1,17.040000,,,,,,,,,,0
timing-2560x1440-1-3,163,1,16.952000,,,,,,,,,,0
timing-2560x1440-1-3,164,1,16.985000,,,,,,,,,,0
timing-2560x1440-1-3,165,1,17.090000,,,,,,,,,,0
timing-2560x1440-1-3,166,1,16.925000,,,,,,,,,,0
timing-2560x1440-1-3,167,1,16.982000,,,,,,,,,,0
timing-2560x1440-1-3,168,1,16.868000,,,,,,,,,,0
timing-2560x1440-1-3,169,1,16.993000,,,,,,,,,,0
timing-2560x1440-1-3,170,1,16.813000,,,,,,,,,,0
timing-2560x1440-1-3,171,1,16.669000,,,,,,,,,,0
timing-2560x1440-1-3,172,1,17.033000,,,,,,,,,,0
timing-2560x1440-1-3,173,1,16.931000,,,,,,,,,,0
timing-2560x1440-1-3,174,1,17.058000,,,,,,,,,,0
timing-2560x1440-1-3,175,1,16.757000,,,,,,,,,,0
timing-2560x1440-1-3,176,1,16.922000,,,,,,,,,,0
timing-2560x1440-1-3,177,1,17.130000,,,,,,,,,,0
timing-2560x1440-1-3,178,1,16.902000,,,,,,,,,,0
timing-2560x1440-1-3,179,1,16.946000,,,,,,,,,,0
timing-2560x1440-1-3,180,1,16.817000,,,,,,,,,,0
timing-2560x1440-1-3,181,1,16.999000,,,,,,,,,,0
timing-2560x1440-1-3,182,1,17.064000,,,,,,,,,,0
timing-2560x1440-1-3,183,1,16.930000,,,,,,,,,,0
timing-2560x1440-1-3,184,1,17.046000,,,,,,,,,,0
timing-2560x1440-1-3,185,1,16.972000,,,,,,,,,,0
timing-2560x1440-1-3,186,1,17.108000,,,,,,,,,,0
timing-2560x1440-1-3,187,1,16.977000,,,,,,,,,,0
timing-2560x1440-1-3,188,1,16.812000,,,,,,,,,,0
timing-2560x1440-1-3,189,1,17.070000,,,,,,,,,,0
timing-2560x1440-1-3,190,1,16.771000,,,,,,,,,,0
timing-2560x1440-1-3,191,1,16.884000,,,,,,,,,,0
timing-2560x1440-1-3,192,1,17.077000,,,,,,,,,,0
timing-2560x1440-1-3,193,1,16.893000,,,,,,,,,,0
timing-2560x1440-1-3,194,1,16.902000,,,,,,,,,,0
timing-2560x1440-1-3,195,1,16.911000,,,,,,,,,,0
timing-2560x1440-1-3,196,1,17.040000,,,,,,,,,,0
timing-2560x1440-1-3,197,1,17.036000,,,,,,,,,,0
timing-2560x1440-1-3,198,1,17.006000,,,,,,,,,,0
timing-2560x1440-1-3,199,1,16.994000,,,,,,,,,,0
timing-2560x1440-1-3,200,1,16.913000,,,,,,,,,,0
timing-2560x1440-1-3,201,1,17.121000,,,,,,,,,,0
timing-2560x1440-1-3,202,1,17.111000,,,,,,,,,,0
timing-2560x1440-1-3,203,1,17.120000,,,,,,,,,,0
timing-2560x1440-1-3,204,1,17.040000,,,,,,,,,,0
timing-2560x1440-1-3,205,1,17.237000,,,,,,,,,,0
timing-2560x1440-1-3,206,1,17.063000,,,,,,,,,,0
timing-2560x1440-1-3,207,1,17.017000,,,,,,,,,,0
timing-2560x1440-1-3,208,1,17.139000,,,,,,,,,,0
timing-2560x1440-1-3,209,1,16.805000,,,,,,,,,,0
timing-2560x1440-1-3,210,1,17.111000,,,,,,,,,,0
timing-2560x1440-1-3,211,1,16.981000,,,,,,,,,,0
timing-2560x1440-1-3,212,1,16.852000,,,,,,,,,,0
timing-2560x1440-1-3,213,1,16.739000,,,,,,,,,,0
timing-2560x1440-1-3,214,1,17.071000,,,,,,,,,,0
timing-2560x1440-1-3,215,1,17.336000,,,,,,,,,,0
timing-2560x1440-1-3,216,1,16.737000,,,,,,,,,,0
timing-2560x1440-1-3,217,1,16.967000,,,,,,,,,,0
timing-2560x1440-1-3,218,1,17.012000,,,,,,,,,,0
timing-2560x1440-1-3,219,1,16.823000,,,,,,,,,,0
timing-2560x1440-1-3,220,1,17.150000,,,,,,,,,,0
timing-2560x1440-1-3,221,1,16.891000,,,,,,,,,,0
timing-2560x1440-1-3,222,1,16.986000,,,,,,,,,,0
timing-2560x1440-1-3,223,1,16.955000,,,,,,,,,,0
timing-2560x1440-1-3,224,1,16.895000,,,,,,,,,,0
timing-2560x1440-1-3,225,1,16.899000,,,,,,,,,,0
timing-2560x1440-1-3,226,1,16.964000,,,,,,,,,,0
timing-2560x1440-1-3,227,1,17.069000,,,,,,,,,,0
timing-2560x1440-1-3,228,1,17.146000,,,,,,,,,,0
timing-2560x1440-1-3,229,1,16.759000,,,,,,,,,,0
timing-2560x1440-1-3,230,1,16.888000,,,,,,,,,,0
timing-2560x1440-1-3,231,1,16.959000,,,,,,,,,,0
timing-2560x1440-1-3,232,1,17.082000,,,,,,,,,,0
timing-2560x1440-1-3,233,1,17.017000,,,,,,,,,,0
timing-2560x1440-1-3,234,1,17.011000,,,,,,,,,,0
timing-2560x1440-1-3,235,1,17.168000,,,,,,,,,,0
timing-2560x1440-1-3,236,1,17.096000,,,,,,,,,,0
timing-2560x1440-1-3,237,1,16.714000,,,,,,,,,,0
timing-2560x1440-1-3,238,1,16.906000,,,,,,,,,,0
timing-2560x1440-1-3,239,1,17.159000,,,,,,,,,,0
timing-2560x1440-1-3,240,1,16.979000,,,,,,,,,,0
timing-2560x1440-1-3,241,1,16.683000,,,,,,,,,,0
timing-2560x1440-1-3,242,1,17.350000,,,,,,,,,,0
timing-2560x1440-1-3,243,1,17.053000,,,,,,,,,,0
timing-2560x1440-1-3,244,1,17.083000,,,,,,,,,,0
timing-2560x1440-1-3,245,1,17.056000,,,,,,,,,,0
timing-2560x1440-1-3,246,1,17.037000,,,,,,,,,,0
timing-2560x1440-1-3,247,1,17.118000,,,,,,,,,,0
timing-2560x1440-1-3,248,1,17.085000,,,,,,,,,,0
timing-2560x1440-1-3,249,1,16.980000,,,,,,,,,,0
timing-2560x1440-1-3,250,1,17.024000,,,,,,,,,,0
timing-2560x1440-1-3,251,1,16.870000,,,,,,,,,,0
timing-2560x1440-1-3,252,1,17.429000,,,,,,,,,,0
timing-2560x1440-1-3,253,1,16.664000,,,,,,,,,,0
timing-2560x1440-1-3,254,1,16.947000,,,,,,,,,,0
timing-2560x1440-1-3,255,1,17.075000,,,,,,,,,,0
timing-2560x1440-1-3,256,1,16.849000,,,,,,,,,,0
timing-2560x1440-1-3,257,1,17.054000,,,,,,,,,,0
timing-2560x1440-1-3,258,1,16.965000,,,,,,,,,,0
timing-2560x1440-1-3,259,1,17.110000,,,,,,,,,,0
timing-2560x1440-1-3,260,1,16.924000,,,,,,,,,,0
timing-2560x1440-1-3,261,1,16.861000,,,,,,,,,,0
timing-2560x1440-1-3,262,1,16.866000,,,,,,,,,,0
timing-2560x1440-1-3,263,1,17.093000,,,,,,,,,,0
timing-2560x1440-1-3,264,1,17.054000,,,,,,,,,,0
timing-2560x1440-1-3,265,1,16.786000,,,,,,,,,,0
timing-2560x1440-1-3,266,1,16.704000,,,,,,,,,,0
timing-2560x1440-1-3,267,1,16.851000,,,,,,,,,,0
timing-2560x1440-1-3,268,1,17.118000,,,,,,,,,,0
timing-2560x1440-1-3,269,1,17.034000,,,,,,,,,,0
timing-2560x1440-1-3,270,1,16.966000,,,,,,,,,,0
timing-2560x1440-1-3,271,1,16.924000,,,,,,,,,,0
timing-2560x1440-1-3,272,1,16.852000,,,,,,,,,,0
timing-2560x1440-1-3,273,1,16.816000,,,,,,,,,,0
timing-2560x1440-1-3,274,1,17.251000,,,,,,,,,,0
timing-2560x1440-1-3,275,1,17.002000,,,,,,,,,,0
timing-2560x1440-1-3,276,1,16.957000,,,,,,,,,,0
timing-2560x1440-1-3,277,1,17.078000,,,,,,,,,,0
timing-2560x1440-1-3,278,1,17.082000,,,,,,,,,,0
timing-2560x1440-1-3,279,1,16.868000,,,,,,,,,,0
timing-2560x1440-1-3,280,1,16.942000,,,,,,,,,,0
timing-2560x1440-1-3,281,1,17.086000,,,,,,,,,,0
timing-2560x1440-1-3,282,1,17.062000,,,,,,,,,,0
timing-2560x1440-1-3,283,1,17.077000,,,,,,,,,,0
timing-2560x1440-1-3,284,1,16.883000,,,,,,,,,,0
timing-2560x1440-1-3,285,1,16.812000,,,,,,,,,,0
timing-2560x1440-1-3,286,1,16.924000,,,,,,,,,,0
timing-2560x1440-1-3,287,1,17.014000,,,,,,,,,,0
timing-2560x1440-1-3,288,1,17.051000,,,,,,,,,,0
timing-2560x1440-1-3,289,1,16.746000,,,,,,,,,,0
timing-2560x1440-1-3,290,1,16.711000,,,,,,,,,,0
timing-2560x1440-1-3,291,1,16.943000,,,,,,,,,,0
timing-2560x1440-1-3,292,1,17.009000,,,,,,,,,,0
timing-2560x1440-1-3,293,1,16.931000,,,,,,,,,,0
timing-2560x1440-1-3,294,1,17.020000,,,,,,,,,,0
timing-2560x1440-1-3,295,1,16.948000,,,,,,,,,,0
timing-2560x1440-1-3,296,1,16.823000,,,,,,,,,,0
timing-2560x1440-1-3,297,1,16.825000,,,,,,,,,,0
timing-2560x1440-1-3,298,1,17.019000,,,,,,,,,,0
timing-2560x1440-1-3,299,1,17.147000,,,,,,,,,,0
timing-2560x1440-1-3,300,1,17.025000,,,,,,,,,,0
timing-2560x1440-1-3,301,1,17.184000,,,,,,,,,,0
timing-2560x1440-1-3,302,1,16.947000,,,,,,,,,,0
timing-2560x1440-1-3,303,1,17.006000,,,,,,,,,,0
timing-2560x1440-1-3,304,1,17.106000,,,,,,,,,,0
timing-2560x1440-1-3,305,1,17.150000,,,,,,,,,,0
timing-2560x1440-1-3,306,1,16.743000,,,,,,,,,,0
timing-2560x1440-1-3,307,1,16.772000,,,,,,,,,,0
timing-2560x1440-1-3,308,1,16.920000,,,,,,,,,,0
timing-2560x1440-1-3,309,1,16.911000,,,,,,,,,,0
timing-2560x1440-1-3,310,1,16.827000,,,,,,,,,,0
timing-2560x1440-1-3,311,1,16.767000,,,,,,,,,,0
timing-2560x1440-1-3,312,1,16.997000,,,,,,,,,,0
timing-2560x1440-1-3,313,1,16.840000,,,,,,,,,,0
timing-2560x1440-1-3,314,1,16.987000,,,,,,,,,,0
timing-2560x1440-1-3,315,1,16.843000,,,,,,,,,,0
timing-2560x1440-1-3,316,1,16.962000,,,,,,,,,,0
timing-2560x1440-1-3,317,1,16.960000,,,,,,,,,,0
timing-2560x1440-1-3,318,1,17.046000,,,,,,,,,,0
timing-2560x1440-1-3,319,1,17.139000,0,0,0.999511719,0.359683349,0.403534527,1325,232,0,0,1
timing-2560x1440-2-0,0,1,1219.755000,0,0,0.999511719,0.359683349,0.403534527,1325,232,0,0,1
timing-2560x1440-2-0,1,1,20.619000,,,,,,,,,,0
timing-2560x1440-2-0,2,1,17.750000,,,,,,,,,,0
timing-2560x1440-2-0,3,1,16.839000,,,,,,,,,,0
timing-2560x1440-2-0,4,1,16.773000,,,,,,,,,,0
timing-2560x1440-2-0,5,1,16.797000,,,,,,,,,,0
timing-2560x1440-2-0,6,1,16.934000,,,,,,,,,,0
timing-2560x1440-2-0,7,1,17.085000,,,,,,,,,,0
timing-2560x1440-2-0,8,1,17.061000,,,,,,,,,,0
timing-2560x1440-2-0,9,1,17.188000,,,,,,,,,,0
timing-2560x1440-2-0,10,1,17.189000,,,,,,,,,,0
timing-2560x1440-2-0,11,1,17.206000,,,,,,,,,,0
timing-2560x1440-2-0,12,1,17.174000,,,,,,,,,,0
timing-2560x1440-2-0,13,1,17.060000,,,,,,,,,,0
timing-2560x1440-2-0,14,1,16.963000,,,,,,,,,,0
timing-2560x1440-2-0,15,1,17.076000,,,,,,,,,,0
timing-2560x1440-2-0,16,1,16.687000,,,,,,,,,,0
timing-2560x1440-2-0,17,1,16.887000,,,,,,,,,,0
timing-2560x1440-2-0,18,1,16.858000,,,,,,,,,,0
timing-2560x1440-2-0,19,1,16.695000,,,,,,,,,,0
timing-2560x1440-2-0,20,1,16.728000,,,,,,,,,,0
timing-2560x1440-2-0,21,1,16.809000,,,,,,,,,,0
timing-2560x1440-2-0,22,1,16.671000,,,,,,,,,,0
timing-2560x1440-2-0,23,1,16.967000,,,,,,,,,,0
timing-2560x1440-2-0,24,1,17.039000,,,,,,,,,,0
timing-2560x1440-2-0,25,1,16.576000,,,,,,,,,,0
timing-2560x1440-2-0,26,1,16.738000,,,,,,,,,,0
timing-2560x1440-2-0,27,1,16.791000,,,,,,,,,,0
timing-2560x1440-2-0,28,1,16.633000,,,,,,,,,,0
timing-2560x1440-2-0,29,1,16.669000,,,,,,,,,,0
timing-2560x1440-2-0,30,1,16.776000,,,,,,,,,,0
timing-2560x1440-2-0,31,1,16.549000,,,,,,,,,,0
timing-2560x1440-2-0,32,1,16.885000,,,,,,,,,,0
timing-2560x1440-2-0,33,1,16.785000,,,,,,,,,,0
timing-2560x1440-2-0,34,1,16.741000,,,,,,,,,,0
timing-2560x1440-2-0,35,1,16.767000,,,,,,,,,,0
timing-2560x1440-2-0,36,1,16.777000,,,,,,,,,,0
timing-2560x1440-2-0,37,1,16.965000,,,,,,,,,,0
timing-2560x1440-2-0,38,1,16.769000,,,,,,,,,,0
timing-2560x1440-2-0,39,1,16.694000,,,,,,,,,,0
timing-2560x1440-2-0,40,1,16.784000,,,,,,,,,,0
timing-2560x1440-2-0,41,1,16.884000,,,,,,,,,,0
timing-2560x1440-2-0,42,1,16.815000,,,,,,,,,,0
timing-2560x1440-2-0,43,1,16.889000,,,,,,,,,,0
timing-2560x1440-2-0,44,1,16.924000,,,,,,,,,,0
timing-2560x1440-2-0,45,1,16.923000,,,,,,,,,,0
timing-2560x1440-2-0,46,1,17.038000,,,,,,,,,,0
timing-2560x1440-2-0,47,1,16.910000,,,,,,,,,,0
timing-2560x1440-2-0,48,1,16.986000,,,,,,,,,,0
timing-2560x1440-2-0,49,1,16.937000,,,,,,,,,,0
timing-2560x1440-2-0,50,1,16.801000,,,,,,,,,,0
timing-2560x1440-2-0,51,1,16.848000,,,,,,,,,,0
timing-2560x1440-2-0,52,1,17.034000,,,,,,,,,,0
timing-2560x1440-2-0,53,1,16.776000,,,,,,,,,,0
timing-2560x1440-2-0,54,1,16.740000,,,,,,,,,,0
timing-2560x1440-2-0,55,1,17.067000,,,,,,,,,,0
timing-2560x1440-2-0,56,1,16.985000,,,,,,,,,,0
timing-2560x1440-2-0,57,1,17.055000,,,,,,,,,,0
timing-2560x1440-2-0,58,1,16.799000,,,,,,,,,,0
timing-2560x1440-2-0,59,1,16.777000,,,,,,,,,,0
timing-2560x1440-2-0,60,1,16.802000,,,,,,,,,,0
timing-2560x1440-2-0,61,1,17.060000,,,,,,,,,,0
timing-2560x1440-2-0,62,1,16.885000,,,,,,,,,,0
timing-2560x1440-2-0,63,1,16.614000,,,,,,,,,,0
timing-2560x1440-2-0,64,1,16.896000,,,,,,,,,,0
timing-2560x1440-2-0,65,1,16.916000,,,,,,,,,,0
timing-2560x1440-2-0,66,1,17.046000,,,,,,,,,,0
timing-2560x1440-2-0,67,1,16.919000,,,,,,,,,,0
timing-2560x1440-2-0,68,1,16.990000,,,,,,,,,,0
timing-2560x1440-2-0,69,1,16.931000,,,,,,,,,,0
timing-2560x1440-2-0,70,1,16.787000,,,,,,,,,,0
timing-2560x1440-2-0,71,1,16.708000,,,,,,,,,,0
timing-2560x1440-2-0,72,1,16.849000,,,,,,,,,,0
timing-2560x1440-2-0,73,1,16.880000,,,,,,,,,,0
timing-2560x1440-2-0,74,1,16.730000,,,,,,,,,,0
timing-2560x1440-2-0,75,1,16.987000,,,,,,,,,,0
timing-2560x1440-2-0,76,1,16.845000,,,,,,,,,,0
timing-2560x1440-2-0,77,1,16.754000,,,,,,,,,,0
timing-2560x1440-2-0,78,1,16.818000,,,,,,,,,,0
timing-2560x1440-2-0,79,1,16.754000,,,,,,,,,,0
timing-2560x1440-2-0,80,1,17.146000,,,,,,,,,,0
timing-2560x1440-2-0,81,1,17.111000,,,,,,,,,,0
timing-2560x1440-2-0,82,1,17.095000,,,,,,,,,,0
timing-2560x1440-2-0,83,1,16.970000,,,,,,,,,,0
timing-2560x1440-2-0,84,1,16.943000,,,,,,,,,,0
timing-2560x1440-2-0,85,1,16.904000,,,,,,,,,,0
timing-2560x1440-2-0,86,1,17.034000,,,,,,,,,,0
timing-2560x1440-2-0,87,1,17.100000,,,,,,,,,,0
timing-2560x1440-2-0,88,1,16.959000,,,,,,,,,,0
timing-2560x1440-2-0,89,1,17.015000,,,,,,,,,,0
timing-2560x1440-2-0,90,1,16.935000,,,,,,,,,,0
timing-2560x1440-2-0,91,1,16.809000,,,,,,,,,,0
timing-2560x1440-2-0,92,1,17.147000,,,,,,,,,,0
timing-2560x1440-2-0,93,1,17.063000,,,,,,,,,,0
timing-2560x1440-2-0,94,1,17.199000,,,,,,,,,,0
timing-2560x1440-2-0,95,1,17.233000,,,,,,,,,,0
timing-2560x1440-2-0,96,1,17.236000,,,,,,,,,,0
timing-2560x1440-2-0,97,1,17.059000,,,,,,,,,,0
timing-2560x1440-2-0,98,1,16.988000,,,,,,,,,,0
timing-2560x1440-2-0,99,1,16.709000,,,,,,,,,,0
timing-2560x1440-2-0,100,1,16.935000,,,,,,,,,,0
timing-2560x1440-2-0,101,1,17.112000,,,,,,,,,,0
timing-2560x1440-2-0,102,1,16.997000,,,,,,,,,,0
timing-2560x1440-2-0,103,1,17.012000,,,,,,,,,,0
timing-2560x1440-2-0,104,1,17.030000,,,,,,,,,,0
timing-2560x1440-2-0,105,1,17.095000,,,,,,,,,,0
timing-2560x1440-2-0,106,1,17.039000,,,,,,,,,,0
timing-2560x1440-2-0,107,1,16.916000,,,,,,,,,,0
timing-2560x1440-2-0,108,1,16.999000,,,,,,,,,,0
timing-2560x1440-2-0,109,1,16.968000,,,,,,,,,,0
timing-2560x1440-2-0,110,1,16.636000,,,,,,,,,,0
timing-2560x1440-2-0,111,1,17.150000,,,,,,,,,,0
timing-2560x1440-2-0,112,1,16.863000,,,,,,,,,,0
timing-2560x1440-2-0,113,1,16.985000,,,,,,,,,,0
timing-2560x1440-2-0,114,1,17.071000,,,,,,,,,,0
timing-2560x1440-2-0,115,1,17.135000,,,,,,,,,,0
timing-2560x1440-2-0,116,1,17.047000,,,,,,,,,,0
timing-2560x1440-2-0,117,1,16.927000,,,,,,,,,,0
timing-2560x1440-2-0,118,1,17.052000,,,,,,,,,,0
timing-2560x1440-2-0,119,1,17.022000,,,,,,,,,,0
timing-2560x1440-2-0,120,1,17.020000,,,,,,,,,,0
timing-2560x1440-2-0,121,1,16.908000,,,,,,,,,,0
timing-2560x1440-2-0,122,1,16.918000,,,,,,,,,,0
timing-2560x1440-2-0,123,1,16.822000,,,,,,,,,,0
timing-2560x1440-2-0,124,1,17.094000,,,,,,,,,,0
timing-2560x1440-2-0,125,1,16.817000,,,,,,,,,,0
timing-2560x1440-2-0,126,1,17.074000,,,,,,,,,,0
timing-2560x1440-2-0,127,1,16.783000,,,,,,,,,,0
timing-2560x1440-2-0,128,1,16.763000,,,,,,,,,,0
timing-2560x1440-2-0,129,1,16.803000,,,,,,,,,,0
timing-2560x1440-2-0,130,1,17.080000,,,,,,,,,,0
timing-2560x1440-2-0,131,1,17.007000,,,,,,,,,,0
timing-2560x1440-2-0,132,1,17.044000,,,,,,,,,,0
timing-2560x1440-2-0,133,1,16.957000,,,,,,,,,,0
timing-2560x1440-2-0,134,1,16.989000,,,,,,,,,,0
timing-2560x1440-2-0,135,1,17.183000,,,,,,,,,,0
timing-2560x1440-2-0,136,1,16.877000,,,,,,,,,,0
timing-2560x1440-2-0,137,1,17.189000,,,,,,,,,,0
timing-2560x1440-2-0,138,1,16.955000,,,,,,,,,,0
timing-2560x1440-2-0,139,1,16.993000,,,,,,,,,,0
timing-2560x1440-2-0,140,1,16.984000,,,,,,,,,,0
timing-2560x1440-2-0,141,1,16.820000,,,,,,,,,,0
timing-2560x1440-2-0,142,1,16.696000,,,,,,,,,,0
timing-2560x1440-2-0,143,1,17.183000,,,,,,,,,,0
timing-2560x1440-2-0,144,1,16.613000,,,,,,,,,,0
timing-2560x1440-2-0,145,1,16.909000,,,,,,,,,,0
timing-2560x1440-2-0,146,1,17.182000,,,,,,,,,,0
timing-2560x1440-2-0,147,1,16.976000,,,,,,,,,,0
timing-2560x1440-2-0,148,1,16.953000,,,,,,,,,,0
timing-2560x1440-2-0,149,1,17.007000,,,,,,,,,,0
timing-2560x1440-2-0,150,1,17.042000,,,,,,,,,,0
timing-2560x1440-2-0,151,1,16.836000,,,,,,,,,,0
timing-2560x1440-2-0,152,1,16.944000,,,,,,,,,,0
timing-2560x1440-2-0,153,1,17.070000,,,,,,,,,,0
timing-2560x1440-2-0,154,1,16.873000,,,,,,,,,,0
timing-2560x1440-2-0,155,1,16.989000,,,,,,,,,,0
timing-2560x1440-2-0,156,1,17.065000,,,,,,,,,,0
timing-2560x1440-2-0,157,1,16.943000,,,,,,,,,,0
timing-2560x1440-2-0,158,1,17.128000,,,,,,,,,,0
timing-2560x1440-2-0,159,1,17.098000,,,,,,,,,,0
timing-2560x1440-2-0,160,1,16.791000,,,,,,,,,,0
timing-2560x1440-2-0,161,1,16.900000,,,,,,,,,,0
timing-2560x1440-2-0,162,1,16.986000,,,,,,,,,,0
timing-2560x1440-2-0,163,1,16.816000,,,,,,,,,,0
timing-2560x1440-2-0,164,1,16.905000,,,,,,,,,,0
timing-2560x1440-2-0,165,1,16.930000,,,,,,,,,,0
timing-2560x1440-2-0,166,1,17.112000,,,,,,,,,,0
timing-2560x1440-2-0,167,1,16.902000,,,,,,,,,,0
timing-2560x1440-2-0,168,1,16.904000,,,,,,,,,,0
timing-2560x1440-2-0,169,1,16.849000,,,,,,,,,,0
timing-2560x1440-2-0,170,1,16.931000,,,,,,,,,,0
timing-2560x1440-2-0,171,1,16.982000,,,,,,,,,,0
timing-2560x1440-2-0,172,1,17.011000,,,,,,,,,,0
timing-2560x1440-2-0,173,1,16.943000,,,,,,,,,,0
timing-2560x1440-2-0,174,1,16.975000,,,,,,,,,,0
timing-2560x1440-2-0,175,1,16.999000,,,,,,,,,,0
timing-2560x1440-2-0,176,1,17.053000,,,,,,,,,,0
timing-2560x1440-2-0,177,1,16.882000,,,,,,,,,,0
timing-2560x1440-2-0,178,1,16.882000,,,,,,,,,,0
timing-2560x1440-2-0,179,1,16.864000,,,,,,,,,,0
timing-2560x1440-2-0,180,1,16.943000,,,,,,,,,,0
timing-2560x1440-2-0,181,1,16.792000,,,,,,,,,,0
timing-2560x1440-2-0,182,1,16.963000,,,,,,,,,,0
timing-2560x1440-2-0,183,1,17.093000,,,,,,,,,,0
timing-2560x1440-2-0,184,1,16.849000,,,,,,,,,,0
timing-2560x1440-2-0,185,1,16.995000,,,,,,,,,,0
timing-2560x1440-2-0,186,1,16.904000,,,,,,,,,,0
timing-2560x1440-2-0,187,1,17.067000,,,,,,,,,,0
timing-2560x1440-2-0,188,1,17.052000,,,,,,,,,,0
timing-2560x1440-2-0,189,1,17.074000,,,,,,,,,,0
timing-2560x1440-2-0,190,1,16.911000,,,,,,,,,,0
timing-2560x1440-2-0,191,1,16.806000,,,,,,,,,,0
timing-2560x1440-2-0,192,1,16.898000,,,,,,,,,,0
timing-2560x1440-2-0,193,1,17.014000,,,,,,,,,,0
timing-2560x1440-2-0,194,1,16.869000,,,,,,,,,,0
timing-2560x1440-2-0,195,1,16.698000,,,,,,,,,,0
timing-2560x1440-2-0,196,1,16.934000,,,,,,,,,,0
timing-2560x1440-2-0,197,1,16.962000,,,,,,,,,,0
timing-2560x1440-2-0,198,1,17.158000,,,,,,,,,,0
timing-2560x1440-2-0,199,1,18.233000,,,,,,,,,,0
timing-2560x1440-2-0,200,1,16.861000,,,,,,,,,,0
timing-2560x1440-2-0,201,1,17.237000,,,,,,,,,,0
timing-2560x1440-2-0,202,1,17.151000,,,,,,,,,,0
timing-2560x1440-2-0,203,1,16.972000,,,,,,,,,,0
timing-2560x1440-2-0,204,1,16.901000,,,,,,,,,,0
timing-2560x1440-2-0,205,1,17.134000,,,,,,,,,,0
timing-2560x1440-2-0,206,1,16.970000,,,,,,,,,,0
timing-2560x1440-2-0,207,1,16.848000,,,,,,,,,,0
timing-2560x1440-2-0,208,1,16.970000,,,,,,,,,,0
timing-2560x1440-2-0,209,1,16.999000,,,,,,,,,,0
timing-2560x1440-2-0,210,1,17.001000,,,,,,,,,,0
timing-2560x1440-2-0,211,1,16.866000,,,,,,,,,,0
timing-2560x1440-2-0,212,1,17.104000,,,,,,,,,,0
timing-2560x1440-2-0,213,1,17.057000,,,,,,,,,,0
timing-2560x1440-2-0,214,1,17.017000,,,,,,,,,,0
timing-2560x1440-2-0,215,1,16.843000,,,,,,,,,,0
timing-2560x1440-2-0,216,1,17.187000,,,,,,,,,,0
timing-2560x1440-2-0,217,1,16.945000,,,,,,,,,,0
timing-2560x1440-2-0,218,1,16.738000,,,,,,,,,,0
timing-2560x1440-2-0,219,1,17.060000,,,,,,,,,,0
timing-2560x1440-2-0,220,1,16.961000,,,,,,,,,,0
timing-2560x1440-2-0,221,1,16.837000,,,,,,,,,,0
timing-2560x1440-2-0,222,1,17.117000,,,,,,,,,,0
timing-2560x1440-2-0,223,1,17.053000,,,,,,,,,,0
timing-2560x1440-2-0,224,1,16.938000,,,,,,,,,,0
timing-2560x1440-2-0,225,1,17.025000,,,,,,,,,,0
timing-2560x1440-2-0,226,1,16.731000,,,,,,,,,,0
timing-2560x1440-2-0,227,1,16.889000,,,,,,,,,,0
timing-2560x1440-2-0,228,1,17.149000,,,,,,,,,,0
timing-2560x1440-2-0,229,1,17.091000,,,,,,,,,,0
timing-2560x1440-2-0,230,1,16.955000,,,,,,,,,,0
timing-2560x1440-2-0,231,1,16.917000,,,,,,,,,,0
timing-2560x1440-2-0,232,1,17.175000,,,,,,,,,,0
timing-2560x1440-2-0,233,1,17.248000,,,,,,,,,,0
timing-2560x1440-2-0,234,1,17.135000,,,,,,,,,,0
timing-2560x1440-2-0,235,1,17.058000,,,,,,,,,,0
timing-2560x1440-2-0,236,1,17.040000,,,,,,,,,,0
timing-2560x1440-2-0,237,1,17.077000,,,,,,,,,,0
timing-2560x1440-2-0,238,1,16.965000,,,,,,,,,,0
timing-2560x1440-2-0,239,1,16.978000,,,,,,,,,,0
timing-2560x1440-2-0,240,1,16.983000,,,,,,,,,,0
timing-2560x1440-2-0,241,1,17.079000,,,,,,,,,,0
timing-2560x1440-2-0,242,1,17.148000,,,,,,,,,,0
timing-2560x1440-2-0,243,1,16.747000,,,,,,,,,,0
timing-2560x1440-2-0,244,1,17.091000,,,,,,,,,,0
timing-2560x1440-2-0,245,1,16.912000,,,,,,,,,,0
timing-2560x1440-2-0,246,1,16.868000,,,,,,,,,,0
timing-2560x1440-2-0,247,1,16.983000,,,,,,,,,,0
timing-2560x1440-2-0,248,1,17.138000,,,,,,,,,,0
timing-2560x1440-2-0,249,1,16.798000,,,,,,,,,,0
timing-2560x1440-2-0,250,1,16.755000,,,,,,,,,,0
timing-2560x1440-2-0,251,1,17.069000,,,,,,,,,,0
timing-2560x1440-2-0,252,1,17.053000,,,,,,,,,,0
timing-2560x1440-2-0,253,1,16.830000,,,,,,,,,,0
timing-2560x1440-2-0,254,1,16.811000,,,,,,,,,,0
timing-2560x1440-2-0,255,1,17.050000,,,,,,,,,,0
timing-2560x1440-2-0,256,1,16.823000,,,,,,,,,,0
timing-2560x1440-2-0,257,1,17.095000,,,,,,,,,,0
timing-2560x1440-2-0,258,1,17.153000,,,,,,,,,,0
timing-2560x1440-2-0,259,1,17.059000,,,,,,,,,,0
timing-2560x1440-2-0,260,1,17.029000,,,,,,,,,,0
timing-2560x1440-2-0,261,1,17.075000,,,,,,,,,,0
timing-2560x1440-2-0,262,1,16.816000,,,,,,,,,,0
timing-2560x1440-2-0,263,1,16.809000,,,,,,,,,,0
timing-2560x1440-2-0,264,1,17.268000,,,,,,,,,,0
timing-2560x1440-2-0,265,1,17.100000,,,,,,,,,,0
timing-2560x1440-2-0,266,1,17.035000,,,,,,,,,,0
timing-2560x1440-2-0,267,1,17.119000,,,,,,,,,,0
timing-2560x1440-2-0,268,1,16.884000,,,,,,,,,,0
timing-2560x1440-2-0,269,1,16.863000,,,,,,,,,,0
timing-2560x1440-2-0,270,1,16.833000,,,,,,,,,,0
timing-2560x1440-2-0,271,1,17.131000,,,,,,,,,,0
timing-2560x1440-2-0,272,1,16.932000,,,,,,,,,,0
timing-2560x1440-2-0,273,1,16.779000,,,,,,,,,,0
timing-2560x1440-2-0,274,1,16.929000,,,,,,,,,,0
timing-2560x1440-2-0,275,1,17.040000,,,,,,,,,,0
timing-2560x1440-2-0,276,1,17.007000,,,,,,,,,,0
timing-2560x1440-2-0,277,1,16.916000,,,,,,,,,,0
timing-2560x1440-2-0,278,1,17.076000,,,,,,,,,,0
timing-2560x1440-2-0,279,1,16.827000,,,,,,,,,,0
timing-2560x1440-2-0,280,1,16.832000,,,,,,,,,,0
timing-2560x1440-2-0,281,1,17.086000,,,,,,,,,,0
timing-2560x1440-2-0,282,1,16.947000,,,,,,,,,,0
timing-2560x1440-2-0,283,1,17.035000,,,,,,,,,,0
timing-2560x1440-2-0,284,1,17.070000,,,,,,,,,,0
timing-2560x1440-2-0,285,1,17.027000,,,,,,,,,,0
timing-2560x1440-2-0,286,1,16.825000,,,,,,,,,,0
timing-2560x1440-2-0,287,1,16.822000,,,,,,,,,,0
timing-2560x1440-2-0,288,1,16.929000,,,,,,,,,,0
timing-2560x1440-2-0,289,1,16.879000,,,,,,,,,,0
timing-2560x1440-2-0,290,1,17.148000,,,,,,,,,,0
timing-2560x1440-2-0,291,1,16.957000,,,,,,,,,,0
timing-2560x1440-2-0,292,1,16.741000,,,,,,,,,,0
timing-2560x1440-2-0,293,1,17.008000,,,,,,,,,,0
timing-2560x1440-2-0,294,1,17.097000,,,,,,,,,,0
timing-2560x1440-2-0,295,1,17.236000,,,,,,,,,,0
timing-2560x1440-2-0,296,1,16.958000,,,,,,,,,,0
timing-2560x1440-2-0,297,1,16.850000,,,,,,,,,,0
timing-2560x1440-2-0,298,1,17.066000,,,,,,,,,,0
timing-2560x1440-2-0,299,1,17.008000,,,,,,,,,,0
timing-2560x1440-2-0,300,1,16.934000,,,,,,,,,,0
timing-2560x1440-2-0,301,1,17.032000,,,,,,,,,,0
timing-2560x1440-2-0,302,1,16.878000,,,,,,,,,,0
timing-2560x1440-2-0,303,1,16.774000,,,,,,,,,,0
timing-2560x1440-2-0,304,1,16.754000,,,,,,,,,,0
timing-2560x1440-2-0,305,1,16.911000,,,,,,,,,,0
timing-2560x1440-2-0,306,1,17.056000,,,,,,,,,,0
timing-2560x1440-2-0,307,1,16.993000,,,,,,,,,,0
timing-2560x1440-2-0,308,1,16.965000,,,,,,,,,,0
timing-2560x1440-2-0,309,1,16.843000,,,,,,,,,,0
timing-2560x1440-2-0,310,1,16.997000,,,,,,,,,,0
timing-2560x1440-2-0,311,1,16.841000,,,,,,,,,,0
timing-2560x1440-2-0,312,1,17.006000,,,,,,,,,,0
timing-2560x1440-2-0,313,1,16.832000,,,,,,,,,,0
timing-2560x1440-2-0,314,1,16.910000,,,,,,,,,,0
timing-2560x1440-2-0,315,1,17.074000,,,,,,,,,,0
timing-2560x1440-2-0,316,1,17.130000,,,,,,,,,,0
timing-2560x1440-2-0,317,1,16.907000,,,,,,,,,,0
timing-2560x1440-2-0,318,1,17.070000,,,,,,,,,,0
timing-2560x1440-2-0,319,1,17.018000,0,0,0.999511719,0.359683349,0.403534527,1325,232,0,0,1
timing-2560x1440-2-1,0,1,1163.611000,0,0,0.999511719,0.359683349,0.403534527,1325,232,0,0,1
timing-2560x1440-2-1,1,1,19.506000,,,,,,,,,,0
timing-2560x1440-2-1,2,1,17.679000,,,,,,,,,,0
timing-2560x1440-2-1,3,1,16.887000,,,,,,,,,,0
timing-2560x1440-2-1,4,1,16.920000,,,,,,,,,,0
timing-2560x1440-2-1,5,1,16.720000,,,,,,,,,,0
timing-2560x1440-2-1,6,1,16.983000,,,,,,,,,,0
timing-2560x1440-2-1,7,1,17.264000,,,,,,,,,,0
timing-2560x1440-2-1,8,1,17.232000,,,,,,,,,,0
timing-2560x1440-2-1,9,1,16.975000,,,,,,,,,,0
timing-2560x1440-2-1,10,1,17.288000,,,,,,,,,,0
timing-2560x1440-2-1,11,1,17.123000,,,,,,,,,,0
timing-2560x1440-2-1,12,1,17.238000,,,,,,,,,,0
timing-2560x1440-2-1,13,1,17.244000,,,,,,,,,,0
timing-2560x1440-2-1,14,1,17.087000,,,,,,,,,,0
timing-2560x1440-2-1,15,1,16.957000,,,,,,,,,,0
timing-2560x1440-2-1,16,1,16.636000,,,,,,,,,,0
timing-2560x1440-2-1,17,1,16.729000,,,,,,,,,,0
timing-2560x1440-2-1,18,1,16.703000,,,,,,,,,,0
timing-2560x1440-2-1,19,1,16.593000,,,,,,,,,,0
timing-2560x1440-2-1,20,1,16.542000,,,,,,,,,,0
timing-2560x1440-2-1,21,1,16.680000,,,,,,,,,,0
timing-2560x1440-2-1,22,1,16.657000,,,,,,,,,,0
timing-2560x1440-2-1,23,1,16.667000,,,,,,,,,,0
timing-2560x1440-2-1,24,1,16.694000,,,,,,,,,,0
timing-2560x1440-2-1,25,1,16.519000,,,,,,,,,,0
timing-2560x1440-2-1,26,1,16.604000,,,,,,,,,,0
timing-2560x1440-2-1,27,1,16.648000,,,,,,,,,,0
timing-2560x1440-2-1,28,1,16.669000,,,,,,,,,,0
timing-2560x1440-2-1,29,1,16.518000,,,,,,,,,,0
timing-2560x1440-2-1,30,1,16.647000,,,,,,,,,,0
timing-2560x1440-2-1,31,1,16.717000,,,,,,,,,,0
timing-2560x1440-2-1,32,1,16.679000,,,,,,,,,,0
timing-2560x1440-2-1,33,1,16.635000,,,,,,,,,,0
timing-2560x1440-2-1,34,1,16.663000,,,,,,,,,,0
timing-2560x1440-2-1,35,1,16.533000,,,,,,,,,,0
timing-2560x1440-2-1,36,1,16.654000,,,,,,,,,,0
timing-2560x1440-2-1,37,1,16.764000,,,,,,,,,,0
timing-2560x1440-2-1,38,1,16.827000,,,,,,,,,,0
timing-2560x1440-2-1,39,1,16.695000,,,,,,,,,,0
timing-2560x1440-2-1,40,1,17.015000,,,,,,,,,,0
timing-2560x1440-2-1,41,1,16.658000,,,,,,,,,,0
timing-2560x1440-2-1,42,1,17.001000,,,,,,,,,,0
timing-2560x1440-2-1,43,1,16.646000,,,,,,,,,,0
timing-2560x1440-2-1,44,1,16.939000,,,,,,,,,,0
timing-2560x1440-2-1,45,1,16.916000,,,,,,,,,,0
timing-2560x1440-2-1,46,1,16.965000,,,,,,,,,,0
timing-2560x1440-2-1,47,1,16.885000,,,,,,,,,,0
timing-2560x1440-2-1,48,1,16.607000,,,,,,,,,,0
timing-2560x1440-2-1,49,1,16.720000,,,,,,,,,,0
timing-2560x1440-2-1,50,1,16.850000,,,,,,,,,,0
timing-2560x1440-2-1,51,1,16.760000,,,,,,,,,,0
timing-2560x1440-2-1,52,1,16.822000,,,,,,,,,,0
timing-2560x1440-2-1,53,1,16.974000,,,,,,,,,,0
timing-2560x1440-2-1,54,1,16.861000,,,,,,,,,,0
timing-2560x1440-2-1,55,1,16.802000,,,,,,,,,,0
timing-2560x1440-2-1,56,1,16.770000,,,,,,,,,,0
timing-2560x1440-2-1,57,1,16.855000,,,,,,,,,,0
timing-2560x1440-2-1,58,1,16.842000,,,,,,,,,,0
timing-2560x1440-2-1,59,1,16.878000,,,,,,,,,,0
timing-2560x1440-2-1,60,1,16.886000,,,,,,,,,,0
timing-2560x1440-2-1,61,1,16.979000,,,,,,,,,,0
timing-2560x1440-2-1,62,1,16.927000,,,,,,,,,,0
timing-2560x1440-2-1,63,1,16.907000,,,,,,,,,,0
timing-2560x1440-2-1,64,1,16.890000,,,,,,,,,,0
timing-2560x1440-2-1,65,1,16.866000,,,,,,,,,,0
timing-2560x1440-2-1,66,1,16.957000,,,,,,,,,,0
timing-2560x1440-2-1,67,1,17.061000,,,,,,,,,,0
timing-2560x1440-2-1,68,1,17.073000,,,,,,,,,,0
timing-2560x1440-2-1,69,1,16.910000,,,,,,,,,,0
timing-2560x1440-2-1,70,1,16.904000,,,,,,,,,,0
timing-2560x1440-2-1,71,1,17.041000,,,,,,,,,,0
timing-2560x1440-2-1,72,1,16.819000,,,,,,,,,,0
timing-2560x1440-2-1,73,1,16.861000,,,,,,,,,,0
timing-2560x1440-2-1,74,1,16.858000,,,,,,,,,,0
timing-2560x1440-2-1,75,1,16.992000,,,,,,,,,,0
timing-2560x1440-2-1,76,1,16.887000,,,,,,,,,,0
timing-2560x1440-2-1,77,1,16.840000,,,,,,,,,,0
timing-2560x1440-2-1,78,1,16.799000,,,,,,,,,,0
timing-2560x1440-2-1,79,1,16.771000,,,,,,,,,,0
timing-2560x1440-2-1,80,1,16.827000,,,,,,,,,,0
timing-2560x1440-2-1,81,1,16.872000,,,,,,,,,,0
timing-2560x1440-2-1,82,1,16.820000,,,,,,,,,,0
timing-2560x1440-2-1,83,1,16.845000,,,,,,,,,,0
timing-2560x1440-2-1,84,1,16.647000,,,,,,,,,,0
timing-2560x1440-2-1,85,1,16.729000,,,,,,,,,,0
timing-2560x1440-2-1,86,1,16.919000,,,,,,,,,,0
timing-2560x1440-2-1,87,1,16.783000,,,,,,,,,,0
timing-2560x1440-2-1,88,1,17.126000,,,,,,,,,,0
timing-2560x1440-2-1,89,1,16.976000,,,,,,,,,,0
timing-2560x1440-2-1,90,1,16.871000,,,,,,,,,,0
timing-2560x1440-2-1,91,1,16.790000,,,,,,,,,,0
timing-2560x1440-2-1,92,1,16.799000,,,,,,,,,,0
timing-2560x1440-2-1,93,1,16.766000,,,,,,,,,,0
timing-2560x1440-2-1,94,1,16.978000,,,,,,,,,,0
timing-2560x1440-2-1,95,1,16.803000,,,,,,,,,,0
timing-2560x1440-2-1,96,1,16.657000,,,,,,,,,,0
timing-2560x1440-2-1,97,1,16.940000,,,,,,,,,,0
timing-2560x1440-2-1,98,1,17.005000,,,,,,,,,,0
timing-2560x1440-2-1,99,1,16.816000,,,,,,,,,,0
timing-2560x1440-2-1,100,1,16.943000,,,,,,,,,,0
timing-2560x1440-2-1,101,1,16.919000,,,,,,,,,,0
timing-2560x1440-2-1,102,1,17.094000,,,,,,,,,,0
timing-2560x1440-2-1,103,1,16.695000,,,,,,,,,,0
timing-2560x1440-2-1,104,1,16.982000,,,,,,,,,,0
timing-2560x1440-2-1,105,1,16.829000,,,,,,,,,,0
timing-2560x1440-2-1,106,1,16.858000,,,,,,,,,,0
timing-2560x1440-2-1,107,1,16.806000,,,,,,,,,,0
timing-2560x1440-2-1,108,1,16.934000,,,,,,,,,,0
timing-2560x1440-2-1,109,1,16.943000,,,,,,,,,,0
timing-2560x1440-2-1,110,1,16.903000,,,,,,,,,,0
timing-2560x1440-2-1,111,1,17.069000,,,,,,,,,,0
timing-2560x1440-2-1,112,1,16.600000,,,,,,,,,,0
timing-2560x1440-2-1,113,1,16.707000,,,,,,,,,,0
timing-2560x1440-2-1,114,1,16.680000,,,,,,,,,,0
timing-2560x1440-2-1,115,1,16.964000,,,,,,,,,,0
timing-2560x1440-2-1,116,1,17.070000,,,,,,,,,,0
timing-2560x1440-2-1,117,1,16.846000,,,,,,,,,,0
timing-2560x1440-2-1,118,1,16.664000,,,,,,,,,,0
timing-2560x1440-2-1,119,1,16.770000,,,,,,,,,,0
timing-2560x1440-2-1,120,1,16.930000,,,,,,,,,,0
timing-2560x1440-2-1,121,1,17.012000,,,,,,,,,,0
timing-2560x1440-2-1,122,1,16.897000,,,,,,,,,,0
timing-2560x1440-2-1,123,1,17.159000,,,,,,,,,,0
timing-2560x1440-2-1,124,1,17.174000,,,,,,,,,,0
timing-2560x1440-2-1,125,1,16.797000,,,,,,,,,,0
timing-2560x1440-2-1,126,1,16.827000,,,,,,,,,,0
timing-2560x1440-2-1,127,1,16.974000,,,,,,,,,,0
timing-2560x1440-2-1,128,1,16.960000,,,,,,,,,,0
timing-2560x1440-2-1,129,1,16.925000,,,,,,,,,,0
timing-2560x1440-2-1,130,1,16.904000,,,,,,,,,,0
timing-2560x1440-2-1,131,1,16.963000,,,,,,,,,,0
timing-2560x1440-2-1,132,1,16.882000,,,,,,,,,,0
timing-2560x1440-2-1,133,1,16.843000,,,,,,,,,,0
timing-2560x1440-2-1,134,1,16.840000,,,,,,,,,,0
timing-2560x1440-2-1,135,1,16.858000,,,,,,,,,,0
timing-2560x1440-2-1,136,1,16.729000,,,,,,,,,,0
timing-2560x1440-2-1,137,1,16.720000,,,,,,,,,,0
timing-2560x1440-2-1,138,1,16.798000,,,,,,,,,,0
timing-2560x1440-2-1,139,1,16.861000,,,,,,,,,,0
timing-2560x1440-2-1,140,1,16.927000,,,,,,,,,,0
timing-2560x1440-2-1,141,1,16.846000,,,,,,,,,,0
timing-2560x1440-2-1,142,1,16.960000,,,,,,,,,,0
timing-2560x1440-2-1,143,1,16.912000,,,,,,,,,,0
timing-2560x1440-2-1,144,1,16.886000,,,,,,,,,,0
timing-2560x1440-2-1,145,1,17.149000,,,,,,,,,,0
timing-2560x1440-2-1,146,1,16.963000,,,,,,,,,,0
timing-2560x1440-2-1,147,1,16.931000,,,,,,,,,,0
timing-2560x1440-2-1,148,1,16.734000,,,,,,,,,,0
timing-2560x1440-2-1,149,1,16.884000,,,,,,,,,,0
timing-2560x1440-2-1,150,1,16.838000,,,,,,,,,,0
timing-2560x1440-2-1,151,1,16.854000,,,,,,,,,,0
timing-2560x1440-2-1,152,1,16.979000,,,,,,,,,,0
timing-2560x1440-2-1,153,1,16.842000,,,,,,,,,,0
timing-2560x1440-2-1,154,1,16.652000,,,,,,,,,,0
timing-2560x1440-2-1,155,1,16.815000,,,,,,,,,,0
timing-2560x1440-2-1,156,1,16.876000,,,,,,,,,,0
timing-2560x1440-2-1,157,1,16.655000,,,,,,,,,,0
timing-2560x1440-2-1,158,1,16.699000,,,,,,,,,,0
timing-2560x1440-2-1,159,1,16.820000,,,,,,,,,,0
timing-2560x1440-2-1,160,1,16.677000,,,,,,,,,,0
timing-2560x1440-2-1,161,1,16.826000,,,,,,,,,,0
timing-2560x1440-2-1,162,1,17.031000,,,,,,,,,,0
timing-2560x1440-2-1,163,1,16.881000,,,,,,,,,,0
timing-2560x1440-2-1,164,1,16.697000,,,,,,,,,,0
timing-2560x1440-2-1,165,1,16.791000,,,,,,,,,,0
timing-2560x1440-2-1,166,1,16.823000,,,,,,,,,,0
timing-2560x1440-2-1,167,1,17.091000,,,,,,,,,,0
timing-2560x1440-2-1,168,1,16.853000,,,,,,,,,,0
timing-2560x1440-2-1,169,1,16.778000,,,,,,,,,,0
timing-2560x1440-2-1,170,1,16.749000,,,,,,,,,,0
timing-2560x1440-2-1,171,1,16.907000,,,,,,,,,,0
timing-2560x1440-2-1,172,1,16.932000,,,,,,,,,,0
timing-2560x1440-2-1,173,1,16.762000,,,,,,,,,,0
timing-2560x1440-2-1,174,1,16.900000,,,,,,,,,,0
timing-2560x1440-2-1,175,1,16.956000,,,,,,,,,,0
timing-2560x1440-2-1,176,1,17.042000,,,,,,,,,,0
timing-2560x1440-2-1,177,1,16.910000,,,,,,,,,,0
timing-2560x1440-2-1,178,1,17.189000,,,,,,,,,,0
timing-2560x1440-2-1,179,1,16.807000,,,,,,,,,,0
timing-2560x1440-2-1,180,1,16.674000,,,,,,,,,,0
timing-2560x1440-2-1,181,1,16.874000,,,,,,,,,,0
timing-2560x1440-2-1,182,1,16.836000,,,,,,,,,,0
timing-2560x1440-2-1,183,1,16.722000,,,,,,,,,,0
timing-2560x1440-2-1,184,1,17.045000,,,,,,,,,,0
timing-2560x1440-2-1,185,1,16.946000,,,,,,,,,,0
timing-2560x1440-2-1,186,1,16.844000,,,,,,,,,,0
timing-2560x1440-2-1,187,1,16.751000,,,,,,,,,,0
timing-2560x1440-2-1,188,1,16.874000,,,,,,,,,,0
timing-2560x1440-2-1,189,1,16.799000,,,,,,,,,,0
timing-2560x1440-2-1,190,1,16.791000,,,,,,,,,,0
timing-2560x1440-2-1,191,1,16.765000,,,,,,,,,,0
timing-2560x1440-2-1,192,1,16.929000,,,,,,,,,,0
timing-2560x1440-2-1,193,1,16.976000,,,,,,,,,,0
timing-2560x1440-2-1,194,1,16.981000,,,,,,,,,,0
timing-2560x1440-2-1,195,1,16.900000,,,,,,,,,,0
timing-2560x1440-2-1,196,1,16.872000,,,,,,,,,,0
timing-2560x1440-2-1,197,1,17.157000,,,,,,,,,,0
timing-2560x1440-2-1,198,1,16.739000,,,,,,,,,,0
timing-2560x1440-2-1,199,1,16.932000,,,,,,,,,,0
timing-2560x1440-2-1,200,1,16.660000,,,,,,,,,,0
timing-2560x1440-2-1,201,1,16.715000,,,,,,,,,,0
timing-2560x1440-2-1,202,1,16.755000,,,,,,,,,,0
timing-2560x1440-2-1,203,1,16.896000,,,,,,,,,,0
timing-2560x1440-2-1,204,1,17.093000,,,,,,,,,,0
timing-2560x1440-2-1,205,1,16.748000,,,,,,,,,,0
timing-2560x1440-2-1,206,1,16.684000,,,,,,,,,,0
timing-2560x1440-2-1,207,1,16.975000,,,,,,,,,,0
timing-2560x1440-2-1,208,1,17.002000,,,,,,,,,,0
timing-2560x1440-2-1,209,1,16.769000,,,,,,,,,,0
timing-2560x1440-2-1,210,1,16.787000,,,,,,,,,,0
timing-2560x1440-2-1,211,1,17.261000,,,,,,,,,,0
timing-2560x1440-2-1,212,1,17.142000,,,,,,,,,,0
timing-2560x1440-2-1,213,1,16.794000,,,,,,,,,,0
timing-2560x1440-2-1,214,1,16.758000,,,,,,,,,,0
timing-2560x1440-2-1,215,1,16.685000,,,,,,,,,,0
timing-2560x1440-2-1,216,1,17.050000,,,,,,,,,,0
timing-2560x1440-2-1,217,1,16.824000,,,,,,,,,,0
timing-2560x1440-2-1,218,1,16.927000,,,,,,,,,,0
timing-2560x1440-2-1,219,1,16.847000,,,,,,,,,,0
timing-2560x1440-2-1,220,1,16.830000,,,,,,,,,,0
timing-2560x1440-2-1,221,1,16.739000,,,,,,,,,,0
timing-2560x1440-2-1,222,1,16.825000,,,,,,,,,,0
timing-2560x1440-2-1,223,1,16.963000,,,,,,,,,,0
timing-2560x1440-2-1,224,1,16.821000,,,,,,,,,,0
timing-2560x1440-2-1,225,1,16.793000,,,,,,,,,,0
timing-2560x1440-2-1,226,1,16.939000,,,,,,,,,,0
timing-2560x1440-2-1,227,1,16.789000,,,,,,,,,,0
timing-2560x1440-2-1,228,1,16.772000,,,,,,,,,,0
timing-2560x1440-2-1,229,1,16.905000,,,,,,,,,,0
timing-2560x1440-2-1,230,1,16.850000,,,,,,,,,,0
timing-2560x1440-2-1,231,1,16.968000,,,,,,,,,,0
timing-2560x1440-2-1,232,1,17.052000,,,,,,,,,,0
timing-2560x1440-2-1,233,1,16.952000,,,,,,,,,,0
timing-2560x1440-2-1,234,1,16.967000,,,,,,,,,,0
timing-2560x1440-2-1,235,1,16.649000,,,,,,,,,,0
timing-2560x1440-2-1,236,1,16.646000,,,,,,,,,,0
timing-2560x1440-2-1,237,1,16.795000,,,,,,,,,,0
timing-2560x1440-2-1,238,1,16.767000,,,,,,,,,,0
timing-2560x1440-2-1,239,1,16.758000,,,,,,,,,,0
timing-2560x1440-2-1,240,1,16.983000,,,,,,,,,,0
timing-2560x1440-2-1,241,1,16.806000,,,,,,,,,,0
timing-2560x1440-2-1,242,1,16.684000,,,,,,,,,,0
timing-2560x1440-2-1,243,1,16.842000,,,,,,,,,,0
timing-2560x1440-2-1,244,1,16.991000,,,,,,,,,,0
timing-2560x1440-2-1,245,1,16.853000,,,,,,,,,,0
timing-2560x1440-2-1,246,1,16.903000,,,,,,,,,,0
timing-2560x1440-2-1,247,1,16.764000,,,,,,,,,,0
timing-2560x1440-2-1,248,1,16.926000,,,,,,,,,,0
timing-2560x1440-2-1,249,1,16.723000,,,,,,,,,,0
timing-2560x1440-2-1,250,1,16.645000,,,,,,,,,,0
timing-2560x1440-2-1,251,1,16.902000,,,,,,,,,,0
timing-2560x1440-2-1,252,1,16.673000,,,,,,,,,,0
timing-2560x1440-2-1,253,1,16.812000,,,,,,,,,,0
timing-2560x1440-2-1,254,1,16.901000,,,,,,,,,,0
timing-2560x1440-2-1,255,1,16.807000,,,,,,,,,,0
timing-2560x1440-2-1,256,1,16.921000,,,,,,,,,,0
timing-2560x1440-2-1,257,1,17.097000,,,,,,,,,,0
timing-2560x1440-2-1,258,1,17.051000,,,,,,,,,,0
timing-2560x1440-2-1,259,1,17.353000,,,,,,,,,,0
timing-2560x1440-2-1,260,1,17.252000,,,,,,,,,,0
timing-2560x1440-2-1,261,1,16.903000,,,,,,,,,,0
timing-2560x1440-2-1,262,1,16.886000,,,,,,,,,,0
timing-2560x1440-2-1,263,1,17.240000,,,,,,,,,,0
timing-2560x1440-2-1,264,1,16.863000,,,,,,,,,,0
timing-2560x1440-2-1,265,1,17.018000,,,,,,,,,,0
timing-2560x1440-2-1,266,1,16.823000,,,,,,,,,,0
timing-2560x1440-2-1,267,1,16.990000,,,,,,,,,,0
timing-2560x1440-2-1,268,1,16.848000,,,,,,,,,,0
timing-2560x1440-2-1,269,1,16.867000,,,,,,,,,,0
timing-2560x1440-2-1,270,1,16.891000,,,,,,,,,,0
timing-2560x1440-2-1,271,1,16.786000,,,,,,,,,,0
timing-2560x1440-2-1,272,1,16.993000,,,,,,,,,,0
timing-2560x1440-2-1,273,1,16.968000,,,,,,,,,,0
timing-2560x1440-2-1,274,1,16.893000,,,,,,,,,,0
timing-2560x1440-2-1,275,1,16.769000,,,,,,,,,,0
timing-2560x1440-2-1,276,1,16.963000,,,,,,,,,,0
timing-2560x1440-2-1,277,1,16.853000,,,,,,,,,,0
timing-2560x1440-2-1,278,1,16.898000,,,,,,,,,,0
timing-2560x1440-2-1,279,1,16.861000,,,,,,,,,,0
timing-2560x1440-2-1,280,1,16.970000,,,,,,,,,,0
timing-2560x1440-2-1,281,1,16.719000,,,,,,,,,,0
timing-2560x1440-2-1,282,1,16.956000,,,,,,,,,,0
timing-2560x1440-2-1,283,1,17.037000,,,,,,,,,,0
timing-2560x1440-2-1,284,1,17.041000,,,,,,,,,,0
timing-2560x1440-2-1,285,1,17.066000,,,,,,,,,,0
timing-2560x1440-2-1,286,1,16.893000,,,,,,,,,,0
timing-2560x1440-2-1,287,1,16.851000,,,,,,,,,,0
timing-2560x1440-2-1,288,1,16.811000,,,,,,,,,,0
timing-2560x1440-2-1,289,1,16.873000,,,,,,,,,,0
timing-2560x1440-2-1,290,1,16.847000,,,,,,,,,,0
timing-2560x1440-2-1,291,1,16.885000,,,,,,,,,,0
timing-2560x1440-2-1,292,1,16.875000,,,,,,,,,,0
timing-2560x1440-2-1,293,1,16.926000,,,,,,,,,,0
timing-2560x1440-2-1,294,1,16.931000,,,,,,,,,,0
timing-2560x1440-2-1,295,1,17.125000,,,,,,,,,,0
timing-2560x1440-2-1,296,1,16.929000,,,,,,,,,,0
timing-2560x1440-2-1,297,1,16.936000,,,,,,,,,,0
timing-2560x1440-2-1,298,1,16.788000,,,,,,,,,,0
timing-2560x1440-2-1,299,1,16.877000,,,,,,,,,,0
timing-2560x1440-2-1,300,1,16.911000,,,,,,,,,,0
timing-2560x1440-2-1,301,1,16.749000,,,,,,,,,,0
timing-2560x1440-2-1,302,1,17.073000,,,,,,,,,,0
timing-2560x1440-2-1,303,1,16.844000,,,,,,,,,,0
timing-2560x1440-2-1,304,1,16.993000,,,,,,,,,,0
timing-2560x1440-2-1,305,1,16.825000,,,,,,,,,,0
timing-2560x1440-2-1,306,1,16.971000,,,,,,,,,,0
timing-2560x1440-2-1,307,1,16.902000,,,,,,,,,,0
timing-2560x1440-2-1,308,1,16.850000,,,,,,,,,,0
timing-2560x1440-2-1,309,1,16.910000,,,,,,,,,,0
timing-2560x1440-2-1,310,1,16.859000,,,,,,,,,,0
timing-2560x1440-2-1,311,1,16.921000,,,,,,,,,,0
timing-2560x1440-2-1,312,1,16.902000,,,,,,,,,,0
timing-2560x1440-2-1,313,1,16.823000,,,,,,,,,,0
timing-2560x1440-2-1,314,1,16.784000,,,,,,,,,,0
timing-2560x1440-2-1,315,1,16.722000,,,,,,,,,,0
timing-2560x1440-2-1,316,1,16.751000,,,,,,,,,,0
timing-2560x1440-2-1,317,1,16.869000,,,,,,,,,,0
timing-2560x1440-2-1,318,1,16.782000,,,,,,,,,,0
timing-2560x1440-2-1,319,1,16.764000,0,0,0.999511719,0.359683349,0.403534527,1325,232,0,0,1
timing-2560x1440-2-2,0,1,1188.540000,0,0,0.999511719,0.359683349,0.403534527,1325,232,0,0,1
timing-2560x1440-2-2,1,1,18.605000,,,,,,,,,,0
timing-2560x1440-2-2,2,1,17.329000,,,,,,,,,,0
timing-2560x1440-2-2,3,1,16.990000,,,,,,,,,,0
timing-2560x1440-2-2,4,1,16.960000,,,,,,,,,,0
timing-2560x1440-2-2,5,1,16.766000,,,,,,,,,,0
timing-2560x1440-2-2,6,1,16.701000,,,,,,,,,,0
timing-2560x1440-2-2,7,1,17.054000,,,,,,,,,,0
timing-2560x1440-2-2,8,1,17.380000,,,,,,,,,,0
timing-2560x1440-2-2,9,1,17.178000,,,,,,,,,,0
timing-2560x1440-2-2,10,1,17.090000,,,,,,,,,,0
timing-2560x1440-2-2,11,1,17.005000,,,,,,,,,,0
timing-2560x1440-2-2,12,1,16.884000,,,,,,,,,,0
timing-2560x1440-2-2,13,1,17.445000,,,,,,,,,,0
timing-2560x1440-2-2,14,1,17.711000,,,,,,,,,,0
timing-2560x1440-2-2,15,1,17.598000,,,,,,,,,,0
timing-2560x1440-2-2,16,1,16.655000,,,,,,,,,,0
timing-2560x1440-2-2,17,1,16.788000,,,,,,,,,,0
timing-2560x1440-2-2,18,1,16.766000,,,,,,,,,,0
timing-2560x1440-2-2,19,1,16.725000,,,,,,,,,,0
timing-2560x1440-2-2,20,1,16.722000,,,,,,,,,,0
timing-2560x1440-2-2,21,1,16.864000,,,,,,,,,,0
timing-2560x1440-2-2,22,1,16.587000,,,,,,,,,,0
timing-2560x1440-2-2,23,1,16.537000,,,,,,,,,,0
timing-2560x1440-2-2,24,1,16.515000,,,,,,,,,,0
timing-2560x1440-2-2,25,1,16.784000,,,,,,,,,,0
timing-2560x1440-2-2,26,1,16.667000,,,,,,,,,,0
timing-2560x1440-2-2,27,1,16.696000,,,,,,,,,,0
timing-2560x1440-2-2,28,1,16.594000,,,,,,,,,,0
timing-2560x1440-2-2,29,1,16.698000,,,,,,,,,,0
timing-2560x1440-2-2,30,1,16.692000,,,,,,,,,,0
timing-2560x1440-2-2,31,1,16.714000,,,,,,,,,,0
timing-2560x1440-2-2,32,1,16.634000,,,,,,,,,,0
timing-2560x1440-2-2,33,1,16.718000,,,,,,,,,,0
timing-2560x1440-2-2,34,1,16.680000,,,,,,,,,,0
timing-2560x1440-2-2,35,1,16.775000,,,,,,,,,,0
timing-2560x1440-2-2,36,1,16.676000,,,,,,,,,,0
timing-2560x1440-2-2,37,1,16.739000,,,,,,,,,,0
timing-2560x1440-2-2,38,1,17.478000,,,,,,,,,,0
timing-2560x1440-2-2,39,1,16.639000,,,,,,,,,,0
timing-2560x1440-2-2,40,1,16.728000,,,,,,,,,,0
timing-2560x1440-2-2,41,1,16.961000,,,,,,,,,,0
timing-2560x1440-2-2,42,1,16.636000,,,,,,,,,,0
timing-2560x1440-2-2,43,1,16.996000,,,,,,,,,,0
timing-2560x1440-2-2,44,1,16.944000,,,,,,,,,,0
timing-2560x1440-2-2,45,1,16.787000,,,,,,,,,,0
timing-2560x1440-2-2,46,1,16.817000,,,,,,,,,,0
timing-2560x1440-2-2,47,1,16.961000,,,,,,,,,,0
timing-2560x1440-2-2,48,1,16.989000,,,,,,,,,,0
timing-2560x1440-2-2,49,1,16.824000,,,,,,,,,,0
timing-2560x1440-2-2,50,1,16.777000,,,,,,,,,,0
timing-2560x1440-2-2,51,1,16.806000,,,,,,,,,,0
timing-2560x1440-2-2,52,1,16.666000,,,,,,,,,,0
timing-2560x1440-2-2,53,1,16.849000,,,,,,,,,,0
timing-2560x1440-2-2,54,1,16.923000,,,,,,,,,,0
timing-2560x1440-2-2,55,1,16.790000,,,,,,,,,,0
timing-2560x1440-2-2,56,1,16.886000,,,,,,,,,,0
timing-2560x1440-2-2,57,1,16.790000,,,,,,,,,,0
timing-2560x1440-2-2,58,1,16.978000,,,,,,,,,,0
timing-2560x1440-2-2,59,1,16.778000,,,,,,,,,,0
timing-2560x1440-2-2,60,1,16.843000,,,,,,,,,,0
timing-2560x1440-2-2,61,1,17.004000,,,,,,,,,,0
timing-2560x1440-2-2,62,1,16.800000,,,,,,,,,,0
timing-2560x1440-2-2,63,1,16.895000,,,,,,,,,,0
timing-2560x1440-2-2,64,1,16.771000,,,,,,,,,,0
timing-2560x1440-2-2,65,1,16.733000,,,,,,,,,,0
timing-2560x1440-2-2,66,1,16.906000,,,,,,,,,,0
timing-2560x1440-2-2,67,1,17.164000,,,,,,,,,,0
timing-2560x1440-2-2,68,1,16.947000,,,,,,,,,,0
timing-2560x1440-2-2,69,1,17.074000,,,,,,,,,,0
timing-2560x1440-2-2,70,1,16.963000,,,,,,,,,,0
timing-2560x1440-2-2,71,1,16.706000,,,,,,,,,,0
timing-2560x1440-2-2,72,1,16.569000,,,,,,,,,,0
timing-2560x1440-2-2,73,1,16.868000,,,,,,,,,,0
timing-2560x1440-2-2,74,1,16.973000,,,,,,,,,,0
timing-2560x1440-2-2,75,1,16.900000,,,,,,,,,,0
timing-2560x1440-2-2,76,1,16.818000,,,,,,,,,,0
timing-2560x1440-2-2,77,1,16.803000,,,,,,,,,,0
timing-2560x1440-2-2,78,1,16.837000,,,,,,,,,,0
timing-2560x1440-2-2,79,1,16.604000,,,,,,,,,,0
timing-2560x1440-2-2,80,1,16.809000,,,,,,,,,,0
timing-2560x1440-2-2,81,1,16.838000,,,,,,,,,,0
timing-2560x1440-2-2,82,1,16.867000,,,,,,,,,,0
timing-2560x1440-2-2,83,1,16.815000,,,,,,,,,,0
timing-2560x1440-2-2,84,1,16.629000,,,,,,,,,,0
timing-2560x1440-2-2,85,1,16.689000,,,,,,,,,,0
timing-2560x1440-2-2,86,1,16.960000,,,,,,,,,,0
timing-2560x1440-2-2,87,1,17.075000,,,,,,,,,,0
timing-2560x1440-2-2,88,1,16.971000,,,,,,,,,,0
timing-2560x1440-2-2,89,1,17.064000,,,,,,,,,,0
timing-2560x1440-2-2,90,1,17.081000,,,,,,,,,,0
timing-2560x1440-2-2,91,1,16.915000,,,,,,,,,,0
timing-2560x1440-2-2,92,1,17.046000,,,,,,,,,,0
timing-2560x1440-2-2,93,1,16.853000,,,,,,,,,,0
timing-2560x1440-2-2,94,1,16.613000,,,,,,,,,,0
timing-2560x1440-2-2,95,1,16.825000,,,,,,,,,,0
timing-2560x1440-2-2,96,1,17.085000,,,,,,,,,,0
timing-2560x1440-2-2,97,1,16.843000,,,,,,,,,,0
timing-2560x1440-2-2,98,1,16.847000,,,,,,,,,,0
timing-2560x1440-2-2,99,1,16.835000,,,,,,,,,,0
timing-2560x1440-2-2,100,1,16.861000,,,,,,,,,,0
timing-2560x1440-2-2,101,1,16.979000,,,,,,,,,,0
timing-2560x1440-2-2,102,1,16.903000,,,,,,,,,,0
timing-2560x1440-2-2,103,1,16.995000,,,,,,,,,,0
timing-2560x1440-2-2,104,1,16.978000,,,,,,,,,,0
timing-2560x1440-2-2,105,1,16.721000,,,,,,,,,,0
timing-2560x1440-2-2,106,1,16.672000,,,,,,,,,,0
timing-2560x1440-2-2,107,1,16.815000,,,,,,,,,,0
timing-2560x1440-2-2,108,1,16.769000,,,,,,,,,,0
timing-2560x1440-2-2,109,1,16.879000,,,,,,,,,,0
timing-2560x1440-2-2,110,1,17.012000,,,,,,,,,,0
timing-2560x1440-2-2,111,1,16.845000,,,,,,,,,,0
timing-2560x1440-2-2,112,1,16.567000,,,,,,,,,,0
timing-2560x1440-2-2,113,1,16.749000,,,,,,,,,,0
timing-2560x1440-2-2,114,1,16.987000,,,,,,,,,,0
timing-2560x1440-2-2,115,1,16.794000,,,,,,,,,,0
timing-2560x1440-2-2,116,1,16.698000,,,,,,,,,,0
timing-2560x1440-2-2,117,1,16.702000,,,,,,,,,,0
timing-2560x1440-2-2,118,1,16.870000,,,,,,,,,,0
timing-2560x1440-2-2,119,1,16.893000,,,,,,,,,,0
timing-2560x1440-2-2,120,1,17.000000,,,,,,,,,,0
timing-2560x1440-2-2,121,1,16.783000,,,,,,,,,,0
timing-2560x1440-2-2,122,1,16.673000,,,,,,,,,,0
timing-2560x1440-2-2,123,1,16.754000,,,,,,,,,,0
timing-2560x1440-2-2,124,1,16.749000,,,,,,,,,,0
timing-2560x1440-2-2,125,1,16.818000,,,,,,,,,,0
timing-2560x1440-2-2,126,1,16.946000,,,,,,,,,,0
timing-2560x1440-2-2,127,1,16.901000,,,,,,,,,,0
timing-2560x1440-2-2,128,1,16.848000,,,,,,,,,,0
timing-2560x1440-2-2,129,1,16.968000,,,,,,,,,,0
timing-2560x1440-2-2,130,1,16.695000,,,,,,,,,,0
timing-2560x1440-2-2,131,1,16.565000,,,,,,,,,,0
timing-2560x1440-2-2,132,1,16.831000,,,,,,,,,,0
timing-2560x1440-2-2,133,1,17.094000,,,,,,,,,,0
timing-2560x1440-2-2,134,1,17.229000,,,,,,,,,,0
timing-2560x1440-2-2,135,1,17.021000,,,,,,,,,,0
timing-2560x1440-2-2,136,1,17.079000,,,,,,,,,,0
timing-2560x1440-2-2,137,1,17.073000,,,,,,,,,,0
timing-2560x1440-2-2,138,1,17.023000,,,,,,,,,,0
timing-2560x1440-2-2,139,1,16.934000,,,,,,,,,,0
timing-2560x1440-2-2,140,1,16.885000,,,,,,,,,,0
timing-2560x1440-2-2,141,1,16.924000,,,,,,,,,,0
timing-2560x1440-2-2,142,1,16.868000,,,,,,,,,,0
timing-2560x1440-2-2,143,1,16.801000,,,,,,,,,,0
timing-2560x1440-2-2,144,1,16.915000,,,,,,,,,,0
timing-2560x1440-2-2,145,1,16.902000,,,,,,,,,,0
timing-2560x1440-2-2,146,1,16.923000,,,,,,,,,,0
timing-2560x1440-2-2,147,1,16.918000,,,,,,,,,,0
timing-2560x1440-2-2,148,1,16.841000,,,,,,,,,,0
timing-2560x1440-2-2,149,1,16.817000,,,,,,,,,,0
timing-2560x1440-2-2,150,1,16.853000,,,,,,,,,,0
timing-2560x1440-2-2,151,1,16.879000,,,,,,,,,,0
timing-2560x1440-2-2,152,1,16.714000,,,,,,,,,,0
timing-2560x1440-2-2,153,1,16.866000,,,,,,,,,,0
timing-2560x1440-2-2,154,1,16.900000,,,,,,,,,,0
timing-2560x1440-2-2,155,1,16.915000,,,,,,,,,,0
timing-2560x1440-2-2,156,1,16.925000,,,,,,,,,,0
timing-2560x1440-2-2,157,1,17.045000,,,,,,,,,,0
timing-2560x1440-2-2,158,1,16.904000,,,,,,,,,,0
timing-2560x1440-2-2,159,1,16.866000,,,,,,,,,,0
timing-2560x1440-2-2,160,1,16.734000,,,,,,,,,,0
timing-2560x1440-2-2,161,1,16.780000,,,,,,,,,,0
timing-2560x1440-2-2,162,1,16.853000,,,,,,,,,,0
timing-2560x1440-2-2,163,1,16.837000,,,,,,,,,,0
timing-2560x1440-2-2,164,1,16.700000,,,,,,,,,,0
timing-2560x1440-2-2,165,1,16.728000,,,,,,,,,,0
timing-2560x1440-2-2,166,1,16.779000,,,,,,,,,,0
timing-2560x1440-2-2,167,1,16.946000,,,,,,,,,,0
timing-2560x1440-2-2,168,1,16.978000,,,,,,,,,,0
timing-2560x1440-2-2,169,1,16.944000,,,,,,,,,,0
timing-2560x1440-2-2,170,1,16.869000,,,,,,,,,,0
timing-2560x1440-2-2,171,1,16.902000,,,,,,,,,,0
timing-2560x1440-2-2,172,1,16.597000,,,,,,,,,,0
timing-2560x1440-2-2,173,1,16.853000,,,,,,,,,,0
timing-2560x1440-2-2,174,1,16.852000,,,,,,,,,,0
timing-2560x1440-2-2,175,1,16.885000,,,,,,,,,,0
timing-2560x1440-2-2,176,1,16.858000,,,,,,,,,,0
timing-2560x1440-2-2,177,1,16.919000,,,,,,,,,,0
timing-2560x1440-2-2,178,1,16.725000,,,,,,,,,,0
timing-2560x1440-2-2,179,1,16.710000,,,,,,,,,,0
timing-2560x1440-2-2,180,1,17.085000,,,,,,,,,,0
timing-2560x1440-2-2,181,1,17.227000,,,,,,,,,,0
timing-2560x1440-2-2,182,1,16.821000,,,,,,,,,,0
timing-2560x1440-2-2,183,1,16.875000,,,,,,,,,,0
timing-2560x1440-2-2,184,1,16.628000,,,,,,,,,,0
timing-2560x1440-2-2,185,1,16.713000,,,,,,,,,,0
timing-2560x1440-2-2,186,1,16.970000,,,,,,,,,,0
timing-2560x1440-2-2,187,1,16.955000,,,,,,,,,,0
timing-2560x1440-2-2,188,1,16.939000,,,,,,,,,,0
timing-2560x1440-2-2,189,1,17.011000,,,,,,,,,,0
timing-2560x1440-2-2,190,1,16.884000,,,,,,,,,,0
timing-2560x1440-2-2,191,1,16.895000,,,,,,,,,,0
timing-2560x1440-2-2,192,1,16.641000,,,,,,,,,,0
timing-2560x1440-2-2,193,1,16.794000,,,,,,,,,,0
timing-2560x1440-2-2,194,1,16.895000,,,,,,,,,,0
timing-2560x1440-2-2,195,1,17.094000,,,,,,,,,,0
timing-2560x1440-2-2,196,1,16.756000,,,,,,,,,,0
timing-2560x1440-2-2,197,1,16.737000,,,,,,,,,,0
timing-2560x1440-2-2,198,1,16.800000,,,,,,,,,,0
timing-2560x1440-2-2,199,1,16.961000,,,,,,,,,,0
timing-2560x1440-2-2,200,1,16.945000,,,,,,,,,,0
timing-2560x1440-2-2,201,1,16.866000,,,,,,,,,,0
timing-2560x1440-2-2,202,1,16.961000,,,,,,,,,,0
timing-2560x1440-2-2,203,1,16.954000,,,,,,,,,,0
timing-2560x1440-2-2,204,1,16.899000,,,,,,,,,,0
timing-2560x1440-2-2,205,1,16.917000,,,,,,,,,,0
timing-2560x1440-2-2,206,1,16.922000,,,,,,,,,,0
timing-2560x1440-2-2,207,1,16.845000,,,,,,,,,,0
timing-2560x1440-2-2,208,1,16.925000,,,,,,,,,,0
timing-2560x1440-2-2,209,1,16.781000,,,,,,,,,,0
timing-2560x1440-2-2,210,1,17.150000,,,,,,,,,,0
timing-2560x1440-2-2,211,1,17.067000,,,,,,,,,,0
timing-2560x1440-2-2,212,1,16.961000,,,,,,,,,,0
timing-2560x1440-2-2,213,1,16.643000,,,,,,,,,,0
timing-2560x1440-2-2,214,1,16.756000,,,,,,,,,,0
timing-2560x1440-2-2,215,1,17.046000,,,,,,,,,,0
timing-2560x1440-2-2,216,1,16.904000,,,,,,,,,,0
timing-2560x1440-2-2,217,1,17.018000,,,,,,,,,,0
timing-2560x1440-2-2,218,1,16.693000,,,,,,,,,,0
timing-2560x1440-2-2,219,1,16.917000,,,,,,,,,,0
timing-2560x1440-2-2,220,1,16.804000,,,,,,,,,,0
timing-2560x1440-2-2,221,1,16.703000,,,,,,,,,,0
timing-2560x1440-2-2,222,1,16.590000,,,,,,,,,,0
timing-2560x1440-2-2,223,1,16.676000,,,,,,,,,,0
timing-2560x1440-2-2,224,1,16.934000,,,,,,,,,,0
timing-2560x1440-2-2,225,1,16.922000,,,,,,,,,,0
timing-2560x1440-2-2,226,1,16.545000,,,,,,,,,,0
timing-2560x1440-2-2,227,1,16.988000,,,,,,,,,,0
timing-2560x1440-2-2,228,1,16.724000,,,,,,,,,,0
timing-2560x1440-2-2,229,1,16.721000,,,,,,,,,,0
timing-2560x1440-2-2,230,1,17.133000,,,,,,,,,,0
timing-2560x1440-2-2,231,1,17.003000,,,,,,,,,,0
timing-2560x1440-2-2,232,1,16.922000,,,,,,,,,,0
timing-2560x1440-2-2,233,1,16.918000,,,,,,,,,,0
timing-2560x1440-2-2,234,1,16.904000,,,,,,,,,,0
timing-2560x1440-2-2,235,1,16.809000,,,,,,,,,,0
timing-2560x1440-2-2,236,1,16.918000,,,,,,,,,,0
timing-2560x1440-2-2,237,1,16.770000,,,,,,,,,,0
timing-2560x1440-2-2,238,1,16.867000,,,,,,,,,,0
timing-2560x1440-2-2,239,1,16.819000,,,,,,,,,,0
timing-2560x1440-2-2,240,1,16.859000,,,,,,,,,,0
timing-2560x1440-2-2,241,1,16.715000,,,,,,,,,,0
timing-2560x1440-2-2,242,1,16.919000,,,,,,,,,,0
timing-2560x1440-2-2,243,1,16.964000,,,,,,,,,,0
timing-2560x1440-2-2,244,1,16.737000,,,,,,,,,,0
timing-2560x1440-2-2,245,1,16.796000,,,,,,,,,,0
timing-2560x1440-2-2,246,1,16.822000,,,,,,,,,,0
timing-2560x1440-2-2,247,1,16.729000,,,,,,,,,,0
timing-2560x1440-2-2,248,1,16.573000,,,,,,,,,,0
timing-2560x1440-2-2,249,1,16.817000,,,,,,,,,,0
timing-2560x1440-2-2,250,1,17.041000,,,,,,,,,,0
timing-2560x1440-2-2,251,1,16.982000,,,,,,,,,,0
timing-2560x1440-2-2,252,1,16.689000,,,,,,,,,,0
timing-2560x1440-2-2,253,1,16.663000,,,,,,,,,,0
timing-2560x1440-2-2,254,1,16.798000,,,,,,,,,,0
timing-2560x1440-2-2,255,1,16.701000,,,,,,,,,,0
timing-2560x1440-2-2,256,1,16.900000,,,,,,,,,,0
timing-2560x1440-2-2,257,1,17.023000,,,,,,,,,,0
timing-2560x1440-2-2,258,1,16.702000,,,,,,,,,,0
timing-2560x1440-2-2,259,1,16.945000,,,,,,,,,,0
timing-2560x1440-2-2,260,1,16.949000,,,,,,,,,,0
timing-2560x1440-2-2,261,1,16.835000,,,,,,,,,,0
timing-2560x1440-2-2,262,1,16.850000,,,,,,,,,,0
timing-2560x1440-2-2,263,1,16.795000,,,,,,,,,,0
timing-2560x1440-2-2,264,1,16.879000,,,,,,,,,,0
timing-2560x1440-2-2,265,1,16.737000,,,,,,,,,,0
timing-2560x1440-2-2,266,1,17.014000,,,,,,,,,,0
timing-2560x1440-2-2,267,1,17.006000,,,,,,,,,,0
timing-2560x1440-2-2,268,1,17.023000,,,,,,,,,,0
timing-2560x1440-2-2,269,1,16.946000,,,,,,,,,,0
timing-2560x1440-2-2,270,1,17.023000,,,,,,,,,,0
timing-2560x1440-2-2,271,1,16.756000,,,,,,,,,,0
timing-2560x1440-2-2,272,1,16.701000,,,,,,,,,,0
timing-2560x1440-2-2,273,1,17.089000,,,,,,,,,,0
timing-2560x1440-2-2,274,1,16.814000,,,,,,,,,,0
timing-2560x1440-2-2,275,1,16.902000,,,,,,,,,,0
timing-2560x1440-2-2,276,1,17.038000,,,,,,,,,,0
timing-2560x1440-2-2,277,1,16.955000,,,,,,,,,,0
timing-2560x1440-2-2,278,1,16.944000,,,,,,,,,,0
timing-2560x1440-2-2,279,1,16.946000,,,,,,,,,,0
timing-2560x1440-2-2,280,1,17.057000,,,,,,,,,,0
timing-2560x1440-2-2,281,1,16.900000,,,,,,,,,,0
timing-2560x1440-2-2,282,1,16.704000,,,,,,,,,,0
timing-2560x1440-2-2,283,1,16.642000,,,,,,,,,,0
timing-2560x1440-2-2,284,1,16.970000,,,,,,,,,,0
timing-2560x1440-2-2,285,1,16.914000,,,,,,,,,,0
timing-2560x1440-2-2,286,1,16.991000,,,,,,,,,,0
timing-2560x1440-2-2,287,1,16.940000,,,,,,,,,,0
timing-2560x1440-2-2,288,1,16.917000,,,,,,,,,,0
timing-2560x1440-2-2,289,1,16.860000,,,,,,,,,,0
timing-2560x1440-2-2,290,1,16.725000,,,,,,,,,,0
timing-2560x1440-2-2,291,1,16.765000,,,,,,,,,,0
timing-2560x1440-2-2,292,1,16.897000,,,,,,,,,,0
timing-2560x1440-2-2,293,1,16.888000,,,,,,,,,,0
timing-2560x1440-2-2,294,1,16.825000,,,,,,,,,,0
timing-2560x1440-2-2,295,1,17.081000,,,,,,,,,,0
timing-2560x1440-2-2,296,1,16.952000,,,,,,,,,,0
timing-2560x1440-2-2,297,1,16.807000,,,,,,,,,,0
timing-2560x1440-2-2,298,1,16.586000,,,,,,,,,,0
timing-2560x1440-2-2,299,1,16.564000,,,,,,,,,,0
timing-2560x1440-2-2,300,1,16.929000,,,,,,,,,,0
timing-2560x1440-2-2,301,1,16.960000,,,,,,,,,,0
timing-2560x1440-2-2,302,1,16.940000,,,,,,,,,,0
timing-2560x1440-2-2,303,1,16.860000,,,,,,,,,,0
timing-2560x1440-2-2,304,1,16.660000,,,,,,,,,,0
timing-2560x1440-2-2,305,1,16.843000,,,,,,,,,,0
timing-2560x1440-2-2,306,1,16.982000,,,,,,,,,,0
timing-2560x1440-2-2,307,1,16.878000,,,,,,,,,,0
timing-2560x1440-2-2,308,1,16.851000,,,,,,,,,,0
timing-2560x1440-2-2,309,1,16.918000,,,,,,,,,,0
timing-2560x1440-2-2,310,1,17.013000,,,,,,,,,,0
timing-2560x1440-2-2,311,1,16.792000,,,,,,,,,,0
timing-2560x1440-2-2,312,1,16.690000,,,,,,,,,,0
timing-2560x1440-2-2,313,1,17.086000,,,,,,,,,,0
timing-2560x1440-2-2,314,1,16.954000,,,,,,,,,,0
timing-2560x1440-2-2,315,1,16.699000,,,,,,,,,,0
timing-2560x1440-2-2,316,1,16.795000,,,,,,,,,,0
timing-2560x1440-2-2,317,1,17.153000,,,,,,,,,,0
timing-2560x1440-2-2,318,1,16.804000,,,,,,,,,,0
timing-2560x1440-2-2,319,1,17.178000,0,0,0.999511719,0.359683349,0.403534527,1325,232,0,0,1
timing-2560x1440-2-3,0,1,1163.699000,0,0,0.999511719,0.359683349,0.403534527,1325,232,0,0,1
timing-2560x1440-2-3,1,1,19.995000,,,,,,,,,,0
timing-2560x1440-2-3,2,1,17.428000,,,,,,,,,,0
timing-2560x1440-2-3,3,1,17.013000,,,,,,,,,,0
timing-2560x1440-2-3,4,1,17.069000,,,,,,,,,,0
timing-2560x1440-2-3,5,1,16.849000,,,,,,,,,,0
timing-2560x1440-2-3,6,1,16.869000,,,,,,,,,,0
timing-2560x1440-2-3,7,1,16.836000,,,,,,,,,,0
timing-2560x1440-2-3,8,1,17.939000,,,,,,,,,,0
timing-2560x1440-2-3,9,1,17.348000,,,,,,,,,,0
timing-2560x1440-2-3,10,1,17.037000,,,,,,,,,,0
timing-2560x1440-2-3,11,1,17.259000,,,,,,,,,,0
timing-2560x1440-2-3,12,1,16.991000,,,,,,,,,,0
timing-2560x1440-2-3,13,1,16.974000,,,,,,,,,,0
timing-2560x1440-2-3,14,1,16.958000,,,,,,,,,,0
timing-2560x1440-2-3,15,1,17.419000,,,,,,,,,,0
timing-2560x1440-2-3,16,1,16.800000,,,,,,,,,,0
timing-2560x1440-2-3,17,1,16.623000,,,,,,,,,,0
timing-2560x1440-2-3,18,1,16.908000,,,,,,,,,,0
timing-2560x1440-2-3,19,1,16.662000,,,,,,,,,,0
timing-2560x1440-2-3,20,1,16.725000,,,,,,,,,,0
timing-2560x1440-2-3,21,1,16.655000,,,,,,,,,,0
timing-2560x1440-2-3,22,1,16.752000,,,,,,,,,,0
timing-2560x1440-2-3,23,1,16.708000,,,,,,,,,,0
timing-2560x1440-2-3,24,1,16.818000,,,,,,,,,,0
timing-2560x1440-2-3,25,1,16.652000,,,,,,,,,,0
timing-2560x1440-2-3,26,1,16.690000,,,,,,,,,,0
timing-2560x1440-2-3,27,1,16.741000,,,,,,,,,,0
timing-2560x1440-2-3,28,1,16.887000,,,,,,,,,,0
timing-2560x1440-2-3,29,1,16.676000,,,,,,,,,,0
timing-2560x1440-2-3,30,1,16.699000,,,,,,,,,,0
timing-2560x1440-2-3,31,1,16.844000,,,,,,,,,,0
timing-2560x1440-2-3,32,1,16.744000,,,,,,,,,,0
timing-2560x1440-2-3,33,1,16.784000,,,,,,,,,,0
timing-2560x1440-2-3,34,1,16.880000,,,,,,,,,,0
timing-2560x1440-2-3,35,1,17.275000,,,,,,,,,,0
timing-2560x1440-2-3,36,1,16.651000,,,,,,,,,,0
timing-2560x1440-2-3,37,1,16.797000,,,,,,,,,,0
timing-2560x1440-2-3,38,1,17.049000,,,,,,,,,,0
timing-2560x1440-2-3,39,1,17.090000,,,,,,,,,,0
timing-2560x1440-2-3,40,1,17.225000,,,,,,,,,,0
timing-2560x1440-2-3,41,1,16.886000,,,,,,,,,,0
timing-2560x1440-2-3,42,1,16.959000,,,,,,,,,,0
timing-2560x1440-2-3,43,1,16.777000,,,,,,,,,,0
timing-2560x1440-2-3,44,1,16.956000,,,,,,,,,,0
timing-2560x1440-2-3,45,1,16.997000,,,,,,,,,,0
timing-2560x1440-2-3,46,1,16.913000,,,,,,,,,,0
timing-2560x1440-2-3,47,1,16.867000,,,,,,,,,,0
timing-2560x1440-2-3,48,1,17.038000,,,,,,,,,,0
timing-2560x1440-2-3,49,1,17.088000,,,,,,,,,,0
timing-2560x1440-2-3,50,1,17.329000,,,,,,,,,,0
timing-2560x1440-2-3,51,1,16.897000,,,,,,,,,,0
timing-2560x1440-2-3,52,1,16.990000,,,,,,,,,,0
timing-2560x1440-2-3,53,1,16.856000,,,,,,,,,,0
timing-2560x1440-2-3,54,1,16.896000,,,,,,,,,,0
timing-2560x1440-2-3,55,1,16.838000,,,,,,,,,,0
timing-2560x1440-2-3,56,1,16.772000,,,,,,,,,,0
timing-2560x1440-2-3,57,1,16.815000,,,,,,,,,,0
timing-2560x1440-2-3,58,1,16.895000,,,,,,,,,,0
timing-2560x1440-2-3,59,1,17.057000,,,,,,,,,,0
timing-2560x1440-2-3,60,1,17.148000,,,,,,,,,,0
timing-2560x1440-2-3,61,1,17.189000,,,,,,,,,,0
timing-2560x1440-2-3,62,1,17.068000,,,,,,,,,,0
timing-2560x1440-2-3,63,1,17.057000,,,,,,,,,,0
timing-2560x1440-2-3,64,1,16.872000,,,,,,,,,,0
timing-2560x1440-2-3,65,1,16.951000,,,,,,,,,,0
timing-2560x1440-2-3,66,1,16.929000,,,,,,,,,,0
timing-2560x1440-2-3,67,1,16.992000,,,,,,,,,,0
timing-2560x1440-2-3,68,1,16.843000,,,,,,,,,,0
timing-2560x1440-2-3,69,1,16.752000,,,,,,,,,,0
timing-2560x1440-2-3,70,1,16.695000,,,,,,,,,,0
timing-2560x1440-2-3,71,1,16.916000,,,,,,,,,,0
timing-2560x1440-2-3,72,1,16.971000,,,,,,,,,,0
timing-2560x1440-2-3,73,1,17.002000,,,,,,,,,,0
timing-2560x1440-2-3,74,1,17.010000,,,,,,,,,,0
timing-2560x1440-2-3,75,1,16.992000,,,,,,,,,,0
timing-2560x1440-2-3,76,1,17.148000,,,,,,,,,,0
timing-2560x1440-2-3,77,1,16.963000,,,,,,,,,,0
timing-2560x1440-2-3,78,1,16.860000,,,,,,,,,,0
timing-2560x1440-2-3,79,1,16.853000,,,,,,,,,,0
timing-2560x1440-2-3,80,1,17.111000,,,,,,,,,,0
timing-2560x1440-2-3,81,1,17.054000,,,,,,,,,,0
timing-2560x1440-2-3,82,1,16.975000,,,,,,,,,,0
timing-2560x1440-2-3,83,1,16.965000,,,,,,,,,,0
timing-2560x1440-2-3,84,1,16.920000,,,,,,,,,,0
timing-2560x1440-2-3,85,1,16.892000,,,,,,,,,,0
timing-2560x1440-2-3,86,1,17.022000,,,,,,,,,,0
timing-2560x1440-2-3,87,1,16.797000,,,,,,,,,,0
timing-2560x1440-2-3,88,1,16.746000,,,,,,,,,,0
timing-2560x1440-2-3,89,1,16.983000,,,,,,,,,,0
timing-2560x1440-2-3,90,1,17.002000,,,,,,,,,,0
timing-2560x1440-2-3,91,1,16.945000,,,,,,,,,,0
timing-2560x1440-2-3,92,1,17.054000,,,,,,,,,,0
timing-2560x1440-2-3,93,1,16.992000,,,,,,,,,,0
timing-2560x1440-2-3,94,1,16.836000,,,,,,,,,,0
timing-2560x1440-2-3,95,1,16.894000,,,,,,,,,,0
timing-2560x1440-2-3,96,1,17.001000,,,,,,,,,,0
timing-2560x1440-2-3,97,1,17.073000,,,,,,,,,,0
timing-2560x1440-2-3,98,1,17.187000,,,,,,,,,,0
timing-2560x1440-2-3,99,1,16.814000,,,,,,,,,,0
timing-2560x1440-2-3,100,1,16.739000,,,,,,,,,,0
timing-2560x1440-2-3,101,1,16.878000,,,,,,,,,,0
timing-2560x1440-2-3,102,1,16.742000,,,,,,,,,,0
timing-2560x1440-2-3,103,1,16.984000,,,,,,,,,,0
timing-2560x1440-2-3,104,1,17.148000,,,,,,,,,,0
timing-2560x1440-2-3,105,1,17.028000,,,,,,,,,,0
timing-2560x1440-2-3,106,1,16.948000,,,,,,,,,,0
timing-2560x1440-2-3,107,1,17.020000,,,,,,,,,,0
timing-2560x1440-2-3,108,1,16.868000,,,,,,,,,,0
timing-2560x1440-2-3,109,1,17.072000,,,,,,,,,,0
timing-2560x1440-2-3,110,1,17.055000,,,,,,,,,,0
timing-2560x1440-2-3,111,1,17.138000,,,,,,,,,,0
timing-2560x1440-2-3,112,1,17.034000,,,,,,,,,,0
timing-2560x1440-2-3,113,1,16.997000,,,,,,,,,,0
timing-2560x1440-2-3,114,1,16.751000,,,,,,,,,,0
timing-2560x1440-2-3,115,1,17.101000,,,,,,,,,,0
timing-2560x1440-2-3,116,1,17.020000,,,,,,,,,,0
timing-2560x1440-2-3,117,1,17.007000,,,,,,,,,,0
timing-2560x1440-2-3,118,1,17.152000,,,,,,,,,,0
timing-2560x1440-2-3,119,1,16.932000,,,,,,,,,,0
timing-2560x1440-2-3,120,1,16.727000,,,,,,,,,,0
timing-2560x1440-2-3,121,1,16.772000,,,,,,,,,,0
timing-2560x1440-2-3,122,1,16.913000,,,,,,,,,,0
timing-2560x1440-2-3,123,1,16.984000,,,,,,,,,,0
timing-2560x1440-2-3,124,1,16.998000,,,,,,,,,,0
timing-2560x1440-2-3,125,1,16.989000,,,,,,,,,,0
timing-2560x1440-2-3,126,1,17.132000,,,,,,,,,,0
timing-2560x1440-2-3,127,1,17.002000,,,,,,,,,,0
timing-2560x1440-2-3,128,1,16.836000,,,,,,,,,,0
timing-2560x1440-2-3,129,1,16.875000,,,,,,,,,,0
timing-2560x1440-2-3,130,1,16.744000,,,,,,,,,,0
timing-2560x1440-2-3,131,1,16.920000,,,,,,,,,,0
timing-2560x1440-2-3,132,1,16.934000,,,,,,,,,,0
timing-2560x1440-2-3,133,1,16.979000,,,,,,,,,,0
timing-2560x1440-2-3,134,1,16.907000,,,,,,,,,,0
timing-2560x1440-2-3,135,1,16.893000,,,,,,,,,,0
timing-2560x1440-2-3,136,1,16.970000,,,,,,,,,,0
timing-2560x1440-2-3,137,1,17.208000,,,,,,,,,,0
timing-2560x1440-2-3,138,1,17.094000,,,,,,,,,,0
timing-2560x1440-2-3,139,1,16.894000,,,,,,,,,,0
timing-2560x1440-2-3,140,1,17.018000,,,,,,,,,,0
timing-2560x1440-2-3,141,1,16.778000,,,,,,,,,,0
timing-2560x1440-2-3,142,1,16.905000,,,,,,,,,,0
timing-2560x1440-2-3,143,1,16.976000,,,,,,,,,,0
timing-2560x1440-2-3,144,1,16.926000,,,,,,,,,,0
timing-2560x1440-2-3,145,1,17.170000,,,,,,,,,,0
timing-2560x1440-2-3,146,1,16.857000,,,,,,,,,,0
timing-2560x1440-2-3,147,1,16.761000,,,,,,,,,,0
timing-2560x1440-2-3,148,1,16.882000,,,,,,,,,,0
timing-2560x1440-2-3,149,1,17.063000,,,,,,,,,,0
timing-2560x1440-2-3,150,1,17.084000,,,,,,,,,,0
timing-2560x1440-2-3,151,1,17.292000,,,,,,,,,,0
timing-2560x1440-2-3,152,1,17.026000,,,,,,,,,,0
timing-2560x1440-2-3,153,1,16.848000,,,,,,,,,,0
timing-2560x1440-2-3,154,1,16.861000,,,,,,,,,,0
timing-2560x1440-2-3,155,1,17.422000,,,,,,,,,,0
timing-2560x1440-2-3,156,1,17.015000,,,,,,,,,,0
timing-2560x1440-2-3,157,1,17.121000,,,,,,,,,,0
timing-2560x1440-2-3,158,1,17.159000,,,,,,,,,,0
timing-2560x1440-2-3,159,1,17.430000,,,,,,,,,,0
timing-2560x1440-2-3,160,1,17.118000,,,,,,,,,,0
timing-2560x1440-2-3,161,1,17.064000,,,,,,,,,,0
timing-2560x1440-2-3,162,1,16.907000,,,,,,,,,,0
timing-2560x1440-2-3,163,1,17.135000,,,,,,,,,,0
timing-2560x1440-2-3,164,1,16.749000,,,,,,,,,,0
timing-2560x1440-2-3,165,1,16.798000,,,,,,,,,,0
timing-2560x1440-2-3,166,1,16.948000,,,,,,,,,,0
timing-2560x1440-2-3,167,1,16.913000,,,,,,,,,,0
timing-2560x1440-2-3,168,1,17.096000,,,,,,,,,,0
timing-2560x1440-2-3,169,1,17.023000,,,,,,,,,,0
timing-2560x1440-2-3,170,1,16.950000,,,,,,,,,,0
timing-2560x1440-2-3,171,1,16.765000,,,,,,,,,,0
timing-2560x1440-2-3,172,1,16.812000,,,,,,,,,,0
timing-2560x1440-2-3,173,1,16.990000,,,,,,,,,,0
timing-2560x1440-2-3,174,1,17.174000,,,,,,,,,,0
timing-2560x1440-2-3,175,1,17.014000,,,,,,,,,,0
timing-2560x1440-2-3,176,1,17.194000,,,,,,,,,,0
timing-2560x1440-2-3,177,1,17.179000,,,,,,,,,,0
timing-2560x1440-2-3,178,1,17.082000,,,,,,,,,,0
timing-2560x1440-2-3,179,1,17.084000,,,,,,,,,,0
timing-2560x1440-2-3,180,1,17.072000,,,,,,,,,,0
timing-2560x1440-2-3,181,1,17.065000,,,,,,,,,,0
timing-2560x1440-2-3,182,1,17.068000,,,,,,,,,,0
timing-2560x1440-2-3,183,1,16.865000,,,,,,,,,,0
timing-2560x1440-2-3,184,1,16.865000,,,,,,,,,,0
timing-2560x1440-2-3,185,1,16.902000,,,,,,,,,,0
timing-2560x1440-2-3,186,1,16.954000,,,,,,,,,,0
timing-2560x1440-2-3,187,1,17.194000,,,,,,,,,,0
timing-2560x1440-2-3,188,1,17.433000,,,,,,,,,,0
timing-2560x1440-2-3,189,1,16.892000,,,,,,,,,,0
timing-2560x1440-2-3,190,1,16.919000,,,,,,,,,,0
timing-2560x1440-2-3,191,1,16.949000,,,,,,,,,,0
timing-2560x1440-2-3,192,1,17.144000,,,,,,,,,,0
timing-2560x1440-2-3,193,1,17.151000,,,,,,,,,,0
timing-2560x1440-2-3,194,1,16.983000,,,,,,,,,,0
timing-2560x1440-2-3,195,1,16.770000,,,,,,,,,,0
timing-2560x1440-2-3,196,1,16.755000,,,,,,,,,,0
timing-2560x1440-2-3,197,1,17.045000,,,,,,,,,,0
timing-2560x1440-2-3,198,1,16.967000,,,,,,,,,,0
timing-2560x1440-2-3,199,1,17.053000,,,,,,,,,,0
timing-2560x1440-2-3,200,1,17.017000,,,,,,,,,,0
timing-2560x1440-2-3,201,1,17.016000,,,,,,,,,,0
timing-2560x1440-2-3,202,1,16.795000,,,,,,,,,,0
timing-2560x1440-2-3,203,1,17.057000,,,,,,,,,,0
timing-2560x1440-2-3,204,1,17.132000,,,,,,,,,,0
timing-2560x1440-2-3,205,1,16.934000,,,,,,,,,,0
timing-2560x1440-2-3,206,1,17.003000,,,,,,,,,,0
timing-2560x1440-2-3,207,1,16.914000,,,,,,,,,,0
timing-2560x1440-2-3,208,1,17.027000,,,,,,,,,,0
timing-2560x1440-2-3,209,1,16.903000,,,,,,,,,,0
timing-2560x1440-2-3,210,1,16.922000,,,,,,,,,,0
timing-2560x1440-2-3,211,1,16.917000,,,,,,,,,,0
timing-2560x1440-2-3,212,1,17.061000,,,,,,,,,,0
timing-2560x1440-2-3,213,1,17.129000,,,,,,,,,,0
timing-2560x1440-2-3,214,1,17.054000,,,,,,,,,,0
timing-2560x1440-2-3,215,1,17.122000,,,,,,,,,,0
timing-2560x1440-2-3,216,1,16.874000,,,,,,,,,,0
timing-2560x1440-2-3,217,1,17.014000,,,,,,,,,,0
timing-2560x1440-2-3,218,1,17.041000,,,,,,,,,,0
timing-2560x1440-2-3,219,1,17.185000,,,,,,,,,,0
timing-2560x1440-2-3,220,1,16.913000,,,,,,,,,,0
timing-2560x1440-2-3,221,1,17.010000,,,,,,,,,,0
timing-2560x1440-2-3,222,1,16.986000,,,,,,,,,,0
timing-2560x1440-2-3,223,1,17.171000,,,,,,,,,,0
timing-2560x1440-2-3,224,1,17.070000,,,,,,,,,,0
timing-2560x1440-2-3,225,1,17.077000,,,,,,,,,,0
timing-2560x1440-2-3,226,1,16.832000,,,,,,,,,,0
timing-2560x1440-2-3,227,1,16.879000,,,,,,,,,,0
timing-2560x1440-2-3,228,1,16.818000,,,,,,,,,,0
timing-2560x1440-2-3,229,1,17.140000,,,,,,,,,,0
timing-2560x1440-2-3,230,1,17.036000,,,,,,,,,,0
timing-2560x1440-2-3,231,1,17.214000,,,,,,,,,,0
timing-2560x1440-2-3,232,1,16.900000,,,,,,,,,,0
timing-2560x1440-2-3,233,1,17.135000,,,,,,,,,,0
timing-2560x1440-2-3,234,1,17.136000,,,,,,,,,,0
timing-2560x1440-2-3,235,1,17.046000,,,,,,,,,,0
timing-2560x1440-2-3,236,1,16.905000,,,,,,,,,,0
timing-2560x1440-2-3,237,1,17.058000,,,,,,,,,,0
timing-2560x1440-2-3,238,1,16.912000,,,,,,,,,,0
timing-2560x1440-2-3,239,1,16.968000,,,,,,,,,,0
timing-2560x1440-2-3,240,1,16.961000,,,,,,,,,,0
timing-2560x1440-2-3,241,1,17.064000,,,,,,,,,,0
timing-2560x1440-2-3,242,1,16.965000,,,,,,,,,,0
timing-2560x1440-2-3,243,1,16.878000,,,,,,,,,,0
timing-2560x1440-2-3,244,1,16.928000,,,,,,,,,,0
timing-2560x1440-2-3,245,1,17.187000,,,,,,,,,,0
timing-2560x1440-2-3,246,1,16.839000,,,,,,,,,,0
timing-2560x1440-2-3,247,1,17.006000,,,,,,,,,,0
timing-2560x1440-2-3,248,1,16.829000,,,,,,,,,,0
timing-2560x1440-2-3,249,1,16.893000,,,,,,,,,,0
timing-2560x1440-2-3,250,1,17.028000,,,,,,,,,,0
timing-2560x1440-2-3,251,1,17.025000,,,,,,,,,,0
timing-2560x1440-2-3,252,1,16.913000,,,,,,,,,,0
timing-2560x1440-2-3,253,1,16.998000,,,,,,,,,,0
timing-2560x1440-2-3,254,1,16.724000,,,,,,,,,,0
timing-2560x1440-2-3,255,1,16.955000,,,,,,,,,,0
timing-2560x1440-2-3,256,1,17.107000,,,,,,,,,,0
timing-2560x1440-2-3,257,1,17.062000,,,,,,,,,,0
timing-2560x1440-2-3,258,1,17.218000,,,,,,,,,,0
timing-2560x1440-2-3,259,1,16.978000,,,,,,,,,,0
timing-2560x1440-2-3,260,1,16.939000,,,,,,,,,,0
timing-2560x1440-2-3,261,1,17.017000,,,,,,,,,,0
timing-2560x1440-2-3,262,1,17.025000,,,,,,,,,,0
timing-2560x1440-2-3,263,1,16.933000,,,,,,,,,,0
timing-2560x1440-2-3,264,1,17.079000,,,,,,,,,,0
timing-2560x1440-2-3,265,1,17.091000,,,,,,,,,,0
timing-2560x1440-2-3,266,1,16.963000,,,,,,,,,,0
timing-2560x1440-2-3,267,1,17.024000,,,,,,,,,,0
timing-2560x1440-2-3,268,1,17.026000,,,,,,,,,,0
timing-2560x1440-2-3,269,1,17.143000,,,,,,,,,,0
timing-2560x1440-2-3,270,1,17.028000,,,,,,,,,,0
timing-2560x1440-2-3,271,1,16.757000,,,,,,,,,,0
timing-2560x1440-2-3,272,1,16.872000,,,,,,,,,,0
timing-2560x1440-2-3,273,1,16.967000,,,,,,,,,,0
timing-2560x1440-2-3,274,1,16.990000,,,,,,,,,,0
timing-2560x1440-2-3,275,1,16.938000,,,,,,,,,,0
timing-2560x1440-2-3,276,1,16.874000,,,,,,,,,,0
timing-2560x1440-2-3,277,1,16.774000,,,,,,,,,,0
timing-2560x1440-2-3,278,1,17.029000,,,,,,,,,,0
timing-2560x1440-2-3,279,1,16.993000,,,,,,,,,,0
timing-2560x1440-2-3,280,1,17.047000,,,,,,,,,,0
timing-2560x1440-2-3,281,1,16.802000,,,,,,,,,,0
timing-2560x1440-2-3,282,1,16.784000,,,,,,,,,,0
timing-2560x1440-2-3,283,1,16.930000,,,,,,,,,,0
timing-2560x1440-2-3,284,1,17.009000,,,,,,,,,,0
timing-2560x1440-2-3,285,1,16.914000,,,,,,,,,,0
timing-2560x1440-2-3,286,1,16.989000,,,,,,,,,,0
timing-2560x1440-2-3,287,1,16.937000,,,,,,,,,,0
timing-2560x1440-2-3,288,1,17.224000,,,,,,,,,,0
timing-2560x1440-2-3,289,1,17.004000,,,,,,,,,,0
timing-2560x1440-2-3,290,1,17.140000,,,,,,,,,,0
timing-2560x1440-2-3,291,1,16.846000,,,,,,,,,,0
timing-2560x1440-2-3,292,1,16.904000,,,,,,,,,,0
timing-2560x1440-2-3,293,1,17.144000,,,,,,,,,,0
timing-2560x1440-2-3,294,1,17.092000,,,,,,,,,,0
timing-2560x1440-2-3,295,1,17.136000,,,,,,,,,,0
timing-2560x1440-2-3,296,1,17.297000,,,,,,,,,,0
timing-2560x1440-2-3,297,1,17.065000,,,,,,,,,,0
timing-2560x1440-2-3,298,1,16.965000,,,,,,,,,,0
timing-2560x1440-2-3,299,1,17.081000,,,,,,,,,,0
timing-2560x1440-2-3,300,1,16.983000,,,,,,,,,,0
timing-2560x1440-2-3,301,1,16.942000,,,,,,,,,,0
timing-2560x1440-2-3,302,1,16.955000,,,,,,,,,,0
timing-2560x1440-2-3,303,1,17.021000,,,,,,,,,,0
timing-2560x1440-2-3,304,1,17.010000,,,,,,,,,,0
timing-2560x1440-2-3,305,1,17.033000,,,,,,,,,,0
timing-2560x1440-2-3,306,1,16.771000,,,,,,,,,,0
timing-2560x1440-2-3,307,1,16.962000,,,,,,,,,,0
timing-2560x1440-2-3,308,1,16.728000,,,,,,,,,,0
timing-2560x1440-2-3,309,1,16.990000,,,,,,,,,,0
timing-2560x1440-2-3,310,1,16.945000,,,,,,,,,,0
timing-2560x1440-2-3,311,1,16.988000,,,,,,,,,,0
timing-2560x1440-2-3,312,1,17.023000,,,,,,,,,,0
timing-2560x1440-2-3,313,1,16.780000,,,,,,,,,,0
timing-2560x1440-2-3,314,1,16.790000,,,,,,,,,,0
timing-2560x1440-2-3,315,1,16.830000,,,,,,,,,,0
timing-2560x1440-2-3,316,1,17.076000,,,,,,,,,,0
timing-2560x1440-2-3,317,1,17.206000,,,,,,,,,,0
timing-2560x1440-2-3,318,1,17.161000,,,,,,,,,,0
timing-2560x1440-2-3,319,1,16.905000,0,0,0.999511719,0.359683349,0.403534527,1325,232,0,0,1
timing-2560x1440-3-0,0,1,1314.833000,0,0,0.999511719,0.359683349,0.403534527,1325,232,0,0,1
timing-2560x1440-3-0,1,1,18.922000,,,,,,,,,,0
timing-2560x1440-3-0,2,1,17.799000,,,,,,,,,,0
timing-2560x1440-3-0,3,1,16.881000,,,,,,,,,,0
timing-2560x1440-3-0,4,1,16.875000,,,,,,,,,,0
timing-2560x1440-3-0,5,1,16.876000,,,,,,,,,,0
timing-2560x1440-3-0,6,1,16.870000,,,,,,,,,,0
timing-2560x1440-3-0,7,1,16.860000,,,,,,,,,,0
timing-2560x1440-3-0,8,1,17.034000,,,,,,,,,,0
timing-2560x1440-3-0,9,1,17.137000,,,,,,,,,,0
timing-2560x1440-3-0,10,1,17.123000,,,,,,,,,,0
timing-2560x1440-3-0,11,1,17.338000,,,,,,,,,,0
timing-2560x1440-3-0,12,1,16.919000,,,,,,,,,,0
timing-2560x1440-3-0,13,1,17.137000,,,,,,,,,,0
timing-2560x1440-3-0,14,1,17.110000,,,,,,,,,,0
timing-2560x1440-3-0,15,1,17.119000,,,,,,,,,,0
timing-2560x1440-3-0,16,1,16.720000,,,,,,,,,,0
timing-2560x1440-3-0,17,1,16.730000,,,,,,,,,,0
timing-2560x1440-3-0,18,1,16.633000,,,,,,,,,,0
timing-2560x1440-3-0,19,1,16.847000,,,,,,,,,,0
timing-2560x1440-3-0,20,1,16.803000,,,,,,,,,,0
timing-2560x1440-3-0,21,1,16.657000,,,,,,,,,,0
timing-2560x1440-3-0,22,1,16.797000,,,,,,,,,,0
timing-2560x1440-3-0,23,1,16.723000,,,,,,,,,,0
timing-2560x1440-3-0,24,1,16.906000,,,,,,,,,,0
timing-2560x1440-3-0,25,1,16.757000,,,,,,,,,,0
timing-2560x1440-3-0,26,1,16.766000,,,,,,,,,,0
timing-2560x1440-3-0,27,1,16.741000,,,,,,,,,,0
timing-2560x1440-3-0,28,1,16.638000,,,,,,,,,,0
timing-2560x1440-3-0,29,1,16.653000,,,,,,,,,,0
timing-2560x1440-3-0,30,1,16.750000,,,,,,,,,,0
timing-2560x1440-3-0,31,1,16.745000,,,,,,,,,,0
timing-2560x1440-3-0,32,1,16.714000,,,,,,,,,,0
timing-2560x1440-3-0,33,1,16.800000,,,,,,,,,,0
timing-2560x1440-3-0,34,1,16.724000,,,,,,,,,,0
timing-2560x1440-3-0,35,1,16.870000,,,,,,,,,,0
timing-2560x1440-3-0,36,1,16.837000,,,,,,,,,,0
timing-2560x1440-3-0,37,1,17.002000,,,,,,,,,,0
timing-2560x1440-3-0,38,1,16.971000,,,,,,,,,,0
timing-2560x1440-3-0,39,1,17.145000,,,,,,,,,,0
timing-2560x1440-3-0,40,1,17.055000,,,,,,,,,,0
timing-2560x1440-3-0,41,1,16.960000,,,,,,,,,,0
timing-2560x1440-3-0,42,1,16.717000,,,,,,,,,,0
timing-2560x1440-3-0,43,1,16.989000,,,,,,,,,,0
timing-2560x1440-3-0,44,1,16.939000,,,,,,,,,,0
timing-2560x1440-3-0,45,1,16.871000,,,,,,,,,,0
timing-2560x1440-3-0,46,1,17.045000,,,,,,,,,,0
timing-2560x1440-3-0,47,1,16.991000,,,,,,,,,,0
timing-2560x1440-3-0,48,1,17.146000,,,,,,,,,,0
timing-2560x1440-3-0,49,1,16.986000,,,,,,,,,,0
timing-2560x1440-3-0,50,1,17.101000,,,,,,,,,,0
timing-2560x1440-3-0,51,1,17.110000,,,,,,,,,,0
timing-2560x1440-3-0,52,1,16.869000,,,,,,,,,,0
timing-2560x1440-3-0,53,1,16.937000,,,,,,,,,,0
timing-2560x1440-3-0,54,1,16.941000,,,,,,,,,,0
timing-2560x1440-3-0,55,1,17.014000,,,,,,,,,,0
timing-2560x1440-3-0,56,1,17.149000,,,,,,,,,,0
timing-2560x1440-3-0,57,1,17.087000,,,,,,,,,,0
timing-2560x1440-3-0,58,1,17.013000,,,,,,,,,,0
timing-2560x1440-3-0,59,1,17.049000,,,,,,,,,,0
timing-2560x1440-3-0,60,1,17.042000,,,,,,,,,,0
timing-2560x1440-3-0,61,1,16.870000,,,,,,,,,,0
timing-2560x1440-3-0,62,1,16.864000,,,,,,,,,,0
timing-2560x1440-3-0,63,1,17.078000,,,,,,,,,,0
timing-2560x1440-3-0,64,1,17.091000,,,,,,,,,,0
timing-2560x1440-3-0,65,1,17.116000,,,,,,,,,,0
timing-2560x1440-3-0,66,1,17.285000,,,,,,,,,,0
timing-2560x1440-3-0,67,1,17.255000,,,,,,,,,,0
timing-2560x1440-3-0,68,1,17.090000,,,,,,,,,,0
timing-2560x1440-3-0,69,1,16.948000,,,,,,,,,,0
timing-2560x1440-3-0,70,1,16.980000,,,,,,,,,,0
timing-2560x1440-3-0,71,1,16.800000,,,,,,,,,,0
timing-2560x1440-3-0,72,1,16.818000,,,,,,,,,,0
timing-2560x1440-3-0,73,1,17.015000,,,,,,,,,,0
timing-2560x1440-3-0,74,1,17.075000,,,,,,,,,,0
timing-2560x1440-3-0,75,1,16.926000,,,,,,,,,,0
timing-2560x1440-3-0,76,1,16.717000,,,,,,,,,,0
timing-2560x1440-3-0,77,1,16.981000,,,,,,,,,,0
timing-2560x1440-3-0,78,1,16.855000,,,,,,,,,,0
timing-2560x1440-3-0,79,1,16.976000,,,,,,,,,,0
timing-2560x1440-3-0,80,1,17.044000,,,,,,,,,,0
timing-2560x1440-3-0,81,1,17.163000,,,,,,,,,,0
timing-2560x1440-3-0,82,1,16.768000,,,,,,,,,,0
timing-2560x1440-3-0,83,1,16.864000,,,,,,,,,,0
timing-2560x1440-3-0,84,1,16.918000,,,,,,,,,,0
timing-2560x1440-3-0,85,1,16.949000,,,,,,,,,,0
timing-2560x1440-3-0,86,1,17.070000,,,,,,,,,,0
timing-2560x1440-3-0,87,1,16.906000,,,,,,,,,,0
timing-2560x1440-3-0,88,1,17.010000,,,,,,,,,,0
timing-2560x1440-3-0,89,1,16.974000,,,,,,,,,,0
timing-2560x1440-3-0,90,1,17.011000,,,,,,,,,,0
timing-2560x1440-3-0,91,1,17.074000,,,,,,,,,,0
timing-2560x1440-3-0,92,1,17.118000,,,,,,,,,,0
timing-2560x1440-3-0,93,1,17.035000,,,,,,,,,,0
timing-2560x1440-3-0,94,1,16.795000,,,,,,,,,,0
timing-2560x1440-3-0,95,1,16.793000,,,,,,,,,,0
timing-2560x1440-3-0,96,1,16.832000,,,,,,,,,,0
timing-2560x1440-3-0,97,1,17.002000,,,,,,,,,,0
timing-2560x1440-3-0,98,1,17.064000,,,,,,,,,,0
timing-2560x1440-3-0,99,1,16.775000,,,,,,,,,,0
timing-2560x1440-3-0,100,1,16.913000,,,,,,,,,,0
timing-2560x1440-3-0,101,1,17.016000,,,,,,,,,,0
timing-2560x1440-3-0,102,1,17.203000,,,,,,,,,,0
timing-2560x1440-3-0,103,1,17.120000,,,,,,,,,,0
timing-2560x1440-3-0,104,1,17.121000,,,,,,,,,,0
timing-2560x1440-3-0,105,1,16.851000,,,,,,,,,,0
timing-2560x1440-3-0,106,1,16.968000,,,,,,,,,,0
timing-2560x1440-3-0,107,1,17.108000,,,,,,,,,,0
timing-2560x1440-3-0,108,1,16.982000,,,,,,,,,,0
timing-2560x1440-3-0,109,1,17.187000,,,,,,,,,,0
timing-2560x1440-3-0,110,1,17.111000,,,,,,,,,,0
timing-2560x1440-3-0,111,1,17.010000,,,,,,,,,,0
timing-2560x1440-3-0,112,1,16.826000,,,,,,,,,,0
timing-2560x1440-3-0,113,1,16.807000,,,,,,,,,,0
timing-2560x1440-3-0,114,1,16.992000,,,,,,,,,,0
timing-2560x1440-3-0,115,1,16.865000,,,,,,,,,,0
timing-2560x1440-3-0,116,1,16.999000,,,,,,,,,,0
timing-2560x1440-3-0,117,1,16.853000,,,,,,,,,,0
timing-2560x1440-3-0,118,1,16.984000,,,,,,,,,,0
timing-2560x1440-3-0,119,1,16.910000,,,,,,,,,,0
timing-2560x1440-3-0,120,1,17.116000,,,,,,,,,,0
timing-2560x1440-3-0,121,1,17.075000,,,,,,,,,,0
timing-2560x1440-3-0,122,1,16.978000,,,,,,,,,,0
timing-2560x1440-3-0,123,1,16.900000,,,,,,,,,,0
timing-2560x1440-3-0,124,1,17.053000,,,,,,,,,,0
timing-2560x1440-3-0,125,1,16.808000,,,,,,,,,,0
timing-2560x1440-3-0,126,1,16.967000,,,,,,,,,,0
timing-2560x1440-3-0,127,1,17.035000,,,,,,,,,,0
timing-2560x1440-3-0,128,1,16.879000,,,,,,,,,,0
timing-2560x1440-3-0,129,1,16.863000,,,,,,,,,,0
timing-2560x1440-3-0,130,1,17.146000,,,,,,,,,,0
timing-2560x1440-3-0,131,1,17.046000,,,,,,,,,,0
timing-2560x1440-3-0,132,1,17.030000,,,,,,,,,,0
timing-2560x1440-3-0,133,1,17.084000,,,,,,,,,,0
timing-2560x1440-3-0,134,1,16.652000,,,,,,,,,,0
timing-2560x1440-3-0,135,1,16.901000,,,,,,,,,,0
timing-2560x1440-3-0,136,1,17.080000,,,,,,,,,,0
timing-2560x1440-3-0,137,1,16.924000,,,,,,,,,,0
timing-2560x1440-3-0,138,1,16.853000,,,,,,,,,,0
timing-2560x1440-3-0,139,1,17.568000,,,,,,,,,,0
timing-2560x1440-3-0,140,1,16.825000,,,,,,,,,,0
timing-2560x1440-3-0,141,1,16.647000,,,,,,,,,,0
timing-2560x1440-3-0,142,1,16.976000,,,,,,,,,,0
timing-2560x1440-3-0,143,1,16.917000,,,,,,,,,,0
timing-2560x1440-3-0,144,1,16.753000,,,,,,,,,,0
timing-2560x1440-3-0,145,1,16.787000,,,,,,,,,,0
timing-2560x1440-3-0,146,1,17.126000,,,,,,,,,,0
timing-2560x1440-3-0,147,1,16.909000,,,,,,,,,,0
timing-2560x1440-3-0,148,1,17.021000,,,,,,,,,,0
timing-2560x1440-3-0,149,1,17.119000,,,,,,,,,,0
timing-2560x1440-3-0,150,1,16.903000,,,,,,,,,,0
timing-2560x1440-3-0,151,1,16.903000,,,,,,,,,,0
timing-2560x1440-3-0,152,1,17.200000,,,,,,,,,,0
timing-2560x1440-3-0,153,1,17.099000,,,,,,,,,,0
timing-2560x1440-3-0,154,1,16.858000,,,,,,,,,,0
timing-2560x1440-3-0,155,1,17.118000,,,,,,,,,,0
timing-2560x1440-3-0,156,1,17.012000,,,,,,,,,,0
timing-2560x1440-3-0,157,1,17.171000,,,,,,,,,,0
timing-2560x1440-3-0,158,1,16.925000,,,,,,,,,,0
timing-2560x1440-3-0,159,1,16.857000,,,,,,,,,,0
timing-2560x1440-3-0,160,1,17.100000,,,,,,,,,,0
timing-2560x1440-3-0,161,1,16.968000,,,,,,,,,,0
timing-2560x1440-3-0,162,1,16.795000,,,,,,,,,,0
timing-2560x1440-3-0,163,1,16.729000,,,,,,,,,,0
timing-2560x1440-3-0,164,1,16.769000,,,,,,,,,,0
timing-2560x1440-3-0,165,1,16.855000,,,,,,,,,,0
timing-2560x1440-3-0,166,1,17.014000,,,,,,,,,,0
timing-2560x1440-3-0,167,1,17.181000,,,,,,,,,,0
timing-2560x1440-3-0,168,1,16.930000,,,,,,,,,,0
timing-2560x1440-3-0,169,1,17.065000,,,,,,,,,,0
timing-2560x1440-3-0,170,1,16.927000,,,,,,,,,,0
timing-2560x1440-3-0,171,1,17.280000,,,,,,,,,,0
timing-2560x1440-3-0,172,1,17.089000,,,,,,,,,,0
timing-2560x1440-3-0,173,1,17.185000,,,,,,,,,,0
timing-2560x1440-3-0,174,1,16.835000,,,,,,,,,,0
timing-2560x1440-3-0,175,1,17.016000,,,,,,,,,,0
timing-2560x1440-3-0,176,1,17.300000,,,,,,,,,,0
timing-2560x1440-3-0,177,1,17.146000,,,,,,,,,,0
timing-2560x1440-3-0,178,1,17.208000,,,,,,,,,,0
timing-2560x1440-3-0,179,1,16.998000,,,,,,,,,,0
timing-2560x1440-3-0,180,1,17.053000,,,,,,,,,,0
timing-2560x1440-3-0,181,1,17.012000,,,,,,,,,,0
timing-2560x1440-3-0,182,1,17.040000,,,,,,,,,,0
timing-2560x1440-3-0,183,1,17.144000,,,,,,,,,,0
timing-2560x1440-3-0,184,1,17.097000,,,,,,,,,,0
timing-2560x1440-3-0,185,1,16.857000,,,,,,,,,,0
timing-2560x1440-3-0,186,1,16.817000,,,,,,,,,,0
timing-2560x1440-3-0,187,1,17.127000,,,,,,,,,,0
timing-2560x1440-3-0,188,1,17.221000,,,,,,,,,,0
timing-2560x1440-3-0,189,1,16.967000,,,,,,,,,,0
timing-2560x1440-3-0,190,1,16.829000,,,,,,,,,,0
timing-2560x1440-3-0,191,1,16.754000,,,,,,,,,,0
timing-2560x1440-3-0,192,1,16.945000,,,,,,,,,,0
timing-2560x1440-3-0,193,1,17.056000,,,,,,,,,,0
timing-2560x1440-3-0,194,1,16.921000,,,,,,,,,,0
timing-2560x1440-3-0,195,1,17.088000,,,,,,,,,,0
timing-2560x1440-3-0,196,1,17.071000,,,,,,,,,,0
timing-2560x1440-3-0,197,1,16.983000,,,,,,,,,,0
timing-2560x1440-3-0,198,1,16.871000,,,,,,,,,,0
timing-2560x1440-3-0,199,1,16.879000,,,,,,,,,,0
timing-2560x1440-3-0,200,1,16.978000,,,,,,,,,,0
timing-2560x1440-3-0,201,1,16.944000,,,,,,,,,,0
timing-2560x1440-3-0,202,1,16.781000,,,,,,,,,,0
timing-2560x1440-3-0,203,1,17.114000,,,,,,,,,,0
timing-2560x1440-3-0,204,1,17.118000,,,,,,,,,,0
timing-2560x1440-3-0,205,1,17.242000,,,,,,,,,,0
timing-2560x1440-3-0,206,1,17.054000,,,,,,,,,,0
timing-2560x1440-3-0,207,1,16.876000,,,,,,,,,,0
timing-2560x1440-3-0,208,1,16.924000,,,,,,,,,,0
timing-2560x1440-3-0,209,1,17.101000,,,,,,,,,,0
timing-2560x1440-3-0,210,1,16.891000,,,,,,,,,,0
timing-2560x1440-3-0,211,1,16.937000,,,,,,,,,,0
timing-2560x1440-3-0,212,1,16.909000,,,,,,,,,,0
timing-2560x1440-3-0,213,1,16.931000,,,,,,,,,,0
timing-2560x1440-3-0,214,1,16.949000,,,,,,,,,,0
timing-2560x1440-3-0,215,1,16.818000,,,,,,,,,,0
timing-2560x1440-3-0,216,1,17.033000,,,,,,,,,,0
timing-2560x1440-3-0,217,1,16.923000,,,,,,,,,,0
timing-2560x1440-3-0,218,1,16.860000,,,,,,,,,,0
timing-2560x1440-3-0,219,1,16.928000,,,,,,,,,,0
timing-2560x1440-3-0,220,1,17.017000,,,,,,,,,,0
timing-2560x1440-3-0,221,1,16.954000,,,,,,,,,,0
timing-2560x1440-3-0,222,1,16.929000,,,,,,,,,,0
timing-2560x1440-3-0,223,1,17.019000,,,,,,,,,,0
timing-2560x1440-3-0,224,1,16.948000,,,,,,,,,,0
timing-2560x1440-3-0,225,1,16.832000,,,,,,,,,,0
timing-2560x1440-3-0,226,1,17.193000,,,,,,,,,,0
timing-2560x1440-3-0,227,1,16.978000,,,,,,,,,,0
timing-2560x1440-3-0,228,1,17.107000,,,,,,,,,,0
timing-2560x1440-3-0,229,1,17.072000,,,,,,,,,,0
timing-2560x1440-3-0,230,1,17.070000,,,,,,,,,,0
timing-2560x1440-3-0,231,1,16.768000,,,,,,,,,,0
timing-2560x1440-3-0,232,1,16.931000,,,,,,,,,,0
timing-2560x1440-3-0,233,1,17.066000,,,,,,,,,,0
timing-2560x1440-3-0,234,1,17.004000,,,,,,,,,,0
timing-2560x1440-3-0,235,1,17.052000,,,,,,,,,,0
timing-2560x1440-3-0,236,1,17.068000,,,,,,,,,,0
timing-2560x1440-3-0,237,1,16.993000,,,,,,,,,,0
timing-2560x1440-3-0,238,1,17.089000,,,,,,,,,,0
timing-2560x1440-3-0,239,1,16.816000,,,,,,,,,,0
timing-2560x1440-3-0,240,1,16.921000,,,,,,,,,,0
timing-2560x1440-3-0,241,1,17.142000,,,,,,,,,,0
timing-2560x1440-3-0,242,1,17.117000,,,,,,,,,,0
timing-2560x1440-3-0,243,1,16.903000,,,,,,,,,,0
timing-2560x1440-3-0,244,1,17.103000,,,,,,,,,,0
timing-2560x1440-3-0,245,1,17.171000,,,,,,,,,,0
timing-2560x1440-3-0,246,1,16.934000,,,,,,,,,,0
timing-2560x1440-3-0,247,1,17.040000,,,,,,,,,,0
timing-2560x1440-3-0,248,1,17.138000,,,,,,,,,,0
timing-2560x1440-3-0,249,1,16.752000,,,,,,,,,,0
timing-2560x1440-3-0,250,1,17.121000,,,,,,,,,,0
timing-2560x1440-3-0,251,1,16.878000,,,,,,,,,,0
timing-2560x1440-3-0,252,1,16.809000,,,,,,,,,,0
timing-2560x1440-3-0,253,1,16.867000,,,,,,,,,,0
timing-2560x1440-3-0,254,1,17.038000,,,,,,,,,,0
timing-2560x1440-3-0,255,1,17.228000,,,,,,,,,,0
timing-2560x1440-3-0,256,1,17.019000,,,,,,,,,,0
timing-2560x1440-3-0,257,1,16.987000,,,,,,,,,,0
timing-2560x1440-3-0,258,1,17.094000,,,,,,,,,,0
timing-2560x1440-3-0,259,1,16.908000,,,,,,,,,,0
timing-2560x1440-3-0,260,1,17.004000,,,,,,,,,,0
timing-2560x1440-3-0,261,1,16.979000,,,,,,,,,,0
timing-2560x1440-3-0,262,1,16.917000,,,,,,,,,,0
timing-2560x1440-3-0,263,1,16.994000,,,,,,,,,,0
timing-2560x1440-3-0,264,1,16.880000,,,,,,,,,,0
timing-2560x1440-3-0,265,1,16.993000,,,,,,,,,,0
timing-2560x1440-3-0,266,1,16.765000,,,,,,,,,,0
timing-2560x1440-3-0,267,1,17.057000,,,,,,,,,,0
timing-2560x1440-3-0,268,1,16.928000,,,,,,,,,,0
timing-2560x1440-3-0,269,1,17.243000,,,,,,,,,,0
timing-2560x1440-3-0,270,1,16.962000,,,,,,,,,,0
timing-2560x1440-3-0,271,1,16.988000,,,,,,,,,,0
timing-2560x1440-3-0,272,1,16.860000,,,,,,,,,,0
timing-2560x1440-3-0,273,1,17.123000,,,,,,,,,,0
timing-2560x1440-3-0,274,1,16.988000,,,,,,,,,,0
timing-2560x1440-3-0,275,1,17.010000,,,,,,,,,,0
timing-2560x1440-3-0,276,1,17.028000,,,,,,,,,,0
timing-2560x1440-3-0,277,1,16.797000,,,,,,,,,,0
timing-2560x1440-3-0,278,1,16.960000,,,,,,,,,,0
timing-2560x1440-3-0,279,1,16.887000,,,,,,,,,,0
timing-2560x1440-3-0,280,1,17.141000,,,,,,,,,,0
timing-2560x1440-3-0,281,1,16.990000,,,,,,,,,,0
timing-2560x1440-3-0,282,1,16.976000,,,,,,,,,,0
timing-2560x1440-3-0,283,1,16.988000,,,,,,,,,,0
timing-2560x1440-3-0,284,1,17.110000,,,,,,,,,,0
timing-2560x1440-3-0,285,1,16.951000,,,,,,,,,,0
timing-2560x1440-3-0,286,1,17.021000,,,,,,,,,,0
timing-2560x1440-3-0,287,1,16.964000,,,,,,,,,,0
timing-2560x1440-3-0,288,1,16.998000,,,,,,,,,,0
timing-2560x1440-3-0,289,1,17.149000,,,,,,,,,,0
timing-2560x1440-3-0,290,1,16.822000,,,,,,,,,,0
timing-2560x1440-3-0,291,1,17.019000,,,,,,,,,,0
timing-2560x1440-3-0,292,1,16.895000,,,,,,,,,,0
timing-2560x1440-3-0,293,1,16.795000,,,,,,,,,,0
timing-2560x1440-3-0,294,1,17.090000,,,,,,,,,,0
timing-2560x1440-3-0,295,1,16.947000,,,,,,,,,,0
timing-2560x1440-3-0,296,1,17.058000,,,,,,,,,,0
timing-2560x1440-3-0,297,1,18.850000,,,,,,,,,,0
timing-2560x1440-3-0,298,1,16.913000,,,,,,,,,,0
timing-2560x1440-3-0,299,1,16.982000,,,,,,,,,,0
timing-2560x1440-3-0,300,1,16.932000,,,,,,,,,,0
timing-2560x1440-3-0,301,1,16.998000,,,,,,,,,,0
timing-2560x1440-3-0,302,1,16.970000,,,,,,,,,,0
timing-2560x1440-3-0,303,1,16.770000,,,,,,,,,,0
timing-2560x1440-3-0,304,1,16.787000,,,,,,,,,,0
timing-2560x1440-3-0,305,1,17.000000,,,,,,,,,,0
timing-2560x1440-3-0,306,1,17.084000,,,,,,,,,,0
timing-2560x1440-3-0,307,1,17.147000,,,,,,,,,,0
timing-2560x1440-3-0,308,1,17.074000,,,,,,,,,,0
timing-2560x1440-3-0,309,1,17.136000,,,,,,,,,,0
timing-2560x1440-3-0,310,1,17.194000,,,,,,,,,,0
timing-2560x1440-3-0,311,1,17.153000,,,,,,,,,,0
timing-2560x1440-3-0,312,1,17.164000,,,,,,,,,,0
timing-2560x1440-3-0,313,1,16.983000,,,,,,,,,,0
timing-2560x1440-3-0,314,1,17.012000,,,,,,,,,,0
timing-2560x1440-3-0,315,1,16.998000,,,,,,,,,,0
timing-2560x1440-3-0,316,1,17.071000,,,,,,,,,,0
timing-2560x1440-3-0,317,1,17.091000,,,,,,,,,,0
timing-2560x1440-3-0,318,1,16.976000,,,,,,,,,,0
timing-2560x1440-3-0,319,1,16.849000,0,0,0.999511719,0.359683349,0.403534527,1325,232,0,0,1
timing-2560x1440-3-1,0,1,1165.964000,0,0,0.999511719,0.359683349,0.403534527,1325,232,0,0,1
timing-2560x1440-3-1,1,1,25.871000,,,,,,,,,,0
timing-2560x1440-3-1,2,1,17.559000,,,,,,,,,,0
timing-2560x1440-3-1,3,1,16.961000,,,,,,,,,,0
timing-2560x1440-3-1,4,1,16.900000,,,,,,,,,,0
timing-2560x1440-3-1,5,1,16.645000,,,,,,,,,,0
timing-2560x1440-3-1,6,1,16.739000,,,,,,,,,,0
timing-2560x1440-3-1,7,1,17.011000,,,,,,,,,,0
timing-2560x1440-3-1,8,1,17.007000,,,,,,,,,,0
timing-2560x1440-3-1,9,1,16.927000,,,,,,,,,,0
timing-2560x1440-3-1,10,1,16.983000,,,,,,,,,,0
timing-2560x1440-3-1,11,1,17.239000,,,,,,,,,,0
timing-2560x1440-3-1,12,1,17.020000,,,,,,,,,,0
timing-2560x1440-3-1,13,1,16.977000,,,,,,,,,,0
timing-2560x1440-3-1,14,1,17.168000,,,,,,,,,,0
timing-2560x1440-3-1,15,1,16.854000,,,,,,,,,,0
timing-2560x1440-3-1,16,1,16.737000,,,,,,,,,,0
timing-2560x1440-3-1,17,1,16.844000,,,,,,,,,,0
timing-2560x1440-3-1,18,1,16.561000,,,,,,,,,,0
timing-2560x1440-3-1,19,1,16.593000,,,,,,,,,,0
timing-2560x1440-3-1,20,1,16.538000,,,,,,,,,,0
timing-2560x1440-3-1,21,1,16.615000,,,,,,,,,,0
timing-2560x1440-3-1,22,1,16.720000,,,,,,,,,,0
timing-2560x1440-3-1,23,1,17.043000,,,,,,,,,,0
timing-2560x1440-3-1,24,1,16.606000,,,,,,,,,,0
timing-2560x1440-3-1,25,1,16.617000,,,,,,,,,,0
timing-2560x1440-3-1,26,1,16.851000,,,,,,,,,,0
timing-2560x1440-3-1,27,1,16.729000,,,,,,,,,,0
timing-2560x1440-3-1,28,1,16.637000,,,,,,,,,,0
timing-2560x1440-3-1,29,1,16.566000,,,,,,,,,,0
timing-2560x1440-3-1,30,1,16.793000,,,,,,,,,,0
timing-2560x1440-3-1,31,1,16.698000,,,,,,,,,,0
timing-2560x1440-3-1,32,1,16.669000,,,,,,,,,,0
timing-2560x1440-3-1,33,1,16.631000,,,,,,,,,,0
timing-2560x1440-3-1,34,1,16.664000,,,,,,,,,,0
timing-2560x1440-3-1,35,1,16.740000,,,,,,,,,,0
timing-2560x1440-3-1,36,1,16.741000,,,,,,,,,,0
timing-2560x1440-3-1,37,1,16.820000,,,,,,,,,,0
timing-2560x1440-3-1,38,1,16.761000,,,,,,,,,,0
timing-2560x1440-3-1,39,1,16.709000,,,,,,,,,,0
timing-2560x1440-3-1,40,1,16.680000,,,,,,,,,,0
timing-2560x1440-3-1,41,1,16.945000,,,,,,,,,,0
timing-2560x1440-3-1,42,1,16.702000,,,,,,,,,,0
timing-2560x1440-3-1,43,1,16.923000,,,,,,,,,,0
timing-2560x1440-3-1,44,1,16.893000,,,,,,,,,,0
timing-2560x1440-3-1,45,1,16.880000,,,,,,,,,,0
timing-2560x1440-3-1,46,1,17.086000,,,,,,,,,,0
timing-2560x1440-3-1,47,1,16.889000,,,,,,,,,,0
timing-2560x1440-3-1,48,1,16.968000,,,,,,,,,,0
timing-2560x1440-3-1,49,1,16.833000,,,,,,,,,,0
timing-2560x1440-3-1,50,1,16.890000,,,,,,,,,,0
timing-2560x1440-3-1,51,1,16.893000,,,,,,,,,,0
timing-2560x1440-3-1,52,1,16.687000,,,,,,,,,,0
timing-2560x1440-3-1,53,1,16.713000,,,,,,,,,,0
timing-2560x1440-3-1,54,1,16.707000,,,,,,,,,,0
timing-2560x1440-3-1,55,1,16.819000,,,,,,,,,,0
timing-2560x1440-3-1,56,1,16.927000,,,,,,,,,,0
timing-2560x1440-3-1,57,1,16.943000,,,,,,,,,,0
timing-2560x1440-3-1,58,1,16.838000,,,,,,,,,,0
timing-2560x1440-3-1,59,1,16.706000,,,,,,,,,,0
timing-2560x1440-3-1,60,1,16.937000,,,,,,,,,,0
timing-2560x1440-3-1,61,1,16.995000,,,,,,,,,,0
timing-2560x1440-3-1,62,1,17.162000,,,,,,,,,,0
timing-2560x1440-3-1,63,1,16.933000,,,,,,,,,,0
timing-2560x1440-3-1,64,1,17.012000,,,,,,,,,,0
timing-2560x1440-3-1,65,1,16.711000,,,,,,,,,,0
timing-2560x1440-3-1,66,1,17.020000,,,,,,,,,,0
timing-2560x1440-3-1,67,1,16.934000,,,,,,,,,,0
timing-2560x1440-3-1,68,1,16.616000,,,,,,,,,,0
timing-2560x1440-3-1,69,1,16.676000,,,,,,,,,,0
timing-2560x1440-3-1,70,1,16.698000,,,,,,,,,,0
timing-2560x1440-3-1,71,1,16.993000,,,,,,,,,,0
timing-2560x1440-3-1,72,1,16.683000,,,,,,,,,,0
timing-2560x1440-3-1,73,1,16.858000,,,,,,,,,,0
timing-2560x1440-3-1,74,1,17.120000,,,,,,,,,,0
timing-2560x1440-3-1,75,1,16.867000,,,,,,,,,,0
timing-2560x1440-3-1,76,1,16.673000,,,,,,,,,,0
timing-2560x1440-3-1,77,1,16.847000,,,,,,,,,,0
timing-2560x1440-3-1,78,1,16.874000,,,,,,,,,,0
timing-2560x1440-3-1,79,1,17.038000,,,,,,,,,,0
timing-2560x1440-3-1,80,1,17.069000,,,,,,,,,,0
timing-2560x1440-3-1,81,1,17.109000,,,,,,,,,,0
timing-2560x1440-3-1,82,1,16.857000,,,,,,,,,,0
timing-2560x1440-3-1,83,1,17.191000,,,,,,,,,,0
timing-2560x1440-3-1,84,1,17.011000,,,,,,,,,,0
timing-2560x1440-3-1,85,1,16.921000,,,,,,,,,,0
timing-2560x1440-3-1,86,1,16.892000,,,,,,,,,,0
timing-2560x1440-3-1,87,1,16.825000,,,,,,,,,,0
timing-2560x1440-3-1,88,1,16.677000,,,,,,,,,,0
timing-2560x1440-3-1,89,1,17.068000,,,,,,,,,,0
timing-2560x1440-3-1,90,1,16.758000,,,,,,,,,,0
timing-2560x1440-3-1,91,1,17.007000,,,,,,,,,,0
timing-2560x1440-3-1,92,1,16.882000,,,,,,,,,,0
timing-2560x1440-3-1,93,1,16.732000,,,,,,,,,,0
timing-2560x1440-3-1,94,1,16.722000,,,,,,,,,,0
timing-2560x1440-3-1,95,1,16.731000,,,,,,,,,,0
timing-2560x1440-3-1,96,1,17.042000,,,,,,,,,,0
timing-2560x1440-3-1,97,1,17.003000,,,,,,,,,,0
timing-2560x1440-3-1,98,1,16.839000,,,,,,,,,,0
timing-2560x1440-3-1,99,1,16.931000,,,,,,,,,,0
timing-2560x1440-3-1,100,1,16.747000,,,,,,,,,,0
timing-2560x1440-3-1,101,1,16.847000,,,,,,,,,,0
timing-2560x1440-3-1,102,1,16.931000,,,,,,,,,,0
timing-2560x1440-3-1,103,1,16.854000,,,,,,,,,,0
timing-2560x1440-3-1,104,1,17.086000,,,,,,,,,,0
timing-2560x1440-3-1,105,1,17.133000,,,,,,,,,,0
timing-2560x1440-3-1,106,1,16.709000,,,,,,,,,,0
timing-2560x1440-3-1,107,1,16.922000,,,,,,,,,,0
timing-2560x1440-3-1,108,1,17.131000,,,,,,,,,,0
timing-2560x1440-3-1,109,1,16.900000,,,,,,,,,,0
timing-2560x1440-3-1,110,1,16.841000,,,,,,,,,,0
timing-2560x1440-3-1,111,1,16.866000,,,,,,,,,,0
timing-2560x1440-3-1,112,1,16.745000,,,,,,,,,,0
timing-2560x1440-3-1,113,1,16.915000,,,,,,,,,,0
timing-2560x1440-3-1,114,1,17.141000,,,,,,,,,,0
timing-2560x1440-3-1,115,1,16.899000,,,,,,,,,,0
timing-2560x1440-3-1,116,1,16.777000,,,,,,,,,,0
timing-2560x1440-3-1,117,1,16.745000,,,,,,,,,,0
timing-2560x1440-3-1,118,1,17.068000,,,,,,,,,,0
timing-2560x1440-3-1,119,1,16.859000,,,,,,,,,,0
timing-2560x1440-3-1,120,1,17.057000,,,,,,,,,,0
timing-2560x1440-3-1,121,1,16.932000,,,,,,,,,,0
timing-2560x1440-3-1,122,1,16.664000,,,,,,,,,,0
timing-2560x1440-3-1,123,1,16.803000,,,,,,,,,,0
timing-2560x1440-3-1,124,1,16.954000,,,,,,,,,,0
timing-2560x1440-3-1,125,1,16.853000,,,,,,,,,,0
timing-2560x1440-3-1,126,1,16.738000,,,,,,,,,,0
timing-2560x1440-3-1,127,1,16.808000,,,,,,,,,,0
timing-2560x1440-3-1,128,1,16.849000,,,,,,,,,,0
timing-2560x1440-3-1,129,1,17.083000,,,,,,,,,,0
timing-2560x1440-3-1,130,1,17.132000,,,,,,,,,,0
timing-2560x1440-3-1,131,1,16.713000,,,,,,,,,,0
timing-2560x1440-3-1,132,1,17.088000,,,,,,,,,,0
timing-2560x1440-3-1,133,1,16.994000,,,,,,,,,,0
timing-2560x1440-3-1,134,1,16.896000,,,,,,,,,,0
timing-2560x1440-3-1,135,1,16.759000,,,,,,,,,,0
timing-2560x1440-3-1,136,1,16.931000,,,,,,,,,,0
timing-2560x1440-3-1,137,1,17.071000,,,,,,,,,,0
timing-2560x1440-3-1,138,1,16.951000,,,,,,,,,,0
timing-2560x1440-3-1,139,1,16.873000,,,,,,,,,,0
timing-2560x1440-3-1,140,1,16.838000,,,,,,,,,,0
timing-2560x1440-3-1,141,1,16.899000,,,,,,,,,,0
timing-2560x1440-3-1,142,1,17.030000,,,,,,,,,,0
timing-2560x1440-3-1,143,1,16.936000,,,,,,,,,,0
timing-2560x1440-3-1,144,1,17.083000,,,,,,,,,,0
timing-2560x1440-3-1,145,1,16.888000,,,,,,,,,,0
timing-2560x1440-3-1,146,1,17.027000,,,,,,,,,,0
timing-2560x1440-3-1,147,1,16.724000,,,,,,,,,,0
timing-2560x1440-3-1,148,1,16.639000,,,,,,,,,,0
timing-2560x1440-3-1,149,1,16.867000,,,,,,,,,,0
timing-2560x1440-3-1,150,1,16.898000,,,,,,,,,,0
timing-2560x1440-3-1,151,1,17.024000,,,,,,,,,,0
timing-2560x1440-3-1,152,1,17.051000,,,,,,,,,,0
timing-2560x1440-3-1,153,1,17.063000,,,,,,,,,,0
timing-2560x1440-3-1,154,1,17.154000,,,,,,,,,,0
timing-2560x1440-3-1,155,1,16.818000,,,,,,,,,,0
timing-2560x1440-3-1,156,1,16.789000,,,,,,,,,,0
timing-2560x1440-3-1,157,1,16.941000,,,,,,,,,,0
timing-2560x1440-3-1,158,1,17.006000,,,,,,,,,,0
timing-2560x1440-3-1,159,1,16.765000,,,,,,,,,,0
timing-2560x1440-3-1,160,1,16.982000,,,,,,,,,,0
timing-2560x1440-3-1,161,1,16.696000,,,,,,,,,,0
timing-2560x1440-3-1,162,1,16.783000,,,,,,,,,,0
timing-2560x1440-3-1,163,1,16.867000,,,,,,,,,,0
timing-2560x1440-3-1,164,1,16.650000,,,,,,,,,,0
timing-2560x1440-3-1,165,1,16.681000,,,,,,,,,,0
timing-2560x1440-3-1,166,1,16.730000,,,,,,,,,,0
timing-2560x1440-3-1,167,1,16.712000,,,,,,,,,,0
timing-2560x1440-3-1,168,1,16.788000,,,,,,,,,,0
timing-2560x1440-3-1,169,1,17.120000,,,,,,,,,,0
timing-2560x1440-3-1,170,1,16.775000,,,,,,,,,,0
timing-2560x1440-3-1,171,1,16.862000,,,,,,,,,,0
timing-2560x1440-3-1,172,1,16.925000,,,,,,,,,,0
timing-2560x1440-3-1,173,1,17.064000,,,,,,,,,,0
timing-2560x1440-3-1,174,1,17.086000,,,,,,,,,,0
timing-2560x1440-3-1,175,1,16.987000,,,,,,,,,,0
timing-2560x1440-3-1,176,1,16.883000,,,,,,,,,,0
timing-2560x1440-3-1,177,1,16.849000,,,,,,,,,,0
timing-2560x1440-3-1,178,1,16.880000,,,,,,,,,,0
timing-2560x1440-3-1,179,1,17.036000,,,,,,,,,,0
timing-2560x1440-3-1,180,1,17.014000,,,,,,,,,,0
timing-2560x1440-3-1,181,1,16.715000,,,,,,,,,,0
timing-2560x1440-3-1,182,1,16.973000,,,,,,,,,,0
timing-2560x1440-3-1,183,1,16.870000,,,,,,,,,,0
timing-2560x1440-3-1,184,1,16.821000,,,,,,,,,,0
timing-2560x1440-3-1,185,1,16.825000,,,,,,,,,,0
timing-2560x1440-3-1,186,1,16.914000,,,,,,,,,,0
timing-2560x1440-3-1,187,1,17.026000,,,,,,,,,,0
timing-2560x1440-3-1,188,1,16.986000,,,,,,,,,,0
timing-2560x1440-3-1,189,1,16.942000,,,,,,,,,,0
timing-2560x1440-3-1,190,1,16.855000,,,,,,,,,,0
timing-2560x1440-3-1,191,1,17.012000,,,,,,,,,,0
timing-2560x1440-3-1,192,1,16.889000,,,,,,,,,,0
timing-2560x1440-3-1,193,1,16.919000,,,,,,,,,,0
timing-2560x1440-3-1,194,1,17.050000,,,,,,,,,,0
timing-2560x1440-3-1,195,1,17.127000,,,,,,,,,,0
timing-2560x1440-3-1,196,1,16.899000,,,,,,,,,,0
timing-2560x1440-3-1,197,1,17.120000,,,,,,,,,,0
timing-2560x1440-3-1,198,1,16.925000,,,,,,,,,,0
timing-2560x1440-3-1,199,1,17.251000,,,,,,,,,,0
timing-2560x1440-3-1,200,1,16.914000,,,,,,,,,,0
timing-2560x1440-3-1,201,1,16.966000,,,,,,,,,,0
timing-2560x1440-3-1,202,1,16.857000,,,,,,,,,,0
timing-2560x1440-3-1,203,1,17.004000,,,,,,,,,,0
timing-2560x1440-3-1,204,1,17.058000,,,,,,,,,,0
timing-2560x1440-3-1,205,1,16.988000,,,,,,,,,,0
timing-2560x1440-3-1,206,1,16.866000,,,,,,,,,,0
timing-2560x1440-3-1,207,1,16.899000,,,,,,,,,,0
timing-2560x1440-3-1,208,1,16.862000,,,,,,,,,,0
timing-2560x1440-3-1,209,1,16.753000,,,,,,,,,,0
timing-2560x1440-3-1,210,1,16.837000,,,,,,,,,,0
timing-2560x1440-3-1,211,1,16.883000,,,,,,,,,,0
timing-2560x1440-3-1,212,1,17.098000,,,,,,,,,,0
timing-2560x1440-3-1,213,1,16.871000,,,,,,,,,,0
timing-2560x1440-3-1,214,1,16.953000,,,,,,,,,,0
timing-2560x1440-3-1,215,1,17.006000,,,,,,,,,,0
timing-2560x1440-3-1,216,1,16.850000,,,,,,,,,,0
timing-2560x1440-3-1,217,1,16.727000,,,,,,,,,,0
timing-2560x1440-3-1,218,1,17.090000,,,,,,,,,,0
timing-2560x1440-3-1,219,1,16.831000,,,,,,,,,,0
timing-2560x1440-3-1,220,1,16.788000,,,,,,,,,,0
timing-2560x1440-3-1,221,1,16.791000,,,,,,,,,,0
timing-2560x1440-3-1,222,1,16.828000,,,,,,,,,,0
timing-2560x1440-3-1,223,1,16.935000,,,,,,,,,,0
timing-2560x1440-3-1,224,1,16.943000,,,,,,,,,,0
timing-2560x1440-3-1,225,1,16.976000,,,,,,,,,,0
timing-2560x1440-3-1,226,1,16.950000,,,,,,,,,,0
timing-2560x1440-3-1,227,1,16.900000,,,,,,,,,,0
timing-2560x1440-3-1,228,1,16.913000,,,,,,,,,,0
timing-2560x1440-3-1,229,1,16.830000,,,,,,,,,,0
timing-2560x1440-3-1,230,1,17.083000,,,,,,,,,,0
timing-2560x1440-3-1,231,1,16.993000,,,,,,,,,,0
timing-2560x1440-3-1,232,1,17.026000,,,,,,,,,,0
timing-2560x1440-3-1,233,1,16.931000,,,,,,,,,,0
timing-2560x1440-3-1,234,1,17.007000,,,,,,,,,,0
timing-2560x1440-3-1,235,1,16.808000,,,,,,,,,,0
timing-2560x1440-3-1,236,1,16.848000,,,,,,,,,,0
timing-2560x1440-3-1,237,1,16.867000,,,,,,,,,,0
timing-2560x1440-3-1,238,1,16.942000,,,,,,,,,,0
timing-2560x1440-3-1,239,1,16.951000,,,,,,,,,,0
timing-2560x1440-3-1,240,1,16.965000,,,,,,,,,,0
timing-2560x1440-3-1,241,1,16.963000,,,,,,,,,,0
timing-2560x1440-3-1,242,1,16.882000,,,,,,,,,,0
timing-2560x1440-3-1,243,1,16.928000,,,,,,,,,,0
timing-2560x1440-3-1,244,1,17.016000,,,,,,,,,,0
timing-2560x1440-3-1,245,1,16.972000,,,,,,,,,,0
timing-2560x1440-3-1,246,1,16.920000,,,,,,,,,,0
timing-2560x1440-3-1,247,1,17.286000,,,,,,,,,,0
timing-2560x1440-3-1,248,1,16.890000,,,,,,,,,,0
timing-2560x1440-3-1,249,1,17.045000,,,,,,,,,,0
timing-2560x1440-3-1,250,1,16.818000,,,,,,,,,,0
timing-2560x1440-3-1,251,1,16.922000,,,,,,,,,,0
timing-2560x1440-3-1,252,1,16.911000,,,,,,,,,,0
timing-2560x1440-3-1,253,1,17.107000,,,,,,,,,,0
timing-2560x1440-3-1,254,1,16.851000,,,,,,,,,,0
timing-2560x1440-3-1,255,1,16.854000,,,,,,,,,,0
timing-2560x1440-3-1,256,1,16.897000,,,,,,,,,,0
timing-2560x1440-3-1,257,1,16.891000,,,,,,,,,,0
timing-2560x1440-3-1,258,1,16.945000,,,,,,,,,,0
timing-2560x1440-3-1,259,1,16.987000,,,,,,,,,,0
timing-2560x1440-3-1,260,1,17.003000,,,,,,,,,,0
timing-2560x1440-3-1,261,1,16.769000,,,,,,,,,,0
timing-2560x1440-3-1,262,1,16.850000,,,,,,,,,,0
timing-2560x1440-3-1,263,1,16.767000,,,,,,,,,,0
timing-2560x1440-3-1,264,1,16.690000,,,,,,,,,,0
timing-2560x1440-3-1,265,1,16.834000,,,,,,,,,,0
timing-2560x1440-3-1,266,1,16.964000,,,,,,,,,,0
timing-2560x1440-3-1,267,1,16.955000,,,,,,,,,,0
timing-2560x1440-3-1,268,1,16.959000,,,,,,,,,,0
timing-2560x1440-3-1,269,1,16.916000,,,,,,,,,,0
timing-2560x1440-3-1,270,1,16.927000,,,,,,,,,,0
timing-2560x1440-3-1,271,1,16.995000,,,,,,,,,,0
timing-2560x1440-3-1,272,1,17.010000,,,,,,,,,,0
timing-2560x1440-3-1,273,1,17.018000,,,,,,,,,,0
timing-2560x1440-3-1,274,1,16.990000,,,,,,,,,,0
timing-2560x1440-3-1,275,1,16.895000,,,,,,,,,,0
timing-2560x1440-3-1,276,1,16.916000,,,,,,,,,,0
timing-2560x1440-3-1,277,1,16.543000,,,,,,,,,,0
timing-2560x1440-3-1,278,1,16.842000,,,,,,,,,,0
timing-2560x1440-3-1,279,1,16.814000,,,,,,,,,,0
timing-2560x1440-3-1,280,1,17.129000,,,,,,,,,,0
timing-2560x1440-3-1,281,1,16.934000,,,,,,,,,,0
timing-2560x1440-3-1,282,1,16.887000,,,,,,,,,,0
timing-2560x1440-3-1,283,1,16.936000,,,,,,,,,,0
timing-2560x1440-3-1,284,1,16.872000,,,,,,,,,,0
timing-2560x1440-3-1,285,1,16.876000,,,,,,,,,,0
timing-2560x1440-3-1,286,1,17.081000,,,,,,,,,,0
timing-2560x1440-3-1,287,1,16.987000,,,,,,,,,,0
timing-2560x1440-3-1,288,1,16.976000,,,,,,,,,,0
timing-2560x1440-3-1,289,1,16.922000,,,,,,,,,,0
timing-2560x1440-3-1,290,1,16.937000,,,,,,,,,,0
timing-2560x1440-3-1,291,1,16.990000,,,,,,,,,,0
timing-2560x1440-3-1,292,1,16.866000,,,,,,,,,,0
timing-2560x1440-3-1,293,1,17.113000,,,,,,,,,,0
timing-2560x1440-3-1,294,1,16.598000,,,,,,,,,,0
timing-2560x1440-3-1,295,1,16.918000,,,,,,,,,,0
timing-2560x1440-3-1,296,1,16.929000,,,,,,,,,,0
timing-2560x1440-3-1,297,1,16.840000,,,,,,,,,,0
timing-2560x1440-3-1,298,1,17.022000,,,,,,,,,,0
timing-2560x1440-3-1,299,1,17.128000,,,,,,,,,,0
timing-2560x1440-3-1,300,1,16.723000,,,,,,,,,,0
timing-2560x1440-3-1,301,1,16.682000,,,,,,,,,,0
timing-2560x1440-3-1,302,1,17.024000,,,,,,,,,,0
timing-2560x1440-3-1,303,1,16.878000,,,,,,,,,,0
timing-2560x1440-3-1,304,1,16.951000,,,,,,,,,,0
timing-2560x1440-3-1,305,1,16.877000,,,,,,,,,,0
timing-2560x1440-3-1,306,1,16.690000,,,,,,,,,,0
timing-2560x1440-3-1,307,1,16.638000,,,,,,,,,,0
timing-2560x1440-3-1,308,1,16.690000,,,,,,,,,,0
timing-2560x1440-3-1,309,1,16.862000,,,,,,,,,,0
timing-2560x1440-3-1,310,1,16.951000,,,,,,,,,,0
timing-2560x1440-3-1,311,1,16.857000,,,,,,,,,,0
timing-2560x1440-3-1,312,1,16.841000,,,,,,,,,,0
timing-2560x1440-3-1,313,1,16.734000,,,,,,,,,,0
timing-2560x1440-3-1,314,1,16.731000,,,,,,,,,,0
timing-2560x1440-3-1,315,1,16.816000,,,,,,,,,,0
timing-2560x1440-3-1,316,1,16.987000,,,,,,,,,,0
timing-2560x1440-3-1,317,1,16.903000,,,,,,,,,,0
timing-2560x1440-3-1,318,1,16.766000,,,,,,,,,,0
timing-2560x1440-3-1,319,1,16.772000,0,0,0.999511719,0.359683349,0.403534527,1325,232,0,0,1
timing-2560x1440-3-2,0,1,1178.236000,0,0,0.999511719,0.359683349,0.403534527,1325,232,0,0,1
timing-2560x1440-3-2,1,1,21.724000,,,,,,,,,,0
timing-2560x1440-3-2,2,1,17.378000,,,,,,,,,,0
timing-2560x1440-3-2,3,1,16.877000,,,,,,,,,,0
timing-2560x1440-3-2,4,1,16.966000,,,,,,,,,,0
timing-2560x1440-3-2,5,1,16.737000,,,,,,,,,,0
timing-2560x1440-3-2,6,1,16.704000,,,,,,,,,,0
timing-2560x1440-3-2,7,1,16.964000,,,,,,,,,,0
timing-2560x1440-3-2,8,1,16.937000,,,,,,,,,,0
timing-2560x1440-3-2,9,1,17.088000,,,,,,,,,,0
timing-2560x1440-3-2,10,1,17.214000,,,,,,,,,,0
timing-2560x1440-3-2,11,1,17.351000,,,,,,,,,,0
timing-2560x1440-3-2,12,1,16.986000,,,,,,,,,,0
timing-2560x1440-3-2,13,1,16.915000,,,,,,,,,,0
timing-2560x1440-3-2,14,1,17.239000,,,,,,,,,,0
timing-2560x1440-3-2,15,1,16.978000,,,,,,,,,,0
timing-2560x1440-3-2,16,1,16.756000,,,,,,,,,,0
timing-2560x1440-3-2,17,1,16.665000,,,,,,,,,,0
timing-2560x1440-3-2,18,1,16.734000,,,,,,,,,,0
timing-2560x1440-3-2,19,1,16.768000,,,,,,,,,,0
timing-2560x1440-3-2,20,1,16.683000,,,,,,,,,,0
timing-2560x1440-3-2,21,1,16.626000,,,,,,,,,,0
timing-2560x1440-3-2,22,1,16.814000,,,,,,,,,,0
timing-2560x1440-3-2,23,1,16.715000,,,,,,,,,,0
timing-2560x1440-3-2,24,1,16.589000,,,,,,,,,,0
timing-2560x1440-3-2,25,1,16.582000,,,,,,,,,,0
timing-2560x1440-3-2,26,1,16.626000,,,,,,,,,,0
timing-2560x1440-3-2,27,1,16.584000,,,,,,,,,,0
timing-2560x1440-3-2,28,1,16.722000,,,,,,,,,,0
timing-2560x1440-3-2,29,1,16.610000,,,,,,,,,,0
timing-2560x1440-3-2,30,1,16.731000,,,,,,,,,,0
timing-2560x1440-3-2,31,1,16.806000,,,,,,,,,,0
timing-2560x1440-3-2,32,1,16.521000,,,,,,,,,,0
timing-2560x1440-3-2,33,1,16.714000,,,,,,,,,,0
timing-2560x1440-3-2,34,1,16.833000,,,,,,,,,,0
timing-2560x1440-3-2,35,1,16.987000,,,,,,,,,,0
timing-2560x1440-3-2,36,1,16.699000,,,,,,,,,,0
timing-2560x1440-3-2,37,1,16.762000,,,,,,,,,,0
timing-2560x1440-3-2,38,1,16.967000,,,,,,,,,,0
timing-2560x1440-3-2,39,1,16.764000,,,,,,,,,,0
timing-2560x1440-3-2,40,1,16.673000,,,,,,,,,,0
timing-2560x1440-3-2,41,1,16.659000,,,,,,,,,,0
timing-2560x1440-3-2,42,1,16.825000,,,,,,,,,,0
timing-2560x1440-3-2,43,1,16.728000,,,,,,,,,,0
timing-2560x1440-3-2,44,1,16.612000,,,,,,,,,,0
timing-2560x1440-3-2,45,1,16.952000,,,,,,,,,,0
timing-2560x1440-3-2,46,1,16.534000,,,,,,,,,,0
timing-2560x1440-3-2,47,1,16.863000,,,,,,,,,,0
timing-2560x1440-3-2,48,1,16.688000,,,,,,,,,,0
timing-2560x1440-3-2,49,1,16.710000,,,,,,,,,,0
timing-2560x1440-3-2,50,1,16.703000,,,,,,,,,,0
timing-2560x1440-3-2,51,1,17.025000,,,,,,,,,,0
timing-2560x1440-3-2,52,1,16.982000,,,,,,,,,,0
timing-2560x1440-3-2,53,1,16.694000,,,,,,,,,,0
timing-2560x1440-3-2,54,1,16.883000,,,,,,,,,,0
timing-2560x1440-3-2,55,1,16.930000,,,,,,,,,,0
timing-2560x1440-3-2,56,1,16.733000,,,,,,,,,,0
timing-2560x1440-3-2,57,1,16.924000,,,,,,,,,,0
timing-2560x1440-3-2,58,1,17.109000,,,,,,,,,,0
timing-2560x1440-3-2,59,1,16.908000,,,,,,,,,,0
timing-2560x1440-3-2,60,1,16.869000,,,,,,,,,,0
timing-2560x1440-3-2,61,1,16.848000,,,,,,,,,,0
timing-2560x1440-3-2,62,1,16.854000,,,,,,,,,,0
timing-2560x1440-3-2,63,1,16.970000,,,,,,,,,,0
timing-2560x1440-3-2,64,1,16.897000,,,,,,,,,,0
timing-2560x1440-3-2,65,1,16.914000,,,,,,,,,,0
timing-2560x1440-3-2,66,1,16.703000,,,,,,,,,,0
timing-2560x1440-3-2,67,1,16.827000,,,,,,,,,,0
timing-2560x1440-3-2,68,1,16.722000,,,,,,,,,,0
timing-2560x1440-3-2,69,1,16.780000,,,,,,,,,,0
timing-2560x1440-3-2,70,1,16.783000,,,,,,,,,,0
timing-2560x1440-3-2,71,1,16.938000,,,,,,,,,,0
timing-2560x1440-3-2,72,1,16.892000,,,,,,,,,,0
timing-2560x1440-3-2,73,1,16.814000,,,,,,,,,,0
timing-2560x1440-3-2,74,1,16.812000,,,,,,,,,,0
timing-2560x1440-3-2,75,1,16.916000,,,,,,,,,,0
timing-2560x1440-3-2,76,1,16.758000,,,,,,,,,,0
timing-2560x1440-3-2,77,1,16.961000,,,,,,,,,,0
timing-2560x1440-3-2,78,1,16.929000,,,,,,,,,,0
timing-2560x1440-3-2,79,1,16.875000,,,,,,,,,,0
timing-2560x1440-3-2,80,1,16.755000,,,,,,,,,,0
timing-2560x1440-3-2,81,1,16.867000,,,,,,,,,,0
timing-2560x1440-3-2,82,1,16.868000,,,,,,,,,,0
timing-2560x1440-3-2,83,1,16.905000,,,,,,,,,,0
timing-2560x1440-3-2,84,1,16.942000,,,,,,,,,,0
timing-2560x1440-3-2,85,1,16.898000,,,,,,,,,,0
timing-2560x1440-3-2,86,1,16.780000,,,,,,,,,,0
timing-2560x1440-3-2,87,1,16.862000,,,,,,,,,,0
timing-2560x1440-3-2,88,1,16.683000,,,,,,,,,,0
timing-2560x1440-3-2,89,1,16.859000,,,,,,,,,,0
timing-2560x1440-3-2,90,1,16.892000,,,,,,,,,,0
timing-2560x1440-3-2,91,1,16.815000,,,,,,,,,,0
timing-2560x1440-3-2,92,1,16.977000,,,,,,,,,,0
timing-2560x1440-3-2,93,1,16.629000,,,,,,,,,,0
timing-2560x1440-3-2,94,1,16.765000,,,,,,,,,,0
timing-2560x1440-3-2,95,1,16.648000,,,,,,,,,,0
timing-2560x1440-3-2,96,1,16.759000,,,,,,,,,,0
timing-2560x1440-3-2,97,1,16.775000,,,,,,,,,,0
timing-2560x1440-3-2,98,1,16.997000,,,,,,,,,,0
timing-2560x1440-3-2,99,1,16.656000,,,,,,,,,,0
timing-2560x1440-3-2,100,1,16.813000,,,,,,,,,,0
timing-2560x1440-3-2,101,1,16.721000,,,,,,,,,,0
timing-2560x1440-3-2,102,1,16.730000,,,,,,,,,,0
timing-2560x1440-3-2,103,1,16.704000,,,,,,,,,,0
timing-2560x1440-3-2,104,1,16.967000,,,,,,,,,,0
timing-2560x1440-3-2,105,1,16.904000,,,,,,,,,,0
timing-2560x1440-3-2,106,1,16.616000,,,,,,,,,,0
timing-2560x1440-3-2,107,1,16.867000,,,,,,,,,,0
timing-2560x1440-3-2,108,1,16.948000,,,,,,,,,,0
timing-2560x1440-3-2,109,1,16.842000,,,,,,,,,,0
timing-2560x1440-3-2,110,1,16.968000,,,,,,,,,,0
timing-2560x1440-3-2,111,1,16.987000,,,,,,,,,,0
timing-2560x1440-3-2,112,1,16.968000,,,,,,,,,,0
timing-2560x1440-3-2,113,1,17.225000,,,,,,,,,,0
timing-2560x1440-3-2,114,1,17.087000,,,,,,,,,,0
timing-2560x1440-3-2,115,1,17.000000,,,,,,,,,,0
timing-2560x1440-3-2,116,1,16.994000,,,,,,,,,,0
timing-2560x1440-3-2,117,1,17.113000,,,,,,,,,,0
timing-2560x1440-3-2,118,1,17.113000,,,,,,,,,,0
timing-2560x1440-3-2,119,1,16.952000,,,,,,,,,,0
timing-2560x1440-3-2,120,1,16.943000,,,,,,,,,,0
timing-2560x1440-3-2,121,1,16.954000,,,,,,,,,,0
timing-2560x1440-3-2,122,1,16.833000,,,,,,,,,,0
timing-2560x1440-3-2,123,1,16.714000,,,,,,,,,,0
timing-2560x1440-3-2,124,1,16.581000,,,,,,,,,,0
timing-2560x1440-3-2,125,1,16.947000,,,,,,,,,,0
timing-2560x1440-3-2,126,1,16.662000,,,,,,,,,,0
timing-2560x1440-3-2,127,1,16.781000,,,,,,,,,,0
timing-2560x1440-3-2,128,1,16.820000,,,,,,,,,,0
timing-2560x1440-3-2,129,1,16.768000,,,,,,,,,,0
timing-2560x1440-3-2,130,1,16.919000,,,,,,,,,,0
timing-2560x1440-3-2,131,1,16.780000,,,,,,,,,,0
timing-2560x1440-3-2,132,1,17.034000,,,,,,,,,,0
timing-2560x1440-3-2,133,1,16.974000,,,,,,,,,,0
timing-2560x1440-3-2,134,1,16.694000,,,,,,,,,,0
timing-2560x1440-3-2,135,1,16.867000,,,,,,,,,,0
timing-2560x1440-3-2,136,1,16.823000,,,,,,,,,,0
timing-2560x1440-3-2,137,1,16.982000,,,,,,,,,,0
timing-2560x1440-3-2,138,1,16.885000,,,,,,,,,,0
timing-2560x1440-3-2,139,1,16.831000,,,,,,,,,,0
timing-2560x1440-3-2,140,1,17.097000,,,,,,,,,,0
timing-2560x1440-3-2,141,1,16.875000,,,,,,,,,,0
timing-2560x1440-3-2,142,1,16.907000,,,,,,,,,,0
timing-2560x1440-3-2,143,1,16.943000,,,,,,,,,,0
timing-2560x1440-3-2,144,1,16.891000,,,,,,,,,,0
timing-2560x1440-3-2,145,1,16.750000,,,,,,,,,,0
timing-2560x1440-3-2,146,1,16.929000,,,,,,,,,,0
timing-2560x1440-3-2,147,1,17.162000,,,,,,,,,,0
timing-2560x1440-3-2,148,1,16.868000,,,,,,,,,,0
timing-2560x1440-3-2,149,1,16.878000,,,,,,,,,,0
timing-2560x1440-3-2,150,1,16.783000,,,,,,,,,,0
timing-2560x1440-3-2,151,1,16.939000,,,,,,,,,,0
timing-2560x1440-3-2,152,1,17.063000,,,,,,,,,,0
timing-2560x1440-3-2,153,1,16.986000,,,,,,,,,,0
timing-2560x1440-3-2,154,1,16.889000,,,,,,,,,,0
timing-2560x1440-3-2,155,1,16.953000,,,,,,,,,,0
timing-2560x1440-3-2,156,1,16.797000,,,,,,,,,,0
timing-2560x1440-3-2,157,1,17.004000,,,,,,,,,,0
timing-2560x1440-3-2,158,1,16.714000,,,,,,,,,,0
timing-2560x1440-3-2,159,1,16.779000,,,,,,,,,,0
timing-2560x1440-3-2,160,1,16.895000,,,,,,,,,,0
timing-2560x1440-3-2,161,1,16.984000,,,,,,,,,,0
timing-2560x1440-3-2,162,1,16.832000,,,,,,,,,,0
timing-2560x1440-3-2,163,1,16.793000,,,,,,,,,,0
timing-2560x1440-3-2,164,1,16.582000,,,,,,,,,,0
timing-2560x1440-3-2,165,1,16.917000,,,,,,,,,,0
timing-2560x1440-3-2,166,1,16.838000,,,,,,,,,,0
timing-2560x1440-3-2,167,1,17.077000,,,,,,,,,,0
timing-2560x1440-3-2,168,1,16.990000,,,,,,,,,,0
timing-2560x1440-3-2,169,1,16.909000,,,,,,,,,,0
timing-2560x1440-3-2,170,1,16.850000,,,,,,,,,,0
timing-2560x1440-3-2,171,1,16.883000,,,,,,,,,,0
timing-2560x1440-3-2,172,1,16.845000,,,,,,,,,,0
timing-2560x1440-3-2,173,1,16.664000,,,,,,,,,,0
timing-2560x1440-3-2,174,1,16.722000,,,,,,,,,,0
timing-2560x1440-3-2,175,1,16.808000,,,,,,,,,,0
timing-2560x1440-3-2,176,1,16.877000,,,,,,,,,,0
timing-2560x1440-3-2,177,1,16.962000,,,,,,,,,,0
timing-2560x1440-3-2,178,1,16.890000,,,,,,,,,,0
timing-2560x1440-3-2,179,1,16.882000,,,,,,,,,,0
timing-2560x1440-3-2,180,1,16.976000,,,,,,,,,,0
timing-2560x1440-3-2,181,1,16.760000,,,,,,,,,,0
timing-2560x1440-3-2,182,1,16.960000,,,,,,,,,,0
timing-2560x1440-3-2,183,1,16.961000,,,,,,,,,,0
timing-2560x1440-3-2,184,1,16.964000,,,,,,,,,,0
timing-2560x1440-3-2,185,1,16.931000,,,,,,,,,,0
timing-2560x1440-3-2,186,1,16.914000,,,,,,,,,,0
timing-2560x1440-3-2,187,1,16.818000,,,,,,,,,,0
timing-2560x1440-3-2,188,1,16.611000,,,,,,,,,,0
timing-2560x1440-3-2,189,1,16.839000,,,,,,,,,,0
timing-2560x1440-3-2,190,1,16.923000,,,,,,,,,,0
timing-2560x1440-3-2,191,1,16.811000,,,,,,,,,,0
timing-2560x1440-3-2,192,1,16.663000,,,,,,,,,,0
timing-2560x1440-3-2,193,1,16.761000,,,,,,,,,,0
timing-2560x1440-3-2,194,1,16.680000,,,,,,,,,,0
timing-2560x1440-3-2,195,1,16.923000,,,,,,,,,,0
timing-2560x1440-3-2,196,1,16.932000,,,,,,,,,,0
timing-2560x1440-3-2,197,1,16.905000,,,,,,,,,,0
timing-2560x1440-3-2,198,1,16.674000,,,,,,,,,,0
timing-2560x1440-3-2,199,1,16.657000,,,,,,,,,,0
timing-2560x1440-3-2,200,1,16.612000,,,,,,,,,,0
timing-2560x1440-3-2,201,1,16.774000,,,,,,,,,,0
timing-2560x1440-3-2,202,1,16.728000,,,,,,,,,,0
timing-2560x1440-3-2,203,1,16.752000,,,,,,,,,,0
timing-2560x1440-3-2,204,1,16.919000,,,,,,,,,,0
timing-2560x1440-3-2,205,1,16.945000,,,,,,,,,,0
timing-2560x1440-3-2,206,1,16.880000,,,,,,,,,,0
timing-2560x1440-3-2,207,1,16.773000,,,,,,,,,,0
timing-2560x1440-3-2,208,1,16.786000,,,,,,,,,,0
timing-2560x1440-3-2,209,1,16.941000,,,,,,,,,,0
timing-2560x1440-3-2,210,1,16.689000,,,,,,,,,,0
timing-2560x1440-3-2,211,1,16.617000,,,,,,,,,,0
timing-2560x1440-3-2,212,1,17.086000,,,,,,,,,,0
timing-2560x1440-3-2,213,1,17.062000,,,,,,,,,,0
timing-2560x1440-3-2,214,1,16.808000,,,,,,,,,,0
timing-2560x1440-3-2,215,1,16.912000,,,,,,,,,,0
timing-2560x1440-3-2,216,1,16.897000,,,,,,,,,,0
timing-2560x1440-3-2,217,1,16.978000,,,,,,,,,,0
timing-2560x1440-3-2,218,1,16.871000,,,,,,,,,,0
timing-2560x1440-3-2,219,1,16.864000,,,,,,,,,,0
timing-2560x1440-3-2,220,1,16.815000,,,,,,,,,,0
timing-2560x1440-3-2,221,1,16.933000,,,,,,,,,,0
timing-2560x1440-3-2,222,1,16.674000,,,,,,,,,,0
timing-2560x1440-3-2,223,1,16.733000,,,,,,,,,,0
timing-2560x1440-3-2,224,1,16.947000,,,,,,,,,,0
timing-2560x1440-3-2,225,1,16.990000,,,,,,,,,,0
timing-2560x1440-3-2,226,1,16.847000,,,,,,,,,,0
timing-2560x1440-3-2,227,1,16.950000,,,,,,,,,,0
timing-2560x1440-3-2,228,1,17.024000,,,,,,,,,,0
timing-2560x1440-3-2,229,1,17.087000,,,,,,,,,,0
timing-2560x1440-3-2,230,1,16.899000,,,,,,,,,,0
timing-2560x1440-3-2,231,1,16.906000,,,,,,,,,,0
timing-2560x1440-3-2,232,1,16.731000,,,,,,,,,,0
timing-2560x1440-3-2,233,1,16.720000,,,,,,,,,,0
timing-2560x1440-3-2,234,1,16.779000,,,,,,,,,,0
timing-2560x1440-3-2,235,1,17.029000,,,,,,,,,,0
timing-2560x1440-3-2,236,1,16.940000,,,,,,,,,,0
timing-2560x1440-3-2,237,1,17.068000,,,,,,,,,,0
timing-2560x1440-3-2,238,1,16.932000,,,,,,,,,,0
timing-2560x1440-3-2,239,1,16.976000,,,,,,,,,,0
timing-2560x1440-3-2,240,1,16.847000,,,,,,,,,,0
timing-2560x1440-3-2,241,1,16.943000,,,,,,,,,,0
timing-2560x1440-3-2,242,1,16.991000,,,,,,,,,,0
timing-2560x1440-3-2,243,1,16.931000,,,,,,,,,,0
timing-2560x1440-3-2,244,1,16.829000,,,,,,,,,,0
timing-2560x1440-3-2,245,1,16.977000,,,,,,,,,,0
timing-2560x1440-3-2,246,1,17.324000,,,,,,,,,,0
timing-2560x1440-3-2,247,1,17.017000,,,,,,,,,,0
timing-2560x1440-3-2,248,1,16.967000,,,,,,,,,,0
timing-2560x1440-3-2,249,1,17.097000,,,,,,,,,,0
timing-2560x1440-3-2,250,1,16.882000,,,,,,,,,,0
timing-2560x1440-3-2,251,1,17.073000,,,,,,,,,,0
timing-2560x1440-3-2,252,1,16.959000,,,,,,,,,,0
timing-2560x1440-3-2,253,1,16.744000,,,,,,,,,,0
timing-2560x1440-3-2,254,1,16.970000,,,,,,,,,,0
timing-2560x1440-3-2,255,1,16.813000,,,,,,,,,,0
timing-2560x1440-3-2,256,1,16.909000,,,,,,,,,,0
timing-2560x1440-3-2,257,1,16.812000,,,,,,,,,,0
timing-2560x1440-3-2,258,1,16.914000,,,,,,,,,,0
timing-2560x1440-3-2,259,1,16.935000,,,,,,,,,,0
timing-2560x1440-3-2,260,1,16.828000,,,,,,,,,,0
timing-2560x1440-3-2,261,1,16.703000,,,,,,,,,,0
timing-2560x1440-3-2,262,1,16.688000,,,,,,,,,,0
timing-2560x1440-3-2,263,1,16.867000,,,,,,,,,,0
timing-2560x1440-3-2,264,1,16.954000,,,,,,,,,,0
timing-2560x1440-3-2,265,1,16.751000,,,,,,,,,,0
timing-2560x1440-3-2,266,1,16.802000,,,,,,,,,,0
timing-2560x1440-3-2,267,1,16.796000,,,,,,,,,,0
timing-2560x1440-3-2,268,1,16.931000,,,,,,,,,,0
timing-2560x1440-3-2,269,1,16.733000,,,,,,,,,,0
timing-2560x1440-3-2,270,1,16.871000,,,,,,,,,,0
timing-2560x1440-3-2,271,1,16.807000,,,,,,,,,,0
timing-2560x1440-3-2,272,1,16.569000,,,,,,,,,,0
timing-2560x1440-3-2,273,1,16.917000,,,,,,,,,,0
timing-2560x1440-3-2,274,1,16.801000,,,,,,,,,,0
timing-2560x1440-3-2,275,1,16.910000,,,,,,,,,,0
timing-2560x1440-3-2,276,1,16.855000,,,,,,,,,,0
timing-2560x1440-3-2,277,1,17.080000,,,,,,,,,,0
timing-2560x1440-3-2,278,1,16.612000,,,,,,,,,,0
timing-2560x1440-3-2,279,1,16.758000,,,,,,,,,,0
timing-2560x1440-3-2,280,1,16.897000,,,,,,,,,,0
timing-2560x1440-3-2,281,1,17.007000,,,,,,,,,,0
timing-2560x1440-3-2,282,1,16.907000,,,,,,,,,,0
timing-2560x1440-3-2,283,1,16.889000,,,,,,,,,,0
timing-2560x1440-3-2,284,1,16.840000,,,,,,,,,,0
timing-2560x1440-3-2,285,1,17.065000,,,,,,,,,,0
timing-2560x1440-3-2,286,1,16.917000,,,,,,,,,,0
timing-2560x1440-3-2,287,1,16.693000,,,,,,,,,,0
timing-2560x1440-3-2,288,1,16.831000,,,,,,,,,,0
timing-2560x1440-3-2,289,1,17.079000,,,,,,,,,,0
timing-2560x1440-3-2,290,1,16.999000,,,,,,,,,,0
timing-2560x1440-3-2,291,1,16.873000,,,,,,,,,,0
timing-2560x1440-3-2,292,1,16.884000,,,,,,,,,,0
timing-2560x1440-3-2,293,1,16.711000,,,,,,,,,,0
timing-2560x1440-3-2,294,1,16.750000,,,,,,,,,,0
timing-2560x1440-3-2,295,1,17.063000,,,,,,,,,,0
timing-2560x1440-3-2,296,1,16.781000,,,,,,,,,,0
timing-2560x1440-3-2,297,1,16.733000,,,,,,,,,,0
timing-2560x1440-3-2,298,1,16.687000,,,,,,,,,,0
timing-2560x1440-3-2,299,1,16.675000,,,,,,,,,,0
timing-2560x1440-3-2,300,1,16.872000,,,,,,,,,,0
timing-2560x1440-3-2,301,1,17.083000,,,,,,,,,,0
timing-2560x1440-3-2,302,1,16.949000,,,,,,,,,,0
timing-2560x1440-3-2,303,1,16.932000,,,,,,,,,,0
timing-2560x1440-3-2,304,1,16.797000,,,,,,,,,,0
timing-2560x1440-3-2,305,1,16.857000,,,,,,,,,,0
timing-2560x1440-3-2,306,1,16.699000,,,,,,,,,,0
timing-2560x1440-3-2,307,1,16.722000,,,,,,,,,,0
timing-2560x1440-3-2,308,1,16.905000,,,,,,,,,,0
timing-2560x1440-3-2,309,1,17.120000,,,,,,,,,,0
timing-2560x1440-3-2,310,1,16.852000,,,,,,,,,,0
timing-2560x1440-3-2,311,1,16.813000,,,,,,,,,,0
timing-2560x1440-3-2,312,1,17.026000,,,,,,,,,,0
timing-2560x1440-3-2,313,1,16.820000,,,,,,,,,,0
timing-2560x1440-3-2,314,1,16.777000,,,,,,,,,,0
timing-2560x1440-3-2,315,1,16.752000,,,,,,,,,,0
timing-2560x1440-3-2,316,1,16.880000,,,,,,,,,,0
timing-2560x1440-3-2,317,1,16.620000,,,,,,,,,,0
timing-2560x1440-3-2,318,1,16.860000,,,,,,,,,,0
timing-2560x1440-3-2,319,1,16.948000,0,0,0.999511719,0.359683349,0.403534527,1325,232,0,0,1
timing-2560x1440-3-3,0,1,1142.812000,0,0,0.999511719,0.359683349,0.403534527,1325,232,0,0,1
timing-2560x1440-3-3,1,1,25.521000,,,,,,,,,,0
timing-2560x1440-3-3,2,1,17.174000,,,,,,,,,,0
timing-2560x1440-3-3,3,1,16.912000,,,,,,,,,,0
timing-2560x1440-3-3,4,1,16.898000,,,,,,,,,,0
timing-2560x1440-3-3,5,1,17.060000,,,,,,,,,,0
timing-2560x1440-3-3,6,1,16.986000,,,,,,,,,,0
timing-2560x1440-3-3,7,1,17.428000,,,,,,,,,,0
timing-2560x1440-3-3,8,1,17.101000,,,,,,,,,,0
timing-2560x1440-3-3,9,1,17.142000,,,,,,,,,,0
timing-2560x1440-3-3,10,1,17.210000,,,,,,,,,,0
timing-2560x1440-3-3,11,1,17.006000,,,,,,,,,,0
timing-2560x1440-3-3,12,1,16.973000,,,,,,,,,,0
timing-2560x1440-3-3,13,1,16.989000,,,,,,,,,,0
timing-2560x1440-3-3,14,1,17.381000,,,,,,,,,,0
timing-2560x1440-3-3,15,1,17.264000,,,,,,,,,,0
timing-2560x1440-3-3,16,1,16.828000,,,,,,,,,,0
timing-2560x1440-3-3,17,1,16.688000,,,,,,,,,,0
timing-2560x1440-3-3,18,1,16.789000,,,,,,,,,,0
timing-2560x1440-3-3,19,1,16.851000,,,,,,,,,,0
timing-2560x1440-3-3,20,1,16.895000,,,,,,,,,,0
timing-2560x1440-3-3,21,1,16.724000,,,,,,,,,,0
timing-2560x1440-3-3,22,1,16.990000,,,,,,,,,,0
timing-2560x1440-3-3,23,1,17.122000,,,,,,,,,,0
timing-2560x1440-3-3,24,1,17.105000,,,,,,,,,,0
timing-2560x1440-3-3,25,1,16.775000,,,,,,,,,,0
timing-2560x1440-3-3,26,1,16.922000,,,,,,,,,,0
timing-2560x1440-3-3,27,1,16.835000,,,,,,,,,,0
timing-2560x1440-3-3,28,1,16.848000,,,,,,,,,,0
timing-2560x1440-3-3,29,1,16.743000,,,,,,,,,,0
timing-2560x1440-3-3,30,1,16.636000,,,,,,,,,,0
timing-2560x1440-3-3,31,1,16.986000,,,,,,,,,,0
timing-2560x1440-3-3,32,1,16.948000,,,,,,,,,,0
timing-2560x1440-3-3,33,1,16.947000,,,,,,,,,,0
timing-2560x1440-3-3,34,1,16.815000,,,,,,,,,,0
timing-2560x1440-3-3,35,1,17.040000,,,,,,,,,,0
timing-2560x1440-3-3,36,1,16.696000,,,,,,,,,,0
timing-2560x1440-3-3,37,1,16.827000,,,,,,,,,,0
timing-2560x1440-3-3,38,1,16.796000,,,,,,,,,,0
timing-2560x1440-3-3,39,1,16.921000,,,,,,,,,,0
timing-2560x1440-3-3,40,1,16.702000,,,,,,,,,,0
timing-2560x1440-3-3,41,1,16.664000,,,,,,,,,,0
timing-2560x1440-3-3,42,1,16.834000,,,,,,,,,,0
timing-2560x1440-3-3,43,1,16.856000,,,,,,,,,,0
timing-2560x1440-3-3,44,1,16.926000,,,,,,,,,,0
timing-2560x1440-3-3,45,1,16.933000,,,,,,,,,,0
timing-2560x1440-3-3,46,1,16.914000,,,,,,,,,,0
timing-2560x1440-3-3,47,1,17.049000,,,,,,,,,,0
timing-2560x1440-3-3,48,1,17.060000,,,,,,,,,,0
timing-2560x1440-3-3,49,1,16.756000,,,,,,,,,,0
timing-2560x1440-3-3,50,1,16.877000,,,,,,,,,,0
timing-2560x1440-3-3,51,1,17.008000,,,,,,,,,,0
timing-2560x1440-3-3,52,1,17.134000,,,,,,,,,,0
timing-2560x1440-3-3,53,1,16.950000,,,,,,,,,,0
timing-2560x1440-3-3,54,1,16.997000,,,,,,,,,,0
timing-2560x1440-3-3,55,1,17.059000,,,,,,,,,,0
timing-2560x1440-3-3,56,1,17.118000,,,,,,,,,,0
timing-2560x1440-3-3,57,1,17.058000,,,,,,,,,,0
timing-2560x1440-3-3,58,1,16.957000,,,,,,,,,,0
timing-2560x1440-3-3,59,1,16.775000,,,,,,,,,,0
timing-2560x1440-3-3,60,1,16.901000,,,,,,,,,,0
timing-2560x1440-3-3,61,1,17.245000,,,,,,,,,,0
timing-2560x1440-3-3,62,1,17.151000,,,,,,,,,,0
timing-2560x1440-3-3,63,1,17.083000,,,,,,,,,,0
timing-2560x1440-3-3,64,1,17.040000,,,,,,,,,,0
timing-2560x1440-3-3,65,1,16.920000,,,,,,,,,,0
timing-2560x1440-3-3,66,1,17.101000,,,,,,,,,,0
timing-2560x1440-3-3,67,1,17.000000,,,,,,,,,,0
timing-2560x1440-3-3,68,1,17.007000,,,,,,,,,,0
timing-2560x1440-3-3,69,1,17.104000,,,,,,,,,,0
timing-2560x1440-3-3,70,1,16.936000,,,,,,,,,,0
timing-2560x1440-3-3,71,1,16.935000,,,,,,,,,,0
timing-2560x1440-3-3,72,1,17.066000,,,,,,,,,,0
timing-2560x1440-3-3,73,1,17.069000,,,,,,,,,,0
timing-2560x1440-3-3,74,1,16.772000,,,,,,,,,,0
timing-2560x1440-3-3,75,1,17.007000,,,,,,,,,,0
timing-2560x1440-3-3,76,1,17.130000,,,,,,,,,,0
timing-2560x1440-3-3,77,1,16.978000,,,,,,,,,,0
timing-2560x1440-3-3,78,1,16.944000,,,,,,,,,,0
timing-2560x1440-3-3,79,1,17.017000,,,,,,,,,,0
timing-2560x1440-3-3,80,1,17.143000,,,,,,,,,,0
timing-2560x1440-3-3,81,1,16.948000,,,,,,,,,,0
timing-2560x1440-3-3,82,1,16.988000,,,,,,,,,,0
timing-2560x1440-3-3,83,1,16.949000,,,,,,,,,,0
timing-2560x1440-3-3,84,1,17.175000,,,,,,,,,,0
timing-2560x1440-3-3,85,1,17.084000,,,,,,,,,,0
timing-2560x1440-3-3,86,1,16.953000,,,,,,,,,,0
timing-2560x1440-3-3,87,1,17.028000,,,,,,,,,,0
timing-2560x1440-3-3,88,1,17.093000,,,,,,,,,,0
timing-2560x1440-3-3,89,1,16.824000,,,,,,,,,,0
timing-2560x1440-3-3,90,1,16.811000,,,,,,,,,,0
timing-2560x1440-3-3,91,1,17.054000,,,,,,,,,,0
timing-2560x1440-3-3,92,1,16.883000,,,,,,,,,,0
timing-2560x1440-3-3,93,1,17.079000,,,,,,,,,,0
timing-2560x1440-3-3,94,1,16.991000,,,,,,,,,,0
timing-2560x1440-3-3,95,1,17.138000,,,,,,,,,,0
timing-2560x1440-3-3,96,1,16.934000,,,,,,,,,,0
timing-2560x1440-3-3,97,1,17.047000,,,,,,,,,,0
timing-2560x1440-3-3,98,1,17.035000,,,,,,,,,,0
timing-2560x1440-3-3,99,1,17.049000,,,,,,,,,,0
timing-2560x1440-3-3,100,1,17.007000,,,,,,,,,,0
timing-2560x1440-3-3,101,1,16.946000,,,,,,,,,,0
timing-2560x1440-3-3,102,1,17.209000,,,,,,,,,,0
timing-2560x1440-3-3,103,1,17.106000,,,,,,,,,,0
timing-2560x1440-3-3,104,1,16.859000,,,,,,,,,,0
timing-2560x1440-3-3,105,1,17.032000,,,,,,,,,,0
timing-2560x1440-3-3,106,1,17.191000,,,,,,,,,,0
timing-2560x1440-3-3,107,1,17.030000,,,,,,,,,,0
timing-2560x1440-3-3,108,1,17.091000,,,,,,,,,,0
timing-2560x1440-3-3,109,1,17.095000,,,,,,,,,,0
timing-2560x1440-3-3,110,1,16.929000,,,,,,,,,,0
timing-2560x1440-3-3,111,1,17.000000,,,,,,,,,,0
timing-2560x1440-3-3,112,1,16.887000,,,,,,,,,,0
timing-2560x1440-3-3,113,1,16.846000,,,,,,,,,,0
timing-2560x1440-3-3,114,1,16.994000,,,,,,,,,,0
timing-2560x1440-3-3,115,1,16.826000,,,,,,,,,,0
timing-2560x1440-3-3,116,1,16.893000,,,,,,,,,,0
timing-2560x1440-3-3,117,1,16.986000,,,,,,,,,,0
timing-2560x1440-3-3,118,1,16.803000,,,,,,,,,,0
timing-2560x1440-3-3,119,1,16.753000,,,,,,,,,,0
timing-2560x1440-3-3,120,1,16.880000,,,,,,,,,,0
timing-2560x1440-3-3,121,1,16.982000,,,,,,,,,,0
timing-2560x1440-3-3,122,1,17.127000,,,,,,,,,,0
timing-2560x1440-3-3,123,1,16.968000,,,,,,,,,,0
timing-2560x1440-3-3,124,1,17.059000,,,,,,,,,,0
timing-2560x1440-3-3,125,1,16.988000,,,,,,,,,,0
timing-2560x1440-3-3,126,1,17.077000,,,,,,,,,,0
timing-2560x1440-3-3,127,1,17.204000,,,,,,,,,,0
timing-2560x1440-3-3,128,1,16.848000,,,,,,,,,,0
timing-2560x1440-3-3,129,1,16.959000,,,,,,,,,,0
timing-2560x1440-3-3,130,1,17.069000,,,,,,,,,,0
timing-2560x1440-3-3,131,1,17.125000,,,,,,,,,,0
timing-2560x1440-3-3,132,1,16.955000,,,,,,,,,,0
timing-2560x1440-3-3,133,1,17.073000,,,,,,,,,,0
timing-2560x1440-3-3,134,1,16.843000,,,,,,,,,,0
timing-2560x1440-3-3,135,1,16.930000,,,,,,,,,,0
timing-2560x1440-3-3,136,1,17.081000,,,,,,,,,,0
timing-2560x1440-3-3,137,1,17.007000,,,,,,,,,,0
timing-2560x1440-3-3,138,1,17.046000,,,,,,,,,,0
timing-2560x1440-3-3,139,1,16.960000,,,,,,,,,,0
timing-2560x1440-3-3,140,1,16.823000,,,,,,,,,,0
timing-2560x1440-3-3,141,1,16.929000,,,,,,,,,,0
timing-2560x1440-3-3,142,1,17.139000,,,,,,,,,,0
timing-2560x1440-3-3,143,1,17.121000,,,,,,,,,,0
timing-2560x1440-3-3,144,1,17.186000,,,,,,,,,,0
timing-2560x1440-3-3,145,1,17.098000,,,,,,,,,,0
timing-2560x1440-3-3,146,1,17.263000,,,,,,,,,,0
timing-2560x1440-3-3,147,1,17.010000,,,,,,,,,,0
timing-2560x1440-3-3,148,1,17.194000,,,,,,,,,,0
timing-2560x1440-3-3,149,1,16.987000,,,,,,,,,,0
timing-2560x1440-3-3,150,1,16.725000,,,,,,,,,,0
timing-2560x1440-3-3,151,1,16.751000,,,,,,,,,,0
timing-2560x1440-3-3,152,1,17.046000,,,,,,,,,,0
timing-2560x1440-3-3,153,1,17.046000,,,,,,,,,,0
timing-2560x1440-3-3,154,1,17.158000,,,,,,,,,,0
timing-2560x1440-3-3,155,1,16.920000,,,,,,,,,,0
timing-2560x1440-3-3,156,1,16.854000,,,,,,,,,,0
timing-2560x1440-3-3,157,1,16.904000,,,,,,,,,,0
timing-2560x1440-3-3,158,1,16.885000,,,,,,,,,,0
timing-2560x1440-3-3,159,1,16.892000,,,,,,,,,,0
timing-2560x1440-3-3,160,1,16.824000,,,,,,,,,,0
timing-2560x1440-3-3,161,1,16.844000,,,,,,,,,,0
timing-2560x1440-3-3,162,1,17.002000,,,,,,,,,,0
timing-2560x1440-3-3,163,1,17.222000,,,,,,,,,,0
timing-2560x1440-3-3,164,1,17.113000,,,,,,,,,,0
timing-2560x1440-3-3,165,1,17.295000,,,,,,,,,,0
timing-2560x1440-3-3,166,1,17.229000,,,,,,,,,,0
timing-2560x1440-3-3,167,1,17.440000,,,,,,,,,,0
timing-2560x1440-3-3,168,1,16.855000,,,,,,,,,,0
timing-2560x1440-3-3,169,1,16.754000,,,,,,,,,,0
timing-2560x1440-3-3,170,1,16.746000,,,,,,,,,,0
timing-2560x1440-3-3,171,1,17.107000,,,,,,,,,,0
timing-2560x1440-3-3,172,1,17.008000,,,,,,,,,,0
timing-2560x1440-3-3,173,1,16.839000,,,,,,,,,,0
timing-2560x1440-3-3,174,1,16.861000,,,,,,,,,,0
timing-2560x1440-3-3,175,1,16.900000,,,,,,,,,,0
timing-2560x1440-3-3,176,1,16.978000,,,,,,,,,,0
timing-2560x1440-3-3,177,1,16.843000,,,,,,,,,,0
timing-2560x1440-3-3,178,1,16.944000,,,,,,,,,,0
timing-2560x1440-3-3,179,1,16.991000,,,,,,,,,,0
timing-2560x1440-3-3,180,1,16.794000,,,,,,,,,,0
timing-2560x1440-3-3,181,1,17.063000,,,,,,,,,,0
timing-2560x1440-3-3,182,1,17.002000,,,,,,,,,,0
timing-2560x1440-3-3,183,1,17.209000,,,,,,,,,,0
timing-2560x1440-3-3,184,1,17.179000,,,,,,,,,,0
timing-2560x1440-3-3,185,1,17.064000,,,,,,,,,,0
timing-2560x1440-3-3,186,1,17.060000,,,,,,,,,,0
timing-2560x1440-3-3,187,1,17.040000,,,,,,,,,,0
timing-2560x1440-3-3,188,1,16.825000,,,,,,,,,,0
timing-2560x1440-3-3,189,1,16.828000,,,,,,,,,,0
timing-2560x1440-3-3,190,1,17.031000,,,,,,,,,,0
timing-2560x1440-3-3,191,1,17.057000,,,,,,,,,,0
timing-2560x1440-3-3,192,1,16.808000,,,,,,,,,,0
timing-2560x1440-3-3,193,1,16.975000,,,,,,,,,,0
timing-2560x1440-3-3,194,1,17.041000,,,,,,,,,,0
timing-2560x1440-3-3,195,1,16.975000,,,,,,,,,,0
timing-2560x1440-3-3,196,1,16.890000,,,,,,,,,,0
timing-2560x1440-3-3,197,1,16.873000,,,,,,,,,,0
timing-2560x1440-3-3,198,1,16.916000,,,,,,,,,,0
timing-2560x1440-3-3,199,1,17.116000,,,,,,,,,,0
timing-2560x1440-3-3,200,1,17.264000,,,,,,,,,,0
timing-2560x1440-3-3,201,1,16.854000,,,,,,,,,,0
timing-2560x1440-3-3,202,1,16.866000,,,,,,,,,,0
timing-2560x1440-3-3,203,1,16.935000,,,,,,,,,,0
timing-2560x1440-3-3,204,1,17.065000,,,,,,,,,,0
timing-2560x1440-3-3,205,1,17.074000,,,,,,,,,,0
timing-2560x1440-3-3,206,1,17.039000,,,,,,,,,,0
timing-2560x1440-3-3,207,1,17.048000,,,,,,,,,,0
timing-2560x1440-3-3,208,1,16.927000,,,,,,,,,,0
timing-2560x1440-3-3,209,1,16.979000,,,,,,,,,,0
timing-2560x1440-3-3,210,1,17.082000,,,,,,,,,,0
timing-2560x1440-3-3,211,1,16.978000,,,,,,,,,,0
timing-2560x1440-3-3,212,1,16.791000,,,,,,,,,,0
timing-2560x1440-3-3,213,1,17.041000,,,,,,,,,,0
timing-2560x1440-3-3,214,1,17.082000,,,,,,,,,,0
timing-2560x1440-3-3,215,1,16.999000,,,,,,,,,,0
timing-2560x1440-3-3,216,1,16.947000,,,,,,,,,,0
timing-2560x1440-3-3,217,1,16.826000,,,,,,,,,,0
timing-2560x1440-3-3,218,1,16.910000,,,,,,,,,,0
timing-2560x1440-3-3,219,1,17.018000,,,,,,,,,,0
timing-2560x1440-3-3,220,1,16.774000,,,,,,,,,,0
timing-2560x1440-3-3,221,1,16.845000,,,,,,,,,,0
timing-2560x1440-3-3,222,1,16.957000,,,,,,,,,,0
timing-2560x1440-3-3,223,1,17.163000,,,,,,,,,,0
timing-2560x1440-3-3,224,1,16.970000,,,,,,,,,,0
timing-2560x1440-3-3,225,1,17.110000,,,,,,,,,,0
timing-2560x1440-3-3,226,1,16.941000,,,,,,,,,,0
timing-2560x1440-3-3,227,1,16.833000,,,,,,,,,,0
timing-2560x1440-3-3,228,1,17.036000,,,,,,,,,,0
timing-2560x1440-3-3,229,1,17.025000,,,,,,,,,,0
timing-2560x1440-3-3,230,1,16.804000,,,,,,,,,,0
timing-2560x1440-3-3,231,1,17.007000,,,,,,,,,,0
timing-2560x1440-3-3,232,1,17.221000,,,,,,,,,,0
timing-2560x1440-3-3,233,1,16.880000,,,,,,,,,,0
timing-2560x1440-3-3,234,1,16.913000,,,,,,,,,,0
timing-2560x1440-3-3,235,1,16.868000,,,,,,,,,,0
timing-2560x1440-3-3,236,1,16.924000,,,,,,,,,,0
timing-2560x1440-3-3,237,1,16.956000,,,,,,,,,,0
timing-2560x1440-3-3,238,1,16.847000,,,,,,,,,,0
timing-2560x1440-3-3,239,1,16.889000,,,,,,,,,,0
timing-2560x1440-3-3,240,1,17.067000,,,,,,,,,,0
timing-2560x1440-3-3,241,1,16.980000,,,,,,,,,,0
timing-2560x1440-3-3,242,1,16.955000,,,,,,,,,,0
timing-2560x1440-3-3,243,1,16.969000,,,,,,,,,,0
timing-2560x1440-3-3,244,1,17.020000,,,,,,,,,,0
timing-2560x1440-3-3,245,1,17.102000,,,,,,,,,,0
timing-2560x1440-3-3,246,1,17.117000,,,,,,,,,,0
timing-2560x1440-3-3,247,1,17.034000,,,,,,,,,,0
timing-2560x1440-3-3,248,1,17.022000,,,,,,,,,,0
timing-2560x1440-3-3,249,1,17.136000,,,,,,,,,,0
timing-2560x1440-3-3,250,1,17.073000,,,,,,,,,,0
timing-2560x1440-3-3,251,1,16.773000,,,,,,,,,,0
timing-2560x1440-3-3,252,1,16.865000,,,,,,,,,,0
timing-2560x1440-3-3,253,1,17.180000,,,,,,,,,,0
timing-2560x1440-3-3,254,1,17.058000,,,,,,,,,,0
timing-2560x1440-3-3,255,1,17.047000,,,,,,,,,,0
timing-2560x1440-3-3,256,1,16.759000,,,,,,,,,,0
timing-2560x1440-3-3,257,1,16.935000,,,,,,,,,,0
timing-2560x1440-3-3,258,1,16.950000,,,,,,,,,,0
timing-2560x1440-3-3,259,1,17.187000,,,,,,,,,,0
timing-2560x1440-3-3,260,1,17.060000,,,,,,,,,,0
timing-2560x1440-3-3,261,1,16.897000,,,,,,,,,,0
timing-2560x1440-3-3,262,1,16.974000,,,,,,,,,,0
timing-2560x1440-3-3,263,1,17.112000,,,,,,,,,,0
timing-2560x1440-3-3,264,1,16.777000,,,,,,,,,,0
timing-2560x1440-3-3,265,1,16.795000,,,,,,,,,,0
timing-2560x1440-3-3,266,1,17.123000,,,,,,,,,,0
timing-2560x1440-3-3,267,1,16.803000,,,,,,,,,,0
timing-2560x1440-3-3,268,1,17.179000,,,,,,,,,,0
timing-2560x1440-3-3,269,1,16.988000,,,,,,,,,,0
timing-2560x1440-3-3,270,1,16.994000,,,,,,,,,,0
timing-2560x1440-3-3,271,1,16.859000,,,,,,,,,,0
timing-2560x1440-3-3,272,1,16.729000,,,,,,,,,,0
timing-2560x1440-3-3,273,1,16.968000,,,,,,,,,,0
timing-2560x1440-3-3,274,1,17.044000,,,,,,,,,,0
timing-2560x1440-3-3,275,1,16.934000,,,,,,,,,,0
timing-2560x1440-3-3,276,1,16.766000,,,,,,,,,,0
timing-2560x1440-3-3,277,1,17.049000,,,,,,,,,,0
timing-2560x1440-3-3,278,1,17.006000,,,,,,,,,,0
timing-2560x1440-3-3,279,1,17.020000,,,,,,,,,,0
timing-2560x1440-3-3,280,1,16.995000,,,,,,,,,,0
timing-2560x1440-3-3,281,1,17.041000,,,,,,,,,,0
timing-2560x1440-3-3,282,1,16.976000,,,,,,,,,,0
timing-2560x1440-3-3,283,1,17.131000,,,,,,,,,,0
timing-2560x1440-3-3,284,1,16.776000,,,,,,,,,,0
timing-2560x1440-3-3,285,1,16.829000,,,,,,,,,,0
timing-2560x1440-3-3,286,1,17.012000,,,,,,,,,,0
timing-2560x1440-3-3,287,1,17.115000,,,,,,,,,,0
timing-2560x1440-3-3,288,1,17.098000,,,,,,,,,,0
timing-2560x1440-3-3,289,1,17.276000,,,,,,,,,,0
timing-2560x1440-3-3,290,1,17.290000,,,,,,,,,,0
timing-2560x1440-3-3,291,1,17.016000,,,,,,,,,,0
timing-2560x1440-3-3,292,1,17.247000,,,,,,,,,,0
timing-2560x1440-3-3,293,1,17.171000,,,,,,,,,,0
timing-2560x1440-3-3,294,1,16.934000,,,,,,,,,,0
timing-2560x1440-3-3,295,1,16.997000,,,,,,,,,,0
timing-2560x1440-3-3,296,1,17.024000,,,,,,,,,,0
timing-2560x1440-3-3,297,1,17.023000,,,,,,,,,,0
timing-2560x1440-3-3,298,1,16.963000,,,,,,,,,,0
timing-2560x1440-3-3,299,1,17.064000,,,,,,,,,,0
timing-2560x1440-3-3,300,1,17.008000,,,,,,,,,,0
timing-2560x1440-3-3,301,1,16.955000,,,,,,,,,,0
timing-2560x1440-3-3,302,1,16.907000,,,,,,,,,,0
timing-2560x1440-3-3,303,1,16.979000,,,,,,,,,,0
timing-2560x1440-3-3,304,1,16.970000,,,,,,,,,,0
timing-2560x1440-3-3,305,1,17.009000,,,,,,,,,,0
timing-2560x1440-3-3,306,1,16.685000,,,,,,,,,,0
timing-2560x1440-3-3,307,1,16.934000,,,,,,,,,,0
timing-2560x1440-3-3,308,1,17.100000,,,,,,,,,,0
timing-2560x1440-3-3,309,1,16.958000,,,,,,,,,,0
timing-2560x1440-3-3,310,1,17.143000,,,,,,,,,,0
timing-2560x1440-3-3,311,1,16.905000,,,,,,,,,,0
timing-2560x1440-3-3,312,1,16.970000,,,,,,,,,,0
timing-2560x1440-3-3,313,1,16.959000,,,,,,,,,,0
timing-2560x1440-3-3,314,1,16.905000,,,,,,,,,,0
timing-2560x1440-3-3,315,1,16.860000,,,,,,,,,,0
timing-2560x1440-3-3,316,1,16.974000,,,,,,,,,,0
timing-2560x1440-3-3,317,1,16.964000,,,,,,,,,,0
timing-2560x1440-3-3,318,1,16.801000,,,,,,,,,,0
timing-2560x1440-3-3,319,1,16.836000,0,0,0.999511719,0.359683349,0.403534527,1325,232,0,0,1
