arch,module,kernel,same_code,baseline_instructions,candidate_instructions,delta_instructions,baseline_bytes,candidate_bytes,baseline.vgpr_count,candidate.vgpr_count,baseline.sgpr_count,candidate.sgpr_count,baseline.group_segment_fixed_size,candidate.group_segment_fixed_size,baseline.private_segment_fixed_size,candidate.private_segment_fixed_size,baseline.wavefront_size,candidate.wavefront_size,baseline.kernarg_segment_size,candidate.kernarg_segment_size
gfx1201,boundary-fast.hsaco,c32_fast_av,False,332,330,-2,2084,2080,45,45,12,12,0,0,0,0,32,32,28,28
gfx1201,boundary-fast.hsaco,c32_fast_normalize,True,499,499,0,2808,2808,31,31,18,18,0,0,0,0,32,32,28,28
gfx1201,boundary-fast.hsaco,c32_fast_probabilities,True,473,473,0,2680,2680,48,48,10,10,0,0,0,0,32,32,20,20
gfx1201,boundary-fast.hsaco,c32_fast_project,False,510,508,-2,3228,3228,72,72,13,13,0,0,0,0,32,32,40,40
gfx1201,boundary-fast.hsaco,c32_fast_qkv,False,269,265,-4,1984,1984,81,81,13,13,0,0,0,0,32,32,28,28
gfx1201,boundary-fast.hsaco,c32_fast_scores,False,701,702,1,4288,4292,66,66,13,13,0,0,0,0,32,32,28,28
gfx1201,boundary-fast.hsaco,c32_finish_crop_half,True,271,271,0,1372,1372,13,13,16,16,0,0,0,0,32,32,48,48
gfx1201,boundary-fast.hsaco,c32_finish_fast,True,206,206,0,1092,1092,13,13,12,12,0,0,0,0,32,32,32,32
gfx1201,boundary-fast.hsaco,c32_finish_fast_half,True,215,215,0,1124,1124,13,13,12,12,0,0,0,0,32,32,32,32
gfx1201,boundary-fast.hsaco,c32_finish_fast_half_main8,True,214,214,0,1136,1136,14,14,12,12,0,0,0,0,32,32,32,32
gfx1201,boundary-fast.hsaco,hip_post_head_fast,False,200,199,-1,1128,1128,69,69,12,12,0,0,0,0,32,32,56,56
gfx1201,boundary-fast.hsaco,hip_post_head_fast_half,False,252,250,-2,1300,1300,53,53,12,12,0,0,0,0,32,32,56,56
gfx1201,boundary-fast.hsaco,hip_post_merge_fast,True,87,87,0,460,460,7,7,12,12,0,0,0,0,32,32,40,40
gfx1201,boundary-fast.hsaco,hip_post_merge_fast_skip8,True,86,86,0,444,444,7,7,14,14,0,0,0,0,32,32,40,40
gfx1201,boundary_reference.hsaco,hip_c32_pack,True,92,92,0,468,468,7,7,14,14,0,0,0,0,32,32,40,40
gfx1201,boundary_reference.hsaco,hip_crop,False,123,123,0,600,600,8,8,13,13,0,0,0,0,32,32,44,44
gfx1201,boundary_reference.hsaco,hip_input_reflect,False,181,180,-1,928,928,9,9,14,14,0,0,0,0,32,32,40,40
gfx1201,boundary_reference.hsaco,hip_post_head_exact,False,910,911,1,5036,5044,27,27,17,17,0,0,0,0,32,32,56,56
gfx1201,boundary_reference.hsaco,hip_post_merge,True,87,87,0,460,460,7,7,12,12,0,0,0,0,32,32,40,40
gfx1201,c32-wave1.hsaco,c32_fast_ffn_attention_fused,False,2650,2626,-24,18324,18332,192,192,15,15,15360,15360,0,0,32,32,44,44
gfx1201,c32-wave1.hsaco,c32_fast_ffn_attention_fused_half,False,3047,3030,-17,20748,20796,190,190,15,15,15360,15360,0,0,32,32,44,44
gfx1201,c32-wave1.hsaco,c32_fast_ffn_attention_fused_half_chain,False,3646,3636,-10,23420,23444,177,177,32,32,15360,15360,0,0,32,32,72,72
gfx1201,c32-wave1.hsaco,c32_fast_ffn_attention_fused_half_chain_finish,False,3794,3774,-20,23948,23956,178,178,38,38,15360,15360,0,0,32,32,80,80
gfx1201,c32-wave1.hsaco,c32_fast_ffn_attention_fused_half_chain_finish_dcrop,False,3901,3881,-20,24440,24448,178,178,39,39,15360,15360,0,0,32,32,80,80
gfx1201,c32-wave1.hsaco,c32_fast_ffn_attention_fused_half_finish_main8,False,3191,3169,-22,21332,21348,191,191,29,29,15360,15360,0,0,32,32,60,60
gfx1201,c32-wave1.hsaco,c32_fast_ffn_attention_fused_half_mapped,False,3241,3219,-22,21588,21592,190,190,18,18,15360,15360,0,0,32,32,60,60
gfx1201,c32-wave1.hsaco,c32_fast_ffn_attention_fused_half_prefix_finish_main8,False,3485,3470,-15,22664,22688,179,179,29,29,15360,15360,0,0,32,32,76,76
gfx1201,c32-wave1.hsaco,c32_post_merge_fused_half,False,2688,2669,-19,18568,18588,182,182,14,14,15360,15360,0,0,32,32,68,68
gfx1201,c32-wave1.hsaco,c32_post_merge_head_half,False,2872,2857,-15,19304,19324,184,184,86,86,15360,15360,0,0,32,32,88,88
gfx1201,c32-wave1.hsaco,c32_wave1_chain,False,1045,1033,-12,7144,7156,134,134,26,26,4096,4096,0,0,32,32,72,72
gfx1201,c32-wave1.hsaco,c32_wave1_finish,False,2527,2509,-18,14988,15024,131,131,30,30,4096,4096,0,0,32,32,80,80
gfx1201,c32-wave1.hsaco,c32_wave1_finish_dcrop,False,2017,2003,-14,12172,12200,131,131,30,30,4096,4096,0,0,32,32,80,80
gfx1201,c32-wave1.hsaco,c32_wave1_mapped,False,1103,1090,-13,7548,7556,133,133,25,25,4096,4096,0,0,32,32,60,60
gfx1201,c32-wave1.hsaco,c32_wave1_post,False,1612,1609,-3,10288,10308,132,132,38,38,4096,4096,0,0,32,32,88,88
gfx1201,c32-wave1.hsaco,c32_wave1_prefix,False,1975,1968,-7,12284,12304,129,129,32,32,4096,4096,0,0,32,32,76,76
gfx1201,c32-wave1.hsaco,c32_wave1_up,False,1838,1829,-9,11800,11804,154,154,26,26,4096,4096,0,0,32,32,68,68
gfx1201,c32_fast.hsaco,c32_ffn_contract_fast,True,2123,2123,0,11600,11600,39,39,25,25,3072,3072,0,0,32,32,40,40
gfx1201,c32_fast.hsaco,c32_ffn_contract_fast_map3,True,2647,2647,0,14460,14460,33,33,20,20,3072,3072,0,0,32,32,40,40
gfx1201,c32_fast.hsaco,c32_ffn_expand_fast,False,767,766,-1,4332,4332,20,20,13,13,4096,4096,0,0,32,32,28,28
gfx1201,c32_fast_attention.hsaco,c32_fast_av,False,332,330,-2,2084,2080,45,45,12,12,0,0,0,0,32,32,28,28
gfx1201,c32_fast_attention.hsaco,c32_fast_normalize,True,499,499,0,2808,2808,31,31,18,18,0,0,0,0,32,32,28,28
gfx1201,c32_fast_attention.hsaco,c32_fast_probabilities,True,473,473,0,2680,2680,48,48,10,10,0,0,0,0,32,32,20,20
gfx1201,c32_fast_attention.hsaco,c32_fast_project,False,510,508,-2,3228,3228,72,72,13,13,0,0,0,0,32,32,40,40
gfx1201,c32_fast_attention.hsaco,c32_fast_qkv,False,269,265,-4,1984,1984,81,81,13,13,0,0,0,0,32,32,28,28
gfx1201,c32_fast_attention.hsaco,c32_fast_scores,False,701,702,1,4288,4292,66,66,13,13,0,0,0,0,32,32,28,28
gfx1201,c32_fused_attention.hsaco,c32_fast_attention_fused,False,5559,5525,-34,35024,35044,121,121,18,18,15360,15360,0,0,32,32,32,32
gfx1201,c32_fused_ffn_attention-packed.hsaco,c32_fast_ffn_attention_fused,False,2650,2626,-24,18324,18332,192,192,15,15,15360,15360,0,0,32,32,44,44
gfx1201,c32_fused_ffn_attention-packed.hsaco,c32_fast_ffn_attention_fused_half,False,3047,3030,-17,20748,20796,190,190,15,15,15360,15360,0,0,32,32,44,44
gfx1201,c32_fused_ffn_attention-packed.hsaco,c32_fast_ffn_attention_fused_half_chain,False,3646,3636,-10,23420,23444,177,177,32,32,15360,15360,0,0,32,32,72,72
gfx1201,c32_fused_ffn_attention-packed.hsaco,c32_fast_ffn_attention_fused_half_chain_finish,False,3794,3774,-20,23948,23956,178,178,38,38,15360,15360,0,0,32,32,80,80
gfx1201,c32_fused_ffn_attention-packed.hsaco,c32_fast_ffn_attention_fused_half_chain_finish_dcrop,False,3901,3881,-20,24440,24448,178,178,39,39,15360,15360,0,0,32,32,80,80
gfx1201,c32_fused_ffn_attention-packed.hsaco,c32_fast_ffn_attention_fused_half_finish_main8,False,3191,3169,-22,21332,21348,191,191,29,29,15360,15360,0,0,32,32,60,60
gfx1201,c32_fused_ffn_attention-packed.hsaco,c32_fast_ffn_attention_fused_half_mapped,False,3241,3219,-22,21588,21592,190,190,18,18,15360,15360,0,0,32,32,60,60
gfx1201,c32_fused_ffn_attention-packed.hsaco,c32_fast_ffn_attention_fused_half_prefix_finish_main8,False,3485,3470,-15,22664,22688,179,179,29,29,15360,15360,0,0,32,32,76,76
gfx1201,c32_fused_ffn_attention-packed.hsaco,c32_post_merge_fused_half,False,2688,2669,-19,18568,18588,182,182,14,14,15360,15360,0,0,32,32,68,68
gfx1201,c32_fused_ffn_attention-packed.hsaco,c32_post_merge_head_half,False,2872,2857,-15,19304,19324,184,184,86,86,15360,15360,0,0,32,32,88,88
gfx1201,c32_fused_ffn_attention.hsaco,c32_fast_ffn_attention_fused,False,3478,3448,-30,25196,25240,159,159,15,15,15360,15360,0,0,32,32,44,44
gfx1201,c32_fused_ffn_attention.hsaco,c32_fast_ffn_attention_fused_half,False,3921,3880,-41,27688,27700,159,159,15,15,15360,15360,0,0,32,32,44,44
gfx1201,c32_fused_ffn_attention.hsaco,c32_fast_ffn_attention_fused_half_chain,False,4478,4456,-22,30192,30224,139,139,32,32,15360,15360,0,0,32,32,72,72
gfx1201,c32_fused_ffn_attention.hsaco,c32_fast_ffn_attention_fused_half_chain_finish,False,4636,4617,-19,30772,30864,140,140,38,38,15360,15360,0,0,32,32,80,80
gfx1201,c32_fused_ffn_attention.hsaco,c32_fast_ffn_attention_fused_half_chain_finish_dcrop,False,4744,4725,-19,31268,31360,140,140,39,39,15360,15360,0,0,32,32,80,80
gfx1201,c32_fused_ffn_attention.hsaco,c32_fast_ffn_attention_fused_half_finish_main8,False,4072,4042,-30,28396,28452,161,161,29,29,15360,15360,0,0,32,32,60,60
gfx1201,c32_fused_ffn_attention.hsaco,c32_fast_ffn_attention_fused_half_mapped,False,4098,4043,-55,28460,28452,159,159,18,18,15360,15360,0,0,32,32,60,60
gfx1201,c32_fused_ffn_attention.hsaco,c32_fast_ffn_attention_fused_half_prefix_finish_main8,False,4327,4291,-36,29496,29544,142,142,29,29,15360,15360,0,0,32,32,76,76
gfx1201,c32_fused_ffn_attention.hsaco,c32_post_merge_fused_half,False,3392,3352,-40,24320,24372,145,145,14,14,15360,15360,0,0,32,32,68,68
gfx1201,c32_fused_ffn_attention.hsaco,c32_post_merge_head_half,False,3632,3602,-30,25224,25300,146,146,86,86,15360,15360,0,0,32,32,88,88
gfx1201,c32_prefix_reference.hsaco,c32_attn_av,False,245,245,0,1516,1516,73,73,11,11,0,0,0,0,32,32,28,28
gfx1201,c32_prefix_reference.hsaco,c32_attn_normalize,True,440,440,0,2256,2256,31,31,26,26,0,0,0,0,32,32,28,28
gfx1201,c32_prefix_reference.hsaco,c32_attn_probabilities,False,333,332,-1,1896,1892,37,37,10,10,0,0,0,0,32,32,20,20
gfx1201,c32_prefix_reference.hsaco,c32_attn_project,False,227,223,-4,1296,1292,71,71,12,12,0,0,0,0,32,32,40,40
gfx1201,c32_prefix_reference.hsaco,c32_attn_qkv,True,282,282,0,1504,1504,17,17,12,12,0,0,0,0,32,32,28,28
gfx1201,c32_prefix_reference.hsaco,c32_attn_scores,True,261,261,0,1432,1432,68,68,10,10,0,0,0,0,32,32,28,28
gfx1201,c32_prefix_reference.hsaco,c32_ffn_contract,True,210,210,0,1216,1216,71,71,12,12,0,0,0,0,32,32,40,40
gfx1201,c32_prefix_reference.hsaco,c32_ffn_expand,False,248,246,-2,1368,1364,16,16,12,12,0,0,0,0,32,32,28,28
gfx1201,c32_prefix_reference.hsaco,c32_finish,True,258,258,0,1384,1384,16,16,14,14,0,0,0,0,32,32,32,32
gfx1201,c32_prefix_reference.hsaco,dlss5_prefix_reference,False,622,621,-1,3272,3288,41,41,18,18,0,0,0,0,32,32,64,64
gfx1201,c32_tiled.hsaco,c32_attn_project_tiled,False,1086,1085,-1,5960,5964,22,22,17,17,3072,3072,0,0,32,32,40,40
gfx1201,c32_tiled.hsaco,c32_attn_qkv_tiled,False,801,800,-1,4364,4364,21,21,15,15,3072,3072,0,0,32,32,28,28
gfx1201,c32_tiled.hsaco,c32_ffn_contract_tiled,True,1302,1302,0,7276,7276,46,46,25,25,3072,3072,0,0,32,32,40,40
gfx1201,c32_tiled.hsaco,c32_ffn_expand_tiled,False,837,836,-1,4616,4616,20,20,13,13,4096,4096,0,0,32,32,28,28
gfx1201,c32_wmma.hsaco,c32_attn_av_wmma,False,1132,1126,-6,7100,7132,81,81,13,13,0,0,0,0,32,32,28,28
gfx1201,c32_wmma.hsaco,c32_attn_project_wmma,False,1012,1011,-1,5948,5948,71,71,13,13,0,0,0,0,32,32,40,40
gfx1201,c32_wmma.hsaco,c32_attn_qkv_wmma,True,829,829,0,4888,4888,68,68,14,14,0,0,0,0,32,32,28,28
gfx1201,c32_wmma.hsaco,c32_attn_scores_wmma,False,1261,1260,-1,7176,7176,69,69,13,13,0,0,0,0,32,32,28,28
gfx1201,c32_wmma.hsaco,c32_ffn_contract_wmma,False,2629,2622,-7,16216,16220,51,51,23,23,0,0,0,0,32,32,40,40
gfx1201,c32_wmma.hsaco,c32_ffn_expand_wmma,False,2064,2062,-2,11888,11888,33,33,17,17,0,0,0,0,32,32,28,28
gfx1201,c512-m32-deep.hsaco,decoder_project2x,False,589,588,-1,3192,3192,40,40,25,25,0,0,0,0,32,32,56,56
gfx1201,c512-m32-deep.hsaco,decoder_project2x_h16w,False,5984,5975,-9,32880,32896,64,64,34,34,0,0,0,0,32,32,56,56
gfx1201,c512-m32-deep.hsaco,decoder_project2x_h16w_byteout,False,6017,6010,-7,32980,32996,64,64,34,34,0,0,0,0,32,32,56,56
gfx1201,c512-m32-deep.hsaco,reuse_decide,False,398,397,-1,2028,2028,14,14,17,17,0,0,0,0,32,32,60,60
gfx1201,c512-m32-deep.hsaco,reuse_finish,True,654,654,0,3896,3896,11,11,27,27,0,0,0,0,32,32,84,84
gfx1201,c512-m32-deep.hsaco,reuse_image_commit,True,168,168,0,996,996,5,5,8,8,0,0,0,0,32,32,28,28
gfx1201,c512-m32-deep.hsaco,reuse_image_stats,False,251,248,-3,1364,1372,14,14,22,22,0,0,0,0,32,32,48,48
gfx1201,c512-m32-deep.hsaco,reuse_token_stats,False,218,218,0,1180,1180,14,14,17,17,0,0,0,0,32,32,48,48
gfx1201,c512-m32-deep.hsaco,split_contract,False,198,196,-2,1156,1156,33,33,12,12,0,0,0,0,32,32,28,28
gfx1201,c512-m32-deep.hsaco,split_contract_fp8,False,202,200,-2,1176,1184,31,31,12,12,0,0,0,0,32,32,28,28
gfx1201,c512-m32-deep.hsaco,split_expand,False,238,239,1,1452,1476,33,33,12,12,0,0,0,0,32,32,28,28
gfx1201,c512-m32-deep.hsaco,split_expand_fp8,False,254,248,-6,1556,1552,33,33,12,12,0,0,0,0,32,32,28,28
gfx1201,c512-m32-deep.hsaco,split_ffn_fused,False,1079,1069,-10,6600,6636,59,59,15,15,4160,4160,0,0,32,32,28,28
gfx1201,c512-m32-deep.hsaco,split_ffn_fused_fp8,False,866,856,-10,5660,5680,101,101,11,11,4160,4160,0,0,32,32,28,28
gfx1201,c512-m32-deep.hsaco,split_ffn_fused_fp8_mix,False,960,948,-12,6172,6216,110,110,12,12,6464,6464,0,0,32,32,28,28
gfx1201,c512-m32-deep.hsaco,split_ffn_fused_fp8_t8,False,930,921,-9,6192,6212,111,111,14,14,4160,4160,0,0,32,32,36,36
gfx1201,c512-m32-deep.hsaco,split_mix,True,200,200,0,1160,1160,35,35,11,11,0,0,0,0,32,32,28,28
gfx1201,c512-m32-deep.hsaco,split_mix_blocked,False,526,519,-7,3164,3176,80,80,11,11,0,0,0,0,32,32,28,28
gfx1201,c512-m32-deep.hsaco,split_mix_blocked_h16w,False,518,510,-8,3152,3164,91,91,11,11,0,0,0,0,32,32,28,28
gfx1201,c512-m32-deep.hsaco,split_mix_blocked_h16w_m32,False,909,903,-6,5676,5684,96,96,13,13,0,0,0,0,32,32,28,28
gfx1201,c512-m32-deep.hsaco,split_projection,False,240,239,-1,1488,1488,32,32,12,12,0,0,0,0,32,32,36,36
gfx1201,c512-m32-deep.hsaco,split_projection_blocked,False,681,677,-4,4188,4188,74,74,12,12,0,0,0,0,32,32,36,36
gfx1201,c512-m32-deep.hsaco,split_projection_blocked_t8,False,929,918,-11,5688,5692,75,75,16,16,0,0,0,0,32,32,44,44
gfx1201,c512-m32-deep.hsaco,split_projection_frag,False,930,919,-11,5836,5852,102,102,17,17,0,0,0,0,32,32,44,44
gfx1201,c512-m32-deep.hsaco,vit_attention_av_fast,False,486,479,-7,3068,3064,48,48,17,17,0,0,0,0,32,32,48,48
gfx1201,c512-m32-deep.hsaco,vit_attention_fused_256,False,1238,1228,-10,7912,7920,91,91,16,16,1536,1536,0,0,32,32,32,32
gfx1201,c512-m32-deep.hsaco,vit_attention_fused_256_bytein,False,962,956,-6,5732,5748,75,75,17,17,1536,1536,0,0,32,32,32,32
gfx1201,c512-m32-deep.hsaco,vit_attention_fused_256_bytein_bout,False,977,974,-3,5844,5896,75,75,17,17,1536,1536,0,0,32,32,32,32
gfx1201,c512-m32-deep.hsaco,vit_attention_fused_400,False,1238,1228,-10,7912,7920,91,91,16,16,1536,1536,0,0,32,32,32,32
gfx1201,c512-m32-deep.hsaco,vit_attention_fused_400_bytein,False,962,956,-6,5732,5748,75,75,17,17,1536,1536,0,0,32,32,32,32
gfx1201,c512-m32-deep.hsaco,vit_attention_fused_400_bytein_bout,False,977,974,-3,5844,5896,75,75,17,17,1536,1536,0,0,32,32,32,32
gfx1201,c512-m32-deep.hsaco,vit_attention_fused_640,False,1238,1228,-10,7912,7920,91,91,16,16,1536,1536,0,0,32,32,32,32
gfx1201,c512-m32-deep.hsaco,vit_attention_fused_640_bytein,False,962,956,-6,5732,5748,75,75,17,17,1536,1536,0,0,32,32,32,32
gfx1201,c512-m32-deep.hsaco,vit_attention_fused_640_bytein_bout,False,977,974,-3,5844,5896,75,75,17,17,1536,1536,0,0,32,32,32,32
gfx1201,c512-m32-deep.hsaco,vit_attention_inverse_fast,False,266,258,-8,1588,1584,34,34,10,10,0,0,0,0,32,32,32,32
gfx1201,c512-m32-deep.hsaco,vit_attention_scores_fast,False,772,771,-1,4556,4564,66,66,13,13,0,0,0,0,32,32,32,32
gfx1201,c512-m32-deep.hsaco,vit_contract_blocked_fp8,False,1868,1862,-6,12324,12328,241,241,26,26,0,0,0,0,32,32,56,56
gfx1201,c512-m32-deep.hsaco,vit_contract_blocked_fp8_bstream,False,1936,1927,-9,12732,12760,237,237,26,26,0,0,0,0,32,32,56,56
gfx1201,c512-m32-deep.hsaco,vit_contract_blocked_fp8_frag,False,1090,1084,-6,7260,7280,211,211,12,12,0,0,0,0,32,32,56,56
gfx1201,c512-m32-deep.hsaco,vit_contract_blocked_fp8_hstream,False,1908,1902,-6,12480,12500,241,241,26,26,0,0,0,0,32,32,56,56
gfx1201,c512-m32-deep.hsaco,vit_contract_blocked_fp8_tiled,False,762,756,-6,4708,4720,113,113,14,14,0,0,0,0,32,32,56,56
gfx1201,c512-m32-deep.hsaco,vit_contract_blocked_fp8_tiled_bstream,False,832,826,-6,5152,5168,109,109,14,14,0,0,0,0,32,32,56,56
gfx1201,c512-m32-deep.hsaco,vit_contract_blocked_fp8_tiled_hstream,False,809,806,-3,4924,4932,112,112,14,14,0,0,0,0,32,32,56,56
gfx1201,c512-m32-deep.hsaco,vit_contract_combine,True,97,97,0,560,560,14,14,11,11,0,0,0,0,32,32,48,48
gfx1201,c512-m32-deep.hsaco,vit_contract_parts_blocked_fp8,False,198,197,-1,1352,1352,48,48,14,14,0,0,0,0,32,32,40,40
gfx1201,c512-m32-deep.hsaco,vit_contract_parts_blocked_fp8_tiled,False,281,281,0,1968,1968,70,70,14,14,0,0,0,0,32,32,40,40
gfx1201,c512-m32-deep.hsaco,vit_contract_parts_fp8,False,159,158,-1,876,876,23,23,14,14,0,0,0,0,32,32,40,40
gfx1201,c512-m32-deep.hsaco,vit_expand,False,355,351,-4,2200,2212,32,32,14,14,0,0,0,0,32,32,48,48
gfx1201,c512-m32-deep.hsaco,vit_expand_blocked_fp8,False,810,789,-21,5244,5272,69,69,14,14,0,0,0,0,32,32,48,48
gfx1201,c512-m32-deep.hsaco,vit_expand_blocked_fp8_bytein,False,723,710,-13,4592,4600,55,55,14,14,0,0,0,0,32,32,48,48
gfx1201,c512-m32-deep.hsaco,vit_expand_blocked_fp8_frag_bytein,False,1368,1337,-31,8968,9044,77,77,25,25,0,0,0,0,32,32,48,48
gfx1201,c512-m32-deep.hsaco,vit_expand_blocked_fp8_frag_bytein_m2,False,1336,1308,-28,8704,8800,86,86,25,25,0,0,0,0,32,32,48,48
gfx1201,c512-m32-deep.hsaco,vit_expand_blocked_fp8_frag_bytein_m4,False,2598,2540,-58,16992,17144,154,154,30,30,0,0,0,0,32,32,48,48
gfx1201,c512-m32-deep.hsaco,vit_expand_blocked_fp8_frag_tiledin,False,713,700,-13,4580,4628,46,46,25,25,0,0,0,0,32,32,48,48
gfx1201,c512-m32-deep.hsaco,vit_expand_blocked_fp8_tiled,False,886,864,-22,5812,5824,94,94,23,23,0,0,0,0,32,32,48,48
gfx1201,c512-m32-deep.hsaco,vit_expand_blocked_fp8_tiled_bytein,False,781,769,-12,5132,5188,73,73,22,22,0,0,0,0,32,32,48,48
gfx1201,c512-m32-deep.hsaco,vit_expand_blocked_fp8_tiled_bytein_m4,False,2668,2611,-57,17536,17688,153,153,27,27,0,0,0,0,32,32,48,48
gfx1201,c512-m32-deep.hsaco,vit_expand_fp8,False,350,344,-6,2156,2156,32,32,14,14,0,0,0,0,32,32,48,48
gfx1201,c512-m32-deep.hsaco,vit_ffn_fused,False,1492,1477,-15,9728,9800,161,161,14,14,16640,16640,0,0,32,32,56,56
gfx1201,c512-m32-deep.hsaco,vit_pack_input,False,57,57,0,340,340,7,7,7,7,0,0,0,0,32,32,32,32
gfx1201,c512-m32-deep.hsaco,vit_pack_input_tiled,False,57,56,-1,352,352,10,10,7,7,0,0,0,0,32,32,32,32
gfx1201,c512-m32-deep.hsaco,vit_project,False,1287,1257,-30,8200,8224,77,77,20,20,0,0,0,0,32,32,56,56
gfx1201,c512-m32-deep.hsaco,vit_project_bytein_bout,True,597,597,0,4136,4136,98,98,14,14,0,0,0,0,32,32,56,56
gfx1201,c512-m32-deep.hsaco,vit_project_bytein_bout_hskip,True,605,605,0,4180,4180,99,99,14,14,0,0,0,0,32,32,56,56
gfx1201,c512-m32-deep.hsaco,vit_project_fp8,False,1327,1318,-9,8408,8400,90,90,20,20,0,0,0,0,32,32,56,56
gfx1201,c512-m32-deep.hsaco,vit_project_frag,False,1861,1835,-26,11744,11768,79,79,34,34,0,0,0,0,32,32,56,56
gfx1201,c512-m32-deep.hsaco,vit_qkv_normalize,False,478,478,0,2724,2724,31,31,18,18,0,0,0,0,32,32,40,40
gfx1201,c512-m32-deep.hsaco,vit_qkv_project,False,221,220,-1,1228,1232,32,32,14,14,0,0,0,0,32,32,40,40
gfx1201,c512-m32-deep.hsaco,vit_qkv_project_blocked,False,227,227,0,1384,1388,48,48,13,13,0,0,0,0,32,32,40,40
gfx1201,c512-m32-deep.hsaco,vit_qkv_project_normalize_fused,False,958,958,0,5320,5320,50,50,18,18,2112,2112,0,0,32,32,40,40
gfx1201,c512-m32-deep.hsaco,vit_qkv_project_normalize_fused_f16compact,False,957,957,0,5364,5364,58,58,22,22,2112,2112,0,0,32,32,40,40
gfx1201,c512-m32-deep.hsaco,vit_qkv_project_normalize_fused_f16compact_fp8,False,767,767,0,4352,4352,58,58,22,22,2112,2112,0,0,32,32,40,40
gfx1201,c512-m32-deep.hsaco,vit_qkv_project_normalize_fused_f16compact_fp8_bytein,False,818,818,0,4680,4684,91,91,22,22,2112,2112,0,0,32,32,40,40
gfx1201,c512-m32-deep.hsaco,vit_qkv_project_normalize_fused_f16compact_fp8_frag,False,767,766,-1,4348,4348,58,58,22,22,2112,2112,0,0,32,32,40,40
gfx1201,c512-m32-deep.hsaco,vit_qkv_project_normalize_fused_f16compact_fp8_h16in,False,1198,1198,0,7908,7908,95,95,22,22,2112,2112,0,0,32,32,40,40
gfx1201,c512-m32-deep.hsaco,vit_qkv_project_normalize_fused_f16compact_fp8_h16in_n4,False,1408,1408,0,8264,8264,192,192,22,22,4160,4160,0,0,32,32,40,40
gfx1201,c512-m32-deep.hsaco,vit_qkv_project_normalize_fused_f16weight,False,960,960,0,5380,5380,58,58,22,22,2112,2112,0,0,32,32,40,40
gfx1201,c512-m32-mh.hsaco,c512_qkv_attention_compact,False,1835,1819,-16,11764,11856,141,141,30,30,6144,6144,0,0,32,32,48,48
gfx1201,c512-m32-mh.hsaco,c512_qkv_attention_fused,False,1759,1736,-23,11572,11668,122,122,32,32,6144,6144,0,0,32,32,32,32
gfx1201,c512-m32-mh.hsaco,mh_attention_av_fast,False,432,423,-9,2388,2392,52,52,19,19,0,0,0,0,32,32,36,36
gfx1201,c512-m32-mh.hsaco,mh_attention_crop,False,2665,2664,-1,13320,13324,33,33,36,36,4608,4608,0,0,32,32,64,64
gfx1201,c512-m32-mh.hsaco,mh_attention_project_fast_matrix,False,2137,2135,-2,10824,10824,34,34,28,28,4608,4608,0,0,32,32,44,44
gfx1201,c512-m32-mh.hsaco,mh_attention_project_fast_matrix_fp8,False,2103,2102,-1,10588,10588,34,34,28,28,4608,4608,0,0,32,32,44,44
gfx1201,c512-m32-mh.hsaco,mh_attention_project_fast_scalar,False,1428,1426,-2,7048,7048,32,32,21,21,4608,4608,0,0,32,32,44,44
gfx1201,c512-m32-mh.hsaco,mh_attention_project_fast_scalar_fp8,False,1394,1393,-1,6812,6812,33,33,21,21,4608,4608,0,0,32,32,44,44
gfx1201,c512-m32-mh.hsaco,mh_attention_project_frag_c512,True,1314,1314,0,6936,6936,80,80,28,28,0,0,0,0,32,32,60,60
gfx1201,c512-m32-mh.hsaco,mh_ffn_contract_fast,False,398,397,-1,2192,2192,27,27,17,17,4608,4608,0,0,32,32,32,32
gfx1201,c512-m32-mh.hsaco,mh_ffn_contract_fast_fp8,True,383,383,0,2084,2084,28,28,17,17,4608,4608,0,0,32,32,32,32
gfx1201,c512-m32-mh.hsaco,mh_ffn_contract_fast_fp8_out,False,348,348,0,1896,1896,28,28,17,17,4608,4608,0,0,32,32,32,32
gfx1201,c512-m32-mh.hsaco,mh_ffn_contract_fast_pre,False,302,301,-1,1592,1592,27,27,17,17,4608,4608,0,0,32,32,32,32
gfx1201,c512-m32-mh.hsaco,mh_ffn_contract_fast_rne,False,398,397,-1,2192,2192,27,27,17,17,4608,4608,0,0,32,32,32,32
gfx1201,c512-m32-mh.hsaco,mh_ffn_contract_fast_rtz,False,398,397,-1,2192,2192,27,27,17,17,4608,4608,0,0,32,32,32,32
gfx1201,c512-m32-mh.hsaco,mh_ffn_expand_fast,False,461,460,-1,2636,2636,29,29,16,16,4608,4608,0,0,32,32,32,32
gfx1201,c512-m32-mh.hsaco,mh_ffn_expand_fast_fp8,False,426,425,-1,2460,2460,29,29,16,16,4608,4608,0,0,32,32,32,32
gfx1201,c512-m32-mh.hsaco,mh_ffn_fused_c128,False,893,885,-8,6216,6248,103,103,12,12,8256,8256,0,0,32,32,28,28
gfx1201,c512-m32-mh.hsaco,mh_ffn_fused_c128_frag_project_g128_qkv,False,1468,1459,-9,9764,9792,99,99,16,16,10816,10816,0,0,32,32,64,64
gfx1201,c512-m32-mh.hsaco,mh_ffn_fused_c128_frag_project_mapped_g128_qkv,False,1644,1622,-22,10648,10664,97,97,25,25,10816,10816,0,0,32,32,64,64
gfx1201,c512-m32-mh.hsaco,mh_ffn_fused_c128_project,False,1072,1057,-15,7356,7356,103,103,12,12,8256,8256,0,0,32,32,28,28
gfx1201,c512-m32-mh.hsaco,mh_ffn_fused_c128_project_g128,False,986,970,-16,6636,6644,103,103,12,12,8256,8256,0,0,32,32,28,28
gfx1201,c512-m32-mh.hsaco,mh_ffn_fused_c128_project_g128_qkv,False,1430,1417,-13,9476,9472,98,98,21,21,10816,10816,0,0,32,32,64,64
gfx1201,c512-m32-mh.hsaco,mh_ffn_fused_c128_project_g128_qkv_bn,False,1282,1260,-22,8748,8784,122,122,16,16,19520,19520,0,0,32,32,64,64
gfx1201,c512-m32-mh.hsaco,mh_ffn_fused_c128_project_g128_qkv_bytein_fb,False,1401,1388,-13,9264,9264,98,98,22,22,10816,10816,0,0,32,32,64,64
gfx1201,c512-m32-mh.hsaco,mh_ffn_fused_c128_project_g128_qkv_fb,False,1417,1402,-15,9392,9388,98,98,21,21,10816,10816,0,0,32,32,64,64
gfx1201,c512-m32-mh.hsaco,mh_ffn_fused_c128_project_mapped,False,1565,1560,-5,9860,9908,104,104,28,28,8256,8256,0,0,32,32,48,48
gfx1201,c512-m32-mh.hsaco,mh_ffn_fused_c128_project_mapped_g128,False,1486,1479,-7,9156,9168,104,104,28,28,8256,8256,0,0,32,32,48,48
gfx1201,c512-m32-mh.hsaco,mh_ffn_fused_c128_project_mapped_g128_qkv,False,1608,1595,-13,10396,10412,98,98,27,27,10816,10816,0,0,32,32,64,64
gfx1201,c512-m32-mh.hsaco,mh_ffn_fused_c128_project_mapped_g128_qkv_bn,False,1437,1417,-20,9640,9660,125,125,25,25,19520,19520,0,0,32,32,64,64
gfx1201,c512-m32-mh.hsaco,mh_ffn_fused_c128_project_mapped_g128_qkv_bytein_fb,False,1594,1579,-15,10556,10576,102,102,21,21,10816,10816,0,0,32,32,64,64
gfx1201,c512-m32-mh.hsaco,mh_ffn_fused_c128_project_mapped_g128_qkv_fb,False,1645,1634,-11,10644,10656,98,98,27,27,10816,10816,0,0,32,32,64,64
gfx1201,c512-m32-mh.hsaco,mh_ffn_fused_c128_tiled,False,1629,1611,-18,11556,11592,98,98,22,22,8256,8256,0,0,32,32,28,28
gfx1201,c512-m32-mh.hsaco,mh_ffn_fused_c128_tiled_project_g128_qkv,False,1686,1660,-26,11088,11148,82,82,16,16,10816,10816,0,0,32,32,64,64
gfx1201,c512-m32-mh.hsaco,mh_ffn_fused_c128_tiled_project_mapped_g128_qkv,False,1854,1830,-24,11972,11992,83,83,24,24,10816,10816,0,0,32,32,64,64
gfx1201,c512-m32-mh.hsaco,mh_ffn_fused_c256,False,1165,1158,-7,8228,8280,101,101,11,11,16448,16448,0,0,32,32,28,28
gfx1201,c512-m32-mh.hsaco,mh_ffn_fused_c256_frag_project_g128_qkv,False,1762,1749,-13,11972,12028,97,97,15,15,21568,21568,0,0,32,32,64,64
gfx1201,c512-m32-mh.hsaco,mh_ffn_fused_c256_frag_project_g128_qkv_bytein_fb,False,1725,1721,-4,11792,11832,97,97,15,15,21568,21568,0,0,32,32,64,64
gfx1201,c512-m32-mh.hsaco,mh_ffn_fused_c256_frag_project_g128_qkv_fb,False,1752,1739,-13,11904,11956,97,97,15,15,21568,21568,0,0,32,32,64,64
gfx1201,c512-m32-mh.hsaco,mh_ffn_fused_c256_frag_project_mapped_g128_qkv,False,1897,1882,-15,12780,12776,96,96,23,23,21568,21568,0,0,32,32,64,64
gfx1201,c512-m32-mh.hsaco,mh_ffn_fused_c256_frag_project_mapped_g128_qkv_bytein_fb,False,1931,1920,-11,13164,13200,99,99,21,21,21568,21568,0,0,32,32,64,64
gfx1201,c512-m32-mh.hsaco,mh_ffn_fused_c256_frag_project_mapped_g128_qkv_fb,False,1941,1935,-6,13028,13040,96,96,24,24,21568,21568,0,0,32,32,64,64
gfx1201,c512-m32-mh.hsaco,mh_ffn_fused_c256_tiled,False,901,887,-14,6068,6112,71,71,11,11,16448,16448,0,0,32,32,28,28
gfx1201,c512-m32-mh.hsaco,mh_ffn_fused_c256_tiled_project,False,1081,1070,-11,7304,7348,71,71,13,13,16448,16448,0,0,32,32,28,28
gfx1201,c512-m32-mh.hsaco,mh_ffn_fused_c256_tiled_project_g128,False,1156,1155,-1,7976,8068,77,77,11,11,16448,16448,0,0,32,32,28,28
gfx1201,c512-m32-mh.hsaco,mh_ffn_fused_c256_tiled_project_g128_qkv,False,1792,1763,-29,11928,11960,81,81,15,15,21568,21568,0,0,32,32,64,64
gfx1201,c512-m32-mh.hsaco,mh_ffn_fused_c256_tiled_project_g128_qkv_bytein_fb,False,1719,1705,-14,11640,11656,80,80,15,15,21568,21568,0,0,32,32,64,64
gfx1201,c512-m32-mh.hsaco,mh_ffn_fused_c256_tiled_project_g128_qkv_fb,False,1781,1757,-24,11856,11884,81,81,15,15,21568,21568,0,0,32,32,64,64
gfx1201,c512-m32-mh.hsaco,mh_ffn_fused_c256_tiled_project_mapped,False,1553,1542,-11,9724,9768,71,71,26,26,16448,16448,0,0,32,32,48,48
gfx1201,c512-m32-mh.hsaco,mh_ffn_fused_c256_tiled_project_mapped_g128,False,1639,1634,-5,10424,10508,77,77,26,26,16448,16448,0,0,32,32,48,48
gfx1201,c512-m32-mh.hsaco,mh_ffn_fused_c256_tiled_project_mapped_g128_qkv,False,1942,1925,-17,12748,12836,81,81,23,23,21568,21568,0,0,32,32,64,64
gfx1201,c512-m32-mh.hsaco,mh_ffn_fused_c256_tiled_project_mapped_g128_qkv_bytein_fb,False,1916,1901,-15,12840,12888,81,81,21,21,21568,21568,0,0,32,32,64,64
gfx1201,c512-m32-mh.hsaco,mh_ffn_fused_c256_tiled_project_mapped_g128_qkv_fb,False,2000,1980,-20,13076,13148,81,81,24,24,21568,21568,0,0,32,32,64,64
gfx1201,c512-m32-mh.hsaco,mh_ffn_fused_c64,False,741,731,-10,5192,5204,97,97,15,15,4160,4160,0,0,32,32,28,28
gfx1201,c512-m32-mh.hsaco,mh_ffn_fused_c64_frag_project_g128_qkv,False,1354,1338,-16,8816,8836,96,96,16,16,5440,5440,0,0,32,32,64,64
gfx1201,c512-m32-mh.hsaco,mh_ffn_fused_c64_frag_project_mapped_g128_qkv,False,1482,1462,-20,9432,9476,96,96,25,25,5440,5440,0,0,32,32,64,64
gfx1201,c512-m32-mh.hsaco,mh_ffn_fused_c64_project,False,922,911,-11,6352,6364,98,98,18,18,4160,4160,0,0,32,32,28,28
gfx1201,c512-m32-mh.hsaco,mh_ffn_fused_c64_project_g128,False,910,896,-14,6164,6164,98,98,18,18,4160,4160,0,0,32,32,28,28
gfx1201,c512-m32-mh.hsaco,mh_ffn_fused_c64_project_g128_qkv,False,1289,1275,-14,8412,8424,98,98,19,19,5440,5440,0,0,32,32,64,64
gfx1201,c512-m32-mh.hsaco,mh_ffn_fused_c64_project_g128_qkv_bn,False,1130,1118,-12,7772,7812,97,97,21,21,9792,9792,0,0,32,32,64,64
gfx1201,c512-m32-mh.hsaco,mh_ffn_fused_c64_project_g128_qkv_bytein_fb,False,1241,1228,-13,8148,8140,95,95,19,19,5440,5440,0,0,32,32,64,64
gfx1201,c512-m32-mh.hsaco,mh_ffn_fused_c64_project_g128_qkv_fb,False,1271,1260,-11,8312,8336,98,98,19,19,5440,5440,0,0,32,32,64,64
gfx1201,c512-m32-mh.hsaco,mh_ffn_fused_c64_project_mapped,False,1400,1392,-8,8680,8700,98,98,28,28,4160,4160,0,0,32,32,48,48
gfx1201,c512-m32-mh.hsaco,mh_ffn_fused_c64_project_mapped_g128,False,1381,1375,-6,8500,8540,99,99,28,28,4160,4160,0,0,32,32,48,48
gfx1201,c512-m32-mh.hsaco,mh_ffn_fused_c64_project_mapped_g128_qkv,False,1402,1387,-15,9072,9092,100,100,27,27,5440,5440,0,0,32,32,64,64
gfx1201,c512-m32-mh.hsaco,mh_ffn_fused_c64_project_mapped_g128_qkv_bn,False,1287,1267,-20,8536,8560,97,97,26,26,9792,9792,0,0,32,32,64,64
gfx1201,c512-m32-mh.hsaco,mh_ffn_fused_c64_project_mapped_g128_qkv_bytein_fb,False,1336,1323,-13,8868,8868,97,97,20,20,5440,5440,0,0,32,32,64,64
gfx1201,c512-m32-mh.hsaco,mh_ffn_fused_c64_project_mapped_g128_qkv_fb,False,1388,1377,-11,8952,8980,99,99,27,27,5440,5440,0,0,32,32,64,64
gfx1201,c512-m32-mh.hsaco,mh_ffn_fused_c64_tiled,False,1382,1366,-16,9960,9996,110,110,12,12,4160,4160,0,0,32,32,28,28
gfx1201,c512-m32-mh.hsaco,mh_ffn_fused_c64_tiled_project_g128_qkv,False,1769,1748,-21,12032,12064,105,105,16,16,5440,5440,0,0,32,32,64,64
gfx1201,c512-m32-mh.hsaco,mh_ffn_fused_c64_tiled_project_mapped_g128_qkv,False,1894,1873,-21,12652,12696,104,104,25,25,5440,5440,0,0,32,32,64,64
gfx1201,c512-m32-mh.hsaco,mh_ffn_project_fast,False,592,590,-2,3240,3240,32,32,18,18,4608,4608,0,0,32,32,40,40
gfx1201,c512-m32-mh.hsaco,mh_ffn_project_fast_fp8,False,559,557,-2,3008,3008,33,33,18,18,4608,4608,0,0,32,32,40,40
gfx1201,c512-m32-mh.hsaco,mh_pool_project_fused_c128,False,3437,3435,-2,17616,17616,152,152,21,21,0,0,144,144,32,32,44,44
gfx1201,c512-m32-mh.hsaco,mh_pool_project_fused_c256,False,3873,3871,-2,20284,20284,192,192,21,21,0,0,272,272,32,32,44,44
gfx1201,c512-m32-mh.hsaco,mh_pool_project_fused_c64,False,6352,6333,-19,32816,32816,128,128,79,79,0,0,0,0,32,32,44,44
gfx1201,c512-m32-mh.hsaco,mh_pool_project_group_c128,False,2612,2612,0,13220,13224,146,146,28,28,4352,4352,0,0,32,32,44,44
gfx1201,c512-m32-mh.hsaco,mh_pool_project_group_c256,False,2286,2285,-1,11544,11544,98,98,28,28,8448,8448,0,0,32,32,44,44
gfx1201,c512-m32-mh.hsaco,mh_pool_project_group_c64,False,2381,2379,-2,11968,11968,102,102,28,28,2304,2304,0,0,32,32,44,44
gfx1201,c512-m32-mh.hsaco,mh_pool_project_production,False,1336,1333,-3,6780,6780,47,47,36,36,0,0,0,0,32,32,44,44
gfx1201,c512-m32-mh.hsaco,mh_pool_project_production_h16w,False,1413,1413,0,7160,7164,62,62,20,20,0,0,0,0,32,32,44,44
gfx1201,c512-m32-mh.hsaco,mh_probabilities_fast,False,577,577,0,3304,3308,50,50,12,12,0,0,0,0,32,32,24,24
gfx1201,c512-m32-mh.hsaco,mh_qkv_fast,False,347,344,-3,1824,1824,26,26,16,16,4608,4608,0,0,32,32,32,32
gfx1201,c512-m32-mh.hsaco,mh_qkv_normalize_fast,False,1116,1114,-2,6536,6536,110,110,11,11,0,0,0,0,32,32,32,32
gfx1201,c512-m32-mh.hsaco,mh_qkv_normalize_fast_wave,True,396,396,0,2084,2084,9,9,11,11,0,0,0,0,32,32,32,32
gfx1201,c512-m32-mh.hsaco,mh_qkv_normalize_fast_wave_fp8,True,397,397,0,2076,2076,7,7,11,11,0,0,0,0,32,32,32,32
gfx1201,c512-m32-mh.hsaco,mh_qkv_normalize_frag_c512,False,1277,1274,-3,7840,7836,124,124,18,18,4420,4420,0,0,32,32,28,28
gfx1201,c512-m32-mh.hsaco,mh_qkv_normalize_frag_c512_m32,False,803,791,-12,5056,5076,155,155,18,18,5456,5456,0,0,32,32,28,28
gfx1201,c512-m32-mh.hsaco,mh_qkv_normalize_fused,False,2312,2295,-17,13204,13196,45,45,18,18,21760,21760,0,0,32,32,32,32
gfx1201,c512-m32-mh.hsaco,mh_qkv_normalize_wave_c512,False,1729,1726,-3,10920,10916,233,233,14,14,17680,17680,0,0,32,32,28,28
gfx1201,c512-m32-mh.hsaco,mh_scores_exp_fast,False,1088,1080,-8,6176,6172,68,68,15,15,0,0,0,0,32,32,36,36
gfx1201,c64-wave2.hsaco,c128_wave2,False,4666,4651,-15,29156,29160,156,156,29,29,16384,16384,0,0,32,32,60,60
gfx1201,c64-wave2.hsaco,c128_wave2_bi,False,4512,4503,-9,27916,27928,148,148,28,28,16384,16384,0,0,32,32,60,60
gfx1201,c64-wave2.hsaco,c128_wave2_bi_bo,False,3811,3802,-9,24700,24712,148,148,28,28,16384,16384,0,0,32,32,60,60
gfx1201,c64-wave2.hsaco,c128_wave2_bo,False,3965,3950,-15,25940,25944,156,156,29,29,16384,16384,0,0,32,32,60,60
gfx1201,c64-wave2.hsaco,c128_wave2_up,False,4518,4509,-9,28600,28596,148,148,54,54,16384,16384,0,0,32,32,80,80
gfx1201,c64-wave2.hsaco,c256_attn_wave,False,1633,1632,-1,10044,10044,141,141,26,26,32768,32768,0,0,32,32,88,88
gfx1201,c64-wave2.hsaco,c256_attn_wave_bo,False,1352,1351,-1,8788,8788,133,133,26,26,32768,32768,0,0,32,32,88,88
gfx1201,c64-wave2.hsaco,c256_wave2,False,5206,5192,-14,33996,33996,181,181,31,31,32768,32768,0,0,32,32,60,60
gfx1201,c64-wave2.hsaco,c256_wave2_bi,False,5032,5022,-10,32696,32688,179,179,30,30,32768,32768,0,0,32,32,60,60
gfx1201,c64-wave2.hsaco,c256_wave2_bi_bo,False,4343,4336,-7,29452,29456,179,179,30,30,32768,32768,0,0,32,32,60,60
gfx1201,c64-wave2.hsaco,c256_wave2_bo,False,4514,4500,-14,30816,30816,181,181,31,31,32768,32768,0,0,32,32,60,60
gfx1201,c64-wave2.hsaco,c64_wave2,False,4000,3986,-14,24496,24488,157,157,31,31,8192,8192,0,0,32,32,60,60
gfx1201,c64-wave2.hsaco,c64_wave2_bi,False,3845,3834,-11,23244,23248,140,140,30,30,8192,8192,0,0,32,32,60,60
gfx1201,c64-wave2.hsaco,c64_wave2_bi_bo,False,3141,3131,-10,20032,20032,140,140,30,30,8192,8192,0,0,32,32,60,60
gfx1201,c64-wave2.hsaco,c64_wave2_bo,False,3292,3281,-11,21284,21276,157,157,31,31,8192,8192,0,0,32,32,60,60
gfx1201,c64-wave2.hsaco,c64_wave2_up,False,4057,4046,-11,25100,25108,137,137,54,54,8192,8192,0,0,32,32,80,80
gfx1201,c64-wave2.hsaco,mh_attention_av_fast,False,432,423,-9,2388,2392,52,52,19,19,0,0,0,0,32,32,36,36
gfx1201,c64-wave2.hsaco,mh_attention_crop,False,2665,2664,-1,13320,13324,33,33,36,36,4608,4608,0,0,32,32,64,64
gfx1201,c64-wave2.hsaco,mh_attention_project_fast_matrix,False,2137,2135,-2,10824,10824,34,34,28,28,4608,4608,0,0,32,32,44,44
gfx1201,c64-wave2.hsaco,mh_attention_project_fast_matrix_fp8,False,2103,2102,-1,10588,10588,34,34,28,28,4608,4608,0,0,32,32,44,44
gfx1201,c64-wave2.hsaco,mh_attention_project_fast_scalar,False,1428,1426,-2,7048,7048,32,32,21,21,4608,4608,0,0,32,32,44,44
gfx1201,c64-wave2.hsaco,mh_attention_project_fast_scalar_fp8,False,1394,1393,-1,6812,6812,33,33,21,21,4608,4608,0,0,32,32,44,44
gfx1201,c64-wave2.hsaco,mh_attention_project_frag_c512,True,1314,1314,0,6936,6936,80,80,28,28,0,0,0,0,32,32,60,60
gfx1201,c64-wave2.hsaco,mh_ffn_contract_fast,False,398,397,-1,2192,2192,27,27,17,17,4608,4608,0,0,32,32,32,32
gfx1201,c64-wave2.hsaco,mh_ffn_contract_fast_fp8,True,383,383,0,2084,2084,28,28,17,17,4608,4608,0,0,32,32,32,32
gfx1201,c64-wave2.hsaco,mh_ffn_contract_fast_fp8_out,False,348,348,0,1896,1896,28,28,17,17,4608,4608,0,0,32,32,32,32
gfx1201,c64-wave2.hsaco,mh_ffn_contract_fast_pre,False,302,301,-1,1592,1592,27,27,17,17,4608,4608,0,0,32,32,32,32
gfx1201,c64-wave2.hsaco,mh_ffn_contract_fast_rne,False,398,397,-1,2192,2192,27,27,17,17,4608,4608,0,0,32,32,32,32
gfx1201,c64-wave2.hsaco,mh_ffn_contract_fast_rtz,False,398,397,-1,2192,2192,27,27,17,17,4608,4608,0,0,32,32,32,32
gfx1201,c64-wave2.hsaco,mh_ffn_expand_fast,False,461,460,-1,2636,2636,29,29,16,16,4608,4608,0,0,32,32,32,32
gfx1201,c64-wave2.hsaco,mh_ffn_expand_fast_fp8,False,426,425,-1,2460,2460,29,29,16,16,4608,4608,0,0,32,32,32,32
gfx1201,c64-wave2.hsaco,mh_ffn_fused_c128,False,893,885,-8,6216,6248,103,103,12,12,8256,8256,0,0,32,32,28,28
gfx1201,c64-wave2.hsaco,mh_ffn_fused_c128_frag_project_g128_qkv,False,1468,1459,-9,9764,9792,99,99,16,16,10816,10816,0,0,32,32,64,64
gfx1201,c64-wave2.hsaco,mh_ffn_fused_c128_frag_project_mapped_g128_qkv,False,1644,1622,-22,10648,10664,97,97,25,25,10816,10816,0,0,32,32,64,64
gfx1201,c64-wave2.hsaco,mh_ffn_fused_c128_project,False,1072,1057,-15,7356,7356,103,103,12,12,8256,8256,0,0,32,32,28,28
gfx1201,c64-wave2.hsaco,mh_ffn_fused_c128_project_g128,False,986,970,-16,6636,6644,103,103,12,12,8256,8256,0,0,32,32,28,28
gfx1201,c64-wave2.hsaco,mh_ffn_fused_c128_project_g128_qkv,False,1430,1417,-13,9476,9472,98,98,21,21,10816,10816,0,0,32,32,64,64
gfx1201,c64-wave2.hsaco,mh_ffn_fused_c128_project_g128_qkv_bn,False,1282,1260,-22,8748,8784,122,122,16,16,19520,19520,0,0,32,32,64,64
gfx1201,c64-wave2.hsaco,mh_ffn_fused_c128_project_g128_qkv_bytein_fb,False,1401,1388,-13,9264,9264,98,98,22,22,10816,10816,0,0,32,32,64,64
gfx1201,c64-wave2.hsaco,mh_ffn_fused_c128_project_g128_qkv_fb,False,1417,1402,-15,9392,9388,98,98,21,21,10816,10816,0,0,32,32,64,64
gfx1201,c64-wave2.hsaco,mh_ffn_fused_c128_project_mapped,False,1565,1560,-5,9860,9908,104,104,28,28,8256,8256,0,0,32,32,48,48
gfx1201,c64-wave2.hsaco,mh_ffn_fused_c128_project_mapped_g128,False,1486,1479,-7,9156,9168,104,104,28,28,8256,8256,0,0,32,32,48,48
gfx1201,c64-wave2.hsaco,mh_ffn_fused_c128_project_mapped_g128_qkv,False,1608,1595,-13,10396,10412,98,98,27,27,10816,10816,0,0,32,32,64,64
gfx1201,c64-wave2.hsaco,mh_ffn_fused_c128_project_mapped_g128_qkv_bn,False,1437,1417,-20,9640,9660,125,125,25,25,19520,19520,0,0,32,32,64,64
gfx1201,c64-wave2.hsaco,mh_ffn_fused_c128_project_mapped_g128_qkv_bytein_fb,False,1594,1579,-15,10556,10576,102,102,21,21,10816,10816,0,0,32,32,64,64
gfx1201,c64-wave2.hsaco,mh_ffn_fused_c128_project_mapped_g128_qkv_fb,False,1645,1634,-11,10644,10656,98,98,27,27,10816,10816,0,0,32,32,64,64
gfx1201,c64-wave2.hsaco,mh_ffn_fused_c128_tiled,False,1629,1611,-18,11556,11592,98,98,22,22,8256,8256,0,0,32,32,28,28
gfx1201,c64-wave2.hsaco,mh_ffn_fused_c128_tiled_project_g128_qkv,False,1686,1660,-26,11088,11148,82,82,16,16,10816,10816,0,0,32,32,64,64
gfx1201,c64-wave2.hsaco,mh_ffn_fused_c128_tiled_project_mapped_g128_qkv,False,1854,1830,-24,11972,11992,83,83,24,24,10816,10816,0,0,32,32,64,64
gfx1201,c64-wave2.hsaco,mh_ffn_fused_c256,False,1165,1158,-7,8228,8280,101,101,11,11,16448,16448,0,0,32,32,28,28
gfx1201,c64-wave2.hsaco,mh_ffn_fused_c256_frag_project_g128_qkv,False,1762,1749,-13,11972,12028,97,97,15,15,21568,21568,0,0,32,32,64,64
gfx1201,c64-wave2.hsaco,mh_ffn_fused_c256_frag_project_g128_qkv_bytein_fb,False,1725,1721,-4,11792,11832,97,97,15,15,21568,21568,0,0,32,32,64,64
gfx1201,c64-wave2.hsaco,mh_ffn_fused_c256_frag_project_g128_qkv_fb,False,1752,1739,-13,11904,11956,97,97,15,15,21568,21568,0,0,32,32,64,64
gfx1201,c64-wave2.hsaco,mh_ffn_fused_c256_frag_project_mapped_g128_qkv,False,1897,1882,-15,12780,12776,96,96,23,23,21568,21568,0,0,32,32,64,64
gfx1201,c64-wave2.hsaco,mh_ffn_fused_c256_frag_project_mapped_g128_qkv_bytein_fb,False,1931,1920,-11,13164,13200,99,99,21,21,21568,21568,0,0,32,32,64,64
gfx1201,c64-wave2.hsaco,mh_ffn_fused_c256_frag_project_mapped_g128_qkv_fb,False,1941,1935,-6,13028,13040,96,96,24,24,21568,21568,0,0,32,32,64,64
gfx1201,c64-wave2.hsaco,mh_ffn_fused_c256_tiled,False,901,887,-14,6068,6112,71,71,11,11,16448,16448,0,0,32,32,28,28
gfx1201,c64-wave2.hsaco,mh_ffn_fused_c256_tiled_project,False,1081,1070,-11,7304,7348,71,71,13,13,16448,16448,0,0,32,32,28,28
gfx1201,c64-wave2.hsaco,mh_ffn_fused_c256_tiled_project_g128,False,1156,1155,-1,7976,8068,77,77,11,11,16448,16448,0,0,32,32,28,28
gfx1201,c64-wave2.hsaco,mh_ffn_fused_c256_tiled_project_g128_qkv,False,1792,1763,-29,11928,11960,81,81,15,15,21568,21568,0,0,32,32,64,64
gfx1201,c64-wave2.hsaco,mh_ffn_fused_c256_tiled_project_g128_qkv_bytein_fb,False,1719,1705,-14,11640,11656,80,80,15,15,21568,21568,0,0,32,32,64,64
gfx1201,c64-wave2.hsaco,mh_ffn_fused_c256_tiled_project_g128_qkv_fb,False,1781,1757,-24,11856,11884,81,81,15,15,21568,21568,0,0,32,32,64,64
gfx1201,c64-wave2.hsaco,mh_ffn_fused_c256_tiled_project_mapped,False,1553,1542,-11,9724,9768,71,71,26,26,16448,16448,0,0,32,32,48,48
gfx1201,c64-wave2.hsaco,mh_ffn_fused_c256_tiled_project_mapped_g128,False,1639,1634,-5,10424,10508,77,77,26,26,16448,16448,0,0,32,32,48,48
gfx1201,c64-wave2.hsaco,mh_ffn_fused_c256_tiled_project_mapped_g128_qkv,False,1942,1925,-17,12748,12836,81,81,23,23,21568,21568,0,0,32,32,64,64
gfx1201,c64-wave2.hsaco,mh_ffn_fused_c256_tiled_project_mapped_g128_qkv_bytein_fb,False,1916,1901,-15,12840,12888,81,81,21,21,21568,21568,0,0,32,32,64,64
gfx1201,c64-wave2.hsaco,mh_ffn_fused_c256_tiled_project_mapped_g128_qkv_fb,False,2000,1980,-20,13076,13148,81,81,24,24,21568,21568,0,0,32,32,64,64
gfx1201,c64-wave2.hsaco,mh_ffn_fused_c64,False,741,731,-10,5192,5204,97,97,15,15,4160,4160,0,0,32,32,28,28
gfx1201,c64-wave2.hsaco,mh_ffn_fused_c64_frag_project_g128_qkv,False,1354,1338,-16,8816,8836,96,96,16,16,5440,5440,0,0,32,32,64,64
gfx1201,c64-wave2.hsaco,mh_ffn_fused_c64_frag_project_mapped_g128_qkv,False,1482,1462,-20,9432,9476,96,96,25,25,5440,5440,0,0,32,32,64,64
gfx1201,c64-wave2.hsaco,mh_ffn_fused_c64_project,False,922,911,-11,6352,6364,98,98,18,18,4160,4160,0,0,32,32,28,28
gfx1201,c64-wave2.hsaco,mh_ffn_fused_c64_project_g128,False,910,896,-14,6164,6164,98,98,18,18,4160,4160,0,0,32,32,28,28
gfx1201,c64-wave2.hsaco,mh_ffn_fused_c64_project_g128_qkv,False,1289,1275,-14,8412,8424,98,98,19,19,5440,5440,0,0,32,32,64,64
gfx1201,c64-wave2.hsaco,mh_ffn_fused_c64_project_g128_qkv_bn,False,1130,1118,-12,7772,7812,97,97,21,21,9792,9792,0,0,32,32,64,64
gfx1201,c64-wave2.hsaco,mh_ffn_fused_c64_project_g128_qkv_bytein_fb,False,1241,1228,-13,8148,8140,95,95,19,19,5440,5440,0,0,32,32,64,64
gfx1201,c64-wave2.hsaco,mh_ffn_fused_c64_project_g128_qkv_fb,False,1271,1260,-11,8312,8336,98,98,19,19,5440,5440,0,0,32,32,64,64
gfx1201,c64-wave2.hsaco,mh_ffn_fused_c64_project_mapped,False,1400,1392,-8,8680,8700,98,98,28,28,4160,4160,0,0,32,32,48,48
gfx1201,c64-wave2.hsaco,mh_ffn_fused_c64_project_mapped_g128,False,1381,1375,-6,8500,8540,99,99,28,28,4160,4160,0,0,32,32,48,48
gfx1201,c64-wave2.hsaco,mh_ffn_fused_c64_project_mapped_g128_qkv,False,1402,1387,-15,9072,9092,100,100,27,27,5440,5440,0,0,32,32,64,64
gfx1201,c64-wave2.hsaco,mh_ffn_fused_c64_project_mapped_g128_qkv_bn,False,1287,1267,-20,8536,8560,97,97,26,26,9792,9792,0,0,32,32,64,64
gfx1201,c64-wave2.hsaco,mh_ffn_fused_c64_project_mapped_g128_qkv_bytein_fb,False,1336,1323,-13,8868,8868,97,97,20,20,5440,5440,0,0,32,32,64,64
gfx1201,c64-wave2.hsaco,mh_ffn_fused_c64_project_mapped_g128_qkv_fb,False,1388,1377,-11,8952,8980,99,99,27,27,5440,5440,0,0,32,32,64,64
gfx1201,c64-wave2.hsaco,mh_ffn_fused_c64_tiled,False,1382,1366,-16,9960,9996,110,110,12,12,4160,4160,0,0,32,32,28,28
gfx1201,c64-wave2.hsaco,mh_ffn_fused_c64_tiled_project_g128_qkv,False,1769,1748,-21,12032,12064,105,105,16,16,5440,5440,0,0,32,32,64,64
gfx1201,c64-wave2.hsaco,mh_ffn_fused_c64_tiled_project_mapped_g128_qkv,False,1894,1873,-21,12652,12696,104,104,25,25,5440,5440,0,0,32,32,64,64
gfx1201,c64-wave2.hsaco,mh_ffn_project_fast,False,592,590,-2,3240,3240,32,32,18,18,4608,4608,0,0,32,32,40,40
gfx1201,c64-wave2.hsaco,mh_ffn_project_fast_fp8,False,559,557,-2,3008,3008,33,33,18,18,4608,4608,0,0,32,32,40,40
gfx1201,c64-wave2.hsaco,mh_pool_project_fused_c128,False,3437,3435,-2,17616,17616,152,152,21,21,0,0,144,144,32,32,44,44
gfx1201,c64-wave2.hsaco,mh_pool_project_fused_c256,False,3873,3871,-2,20284,20284,192,192,21,21,0,0,272,272,32,32,44,44
gfx1201,c64-wave2.hsaco,mh_pool_project_fused_c64,False,6352,6333,-19,32816,32816,128,128,79,79,0,0,0,0,32,32,44,44
gfx1201,c64-wave2.hsaco,mh_pool_project_group_c128,False,2612,2612,0,13220,13224,146,146,28,28,4352,4352,0,0,32,32,44,44
gfx1201,c64-wave2.hsaco,mh_pool_project_group_c256,False,2286,2285,-1,11544,11544,98,98,28,28,8448,8448,0,0,32,32,44,44
gfx1201,c64-wave2.hsaco,mh_pool_project_group_c64,False,2381,2379,-2,11968,11968,102,102,28,28,2304,2304,0,0,32,32,44,44
gfx1201,c64-wave2.hsaco,mh_pool_project_production,False,1336,1333,-3,6780,6780,47,47,36,36,0,0,0,0,32,32,44,44
gfx1201,c64-wave2.hsaco,mh_pool_project_production_h16w,False,1413,1413,0,7160,7164,62,62,20,20,0,0,0,0,32,32,44,44
gfx1201,c64-wave2.hsaco,mh_probabilities_fast,False,577,577,0,3304,3308,50,50,12,12,0,0,0,0,32,32,24,24
gfx1201,c64-wave2.hsaco,mh_qkv_fast,False,347,344,-3,1824,1824,26,26,16,16,4608,4608,0,0,32,32,32,32
gfx1201,c64-wave2.hsaco,mh_qkv_normalize_fast,False,1116,1114,-2,6536,6536,110,110,11,11,0,0,0,0,32,32,32,32
gfx1201,c64-wave2.hsaco,mh_qkv_normalize_fast_wave,True,396,396,0,2084,2084,9,9,11,11,0,0,0,0,32,32,32,32
gfx1201,c64-wave2.hsaco,mh_qkv_normalize_fast_wave_fp8,True,397,397,0,2076,2076,7,7,11,11,0,0,0,0,32,32,32,32
gfx1201,c64-wave2.hsaco,mh_qkv_normalize_frag_c512,False,1277,1274,-3,7840,7836,124,124,18,18,4420,4420,0,0,32,32,28,28
gfx1201,c64-wave2.hsaco,mh_qkv_normalize_fused,False,2312,2295,-17,13204,13196,45,45,18,18,21760,21760,0,0,32,32,32,32
gfx1201,c64-wave2.hsaco,mh_qkv_normalize_wave_c512,False,1729,1726,-3,10920,10916,233,233,14,14,17680,17680,0,0,32,32,28,28
gfx1201,c64-wave2.hsaco,mh_scores_exp_fast,False,1088,1080,-8,6176,6172,68,68,15,15,0,0,0,0,32,32,36,36
gfx1201,deep_fast-packed.hsaco,decoder_project2x,False,589,588,-1,3192,3192,40,40,25,25,0,0,0,0,32,32,56,56
gfx1201,deep_fast-packed.hsaco,decoder_project2x_h16w,False,5984,5975,-9,32880,32896,64,64,34,34,0,0,0,0,32,32,56,56
gfx1201,deep_fast-packed.hsaco,decoder_project2x_h16w_byteout,False,6017,6010,-7,32980,32996,64,64,34,34,0,0,0,0,32,32,56,56
gfx1201,deep_fast-packed.hsaco,reuse_decide,False,398,397,-1,2028,2028,14,14,17,17,0,0,0,0,32,32,60,60
gfx1201,deep_fast-packed.hsaco,reuse_finish,True,654,654,0,3896,3896,11,11,27,27,0,0,0,0,32,32,84,84
gfx1201,deep_fast-packed.hsaco,reuse_image_commit,True,168,168,0,996,996,5,5,8,8,0,0,0,0,32,32,28,28
gfx1201,deep_fast-packed.hsaco,reuse_image_stats,False,251,248,-3,1364,1372,14,14,22,22,0,0,0,0,32,32,48,48
gfx1201,deep_fast-packed.hsaco,reuse_token_stats,False,218,218,0,1180,1180,14,14,17,17,0,0,0,0,32,32,48,48
gfx1201,deep_fast-packed.hsaco,split_contract,False,198,196,-2,1156,1156,33,33,12,12,0,0,0,0,32,32,28,28
gfx1201,deep_fast-packed.hsaco,split_contract_fp8,False,202,200,-2,1176,1184,31,31,12,12,0,0,0,0,32,32,28,28
gfx1201,deep_fast-packed.hsaco,split_expand,False,238,239,1,1452,1476,33,33,12,12,0,0,0,0,32,32,28,28
gfx1201,deep_fast-packed.hsaco,split_expand_fp8,False,254,248,-6,1556,1552,33,33,12,12,0,0,0,0,32,32,28,28
gfx1201,deep_fast-packed.hsaco,split_ffn_fused,False,1079,1069,-10,6600,6636,59,59,15,15,4160,4160,0,0,32,32,28,28
gfx1201,deep_fast-packed.hsaco,split_ffn_fused_fp8,False,866,856,-10,5660,5680,101,101,11,11,4160,4160,0,0,32,32,28,28
gfx1201,deep_fast-packed.hsaco,split_ffn_fused_fp8_mix,False,960,948,-12,6172,6216,110,110,12,12,6464,6464,0,0,32,32,28,28
gfx1201,deep_fast-packed.hsaco,split_ffn_fused_fp8_t8,False,930,921,-9,6192,6212,111,111,14,14,4160,4160,0,0,32,32,36,36
gfx1201,deep_fast-packed.hsaco,split_mix,True,200,200,0,1160,1160,35,35,11,11,0,0,0,0,32,32,28,28
gfx1201,deep_fast-packed.hsaco,split_mix_blocked,False,526,519,-7,3164,3176,80,80,11,11,0,0,0,0,32,32,28,28
gfx1201,deep_fast-packed.hsaco,split_mix_blocked_h16w,False,518,510,-8,3152,3164,91,91,11,11,0,0,0,0,32,32,28,28
gfx1201,deep_fast-packed.hsaco,split_projection,False,240,239,-1,1488,1488,32,32,12,12,0,0,0,0,32,32,36,36
gfx1201,deep_fast-packed.hsaco,split_projection_blocked,False,681,677,-4,4188,4188,74,74,12,12,0,0,0,0,32,32,36,36
gfx1201,deep_fast-packed.hsaco,split_projection_blocked_t8,False,929,918,-11,5688,5692,75,75,16,16,0,0,0,0,32,32,44,44
gfx1201,deep_fast-packed.hsaco,split_projection_frag,False,930,919,-11,5836,5852,102,102,17,17,0,0,0,0,32,32,44,44
gfx1201,deep_fast-packed.hsaco,vit_attention_av_fast,False,486,479,-7,3068,3064,48,48,17,17,0,0,0,0,32,32,48,48
gfx1201,deep_fast-packed.hsaco,vit_attention_fused_256,False,1238,1228,-10,7912,7920,91,91,16,16,1536,1536,0,0,32,32,32,32
gfx1201,deep_fast-packed.hsaco,vit_attention_fused_256_bytein,False,962,956,-6,5732,5748,75,75,17,17,1536,1536,0,0,32,32,32,32
gfx1201,deep_fast-packed.hsaco,vit_attention_fused_256_bytein_bout,False,977,974,-3,5844,5896,75,75,17,17,1536,1536,0,0,32,32,32,32
gfx1201,deep_fast-packed.hsaco,vit_attention_fused_400,False,1238,1228,-10,7912,7920,91,91,16,16,1536,1536,0,0,32,32,32,32
gfx1201,deep_fast-packed.hsaco,vit_attention_fused_400_bytein,False,962,956,-6,5732,5748,75,75,17,17,1536,1536,0,0,32,32,32,32
gfx1201,deep_fast-packed.hsaco,vit_attention_fused_400_bytein_bout,False,954,947,-7,5684,5700,72,72,16,16,0,0,0,0,32,32,32,32
gfx1201,deep_fast-packed.hsaco,vit_attention_fused_640,False,1238,1228,-10,7912,7920,91,91,16,16,1536,1536,0,0,32,32,32,32
gfx1201,deep_fast-packed.hsaco,vit_attention_fused_640_bytein,False,962,956,-6,5732,5748,75,75,17,17,1536,1536,0,0,32,32,32,32
gfx1201,deep_fast-packed.hsaco,vit_attention_fused_640_bytein_bout,False,954,947,-7,5684,5700,72,72,16,16,0,0,0,0,32,32,32,32
gfx1201,deep_fast-packed.hsaco,vit_attention_inverse_fast,False,266,258,-8,1588,1584,34,34,10,10,0,0,0,0,32,32,32,32
gfx1201,deep_fast-packed.hsaco,vit_attention_scores_fast,False,772,771,-1,4556,4564,66,66,13,13,0,0,0,0,32,32,32,32
gfx1201,deep_fast-packed.hsaco,vit_contract_blocked_fp8,False,1868,1862,-6,12324,12328,241,241,26,26,0,0,0,0,32,32,56,56
gfx1201,deep_fast-packed.hsaco,vit_contract_blocked_fp8_bstream,False,1936,1927,-9,12732,12760,237,237,26,26,0,0,0,0,32,32,56,56
gfx1201,deep_fast-packed.hsaco,vit_contract_blocked_fp8_frag,False,1090,1084,-6,7260,7280,211,211,12,12,0,0,0,0,32,32,56,56
gfx1201,deep_fast-packed.hsaco,vit_contract_blocked_fp8_hstream,False,1908,1902,-6,12480,12500,241,241,26,26,0,0,0,0,32,32,56,56
gfx1201,deep_fast-packed.hsaco,vit_contract_blocked_fp8_tiled,False,762,756,-6,4708,4720,113,113,14,14,0,0,0,0,32,32,56,56
gfx1201,deep_fast-packed.hsaco,vit_contract_blocked_fp8_tiled_bstream,False,832,826,-6,5152,5168,109,109,14,14,0,0,0,0,32,32,56,56
gfx1201,deep_fast-packed.hsaco,vit_contract_blocked_fp8_tiled_hstream,False,809,806,-3,4924,4932,112,112,14,14,0,0,0,0,32,32,56,56
gfx1201,deep_fast-packed.hsaco,vit_contract_combine,True,97,97,0,560,560,14,14,11,11,0,0,0,0,32,32,48,48
gfx1201,deep_fast-packed.hsaco,vit_contract_parts_blocked_fp8,False,198,197,-1,1352,1352,48,48,14,14,0,0,0,0,32,32,40,40
gfx1201,deep_fast-packed.hsaco,vit_contract_parts_blocked_fp8_tiled,False,281,281,0,1968,1968,70,70,14,14,0,0,0,0,32,32,40,40
gfx1201,deep_fast-packed.hsaco,vit_contract_parts_fp8,False,159,158,-1,876,876,23,23,14,14,0,0,0,0,32,32,40,40
gfx1201,deep_fast-packed.hsaco,vit_expand,False,355,351,-4,2200,2212,32,32,14,14,0,0,0,0,32,32,48,48
gfx1201,deep_fast-packed.hsaco,vit_expand_blocked_fp8,False,810,789,-21,5244,5272,69,69,14,14,0,0,0,0,32,32,48,48
gfx1201,deep_fast-packed.hsaco,vit_expand_blocked_fp8_bytein,False,723,710,-13,4592,4600,55,55,14,14,0,0,0,0,32,32,48,48
gfx1201,deep_fast-packed.hsaco,vit_expand_blocked_fp8_frag_bytein,False,1368,1337,-31,8968,9044,77,77,25,25,0,0,0,0,32,32,48,48
gfx1201,deep_fast-packed.hsaco,vit_expand_blocked_fp8_frag_bytein_m2,False,1336,1308,-28,8704,8800,86,86,25,25,0,0,0,0,32,32,48,48
gfx1201,deep_fast-packed.hsaco,vit_expand_blocked_fp8_frag_bytein_m4,False,2598,2540,-58,16992,17144,154,154,30,30,0,0,0,0,32,32,48,48
gfx1201,deep_fast-packed.hsaco,vit_expand_blocked_fp8_frag_tiledin,False,713,700,-13,4580,4628,46,46,25,25,0,0,0,0,32,32,48,48
gfx1201,deep_fast-packed.hsaco,vit_expand_blocked_fp8_tiled,False,886,864,-22,5812,5824,94,94,23,23,0,0,0,0,32,32,48,48
gfx1201,deep_fast-packed.hsaco,vit_expand_blocked_fp8_tiled_bytein,False,781,769,-12,5132,5188,73,73,22,22,0,0,0,0,32,32,48,48
gfx1201,deep_fast-packed.hsaco,vit_expand_blocked_fp8_tiled_bytein_m4,False,2668,2611,-57,17536,17688,153,153,27,27,0,0,0,0,32,32,48,48
gfx1201,deep_fast-packed.hsaco,vit_expand_fp8,False,350,344,-6,2156,2156,32,32,14,14,0,0,0,0,32,32,48,48
gfx1201,deep_fast-packed.hsaco,vit_ffn_fused,False,1492,1477,-15,9728,9800,161,161,14,14,16640,16640,0,0,32,32,56,56
gfx1201,deep_fast-packed.hsaco,vit_pack_input,False,57,57,0,340,340,7,7,7,7,0,0,0,0,32,32,32,32
gfx1201,deep_fast-packed.hsaco,vit_pack_input_tiled,False,57,56,-1,352,352,10,10,7,7,0,0,0,0,32,32,32,32
gfx1201,deep_fast-packed.hsaco,vit_project,False,1287,1257,-30,8200,8224,77,77,20,20,0,0,0,0,32,32,56,56
gfx1201,deep_fast-packed.hsaco,vit_project_bytein_bout,True,597,597,0,4136,4136,98,98,14,14,0,0,0,0,32,32,56,56
gfx1201,deep_fast-packed.hsaco,vit_project_bytein_bout_hskip,True,605,605,0,4180,4180,99,99,14,14,0,0,0,0,32,32,56,56
gfx1201,deep_fast-packed.hsaco,vit_project_fp8,False,1327,1318,-9,8408,8400,90,90,20,20,0,0,0,0,32,32,56,56
gfx1201,deep_fast-packed.hsaco,vit_project_frag,False,1861,1835,-26,11744,11768,79,79,34,34,0,0,0,0,32,32,56,56
gfx1201,deep_fast-packed.hsaco,vit_qkv_normalize,False,478,478,0,2724,2724,31,31,18,18,0,0,0,0,32,32,40,40
gfx1201,deep_fast-packed.hsaco,vit_qkv_project,False,221,220,-1,1228,1232,32,32,14,14,0,0,0,0,32,32,40,40
gfx1201,deep_fast-packed.hsaco,vit_qkv_project_blocked,False,227,227,0,1384,1388,48,48,13,13,0,0,0,0,32,32,40,40
gfx1201,deep_fast-packed.hsaco,vit_qkv_project_normalize_fused,False,958,958,0,5320,5320,50,50,18,18,2112,2112,0,0,32,32,40,40
gfx1201,deep_fast-packed.hsaco,vit_qkv_project_normalize_fused_f16compact,False,957,957,0,5364,5364,58,58,22,22,2112,2112,0,0,32,32,40,40
gfx1201,deep_fast-packed.hsaco,vit_qkv_project_normalize_fused_f16compact_fp8,False,767,767,0,4352,4352,58,58,22,22,2112,2112,0,0,32,32,40,40
gfx1201,deep_fast-packed.hsaco,vit_qkv_project_normalize_fused_f16compact_fp8_bytein,False,818,818,0,4680,4684,91,91,22,22,2112,2112,0,0,32,32,40,40
gfx1201,deep_fast-packed.hsaco,vit_qkv_project_normalize_fused_f16compact_fp8_frag,False,767,766,-1,4348,4348,58,58,22,22,2112,2112,0,0,32,32,40,40
gfx1201,deep_fast-packed.hsaco,vit_qkv_project_normalize_fused_f16compact_fp8_h16in,False,1198,1198,0,7908,7908,95,95,22,22,2112,2112,0,0,32,32,40,40
gfx1201,deep_fast-packed.hsaco,vit_qkv_project_normalize_fused_f16compact_fp8_h16in_n4,False,1408,1408,0,8264,8264,192,192,22,22,4160,4160,0,0,32,32,40,40
gfx1201,deep_fast-packed.hsaco,vit_qkv_project_normalize_fused_f16weight,False,960,960,0,5380,5380,58,58,22,22,2112,2112,0,0,32,32,40,40
gfx1201,deep_fast.hsaco,decoder_project2x,False,589,588,-1,3192,3192,40,40,25,25,0,0,0,0,32,32,56,56
gfx1201,deep_fast.hsaco,decoder_project2x_h16w,False,5984,5975,-9,32880,32896,64,64,34,34,0,0,0,0,32,32,56,56
gfx1201,deep_fast.hsaco,decoder_project2x_h16w_byteout,False,6017,6010,-7,32980,32996,64,64,34,34,0,0,0,0,32,32,56,56
gfx1201,deep_fast.hsaco,reuse_decide,False,398,397,-1,2028,2028,14,14,17,17,0,0,0,0,32,32,60,60
gfx1201,deep_fast.hsaco,reuse_finish,True,654,654,0,3896,3896,11,11,27,27,0,0,0,0,32,32,84,84
gfx1201,deep_fast.hsaco,reuse_image_commit,True,168,168,0,996,996,5,5,8,8,0,0,0,0,32,32,28,28
gfx1201,deep_fast.hsaco,reuse_image_stats,False,251,248,-3,1364,1372,14,14,22,22,0,0,0,0,32,32,48,48
gfx1201,deep_fast.hsaco,reuse_token_stats,False,218,218,0,1180,1180,14,14,17,17,0,0,0,0,32,32,48,48
gfx1201,deep_fast.hsaco,split_contract,False,198,196,-2,1156,1156,33,33,12,12,0,0,0,0,32,32,28,28
gfx1201,deep_fast.hsaco,split_contract_fp8,False,202,200,-2,1176,1184,31,31,12,12,0,0,0,0,32,32,28,28
gfx1201,deep_fast.hsaco,split_expand,False,238,239,1,1452,1476,33,33,12,12,0,0,0,0,32,32,28,28
gfx1201,deep_fast.hsaco,split_expand_fp8,False,254,248,-6,1556,1552,33,33,12,12,0,0,0,0,32,32,28,28
gfx1201,deep_fast.hsaco,split_ffn_fused,False,1079,1069,-10,6600,6636,59,59,15,15,4160,4160,0,0,32,32,28,28
gfx1201,deep_fast.hsaco,split_ffn_fused_fp8,False,866,856,-10,5660,5680,101,101,11,11,4160,4160,0,0,32,32,28,28
gfx1201,deep_fast.hsaco,split_ffn_fused_fp8_mix,False,960,948,-12,6172,6216,110,110,12,12,6464,6464,0,0,32,32,28,28
gfx1201,deep_fast.hsaco,split_ffn_fused_fp8_t8,False,930,921,-9,6192,6212,111,111,14,14,4160,4160,0,0,32,32,36,36
gfx1201,deep_fast.hsaco,split_mix,True,200,200,0,1160,1160,35,35,11,11,0,0,0,0,32,32,28,28
gfx1201,deep_fast.hsaco,split_mix_blocked,False,526,519,-7,3164,3176,80,80,11,11,0,0,0,0,32,32,28,28
gfx1201,deep_fast.hsaco,split_mix_blocked_h16w,False,518,510,-8,3152,3164,91,91,11,11,0,0,0,0,32,32,28,28
gfx1201,deep_fast.hsaco,split_projection,False,278,276,-2,1816,1816,46,46,12,12,0,0,0,0,32,32,36,36
gfx1201,deep_fast.hsaco,split_projection_blocked,False,821,815,-6,5284,5280,99,99,12,12,0,0,0,0,32,32,36,36
gfx1201,deep_fast.hsaco,split_projection_blocked_t8,False,1038,1027,-11,6680,6696,100,100,16,16,0,0,0,0,32,32,44,44
gfx1201,deep_fast.hsaco,split_projection_frag,False,930,919,-11,5836,5852,102,102,17,17,0,0,0,0,32,32,44,44
gfx1201,deep_fast.hsaco,vit_attention_av_fast,False,486,479,-7,3068,3064,48,48,17,17,0,0,0,0,32,32,48,48
gfx1201,deep_fast.hsaco,vit_attention_fused_256,False,1238,1228,-10,7912,7920,91,91,16,16,1536,1536,0,0,32,32,32,32
gfx1201,deep_fast.hsaco,vit_attention_fused_256_bytein,False,962,956,-6,5732,5748,75,75,17,17,1536,1536,0,0,32,32,32,32
gfx1201,deep_fast.hsaco,vit_attention_fused_256_bytein_bout,False,977,974,-3,5844,5896,75,75,17,17,1536,1536,0,0,32,32,32,32
gfx1201,deep_fast.hsaco,vit_attention_fused_400,False,1238,1228,-10,7912,7920,91,91,16,16,1536,1536,0,0,32,32,32,32
gfx1201,deep_fast.hsaco,vit_attention_fused_400_bytein,False,962,956,-6,5732,5748,75,75,17,17,1536,1536,0,0,32,32,32,32
gfx1201,deep_fast.hsaco,vit_attention_fused_400_bytein_bout,False,977,974,-3,5844,5896,75,75,17,17,1536,1536,0,0,32,32,32,32
gfx1201,deep_fast.hsaco,vit_attention_fused_640,False,1238,1228,-10,7912,7920,91,91,16,16,1536,1536,0,0,32,32,32,32
gfx1201,deep_fast.hsaco,vit_attention_fused_640_bytein,False,962,956,-6,5732,5748,75,75,17,17,1536,1536,0,0,32,32,32,32
gfx1201,deep_fast.hsaco,vit_attention_fused_640_bytein_bout,False,977,974,-3,5844,5896,75,75,17,17,1536,1536,0,0,32,32,32,32
gfx1201,deep_fast.hsaco,vit_attention_inverse_fast,False,266,258,-8,1588,1584,34,34,10,10,0,0,0,0,32,32,32,32
gfx1201,deep_fast.hsaco,vit_attention_scores_fast,False,772,771,-1,4556,4564,66,66,13,13,0,0,0,0,32,32,32,32
gfx1201,deep_fast.hsaco,vit_contract_blocked_fp8,False,1868,1862,-6,12324,12328,241,241,26,26,0,0,0,0,32,32,56,56
gfx1201,deep_fast.hsaco,vit_contract_blocked_fp8_bstream,False,1936,1927,-9,12732,12760,237,237,26,26,0,0,0,0,32,32,56,56
gfx1201,deep_fast.hsaco,vit_contract_blocked_fp8_frag,False,1090,1084,-6,7260,7280,211,211,12,12,0,0,0,0,32,32,56,56
gfx1201,deep_fast.hsaco,vit_contract_blocked_fp8_hstream,False,1908,1902,-6,12480,12500,241,241,26,26,0,0,0,0,32,32,56,56
gfx1201,deep_fast.hsaco,vit_contract_blocked_fp8_tiled,False,762,756,-6,4708,4720,113,113,14,14,0,0,0,0,32,32,56,56
gfx1201,deep_fast.hsaco,vit_contract_blocked_fp8_tiled_bstream,False,832,826,-6,5152,5168,109,109,14,14,0,0,0,0,32,32,56,56
gfx1201,deep_fast.hsaco,vit_contract_blocked_fp8_tiled_hstream,False,809,806,-3,4924,4932,112,112,14,14,0,0,0,0,32,32,56,56
gfx1201,deep_fast.hsaco,vit_contract_combine,True,97,97,0,560,560,14,14,11,11,0,0,0,0,32,32,48,48
gfx1201,deep_fast.hsaco,vit_contract_parts_blocked_fp8,False,198,197,-1,1352,1352,48,48,14,14,0,0,0,0,32,32,40,40
gfx1201,deep_fast.hsaco,vit_contract_parts_blocked_fp8_tiled,False,281,281,0,1968,1968,70,70,14,14,0,0,0,0,32,32,40,40
gfx1201,deep_fast.hsaco,vit_contract_parts_fp8,False,212,208,-4,1260,1260,32,32,15,15,0,0,0,0,32,32,40,40
gfx1201,deep_fast.hsaco,vit_expand,False,432,429,-3,2808,2832,48,48,14,14,0,0,0,0,32,32,48,48
gfx1201,deep_fast.hsaco,vit_expand_blocked_fp8,False,810,789,-21,5244,5272,69,69,14,14,0,0,0,0,32,32,48,48
gfx1201,deep_fast.hsaco,vit_expand_blocked_fp8_bytein,False,723,710,-13,4592,4600,55,55,14,14,0,0,0,0,32,32,48,48
gfx1201,deep_fast.hsaco,vit_expand_blocked_fp8_frag_bytein,False,1368,1337,-31,8968,9044,77,77,25,25,0,0,0,0,32,32,48,48
gfx1201,deep_fast.hsaco,vit_expand_blocked_fp8_frag_bytein_m2,False,1336,1308,-28,8704,8800,86,86,25,25,0,0,0,0,32,32,48,48
gfx1201,deep_fast.hsaco,vit_expand_blocked_fp8_frag_bytein_m4,False,2598,2540,-58,16992,17144,154,154,30,30,0,0,0,0,32,32,48,48
gfx1201,deep_fast.hsaco,vit_expand_blocked_fp8_frag_tiledin,False,713,700,-13,4580,4628,46,46,25,25,0,0,0,0,32,32,48,48
gfx1201,deep_fast.hsaco,vit_expand_blocked_fp8_tiled,False,886,864,-22,5812,5824,94,94,23,23,0,0,0,0,32,32,48,48
gfx1201,deep_fast.hsaco,vit_expand_blocked_fp8_tiled_bytein,False,781,769,-12,5132,5188,73,73,22,22,0,0,0,0,32,32,48,48
gfx1201,deep_fast.hsaco,vit_expand_blocked_fp8_tiled_bytein_m4,False,2668,2611,-57,17536,17688,153,153,27,27,0,0,0,0,32,32,48,48
gfx1201,deep_fast.hsaco,vit_expand_fp8,False,427,422,-5,2764,2776,48,48,14,14,0,0,0,0,32,32,48,48
gfx1201,deep_fast.hsaco,vit_ffn_fused,False,1492,1477,-15,9728,9800,161,161,14,14,16640,16640,0,0,32,32,56,56
gfx1201,deep_fast.hsaco,vit_pack_input,False,57,57,0,340,340,7,7,7,7,0,0,0,0,32,32,32,32
gfx1201,deep_fast.hsaco,vit_pack_input_tiled,False,57,56,-1,352,352,10,10,7,7,0,0,0,0,32,32,32,32
gfx1201,deep_fast.hsaco,vit_project,False,1400,1388,-12,9204,9244,90,90,19,19,0,0,0,0,32,32,56,56
gfx1201,deep_fast.hsaco,vit_project_bytein_bout,False,649,649,0,4052,4056,55,55,14,14,0,0,0,0,32,32,56,56
gfx1201,deep_fast.hsaco,vit_project_bytein_bout_hskip,False,655,655,0,4084,4088,55,55,14,14,0,0,0,0,32,32,56,56
gfx1201,deep_fast.hsaco,vit_project_fp8,False,1273,1246,-27,8136,8148,77,77,19,19,0,0,0,0,32,32,56,56
gfx1201,deep_fast.hsaco,vit_project_frag,False,1861,1835,-26,11744,11768,79,79,34,34,0,0,0,0,32,32,56,56
gfx1201,deep_fast.hsaco,vit_qkv_normalize,False,478,478,0,2724,2724,31,31,18,18,0,0,0,0,32,32,40,40
gfx1201,deep_fast.hsaco,vit_qkv_project,False,221,220,-1,1228,1232,32,32,14,14,0,0,0,0,32,32,40,40
gfx1201,deep_fast.hsaco,vit_qkv_project_blocked,False,227,227,0,1384,1388,48,48,13,13,0,0,0,0,32,32,40,40
gfx1201,deep_fast.hsaco,vit_qkv_project_normalize_fused,False,958,958,0,5320,5320,50,50,18,18,2112,2112,0,0,32,32,40,40
gfx1201,deep_fast.hsaco,vit_qkv_project_normalize_fused_f16compact,False,957,957,0,5364,5364,58,58,22,22,2112,2112,0,0,32,32,40,40
gfx1201,deep_fast.hsaco,vit_qkv_project_normalize_fused_f16compact_fp8,False,767,767,0,4352,4352,58,58,22,22,2112,2112,0,0,32,32,40,40
gfx1201,deep_fast.hsaco,vit_qkv_project_normalize_fused_f16compact_fp8_bytein,False,818,818,0,4680,4684,91,91,22,22,2112,2112,0,0,32,32,40,40
gfx1201,deep_fast.hsaco,vit_qkv_project_normalize_fused_f16compact_fp8_frag,False,767,766,-1,4348,4348,58,58,22,22,2112,2112,0,0,32,32,40,40
gfx1201,deep_fast.hsaco,vit_qkv_project_normalize_fused_f16compact_fp8_h16in,False,1198,1198,0,7908,7908,95,95,22,22,2112,2112,0,0,32,32,40,40
gfx1201,deep_fast.hsaco,vit_qkv_project_normalize_fused_f16compact_fp8_h16in_n4,False,1408,1408,0,8264,8264,192,192,22,22,4160,4160,0,0,32,32,40,40
gfx1201,deep_fast.hsaco,vit_qkv_project_normalize_fused_f16weight,False,960,960,0,5380,5380,58,58,22,22,2112,2112,0,0,32,32,40,40
gfx1201,deep_reference.hsaco,decoder_project2x,True,1331,1331,0,7520,7520,14,14,20,20,0,0,0,0,32,32,56,56
gfx1201,deep_reference.hsaco,split_contract,True,209,209,0,1200,1200,70,70,10,10,0,0,0,0,32,32,28,28
gfx1201,deep_reference.hsaco,split_expand,True,232,232,0,1264,1264,70,70,10,10,0,0,0,0,32,32,28,28
gfx1201,deep_reference.hsaco,split_mix,True,204,204,0,1168,1168,71,71,10,10,0,0,0,0,32,32,28,28
gfx1201,deep_reference.hsaco,split_projection,True,213,213,0,1240,1240,71,71,10,10,0,0,0,0,32,32,36,36
gfx1201,deep_reference.hsaco,vit_attention_av,False,261,260,-1,1428,1428,16,16,19,19,0,0,0,0,32,32,36,36
gfx1201,deep_reference.hsaco,vit_attention_av_fast,False,176,175,-1,960,960,11,11,17,17,0,0,0,0,32,32,36,36
gfx1201,deep_reference.hsaco,vit_attention_inverse,True,432,432,0,2308,2308,51,51,14,14,0,0,0,0,32,32,20,20
gfx1201,deep_reference.hsaco,vit_attention_inverse_fast,True,58,58,0,308,308,7,7,7,7,0,0,0,0,32,32,20,20
gfx1201,deep_reference.hsaco,vit_attention_scores,False,311,310,-1,1692,1692,66,66,9,9,0,0,0,0,32,32,20,20
gfx1201,deep_reference.hsaco,vit_attention_scores_fast,False,305,304,-1,1668,1668,66,66,9,9,0,0,0,0,32,32,20,20
gfx1201,deep_reference.hsaco,vit_expand,True,765,765,0,4376,4376,11,11,13,13,0,0,0,0,32,32,36,36
gfx1201,deep_reference.hsaco,vit_gather,True,30,30,0,184,184,6,6,10,10,0,0,0,0,32,32,28,28
gfx1201,deep_reference.hsaco,vit_project,True,767,767,0,4512,4512,17,17,13,13,0,0,0,0,32,32,44,44
gfx1201,deep_reference.hsaco,vit_qkv_normalize,False,2495,2494,-1,13812,13812,57,57,23,23,0,0,144,144,32,32,28,28
gfx1201,deep_reference.hsaco,vit_qkv_project,False,230,229,-1,1240,1240,76,76,12,12,0,0,0,0,32,32,28,28
gfx1201,deep_wmma.hsaco,decoder_project2x,True,5688,5688,0,30496,30496,56,56,25,25,0,0,0,0,32,32,56,56
gfx1201,deep_wmma.hsaco,split_contract,False,638,637,-1,3520,3520,50,50,14,14,0,0,0,0,32,32,28,28
gfx1201,deep_wmma.hsaco,split_expand,False,762,762,0,4180,4184,48,48,14,14,0,0,0,0,32,32,28,28
gfx1201,deep_wmma.hsaco,split_mix,False,628,625,-3,3464,3464,50,50,11,11,0,0,0,0,32,32,28,28
gfx1201,deep_wmma.hsaco,split_projection,True,666,666,0,3704,3704,50,50,12,12,0,0,0,0,32,32,36,36
gfx1201,deep_wmma.hsaco,vit_expand,False,1166,1166,0,6432,6432,49,49,16,16,0,0,0,0,32,32,36,36
gfx1201,deep_wmma.hsaco,vit_project,False,2555,2549,-6,14344,14340,74,74,18,18,0,0,0,0,32,32,44,44
gfx1201,deep_wmma.hsaco,vit_qkv_project,False,381,380,-1,2124,2124,60,60,15,15,0,0,0,0,32,32,28,28
gfx1201,multihead-fast-packed.hsaco,mh_attention_av_fast,False,549,543,-6,2972,2972,52,52,19,19,0,0,0,0,32,32,36,36
gfx1201,multihead-fast-packed.hsaco,mh_attention_project_fast_matrix,False,2608,2607,-1,13960,13964,95,95,52,52,4096,4096,0,0,32,32,44,44
gfx1201,multihead-fast-packed.hsaco,mh_attention_project_fast_scalar,False,1800,1797,-3,8840,8840,32,32,21,21,4096,4096,0,0,32,32,44,44
gfx1201,multihead-fast-packed.hsaco,mh_ffn_contract_fast,False,490,489,-1,2576,2576,27,27,17,17,4096,4096,0,0,32,32,32,32
gfx1201,multihead-fast-packed.hsaco,mh_ffn_contract_fast_pre,False,297,296,-1,1556,1556,27,27,17,17,4096,4096,0,0,32,32,32,32
gfx1201,multihead-fast-packed.hsaco,mh_ffn_contract_fast_rne,False,490,489,-1,2576,2576,27,27,17,17,4096,4096,0,0,32,32,32,32
gfx1201,multihead-fast-packed.hsaco,mh_ffn_contract_fast_rtz,False,490,489,-1,2576,2576,27,27,17,17,4096,4096,0,0,32,32,32,32
gfx1201,multihead-fast-packed.hsaco,mh_ffn_expand_fast,False,547,546,-1,3040,3040,29,29,16,16,4096,4096,0,0,32,32,32,32
gfx1201,multihead-fast-packed.hsaco,mh_ffn_project_fast,False,677,675,-2,3624,3624,32,32,18,18,4096,4096,0,0,32,32,40,40
gfx1201,multihead-fast-packed.hsaco,mh_pool_project_production,False,1432,1429,-3,7260,7260,47,47,36,36,0,0,0,0,32,32,44,44
gfx1201,multihead-fast-packed.hsaco,mh_probabilities_fast,False,692,692,0,3772,3776,50,50,12,12,0,0,0,0,32,32,24,24
gfx1201,multihead-fast-packed.hsaco,mh_qkv_fast,False,342,339,-3,1788,1788,26,26,16,16,4096,4096,0,0,32,32,32,32
gfx1201,multihead-fast-packed.hsaco,mh_qkv_normalize_fast,False,3556,3545,-11,20700,20688,148,148,11,11,0,0,0,0,32,32,32,32
gfx1201,multihead-fast-packed.hsaco,mh_scores_exp_fast,False,1088,1080,-8,6176,6172,68,68,15,15,0,0,0,0,32,32,36,36
gfx1201,multihead-fast-padded-wave-packed.hsaco,mh_attention_av_fast,False,432,423,-9,2388,2392,52,52,19,19,0,0,0,0,32,32,36,36
gfx1201,multihead-fast-padded-wave-packed.hsaco,mh_attention_crop,False,2665,2664,-1,13320,13324,33,33,36,36,4608,4608,0,0,32,32,64,64
gfx1201,multihead-fast-padded-wave-packed.hsaco,mh_attention_project_fast_matrix,False,2137,2135,-2,10824,10824,34,34,28,28,4608,4608,0,0,32,32,44,44
gfx1201,multihead-fast-padded-wave-packed.hsaco,mh_attention_project_fast_matrix_fp8,False,2103,2102,-1,10588,10588,34,34,28,28,4608,4608,0,0,32,32,44,44
gfx1201,multihead-fast-padded-wave-packed.hsaco,mh_attention_project_fast_scalar,False,1428,1426,-2,7048,7048,32,32,21,21,4608,4608,0,0,32,32,44,44
gfx1201,multihead-fast-padded-wave-packed.hsaco,mh_attention_project_fast_scalar_fp8,False,1394,1393,-1,6812,6812,33,33,21,21,4608,4608,0,0,32,32,44,44
gfx1201,multihead-fast-padded-wave-packed.hsaco,mh_attention_project_frag_c512,True,1314,1314,0,6936,6936,80,80,28,28,0,0,0,0,32,32,60,60
gfx1201,multihead-fast-padded-wave-packed.hsaco,mh_ffn_contract_fast,False,398,397,-1,2192,2192,27,27,17,17,4608,4608,0,0,32,32,32,32
gfx1201,multihead-fast-padded-wave-packed.hsaco,mh_ffn_contract_fast_fp8,True,383,383,0,2084,2084,28,28,17,17,4608,4608,0,0,32,32,32,32
gfx1201,multihead-fast-padded-wave-packed.hsaco,mh_ffn_contract_fast_fp8_out,False,348,348,0,1896,1896,28,28,17,17,4608,4608,0,0,32,32,32,32
gfx1201,multihead-fast-padded-wave-packed.hsaco,mh_ffn_contract_fast_pre,False,302,301,-1,1592,1592,27,27,17,17,4608,4608,0,0,32,32,32,32
gfx1201,multihead-fast-padded-wave-packed.hsaco,mh_ffn_contract_fast_rne,False,398,397,-1,2192,2192,27,27,17,17,4608,4608,0,0,32,32,32,32
gfx1201,multihead-fast-padded-wave-packed.hsaco,mh_ffn_contract_fast_rtz,False,398,397,-1,2192,2192,27,27,17,17,4608,4608,0,0,32,32,32,32
gfx1201,multihead-fast-padded-wave-packed.hsaco,mh_ffn_expand_fast,False,461,460,-1,2636,2636,29,29,16,16,4608,4608,0,0,32,32,32,32
gfx1201,multihead-fast-padded-wave-packed.hsaco,mh_ffn_expand_fast_fp8,False,426,425,-1,2460,2460,29,29,16,16,4608,4608,0,0,32,32,32,32
gfx1201,multihead-fast-padded-wave-packed.hsaco,mh_ffn_fused_c128,False,893,885,-8,6216,6248,103,103,12,12,8256,8256,0,0,32,32,28,28
gfx1201,multihead-fast-padded-wave-packed.hsaco,mh_ffn_fused_c128_frag_project_g128_qkv,False,1508,1492,-16,9976,10004,100,100,16,16,15168,15168,0,0,32,32,64,64
gfx1201,multihead-fast-padded-wave-packed.hsaco,mh_ffn_fused_c128_frag_project_mapped_g128_qkv,False,1671,1652,-19,10872,10896,99,99,25,25,15168,15168,0,0,32,32,64,64
gfx1201,multihead-fast-padded-wave-packed.hsaco,mh_ffn_fused_c128_project,False,1072,1057,-15,7356,7356,103,103,12,12,8256,8256,0,0,32,32,28,28
gfx1201,multihead-fast-padded-wave-packed.hsaco,mh_ffn_fused_c128_project_g128,False,986,970,-16,6636,6644,103,103,12,12,8256,8256,0,0,32,32,28,28
gfx1201,multihead-fast-padded-wave-packed.hsaco,mh_ffn_fused_c128_project_g128_qkv,False,1456,1450,-6,9692,9704,98,98,21,21,15168,15168,0,0,32,32,64,64
gfx1201,multihead-fast-padded-wave-packed.hsaco,mh_ffn_fused_c128_project_g128_qkv_bn,False,1298,1280,-18,8904,8932,137,137,16,16,23872,23872,0,0,32,32,64,64
gfx1201,multihead-fast-padded-wave-packed.hsaco,mh_ffn_fused_c128_project_g128_qkv_bytein_fb,False,1410,1399,-11,9472,9480,98,98,22,22,15168,15168,0,0,32,32,64,64
gfx1201,multihead-fast-padded-wave-packed.hsaco,mh_ffn_fused_c128_project_g128_qkv_bytein_fb_pdl,False,1545,1535,-10,10120,10128,98,98,22,22,15168,15168,0,0,32,32,100,100
gfx1201,multihead-fast-padded-wave-packed.hsaco,mh_ffn_fused_c128_project_g128_qkv_fb,False,1448,1443,-5,9692,9692,98,98,21,21,15168,15168,0,0,32,32,64,64
gfx1201,multihead-fast-padded-wave-packed.hsaco,mh_ffn_fused_c128_project_g128_qkv_fb_pdl,False,1567,1557,-10,10240,10232,98,98,23,23,15168,15168,0,0,32,32,100,100
gfx1201,multihead-fast-padded-wave-packed.hsaco,mh_ffn_fused_c128_project_mapped,False,1565,1560,-5,9860,9908,104,104,28,28,8256,8256,0,0,32,32,48,48
gfx1201,multihead-fast-padded-wave-packed.hsaco,mh_ffn_fused_c128_project_mapped_g128,False,1486,1479,-7,9156,9168,104,104,28,28,8256,8256,0,0,32,32,48,48
gfx1201,multihead-fast-padded-wave-packed.hsaco,mh_ffn_fused_c128_project_mapped_g128_qkv,False,1629,1621,-8,10612,10628,98,98,26,26,15168,15168,0,0,32,32,64,64
gfx1201,multihead-fast-padded-wave-packed.hsaco,mh_ffn_fused_c128_project_mapped_g128_qkv_bn,False,1468,1449,-19,9812,9816,143,143,25,25,23872,23872,0,0,32,32,64,64
gfx1201,multihead-fast-padded-wave-packed.hsaco,mh_ffn_fused_c128_project_mapped_g128_qkv_bytein_fb,False,1621,1610,-11,10808,10808,101,101,21,21,15168,15168,0,0,32,32,64,64
gfx1201,multihead-fast-padded-wave-packed.hsaco,mh_ffn_fused_c128_project_mapped_g128_qkv_bytein_fb_pdl,False,1745,1734,-11,11384,11384,101,101,23,23,15168,15168,0,0,32,32,100,100
gfx1201,multihead-fast-padded-wave-packed.hsaco,mh_ffn_fused_c128_project_mapped_g128_qkv_fb,False,1674,1666,-8,10932,10948,98,98,27,27,15168,15168,0,0,32,32,64,64
gfx1201,multihead-fast-padded-wave-packed.hsaco,mh_ffn_fused_c128_project_mapped_g128_qkv_fb_pdl,False,1800,1792,-8,11516,11532,98,98,30,30,15168,15168,0,0,32,32,100,100
gfx1201,multihead-fast-padded-wave-packed.hsaco,mh_ffn_fused_c128_tiled,False,1629,1611,-18,11556,11592,98,98,22,22,8256,8256,0,0,32,32,28,28
gfx1201,multihead-fast-padded-wave-packed.hsaco,mh_ffn_fused_c128_tiled_project_g128_qkv,False,1707,1683,-24,11280,11340,82,82,16,16,15168,15168,0,0,32,32,64,64
gfx1201,multihead-fast-padded-wave-packed.hsaco,mh_ffn_fused_c128_tiled_project_mapped_g128_qkv,False,1896,1876,-20,12216,12236,83,83,24,24,15168,15168,0,0,32,32,64,64
gfx1201,multihead-fast-padded-wave-packed.hsaco,mh_ffn_fused_c256,False,1165,1158,-7,8228,8280,101,101,11,11,16448,16448,0,0,32,32,28,28
gfx1201,multihead-fast-padded-wave-packed.hsaco,mh_ffn_fused_c256_frag_project_g128_qkv,False,1748,1737,-11,11884,11920,96,96,15,15,30016,30016,0,0,32,32,64,64
gfx1201,multihead-fast-padded-wave-packed.hsaco,mh_ffn_fused_c256_frag_project_g128_qkv_bytein_fb,False,1729,1720,-9,11784,11808,97,97,15,15,30016,30016,0,0,32,32,64,64
gfx1201,multihead-fast-padded-wave-packed.hsaco,mh_ffn_fused_c256_frag_project_g128_qkv_bytein_fb_pdl,False,1848,1839,-9,12368,12388,97,97,17,17,30016,30016,0,0,32,32,100,100
gfx1201,multihead-fast-padded-wave-packed.hsaco,mh_ffn_fused_c256_frag_project_g128_qkv_fb,False,1758,1743,-15,11912,11928,98,98,15,15,30016,30016,0,0,32,32,64,64
gfx1201,multihead-fast-padded-wave-packed.hsaco,mh_ffn_fused_c256_frag_project_g128_qkv_fb_pdl,False,1893,1883,-10,12544,12568,98,98,17,17,30016,30016,0,0,32,32,100,100
gfx1201,multihead-fast-padded-wave-packed.hsaco,mh_ffn_fused_c256_frag_project_mapped_g128_qkv,False,1887,1874,-13,12668,12692,98,98,23,23,30016,30016,0,0,32,32,64,64
gfx1201,multihead-fast-padded-wave-packed.hsaco,mh_ffn_fused_c256_frag_project_mapped_g128_qkv_bytein_fb,False,1915,1894,-21,13104,13128,101,101,21,21,30016,30016,0,0,32,32,64,64
gfx1201,multihead-fast-padded-wave-packed.hsaco,mh_ffn_fused_c256_frag_project_mapped_g128_qkv_bytein_fb_pdl,False,2040,2019,-21,13684,13708,101,101,23,23,30016,30016,0,0,32,32,100,100
gfx1201,multihead-fast-padded-wave-packed.hsaco,mh_ffn_fused_c256_frag_project_mapped_g128_qkv_fb,False,1932,1921,-11,12968,13008,97,97,24,24,30016,30016,0,0,32,32,64,64
gfx1201,multihead-fast-padded-wave-packed.hsaco,mh_ffn_fused_c256_frag_project_mapped_g128_qkv_fb_pdl,False,2057,2046,-11,13548,13588,97,97,26,26,30016,30016,0,0,32,32,100,100
gfx1201,multihead-fast-padded-wave-packed.hsaco,mh_ffn_fused_c256_tiled,False,901,887,-14,6068,6112,71,71,11,11,16448,16448,0,0,32,32,28,28
gfx1201,multihead-fast-padded-wave-packed.hsaco,mh_ffn_fused_c256_tiled_project,False,1081,1070,-11,7304,7348,71,71,13,13,16448,16448,0,0,32,32,28,28
gfx1201,multihead-fast-padded-wave-packed.hsaco,mh_ffn_fused_c256_tiled_project_g128,False,1156,1155,-1,7976,8068,77,77,11,11,16448,16448,0,0,32,32,28,28
gfx1201,multihead-fast-padded-wave-packed.hsaco,mh_ffn_fused_c256_tiled_project_g128_qkv,False,1802,1775,-27,12104,12152,94,94,15,15,30016,30016,0,0,32,32,64,64
gfx1201,multihead-fast-padded-wave-packed.hsaco,mh_ffn_fused_c256_tiled_project_g128_qkv_bytein_fb,False,1744,1724,-20,11900,11920,93,93,15,15,30016,30016,0,0,32,32,64,64
gfx1201,multihead-fast-padded-wave-packed.hsaco,mh_ffn_fused_c256_tiled_project_g128_qkv_fb,False,1803,1773,-30,12124,12152,93,93,15,15,30016,30016,0,0,32,32,64,64
gfx1201,multihead-fast-padded-wave-packed.hsaco,mh_ffn_fused_c256_tiled_project_mapped,False,1553,1542,-11,9724,9768,71,71,26,26,16448,16448,0,0,32,32,48,48
gfx1201,multihead-fast-padded-wave-packed.hsaco,mh_ffn_fused_c256_tiled_project_mapped_g128,False,1639,1634,-5,10424,10508,77,77,26,26,16448,16448,0,0,32,32,48,48
gfx1201,multihead-fast-padded-wave-packed.hsaco,mh_ffn_fused_c256_tiled_project_mapped_g128_qkv,False,1962,1937,-25,12936,13024,94,94,23,23,30016,30016,0,0,32,32,64,64
gfx1201,multihead-fast-padded-wave-packed.hsaco,mh_ffn_fused_c256_tiled_project_mapped_g128_qkv_bytein_fb,False,1926,1911,-15,13084,13132,94,94,21,21,30016,30016,0,0,32,32,64,64
gfx1201,multihead-fast-padded-wave-packed.hsaco,mh_ffn_fused_c256_tiled_project_mapped_g128_qkv_fb,False,2003,1978,-25,13224,13328,94,94,24,24,30016,30016,0,0,32,32,64,64
gfx1201,multihead-fast-padded-wave-packed.hsaco,mh_ffn_fused_c64,False,741,731,-10,5192,5204,97,97,15,15,4160,4160,0,0,32,32,28,28
gfx1201,multihead-fast-padded-wave-packed.hsaco,mh_ffn_fused_c64_frag_project_g128_qkv,False,1361,1351,-10,8952,8976,96,96,16,16,7744,7744,0,0,32,32,64,64
gfx1201,multihead-fast-padded-wave-packed.hsaco,mh_ffn_fused_c64_frag_project_mapped_g128_qkv,False,1488,1479,-9,9604,9628,96,96,25,25,7744,7744,0,0,32,32,64,64
gfx1201,multihead-fast-padded-wave-packed.hsaco,mh_ffn_fused_c64_project,False,922,911,-11,6352,6364,98,98,18,18,4160,4160,0,0,32,32,28,28
gfx1201,multihead-fast-padded-wave-packed.hsaco,mh_ffn_fused_c64_project_g128,False,910,896,-14,6164,6164,98,98,18,18,4160,4160,0,0,32,32,28,28
gfx1201,multihead-fast-padded-wave-packed.hsaco,mh_ffn_fused_c64_project_g128_qkv,False,1323,1314,-9,8652,8680,98,98,19,19,7744,7744,0,0,32,32,64,64
gfx1201,multihead-fast-padded-wave-packed.hsaco,mh_ffn_fused_c64_project_g128_qkv_bn,False,1157,1139,-18,7912,7948,131,131,16,16,12096,12096,0,0,32,32,64,64
gfx1201,multihead-fast-padded-wave-packed.hsaco,mh_ffn_fused_c64_project_g128_qkv_bytein_fb,False,1278,1270,-8,8420,8428,97,97,19,19,7744,7744,0,0,32,32,64,64
gfx1201,multihead-fast-padded-wave-packed.hsaco,mh_ffn_fused_c64_project_g128_qkv_bytein_fb_pdl,False,1406,1398,-8,9036,9036,97,97,19,19,7744,7744,0,0,32,32,100,100
gfx1201,multihead-fast-padded-wave-packed.hsaco,mh_ffn_fused_c64_project_g128_qkv_fb,False,1314,1306,-8,8628,8640,99,99,19,19,7744,7744,0,0,32,32,64,64
gfx1201,multihead-fast-padded-wave-packed.hsaco,mh_ffn_fused_c64_project_g128_qkv_fb_pdl,False,1445,1435,-10,9232,9240,99,99,21,21,7744,7744,0,0,32,32,100,100
gfx1201,multihead-fast-padded-wave-packed.hsaco,mh_ffn_fused_c64_project_mapped,False,1400,1392,-8,8680,8700,98,98,28,28,4160,4160,0,0,32,32,48,48
gfx1201,multihead-fast-padded-wave-packed.hsaco,mh_ffn_fused_c64_project_mapped_g128,False,1381,1375,-6,8500,8540,99,99,28,28,4160,4160,0,0,32,32,48,48
gfx1201,multihead-fast-padded-wave-packed.hsaco,mh_ffn_fused_c64_project_mapped_g128_qkv,False,1437,1428,-9,9304,9312,98,98,26,26,7744,7744,0,0,32,32,64,64
gfx1201,multihead-fast-padded-wave-packed.hsaco,mh_ffn_fused_c64_project_mapped_g128_qkv_bn,False,1275,1252,-23,8556,8576,133,133,25,25,12096,12096,0,0,32,32,64,64
gfx1201,multihead-fast-padded-wave-packed.hsaco,mh_ffn_fused_c64_project_mapped_g128_qkv_bytein_fb,False,1371,1361,-10,9092,9108,97,97,21,21,7744,7744,0,0,32,32,64,64
gfx1201,multihead-fast-padded-wave-packed.hsaco,mh_ffn_fused_c64_project_mapped_g128_qkv_bytein_fb_pdl,False,1488,1475,-13,9644,9672,97,97,22,22,7744,7744,0,0,32,32,100,100
gfx1201,multihead-fast-padded-wave-packed.hsaco,mh_ffn_fused_c64_project_mapped_g128_qkv_fb,False,1416,1408,-8,9244,9260,99,99,27,27,7744,7744,0,0,32,32,64,64
gfx1201,multihead-fast-padded-wave-packed.hsaco,mh_ffn_fused_c64_project_mapped_g128_qkv_fb_pdl,False,1537,1530,-7,9800,9820,99,99,30,30,7744,7744,0,0,32,32,100,100
gfx1201,multihead-fast-padded-wave-packed.hsaco,mh_ffn_fused_c64_tiled,False,1382,1366,-16,9960,9996,110,110,12,12,4160,4160,0,0,32,32,28,28
gfx1201,multihead-fast-padded-wave-packed.hsaco,mh_ffn_fused_c64_tiled_project_g128_qkv,False,1807,1790,-17,12300,12328,105,105,16,16,7744,7744,0,0,32,32,64,64
gfx1201,multihead-fast-padded-wave-packed.hsaco,mh_ffn_fused_c64_tiled_project_mapped_g128_qkv,False,1935,1908,-27,12900,12936,104,104,25,25,7744,7744,0,0,32,32,64,64
gfx1201,multihead-fast-padded-wave-packed.hsaco,mh_ffn_project_fast,False,592,590,-2,3240,3240,32,32,18,18,4608,4608,0,0,32,32,40,40
gfx1201,multihead-fast-padded-wave-packed.hsaco,mh_ffn_project_fast_fp8,False,559,557,-2,3008,3008,33,33,18,18,4608,4608,0,0,32,32,40,40
gfx1201,multihead-fast-padded-wave-packed.hsaco,mh_pool_project_fused_c128,False,3437,3435,-2,17616,17616,152,152,21,21,0,0,144,144,32,32,44,44
gfx1201,multihead-fast-padded-wave-packed.hsaco,mh_pool_project_fused_c256,False,3873,3871,-2,20284,20284,192,192,21,21,0,0,272,272,32,32,44,44
gfx1201,multihead-fast-padded-wave-packed.hsaco,mh_pool_project_fused_c64,False,6352,6333,-19,32816,32816,128,128,79,79,0,0,0,0,32,32,44,44
gfx1201,multihead-fast-padded-wave-packed.hsaco,mh_pool_project_group_c128,False,2612,2612,0,13220,13224,146,146,28,28,4352,4352,0,0,32,32,44,44
gfx1201,multihead-fast-padded-wave-packed.hsaco,mh_pool_project_group_c256,False,2286,2285,-1,11544,11544,98,98,28,28,8448,8448,0,0,32,32,44,44
gfx1201,multihead-fast-padded-wave-packed.hsaco,mh_pool_project_group_c512,False,2287,2285,-2,11556,11556,98,98,28,28,16640,16640,0,0,32,32,44,44
gfx1201,multihead-fast-padded-wave-packed.hsaco,mh_pool_project_group_c64,False,2381,2379,-2,11968,11968,102,102,28,28,2304,2304,0,0,32,32,44,44
gfx1201,multihead-fast-padded-wave-packed.hsaco,mh_pool_project_production,False,1336,1333,-3,6780,6780,47,47,36,36,0,0,0,0,32,32,44,44
gfx1201,multihead-fast-padded-wave-packed.hsaco,mh_pool_project_production_h16w,False,1413,1413,0,7160,7164,62,62,20,20,0,0,0,0,32,32,44,44
gfx1201,multihead-fast-padded-wave-packed.hsaco,mh_probabilities_fast,False,577,577,0,3304,3308,50,50,12,12,0,0,0,0,32,32,24,24
gfx1201,multihead-fast-padded-wave-packed.hsaco,mh_qkv_fast,False,347,344,-3,1824,1824,26,26,16,16,4608,4608,0,0,32,32,32,32
gfx1201,multihead-fast-padded-wave-packed.hsaco,mh_qkv_normalize_fast,False,1116,1114,-2,6536,6536,110,110,11,11,0,0,0,0,32,32,32,32
gfx1201,multihead-fast-padded-wave-packed.hsaco,mh_qkv_normalize_fast_wave,True,396,396,0,2084,2084,9,9,11,11,0,0,0,0,32,32,32,32
gfx1201,multihead-fast-padded-wave-packed.hsaco,mh_qkv_normalize_fast_wave_fp8,True,397,397,0,2076,2076,7,7,11,11,0,0,0,0,32,32,32,32
gfx1201,multihead-fast-padded-wave-packed.hsaco,mh_qkv_normalize_frag_c512,False,1277,1274,-3,7840,7836,124,124,18,18,4420,4420,0,0,32,32,28,28
gfx1201,multihead-fast-padded-wave-packed.hsaco,mh_qkv_normalize_fused,False,2312,2295,-17,13204,13196,45,45,18,18,21760,21760,0,0,32,32,32,32
gfx1201,multihead-fast-padded-wave-packed.hsaco,mh_qkv_normalize_wave_c512,False,1729,1726,-3,10920,10916,233,233,14,14,17680,17680,0,0,32,32,28,28
gfx1201,multihead-fast-padded-wave-packed.hsaco,mh_scores_exp_fast,False,1088,1080,-8,6176,6172,68,68,15,15,0,0,0,0,32,32,36,36
gfx1201,multihead-fast-padded-wave.hsaco,mh_attention_av_fast,False,432,423,-9,2388,2392,52,52,19,19,0,0,0,0,32,32,36,36
gfx1201,multihead-fast-padded-wave.hsaco,mh_attention_crop,False,2690,2689,-1,13512,13520,32,32,34,34,4608,4608,0,0,32,32,64,64
gfx1201,multihead-fast-padded-wave.hsaco,mh_attention_project_fast_matrix,False,2166,2164,-2,11000,11000,38,38,27,27,4608,4608,0,0,32,32,44,44
gfx1201,multihead-fast-padded-wave.hsaco,mh_attention_project_fast_matrix_fp8,False,2129,2127,-2,10784,10784,34,34,27,27,4608,4608,0,0,32,32,44,44
gfx1201,multihead-fast-padded-wave.hsaco,mh_attention_project_fast_scalar,False,1450,1449,-1,7212,7212,38,38,20,20,4608,4608,0,0,32,32,44,44
gfx1201,multihead-fast-padded-wave.hsaco,mh_attention_project_fast_scalar_fp8,False,1416,1414,-2,6992,6992,32,32,20,20,4608,4608,0,0,32,32,44,44
gfx1201,multihead-fast-padded-wave.hsaco,mh_attention_project_frag_c512,True,1314,1314,0,6936,6936,80,80,28,28,0,0,0,0,32,32,60,60
gfx1201,multihead-fast-padded-wave.hsaco,mh_ffn_contract_fast,False,402,401,-1,2236,2236,30,30,16,16,4608,4608,0,0,32,32,32,32
gfx1201,multihead-fast-padded-wave.hsaco,mh_ffn_contract_fast_fp8,False,388,385,-3,2132,2132,27,27,16,16,4608,4608,0,0,32,32,32,32
gfx1201,multihead-fast-padded-wave.hsaco,mh_ffn_contract_fast_fp8_out,False,354,352,-2,1940,1940,27,27,16,16,4608,4608,0,0,32,32,32,32
gfx1201,multihead-fast-padded-wave.hsaco,mh_ffn_contract_fast_pre,False,306,305,-1,1636,1636,30,30,16,16,4608,4608,0,0,32,32,32,32
gfx1201,multihead-fast-padded-wave.hsaco,mh_ffn_contract_fast_rne,False,402,401,-1,2236,2236,30,30,16,16,4608,4608,0,0,32,32,32,32
gfx1201,multihead-fast-padded-wave.hsaco,mh_ffn_contract_fast_rtz,False,402,401,-1,2236,2236,30,30,16,16,4608,4608,0,0,32,32,32,32
gfx1201,multihead-fast-padded-wave.hsaco,mh_ffn_expand_fast,False,495,493,-2,2848,2848,32,32,16,16,4608,4608,0,0,32,32,32,32
gfx1201,multihead-fast-padded-wave.hsaco,mh_ffn_expand_fast_fp8,False,456,453,-3,2656,2656,32,32,16,16,4608,4608,0,0,32,32,32,32
gfx1201,multihead-fast-padded-wave.hsaco,mh_ffn_fused_c128,False,893,885,-8,6216,6248,103,103,12,12,8256,8256,0,0,32,32,28,28
gfx1201,multihead-fast-padded-wave.hsaco,mh_ffn_fused_c128_frag_project_g128_qkv,False,1468,1459,-9,9764,9792,99,99,16,16,10816,10816,0,0,32,32,64,64
gfx1201,multihead-fast-padded-wave.hsaco,mh_ffn_fused_c128_frag_project_mapped_g128_qkv,False,1644,1622,-22,10648,10664,97,97,25,25,10816,10816,0,0,32,32,64,64
gfx1201,multihead-fast-padded-wave.hsaco,mh_ffn_fused_c128_project,False,1072,1057,-15,7356,7356,103,103,12,12,8256,8256,0,0,32,32,28,28
gfx1201,multihead-fast-padded-wave.hsaco,mh_ffn_fused_c128_project_g128,False,986,970,-16,6636,6644,103,103,12,12,8256,8256,0,0,32,32,28,28
gfx1201,multihead-fast-padded-wave.hsaco,mh_ffn_fused_c128_project_g128_qkv,False,1430,1417,-13,9476,9472,98,98,21,21,10816,10816,0,0,32,32,64,64
gfx1201,multihead-fast-padded-wave.hsaco,mh_ffn_fused_c128_project_g128_qkv_bn,False,1282,1260,-22,8748,8784,122,122,16,16,19520,19520,0,0,32,32,64,64
gfx1201,multihead-fast-padded-wave.hsaco,mh_ffn_fused_c128_project_g128_qkv_bytein_fb,False,1401,1388,-13,9264,9264,98,98,22,22,10816,10816,0,0,32,32,64,64
gfx1201,multihead-fast-padded-wave.hsaco,mh_ffn_fused_c128_project_g128_qkv_bytein_fb_pdl,False,1524,1514,-10,9868,9880,98,98,22,22,10816,10816,0,0,32,32,100,100
gfx1201,multihead-fast-padded-wave.hsaco,mh_ffn_fused_c128_project_g128_qkv_fb,False,1417,1402,-15,9392,9388,98,98,21,21,10816,10816,0,0,32,32,64,64
gfx1201,multihead-fast-padded-wave.hsaco,mh_ffn_fused_c128_project_g128_qkv_fb_pdl,False,1546,1536,-10,10004,10004,98,98,23,23,10816,10816,0,0,32,32,100,100
gfx1201,multihead-fast-padded-wave.hsaco,mh_ffn_fused_c128_project_mapped,False,1565,1560,-5,9860,9908,104,104,28,28,8256,8256,0,0,32,32,48,48
gfx1201,multihead-fast-padded-wave.hsaco,mh_ffn_fused_c128_project_mapped_g128,False,1486,1479,-7,9156,9168,104,104,28,28,8256,8256,0,0,32,32,48,48
gfx1201,multihead-fast-padded-wave.hsaco,mh_ffn_fused_c128_project_mapped_g128_qkv,False,1608,1595,-13,10396,10412,98,98,27,27,10816,10816,0,0,32,32,64,64
gfx1201,multihead-fast-padded-wave.hsaco,mh_ffn_fused_c128_project_mapped_g128_qkv_bn,False,1437,1417,-20,9640,9660,125,125,25,25,19520,19520,0,0,32,32,64,64
gfx1201,multihead-fast-padded-wave.hsaco,mh_ffn_fused_c128_project_mapped_g128_qkv_bytein_fb,False,1594,1579,-15,10556,10576,102,102,21,21,10816,10816,0,0,32,32,64,64
gfx1201,multihead-fast-padded-wave.hsaco,mh_ffn_fused_c128_project_mapped_g128_qkv_bytein_fb_pdl,False,1717,1702,-15,11128,11148,102,102,23,23,10816,10816,0,0,32,32,100,100
gfx1201,multihead-fast-padded-wave.hsaco,mh_ffn_fused_c128_project_mapped_g128_qkv_fb,False,1645,1634,-11,10644,10656,98,98,27,27,10816,10816,0,0,32,32,64,64
gfx1201,multihead-fast-padded-wave.hsaco,mh_ffn_fused_c128_project_mapped_g128_qkv_fb_pdl,False,1771,1760,-11,11228,11240,98,98,30,30,10816,10816,0,0,32,32,100,100
gfx1201,multihead-fast-padded-wave.hsaco,mh_ffn_fused_c128_tiled,False,1629,1611,-18,11556,11592,98,98,22,22,8256,8256,0,0,32,32,28,28
gfx1201,multihead-fast-padded-wave.hsaco,mh_ffn_fused_c128_tiled_project_g128_qkv,False,1686,1660,-26,11088,11148,82,82,16,16,10816,10816,0,0,32,32,64,64
gfx1201,multihead-fast-padded-wave.hsaco,mh_ffn_fused_c128_tiled_project_mapped_g128_qkv,False,1854,1830,-24,11972,11992,83,83,24,24,10816,10816,0,0,32,32,64,64
gfx1201,multihead-fast-padded-wave.hsaco,mh_ffn_fused_c256,False,1165,1158,-7,8228,8280,101,101,11,11,16448,16448,0,0,32,32,28,28
gfx1201,multihead-fast-padded-wave.hsaco,mh_ffn_fused_c256_frag_project_g128_qkv,False,1762,1749,-13,11972,12028,97,97,15,15,21568,21568,0,0,32,32,64,64
gfx1201,multihead-fast-padded-wave.hsaco,mh_ffn_fused_c256_frag_project_g128_qkv_bytein_fb,False,1725,1721,-4,11792,11832,97,97,15,15,21568,21568,0,0,32,32,64,64
gfx1201,multihead-fast-padded-wave.hsaco,mh_ffn_fused_c256_frag_project_g128_qkv_bytein_fb_pdl,False,1860,1851,-9,12396,12428,97,97,17,17,21568,21568,0,0,32,32,100,100
gfx1201,multihead-fast-padded-wave.hsaco,mh_ffn_fused_c256_frag_project_g128_qkv_fb,False,1752,1739,-13,11904,11956,97,97,15,15,21568,21568,0,0,32,32,64,64
gfx1201,multihead-fast-padded-wave.hsaco,mh_ffn_fused_c256_frag_project_g128_qkv_fb_pdl,False,1898,1889,-9,12516,12572,97,97,17,17,21568,21568,0,0,32,32,100,100
gfx1201,multihead-fast-padded-wave.hsaco,mh_ffn_fused_c256_frag_project_mapped_g128_qkv,False,1897,1882,-15,12780,12776,96,96,23,23,21568,21568,0,0,32,32,64,64
gfx1201,multihead-fast-padded-wave.hsaco,mh_ffn_fused_c256_frag_project_mapped_g128_qkv_bytein_fb,False,1931,1920,-11,13164,13200,99,99,21,21,21568,21568,0,0,32,32,64,64
gfx1201,multihead-fast-padded-wave.hsaco,mh_ffn_fused_c256_frag_project_mapped_g128_qkv_bytein_fb_pdl,False,2055,2044,-11,13740,13776,99,99,23,23,21568,21568,0,0,32,32,100,100
gfx1201,multihead-fast-padded-wave.hsaco,mh_ffn_fused_c256_frag_project_mapped_g128_qkv_fb,False,1941,1935,-6,13028,13040,96,96,24,24,21568,21568,0,0,32,32,64,64
gfx1201,multihead-fast-padded-wave.hsaco,mh_ffn_fused_c256_frag_project_mapped_g128_qkv_fb_pdl,False,2066,2060,-6,13608,13620,96,96,26,26,21568,21568,0,0,32,32,100,100
gfx1201,multihead-fast-padded-wave.hsaco,mh_ffn_fused_c256_tiled,False,901,887,-14,6068,6112,71,71,11,11,16448,16448,0,0,32,32,28,28
gfx1201,multihead-fast-padded-wave.hsaco,mh_ffn_fused_c256_tiled_project,False,1081,1070,-11,7304,7348,71,71,13,13,16448,16448,0,0,32,32,28,28
gfx1201,multihead-fast-padded-wave.hsaco,mh_ffn_fused_c256_tiled_project_g128,False,1156,1155,-1,7976,8068,77,77,11,11,16448,16448,0,0,32,32,28,28
gfx1201,multihead-fast-padded-wave.hsaco,mh_ffn_fused_c256_tiled_project_g128_qkv,False,1792,1763,-29,11928,11960,81,81,15,15,21568,21568,0,0,32,32,64,64
gfx1201,multihead-fast-padded-wave.hsaco,mh_ffn_fused_c256_tiled_project_g128_qkv_bytein_fb,False,1719,1705,-14,11640,11656,80,80,15,15,21568,21568,0,0,32,32,64,64
gfx1201,multihead-fast-padded-wave.hsaco,mh_ffn_fused_c256_tiled_project_g128_qkv_fb,False,1781,1757,-24,11856,11884,81,81,15,15,21568,21568,0,0,32,32,64,64
gfx1201,multihead-fast-padded-wave.hsaco,mh_ffn_fused_c256_tiled_project_mapped,False,1553,1542,-11,9724,9768,71,71,26,26,16448,16448,0,0,32,32,48,48
gfx1201,multihead-fast-padded-wave.hsaco,mh_ffn_fused_c256_tiled_project_mapped_g128,False,1639,1634,-5,10424,10508,77,77,26,26,16448,16448,0,0,32,32,48,48
gfx1201,multihead-fast-padded-wave.hsaco,mh_ffn_fused_c256_tiled_project_mapped_g128_qkv,False,1942,1925,-17,12748,12836,81,81,23,23,21568,21568,0,0,32,32,64,64
gfx1201,multihead-fast-padded-wave.hsaco,mh_ffn_fused_c256_tiled_project_mapped_g128_qkv_bytein_fb,False,1916,1901,-15,12840,12888,81,81,21,21,21568,21568,0,0,32,32,64,64
gfx1201,multihead-fast-padded-wave.hsaco,mh_ffn_fused_c256_tiled_project_mapped_g128_qkv_fb,False,2000,1980,-20,13076,13148,81,81,24,24,21568,21568,0,0,32,32,64,64
gfx1201,multihead-fast-padded-wave.hsaco,mh_ffn_fused_c64,False,741,731,-10,5192,5204,97,97,15,15,4160,4160,0,0,32,32,28,28
gfx1201,multihead-fast-padded-wave.hsaco,mh_ffn_fused_c64_frag_project_g128_qkv,False,1354,1338,-16,8816,8836,96,96,16,16,5440,5440,0,0,32,32,64,64
gfx1201,multihead-fast-padded-wave.hsaco,mh_ffn_fused_c64_frag_project_mapped_g128_qkv,False,1482,1462,-20,9432,9476,96,96,25,25,5440,5440,0,0,32,32,64,64
gfx1201,multihead-fast-padded-wave.hsaco,mh_ffn_fused_c64_project,False,922,911,-11,6352,6364,98,98,18,18,4160,4160,0,0,32,32,28,28
gfx1201,multihead-fast-padded-wave.hsaco,mh_ffn_fused_c64_project_g128,False,910,896,-14,6164,6164,98,98,18,18,4160,4160,0,0,32,32,28,28
gfx1201,multihead-fast-padded-wave.hsaco,mh_ffn_fused_c64_project_g128_qkv,False,1289,1275,-14,8412,8424,98,98,19,19,5440,5440,0,0,32,32,64,64
gfx1201,multihead-fast-padded-wave.hsaco,mh_ffn_fused_c64_project_g128_qkv_bn,False,1130,1118,-12,7772,7812,97,97,21,21,9792,9792,0,0,32,32,64,64
gfx1201,multihead-fast-padded-wave.hsaco,mh_ffn_fused_c64_project_g128_qkv_bytein_fb,False,1241,1228,-13,8148,8140,95,95,19,19,5440,5440,0,0,32,32,64,64
gfx1201,multihead-fast-padded-wave.hsaco,mh_ffn_fused_c64_project_g128_qkv_bytein_fb_pdl,False,1363,1352,-11,8728,8732,95,95,19,19,5440,5440,0,0,32,32,100,100
gfx1201,multihead-fast-padded-wave.hsaco,mh_ffn_fused_c64_project_g128_qkv_fb,False,1271,1260,-11,8312,8336,98,98,19,19,5440,5440,0,0,32,32,64,64
gfx1201,multihead-fast-padded-wave.hsaco,mh_ffn_fused_c64_project_g128_qkv_fb_pdl,False,1403,1392,-11,8948,8972,98,98,21,21,5440,5440,0,0,32,32,100,100
gfx1201,multihead-fast-padded-wave.hsaco,mh_ffn_fused_c64_project_mapped,False,1400,1392,-8,8680,8700,98,98,28,28,4160,4160,0,0,32,32,48,48
gfx1201,multihead-fast-padded-wave.hsaco,mh_ffn_fused_c64_project_mapped_g128,False,1381,1375,-6,8500,8540,99,99,28,28,4160,4160,0,0,32,32,48,48
gfx1201,multihead-fast-padded-wave.hsaco,mh_ffn_fused_c64_project_mapped_g128_qkv,False,1402,1387,-15,9072,9092,100,100,27,27,5440,5440,0,0,32,32,64,64
gfx1201,multihead-fast-padded-wave.hsaco,mh_ffn_fused_c64_project_mapped_g128_qkv_bn,False,1287,1267,-20,8536,8560,97,97,26,26,9792,9792,0,0,32,32,64,64
gfx1201,multihead-fast-padded-wave.hsaco,mh_ffn_fused_c64_project_mapped_g128_qkv_bytein_fb,False,1336,1323,-13,8868,8868,97,97,20,20,5440,5440,0,0,32,32,64,64
gfx1201,multihead-fast-padded-wave.hsaco,mh_ffn_fused_c64_project_mapped_g128_qkv_bytein_fb_pdl,False,1453,1441,-12,9404,9420,97,97,22,22,5440,5440,0,0,32,32,100,100
gfx1201,multihead-fast-padded-wave.hsaco,mh_ffn_fused_c64_project_mapped_g128_qkv_fb,False,1388,1377,-11,8952,8980,99,99,27,27,5440,5440,0,0,32,32,64,64
gfx1201,multihead-fast-padded-wave.hsaco,mh_ffn_fused_c64_project_mapped_g128_qkv_fb_pdl,False,1503,1491,-12,9544,9560,100,100,30,30,5440,5440,0,0,32,32,100,100
gfx1201,multihead-fast-padded-wave.hsaco,mh_ffn_fused_c64_tiled,False,1382,1366,-16,9960,9996,110,110,12,12,4160,4160,0,0,32,32,28,28
gfx1201,multihead-fast-padded-wave.hsaco,mh_ffn_fused_c64_tiled_project_g128_qkv,False,1769,1748,-21,12032,12064,105,105,16,16,5440,5440,0,0,32,32,64,64
gfx1201,multihead-fast-padded-wave.hsaco,mh_ffn_fused_c64_tiled_project_mapped_g128_qkv,False,1894,1873,-21,12652,12696,104,104,25,25,5440,5440,0,0,32,32,64,64
gfx1201,multihead-fast-padded-wave.hsaco,mh_ffn_project_fast,False,612,610,-2,3400,3400,38,38,17,17,4608,4608,0,0,32,32,40,40
gfx1201,multihead-fast-padded-wave.hsaco,mh_ffn_project_fast_fp8,False,577,575,-2,3172,3172,32,32,17,17,4608,4608,0,0,32,32,40,40
gfx1201,multihead-fast-padded-wave.hsaco,mh_pool_project_fused_c128,False,3437,3435,-2,17616,17616,152,152,21,21,0,0,144,144,32,32,44,44
gfx1201,multihead-fast-padded-wave.hsaco,mh_pool_project_fused_c256,False,3873,3871,-2,20284,20284,192,192,21,21,0,0,272,272,32,32,44,44
gfx1201,multihead-fast-padded-wave.hsaco,mh_pool_project_fused_c64,False,6352,6333,-19,32816,32816,128,128,79,79,0,0,0,0,32,32,44,44
gfx1201,multihead-fast-padded-wave.hsaco,mh_pool_project_group_c128,False,2612,2612,0,13220,13224,146,146,28,28,4352,4352,0,0,32,32,44,44
gfx1201,multihead-fast-padded-wave.hsaco,mh_pool_project_group_c256,False,2286,2285,-1,11544,11544,98,98,28,28,8448,8448,0,0,32,32,44,44
gfx1201,multihead-fast-padded-wave.hsaco,mh_pool_project_group_c64,False,2381,2379,-2,11968,11968,102,102,28,28,2304,2304,0,0,32,32,44,44
gfx1201,multihead-fast-padded-wave.hsaco,mh_pool_project_production,False,1336,1333,-3,6780,6780,47,47,36,36,0,0,0,0,32,32,44,44
gfx1201,multihead-fast-padded-wave.hsaco,mh_pool_project_production_h16w,False,1413,1413,0,7160,7164,62,62,20,20,0,0,0,0,32,32,44,44
gfx1201,multihead-fast-padded-wave.hsaco,mh_probabilities_fast,False,577,577,0,3304,3308,50,50,12,12,0,0,0,0,32,32,24,24
gfx1201,multihead-fast-padded-wave.hsaco,mh_qkv_fast,False,376,374,-2,2028,2028,32,32,16,16,4608,4608,0,0,32,32,32,32
gfx1201,multihead-fast-padded-wave.hsaco,mh_qkv_normalize_fast,False,1116,1114,-2,6536,6536,110,110,11,11,0,0,0,0,32,32,32,32
gfx1201,multihead-fast-padded-wave.hsaco,mh_qkv_normalize_fast_wave,True,396,396,0,2084,2084,9,9,11,11,0,0,0,0,32,32,32,32
gfx1201,multihead-fast-padded-wave.hsaco,mh_qkv_normalize_fast_wave_fp8,True,397,397,0,2076,2076,7,7,11,11,0,0,0,0,32,32,32,32
gfx1201,multihead-fast-padded-wave.hsaco,mh_qkv_normalize_frag_c512,False,1277,1274,-3,7840,7836,124,124,18,18,4420,4420,0,0,32,32,28,28
gfx1201,multihead-fast-padded-wave.hsaco,mh_qkv_normalize_fused,False,2510,2498,-12,14468,14484,45,45,20,20,21760,21760,0,0,32,32,32,32
gfx1201,multihead-fast-padded-wave.hsaco,mh_qkv_normalize_wave_c512,False,1729,1726,-3,10920,10916,233,233,14,14,17680,17680,0,0,32,32,28,28
gfx1201,multihead-fast-padded-wave.hsaco,mh_scores_exp_fast,False,1088,1080,-8,6176,6172,68,68,15,15,0,0,0,0,32,32,36,36
gfx1201,multihead-fast.hsaco,mh_attention_av_fast,False,549,543,-6,2972,2972,52,52,19,19,0,0,0,0,32,32,36,36
gfx1201,multihead-fast.hsaco,mh_attention_project_fast_matrix,False,2636,2633,-3,14140,14144,95,95,51,51,4096,4096,0,0,32,32,44,44
gfx1201,multihead-fast.hsaco,mh_attention_project_fast_scalar,False,1821,1818,-3,9000,9000,38,38,20,20,4096,4096,0,0,32,32,44,44
gfx1201,multihead-fast.hsaco,mh_ffn_contract_fast,False,496,493,-3,2616,2616,30,30,16,16,4096,4096,0,0,32,32,32,32
gfx1201,multihead-fast.hsaco,mh_ffn_contract_fast_pre,False,303,300,-3,1596,1596,30,30,16,16,4096,4096,0,0,32,32,32,32
gfx1201,multihead-fast.hsaco,mh_ffn_contract_fast_rne,False,496,493,-3,2616,2616,30,30,16,16,4096,4096,0,0,32,32,32,32
gfx1201,multihead-fast.hsaco,mh_ffn_contract_fast_rtz,False,496,493,-3,2616,2616,30,30,16,16,4096,4096,0,0,32,32,32,32
gfx1201,multihead-fast.hsaco,mh_ffn_expand_fast,False,580,579,-1,3248,3248,32,32,16,16,4096,4096,0,0,32,32,32,32
gfx1201,multihead-fast.hsaco,mh_ffn_project_fast,False,698,696,-2,3784,3788,38,38,17,17,4096,4096,0,0,32,32,40,40
gfx1201,multihead-fast.hsaco,mh_pool_project_production,False,1432,1429,-3,7260,7260,47,47,36,36,0,0,0,0,32,32,44,44
gfx1201,multihead-fast.hsaco,mh_probabilities_fast,False,692,692,0,3772,3776,50,50,12,12,0,0,0,0,32,32,24,24
gfx1201,multihead-fast.hsaco,mh_qkv_fast,False,370,366,-4,1992,1992,32,32,16,16,4096,4096,0,0,32,32,32,32
gfx1201,multihead-fast.hsaco,mh_qkv_normalize_fast,False,3556,3545,-11,20700,20688,148,148,11,11,0,0,0,0,32,32,32,32
gfx1201,multihead-fast.hsaco,mh_scores_exp_fast,False,1088,1080,-8,6176,6172,68,68,15,15,0,0,0,0,32,32,36,36
gfx1201,multihead-reference.hsaco,mh_attention_av,False,588,588,0,3108,3108,18,18,17,17,0,0,0,0,32,32,36,36
gfx1201,multihead-reference.hsaco,mh_attention_project,True,796,796,0,4528,4528,12,12,15,15,0,0,0,0,32,32,44,44
gfx1201,multihead-reference.hsaco,mh_ffn_contract,False,340,340,0,1860,1864,70,70,13,13,0,0,0,0,32,32,32,32
gfx1201,multihead-reference.hsaco,mh_ffn_expand,True,788,788,0,4484,4484,12,12,12,12,0,0,0,0,32,32,32,32
gfx1201,multihead-reference.hsaco,mh_ffn_project,True,800,800,0,4548,4548,12,12,12,12,0,0,0,0,32,32,40,40
gfx1201,multihead-reference.hsaco,mh_normalize,False,522,522,0,2620,2624,32,32,23,23,0,0,0,0,32,32,32,32
gfx1201,multihead-reference.hsaco,mh_pool,False,279,279,0,1376,1376,12,12,12,12,0,0,0,0,32,32,40,40
gfx1201,multihead-reference.hsaco,mh_pool_project,True,872,872,0,4828,4828,12,12,16,16,0,0,0,0,32,32,44,44
gfx1201,multihead-reference.hsaco,mh_probabilities,False,365,364,-1,2044,2040,37,37,10,10,0,0,0,0,32,32,24,24
gfx1201,multihead-reference.hsaco,mh_qkv,False,709,709,0,4336,4336,13,13,12,12,0,0,0,0,32,32,32,32
gfx1201,multihead-reference.hsaco,mh_scores_exp,False,694,691,-3,4008,4016,75,75,13,13,0,0,0,0,32,32,36,36
gfx1201,multihead-reference.hsaco,mh_shift_crop,False,157,157,0,732,732,6,6,11,11,0,0,0,0,32,32,40,40
gfx1201,multihead-reference.hsaco,mh_shift_pack,False,185,185,0,852,852,6,6,18,18,0,0,0,0,32,32,48,48
gfx1201,multihead-reference.hsaco,mh_split_project,True,786,786,0,4480,4480,12,12,12,12,0,0,0,0,32,32,40,40
gfx1201,multihead-tiled.hsaco,mh_attention_project_tiled,False,1056,1051,-5,5620,5624,42,42,20,20,4096,4096,0,0,32,32,44,44
gfx1201,multihead-tiled.hsaco,mh_dense_tiled_probe,False,989,986,-3,5228,5228,41,41,20,20,4096,4096,0,0,32,32,52,52
gfx1201,multihead-tiled.hsaco,mh_ffn_contract_tiled,False,793,790,-3,4332,4332,35,35,16,16,4096,4096,0,0,32,32,32,32
gfx1201,multihead-tiled.hsaco,mh_ffn_expand_tiled,False,958,957,-1,5260,5260,36,36,16,16,4096,4096,0,0,32,32,32,32
gfx1201,multihead-tiled.hsaco,mh_ffn_project_tiled,False,1013,1011,-2,5544,5548,42,42,17,17,4096,4096,0,0,32,32,40,40
gfx1201,multihead-tiled.hsaco,mh_pool_project_tiled,False,1460,1458,-2,7272,7276,36,36,24,24,4096,4096,0,0,32,32,44,44
gfx1201,multihead-tiled.hsaco,mh_qkv_tiled,False,387,387,0,2096,2096,36,36,16,16,4096,4096,0,0,32,32,32,32
gfx1201,multihead-wmma.hsaco,mh_attention_av_wmma,False,3180,3177,-3,17880,17896,47,47,17,17,0,0,0,0,32,32,36,36
gfx1201,multihead-wmma.hsaco,mh_attention_project_wmma,False,1384,1381,-3,7660,7660,85,85,25,25,0,0,0,0,32,32,44,44
gfx1201,multihead-wmma.hsaco,mh_ffn_contract_wmma,False,1112,1111,-1,6320,6320,77,77,21,21,0,0,0,0,32,32,32,32
gfx1201,multihead-wmma.hsaco,mh_ffn_expand_wmma,False,1256,1254,-2,7116,7116,77,77,15,15,0,0,0,0,32,32,32,32
gfx1201,multihead-wmma.hsaco,mh_ffn_project_wmma,False,1321,1318,-3,7516,7516,85,85,23,23,0,0,0,0,32,32,40,40
gfx1201,multihead-wmma.hsaco,mh_pool_project_wmma,False,1942,1941,-1,9964,9964,77,77,25,25,0,0,0,0,32,32,44,44
gfx1201,multihead-wmma.hsaco,mh_qkv_wmma,False,684,683,-1,4016,4016,77,77,16,16,0,0,0,0,32,32,32,32
gfx1201,multihead-wmma.hsaco,mh_scores_exp_wmma,False,1571,1567,-4,8652,8656,68,68,15,15,0,0,0,0,32,32,36,36
gfx1201,multihead-wmma.hsaco,mh_split_project_wmma,False,1331,1330,-1,7556,7560,85,85,23,23,0,0,0,0,32,32,40,40
gfx1201,multihead_fused_attention.hsaco,c128_attention_project,False,2043,2020,-23,13008,13100,96,96,28,28,17664,17664,0,0,32,32,60,60
gfx1201,multihead_fused_attention.hsaco,c128_attention_project_diag,False,1590,1582,-8,10528,10616,91,91,28,28,17664,17664,0,0,32,32,60,60
gfx1201,multihead_fused_attention.hsaco,c128_attention_project_fb,False,1877,1867,-10,11448,11528,94,94,32,32,17664,17664,0,0,32,32,60,60
gfx1201,multihead_fused_attention.hsaco,c128_attention_project_fb_bout,False,1875,1865,-10,11456,11536,94,94,32,32,17664,17664,0,0,32,32,60,60
gfx1201,multihead_fused_attention.hsaco,c128_attention_project_fb_bout_diag,False,1514,1501,-13,9900,9960,91,91,28,28,17664,17664,0,0,32,32,60,60
gfx1201,multihead_fused_attention.hsaco,c128_attention_project_fb_bout_diag_pdl,False,1610,1597,-13,10352,10412,91,91,28,28,17664,17664,0,0,32,32,92,92
gfx1201,multihead_fused_attention.hsaco,c128_attention_project_fb_diag,False,1496,1488,-8,9840,9920,91,91,28,28,17664,17664,0,0,32,32,60,60
gfx1201,multihead_fused_attention.hsaco,c128_attention_project_fb_diag_pdl,False,1591,1583,-8,10280,10360,91,91,28,28,17664,17664,0,0,32,32,92,92
gfx1201,multihead_fused_attention.hsaco,c256_attention_project,False,2150,2125,-25,13640,13724,120,120,34,34,25856,25856,0,0,32,32,60,60
gfx1201,multihead_fused_attention.hsaco,c256_attention_project_diag,False,1705,1702,-3,11228,11328,122,122,34,34,25856,25856,0,0,32,32,60,60
gfx1201,multihead_fused_attention.hsaco,c256_attention_project_fb,False,1998,1982,-16,12136,12220,120,120,38,38,25856,25856,0,0,32,32,60,60
gfx1201,multihead_fused_attention.hsaco,c256_attention_project_fb_bout,False,1998,1982,-16,12152,12236,120,120,38,38,25856,25856,0,0,32,32,60,60
gfx1201,multihead_fused_attention.hsaco,c256_attention_project_fb_bout_diag,False,1617,1614,-3,10580,10672,122,122,34,34,25856,25856,0,0,32,32,60,60
gfx1201,multihead_fused_attention.hsaco,c256_attention_project_fb_bout_diag_pdl,False,1718,1717,-1,11064,11136,122,122,34,34,25856,25856,0,0,32,32,92,92
gfx1201,multihead_fused_attention.hsaco,c256_attention_project_fb_diag,False,1620,1614,-6,10580,10660,122,122,34,34,25856,25856,0,0,32,32,60,60
gfx1201,multihead_fused_attention.hsaco,c256_attention_project_fb_diag_pdl,False,1721,1720,-1,11060,11132,122,122,34,34,25856,25856,0,0,32,32,92,92
gfx1201,multihead_fused_attention.hsaco,c64_attention_project,False,2001,1976,-25,12640,12760,96,96,28,28,8960,8960,0,0,32,32,60,60
gfx1201,multihead_fused_attention.hsaco,c64_attention_project_diag,False,1554,1529,-25,10232,10276,91,91,28,28,8960,8960,0,0,32,32,60,60
gfx1201,multihead_fused_attention.hsaco,c64_attention_project_fb,False,1832,1822,-10,11128,11208,94,94,32,32,8960,8960,0,0,32,32,60,60
gfx1201,multihead_fused_attention.hsaco,c64_attention_project_fb_bout,False,1831,1821,-10,11140,11220,94,94,32,32,8960,8960,0,0,32,32,60,60
gfx1201,multihead_fused_attention.hsaco,c64_attention_project_fb_bout_diag,False,1454,1444,-10,9560,9624,92,92,28,28,8960,8960,0,0,32,32,60,60
gfx1201,multihead_fused_attention.hsaco,c64_attention_project_fb_bout_diag_pdl,False,1546,1536,-10,9996,10060,92,92,28,28,8960,8960,0,0,32,32,92,92
gfx1201,multihead_fused_attention.hsaco,c64_attention_project_fb_diag,False,1478,1463,-15,9644,9680,91,91,28,28,8960,8960,0,0,32,32,60,60
gfx1201,multihead_fused_attention.hsaco,c64_attention_project_fb_diag_pdl,False,1575,1560,-15,10080,10116,91,91,28,28,8960,8960,0,0,32,32,92,92
gfx1201,multihead_fused_attention.hsaco,c64_attention_project_w16,False,1288,1272,-16,8164,8168,90,90,30,30,22528,22528,0,0,32,32,60,60
gfx1201,multihead_fused_attention.hsaco,mh_attention_fused,False,1476,1458,-18,9548,9584,93,93,18,18,15360,15360,0,0,32,32,36,36
gfx1201,multihead_fused_attention.hsaco,mh_attention_fused_fp8,False,1470,1453,-17,9516,9552,93,93,20,20,15360,15360,0,0,32,32,36,36
gfx1201,multihead_fused_attention.hsaco,mh_attention_fused_fp8_out,False,1469,1451,-18,9608,9644,93,93,20,20,15360,15360,0,0,32,32,36,36
gfx1201,prefix_fast.hsaco,dlss5_prefix_fast_features,True,2499,2499,0,12840,12840,22,22,14,14,0,0,0,0,32,32,40,40
gfx1201,prefix_fast.hsaco,dlss5_prefix_fast_fused,True,4639,4639,0,24004,24004,30,30,23,23,1024,1024,0,0,32,32,48,48
gfx1201,prefix_fast.hsaco,dlss5_prefix_fast_fused_raster,True,4638,4638,0,23996,23996,30,30,23,23,1024,1024,0,0,32,32,48,48
gfx1201,prefix_fast.hsaco,dlss5_prefix_fast_project,True,1362,1362,0,7160,7160,28,28,13,13,0,0,0,0,32,32,28,28
gfx1201,vit-stream.hsaco,decoder_project2x,False,589,588,-1,3192,3192,40,40,25,25,0,0,0,0,32,32,56,56
gfx1201,vit-stream.hsaco,decoder_project2x_h16w,False,5984,5975,-9,32880,32896,64,64,34,34,0,0,0,0,32,32,56,56
gfx1201,vit-stream.hsaco,decoder_project2x_h16w_byteout,False,6017,6010,-7,32980,32996,64,64,34,34,0,0,0,0,32,32,56,56
gfx1201,vit-stream.hsaco,reuse_decide,False,398,397,-1,2028,2028,14,14,17,17,0,0,0,0,32,32,60,60
gfx1201,vit-stream.hsaco,reuse_finish,True,654,654,0,3896,3896,11,11,27,27,0,0,0,0,32,32,84,84
gfx1201,vit-stream.hsaco,reuse_image_commit,True,168,168,0,996,996,5,5,8,8,0,0,0,0,32,32,28,28
gfx1201,vit-stream.hsaco,reuse_image_stats,False,251,248,-3,1364,1372,14,14,22,22,0,0,0,0,32,32,48,48
gfx1201,vit-stream.hsaco,reuse_token_stats,False,218,218,0,1180,1180,14,14,17,17,0,0,0,0,32,32,48,48
gfx1201,vit-stream.hsaco,split_contract,False,198,196,-2,1156,1156,33,33,12,12,0,0,0,0,32,32,28,28
gfx1201,vit-stream.hsaco,split_contract_fp8,False,202,200,-2,1176,1184,31,31,12,12,0,0,0,0,32,32,28,28
gfx1201,vit-stream.hsaco,split_expand,False,238,239,1,1452,1476,33,33,12,12,0,0,0,0,32,32,28,28
gfx1201,vit-stream.hsaco,split_expand_fp8,False,254,248,-6,1556,1552,33,33,12,12,0,0,0,0,32,32,28,28
gfx1201,vit-stream.hsaco,split_ffn_fused,False,1079,1069,-10,6600,6636,59,59,15,15,4160,4160,0,0,32,32,28,28
gfx1201,vit-stream.hsaco,split_ffn_fused_fp8,False,866,856,-10,5660,5680,101,101,11,11,4160,4160,0,0,32,32,28,28
gfx1201,vit-stream.hsaco,split_ffn_fused_fp8_mix,False,960,948,-12,6172,6216,110,110,12,12,6464,6464,0,0,32,32,28,28
gfx1201,vit-stream.hsaco,split_ffn_fused_fp8_t8,False,930,921,-9,6192,6212,111,111,14,14,4160,4160,0,0,32,32,36,36
gfx1201,vit-stream.hsaco,split_mix,True,200,200,0,1160,1160,35,35,11,11,0,0,0,0,32,32,28,28
gfx1201,vit-stream.hsaco,split_mix_blocked,False,526,519,-7,3164,3176,80,80,11,11,0,0,0,0,32,32,28,28
gfx1201,vit-stream.hsaco,split_mix_blocked_h16w,False,518,510,-8,3152,3164,91,91,11,11,0,0,0,0,32,32,28,28
gfx1201,vit-stream.hsaco,split_projection,False,240,239,-1,1488,1488,32,32,12,12,0,0,0,0,32,32,36,36
gfx1201,vit-stream.hsaco,split_projection_blocked,False,681,677,-4,4188,4188,74,74,12,12,0,0,0,0,32,32,36,36
gfx1201,vit-stream.hsaco,split_projection_blocked_t8,False,929,918,-11,5688,5692,75,75,16,16,0,0,0,0,32,32,44,44
gfx1201,vit-stream.hsaco,split_projection_frag,False,930,919,-11,5836,5852,102,102,17,17,0,0,0,0,32,32,44,44
gfx1201,vit-stream.hsaco,vit_attention_av_fast,False,486,479,-7,3068,3064,48,48,17,17,0,0,0,0,32,32,48,48
gfx1201,vit-stream.hsaco,vit_attention_fused_256,False,1238,1228,-10,7912,7920,91,91,16,16,1536,1536,0,0,32,32,32,32
gfx1201,vit-stream.hsaco,vit_attention_fused_256_bytein,False,962,956,-6,5732,5748,75,75,17,17,1536,1536,0,0,32,32,32,32
gfx1201,vit-stream.hsaco,vit_attention_fused_256_bytein_bout,False,977,974,-3,5844,5896,75,75,17,17,1536,1536,0,0,32,32,32,32
gfx1201,vit-stream.hsaco,vit_attention_fused_400,False,1238,1228,-10,7912,7920,91,91,16,16,1536,1536,0,0,32,32,32,32
gfx1201,vit-stream.hsaco,vit_attention_fused_400_bytein,False,962,956,-6,5732,5748,75,75,17,17,1536,1536,0,0,32,32,32,32
gfx1201,vit-stream.hsaco,vit_attention_fused_400_bytein_bout,False,977,974,-3,5844,5896,75,75,17,17,1536,1536,0,0,32,32,32,32
gfx1201,vit-stream.hsaco,vit_attention_fused_640,False,1238,1228,-10,7912,7920,91,91,16,16,1536,1536,0,0,32,32,32,32
gfx1201,vit-stream.hsaco,vit_attention_fused_640_bytein,False,962,956,-6,5732,5748,75,75,17,17,1536,1536,0,0,32,32,32,32
gfx1201,vit-stream.hsaco,vit_attention_fused_640_bytein_bout,False,977,974,-3,5844,5896,75,75,17,17,1536,1536,0,0,32,32,32,32
gfx1201,vit-stream.hsaco,vit_attention_inverse_fast,False,266,258,-8,1588,1584,34,34,10,10,0,0,0,0,32,32,32,32
gfx1201,vit-stream.hsaco,vit_attention_scores_fast,False,772,771,-1,4556,4564,66,66,13,13,0,0,0,0,32,32,32,32
gfx1201,vit-stream.hsaco,vit_contract_blocked_fp8,False,1868,1862,-6,12324,12328,241,241,26,26,0,0,0,0,32,32,56,56
gfx1201,vit-stream.hsaco,vit_contract_blocked_fp8_bstream,False,1936,1927,-9,12732,12760,237,237,26,26,0,0,0,0,32,32,56,56
gfx1201,vit-stream.hsaco,vit_contract_blocked_fp8_frag,False,1090,1084,-6,7260,7280,211,211,12,12,0,0,0,0,32,32,56,56
gfx1201,vit-stream.hsaco,vit_contract_blocked_fp8_hstream,False,1908,1902,-6,12480,12500,241,241,26,26,0,0,0,0,32,32,56,56
gfx1201,vit-stream.hsaco,vit_contract_blocked_fp8_tiled,False,762,756,-6,4708,4720,113,113,14,14,0,0,0,0,32,32,56,56
gfx1201,vit-stream.hsaco,vit_contract_blocked_fp8_tiled_bstream,False,832,826,-6,5152,5168,109,109,14,14,0,0,0,0,32,32,56,56
gfx1201,vit-stream.hsaco,vit_contract_blocked_fp8_tiled_hstream,False,809,806,-3,4924,4932,112,112,14,14,0,0,0,0,32,32,56,56
gfx1201,vit-stream.hsaco,vit_contract_combine,True,97,97,0,560,560,14,14,11,11,0,0,0,0,32,32,48,48
gfx1201,vit-stream.hsaco,vit_contract_parts_blocked_fp8,False,198,197,-1,1352,1352,48,48,14,14,0,0,0,0,32,32,40,40
gfx1201,vit-stream.hsaco,vit_contract_parts_blocked_fp8_tiled,False,281,281,0,1968,1968,70,70,14,14,0,0,0,0,32,32,40,40
gfx1201,vit-stream.hsaco,vit_contract_parts_fp8,False,159,158,-1,876,876,23,23,14,14,0,0,0,0,32,32,40,40
gfx1201,vit-stream.hsaco,vit_expand,False,355,351,-4,2200,2212,32,32,14,14,0,0,0,0,32,32,48,48
gfx1201,vit-stream.hsaco,vit_expand_blocked_fp8,False,810,789,-21,5244,5272,69,69,14,14,0,0,0,0,32,32,48,48
gfx1201,vit-stream.hsaco,vit_expand_blocked_fp8_bytein,False,723,710,-13,4592,4600,55,55,14,14,0,0,0,0,32,32,48,48
gfx1201,vit-stream.hsaco,vit_expand_blocked_fp8_frag_bytein,False,1368,1337,-31,8968,9044,77,77,25,25,0,0,0,0,32,32,48,48
gfx1201,vit-stream.hsaco,vit_expand_blocked_fp8_frag_bytein_m2,False,1336,1308,-28,8704,8800,86,86,25,25,0,0,0,0,32,32,48,48
gfx1201,vit-stream.hsaco,vit_expand_blocked_fp8_frag_bytein_m4,False,2598,2540,-58,16992,17144,154,154,30,30,0,0,0,0,32,32,48,48
gfx1201,vit-stream.hsaco,vit_expand_blocked_fp8_frag_tiledin,False,713,700,-13,4580,4628,46,46,25,25,0,0,0,0,32,32,48,48
gfx1201,vit-stream.hsaco,vit_expand_blocked_fp8_tiled,False,886,864,-22,5812,5824,94,94,23,23,0,0,0,0,32,32,48,48
gfx1201,vit-stream.hsaco,vit_expand_blocked_fp8_tiled_bytein,False,781,769,-12,5132,5188,73,73,22,22,0,0,0,0,32,32,48,48
gfx1201,vit-stream.hsaco,vit_expand_blocked_fp8_tiled_bytein_m4,False,2668,2611,-57,17536,17688,153,153,27,27,0,0,0,0,32,32,48,48
gfx1201,vit-stream.hsaco,vit_expand_fp8,False,350,344,-6,2156,2156,32,32,14,14,0,0,0,0,32,32,48,48
gfx1201,vit-stream.hsaco,vit_ffn_fused,False,1492,1477,-15,9728,9800,161,161,14,14,16640,16640,0,0,32,32,56,56
gfx1201,vit-stream.hsaco,vit_pack_input,False,57,57,0,340,340,7,7,7,7,0,0,0,0,32,32,32,32
gfx1201,vit-stream.hsaco,vit_pack_input_tiled,False,57,56,-1,352,352,10,10,7,7,0,0,0,0,32,32,32,32
gfx1201,vit-stream.hsaco,vit_project,False,1287,1257,-30,8200,8224,77,77,20,20,0,0,0,0,32,32,56,56
gfx1201,vit-stream.hsaco,vit_project_bytein_bout,True,597,597,0,4136,4136,98,98,14,14,0,0,0,0,32,32,56,56
gfx1201,vit-stream.hsaco,vit_project_bytein_bout_hskip,True,605,605,0,4180,4180,99,99,14,14,0,0,0,0,32,32,56,56
gfx1201,vit-stream.hsaco,vit_project_fp8,False,1327,1318,-9,8408,8400,90,90,20,20,0,0,0,0,32,32,56,56
gfx1201,vit-stream.hsaco,vit_project_frag,False,1861,1835,-26,11744,11768,79,79,34,34,0,0,0,0,32,32,56,56
gfx1201,vit-stream.hsaco,vit_qkv_normalize,False,478,478,0,2724,2724,31,31,18,18,0,0,0,0,32,32,40,40
gfx1201,vit-stream.hsaco,vit_qkv_project,False,221,220,-1,1228,1232,32,32,14,14,0,0,0,0,32,32,40,40
gfx1201,vit-stream.hsaco,vit_qkv_project_blocked,False,227,227,0,1384,1388,48,48,13,13,0,0,0,0,32,32,40,40
gfx1201,vit-stream.hsaco,vit_qkv_project_normalize_fused,False,958,958,0,5320,5320,50,50,18,18,2112,2112,0,0,32,32,40,40
gfx1201,vit-stream.hsaco,vit_qkv_project_normalize_fused_f16compact,False,957,957,0,5364,5364,58,58,22,22,2112,2112,0,0,32,32,40,40
gfx1201,vit-stream.hsaco,vit_qkv_project_normalize_fused_f16compact_fp8,False,767,767,0,4352,4352,58,58,22,22,2112,2112,0,0,32,32,40,40
gfx1201,vit-stream.hsaco,vit_qkv_project_normalize_fused_f16compact_fp8_bytein,False,818,818,0,4680,4684,91,91,22,22,2112,2112,0,0,32,32,40,40
gfx1201,vit-stream.hsaco,vit_qkv_project_normalize_fused_f16compact_fp8_frag,False,767,766,-1,4348,4348,58,58,22,22,2112,2112,0,0,32,32,40,40
gfx1201,vit-stream.hsaco,vit_qkv_project_normalize_fused_f16compact_fp8_h16in,False,1198,1198,0,7908,7908,95,95,22,22,2112,2112,0,0,32,32,40,40
gfx1201,vit-stream.hsaco,vit_qkv_project_normalize_fused_f16compact_fp8_h16in_n4,False,1408,1408,0,8264,8264,192,192,22,22,4160,4160,0,0,32,32,40,40
gfx1201,vit-stream.hsaco,vit_qkv_project_normalize_fused_f16weight,False,960,960,0,5380,5380,58,58,22,22,2112,2112,0,0,32,32,40,40
gfx1201,vit-stream.hsaco,vit_stream_contract_frag_hout,False,1125,1106,-19,7360,7356,211,211,12,12,0,0,0,0,32,32,56,56
gfx1201,vit-stream.hsaco,vit_stream_project_n64_b,False,781,771,-10,4824,4828,136,136,12,12,0,0,0,0,32,32,56,56
gfx1201,vit-stream.hsaco,vit_stream_project_n64_bh,False,792,785,-7,4916,4948,136,136,12,12,0,0,0,0,32,32,56,56
gfx1201,vit-stream.hsaco,vit_stream_project_n64_h,False,1729,1701,-28,11992,12096,180,180,14,14,0,0,0,0,32,32,56,56
gfx1201,vit-stream.hsaco,vit_stream_qkv_frag_hin,False,786,786,0,4548,4548,94,94,18,18,2112,2112,0,0,32,32,40,40
gfx1201,vit-wide-deep.hsaco,decoder_project2x,False,589,588,-1,3192,3192,40,40,25,25,0,0,0,0,32,32,56,56
gfx1201,vit-wide-deep.hsaco,decoder_project2x_h16w,False,5984,5975,-9,32880,32896,64,64,34,34,0,0,0,0,32,32,56,56
gfx1201,vit-wide-deep.hsaco,decoder_project2x_h16w_byteout,False,6017,6010,-7,32980,32996,64,64,34,34,0,0,0,0,32,32,56,56
gfx1201,vit-wide-deep.hsaco,reuse_decide,False,398,397,-1,2028,2028,14,14,17,17,0,0,0,0,32,32,60,60
gfx1201,vit-wide-deep.hsaco,reuse_finish,True,654,654,0,3896,3896,11,11,27,27,0,0,0,0,32,32,84,84
gfx1201,vit-wide-deep.hsaco,reuse_image_commit,True,168,168,0,996,996,5,5,8,8,0,0,0,0,32,32,28,28
gfx1201,vit-wide-deep.hsaco,reuse_image_stats,False,251,248,-3,1364,1372,14,14,22,22,0,0,0,0,32,32,48,48
gfx1201,vit-wide-deep.hsaco,reuse_token_stats,False,218,218,0,1180,1180,14,14,17,17,0,0,0,0,32,32,48,48
gfx1201,vit-wide-deep.hsaco,split_contract,False,198,196,-2,1156,1156,33,33,12,12,0,0,0,0,32,32,28,28
gfx1201,vit-wide-deep.hsaco,split_contract_fp8,False,202,200,-2,1176,1184,31,31,12,12,0,0,0,0,32,32,28,28
gfx1201,vit-wide-deep.hsaco,split_expand,False,238,239,1,1452,1476,33,33,12,12,0,0,0,0,32,32,28,28
gfx1201,vit-wide-deep.hsaco,split_expand_fp8,False,254,248,-6,1556,1552,33,33,12,12,0,0,0,0,32,32,28,28
gfx1201,vit-wide-deep.hsaco,split_ffn_fused,False,1079,1069,-10,6600,6636,59,59,15,15,4160,4160,0,0,32,32,28,28
gfx1201,vit-wide-deep.hsaco,split_ffn_fused_fp8,False,866,856,-10,5660,5680,101,101,11,11,4160,4160,0,0,32,32,28,28
gfx1201,vit-wide-deep.hsaco,split_ffn_fused_fp8_mix,False,960,948,-12,6172,6216,110,110,12,12,6464,6464,0,0,32,32,28,28
gfx1201,vit-wide-deep.hsaco,split_ffn_fused_fp8_t8,False,930,921,-9,6192,6212,111,111,14,14,4160,4160,0,0,32,32,36,36
gfx1201,vit-wide-deep.hsaco,split_mix,True,200,200,0,1160,1160,35,35,11,11,0,0,0,0,32,32,28,28
gfx1201,vit-wide-deep.hsaco,split_mix_blocked,False,526,519,-7,3164,3176,80,80,11,11,0,0,0,0,32,32,28,28
gfx1201,vit-wide-deep.hsaco,split_mix_blocked_h16w,False,518,510,-8,3152,3164,91,91,11,11,0,0,0,0,32,32,28,28
gfx1201,vit-wide-deep.hsaco,split_projection,False,240,239,-1,1488,1488,32,32,12,12,0,0,0,0,32,32,36,36
gfx1201,vit-wide-deep.hsaco,split_projection_blocked,False,681,677,-4,4188,4188,74,74,12,12,0,0,0,0,32,32,36,36
gfx1201,vit-wide-deep.hsaco,split_projection_blocked_t8,False,929,918,-11,5688,5692,75,75,16,16,0,0,0,0,32,32,44,44
gfx1201,vit-wide-deep.hsaco,split_projection_frag,False,930,919,-11,5836,5852,102,102,17,17,0,0,0,0,32,32,44,44
gfx1201,vit-wide-deep.hsaco,vit_attention_av_fast,False,486,479,-7,3068,3064,48,48,17,17,0,0,0,0,32,32,48,48
gfx1201,vit-wide-deep.hsaco,vit_attention_fused_256,False,1238,1228,-10,7912,7920,91,91,16,16,1536,1536,0,0,32,32,32,32
gfx1201,vit-wide-deep.hsaco,vit_attention_fused_256_bytein,False,962,956,-6,5732,5748,75,75,17,17,1536,1536,0,0,32,32,32,32
gfx1201,vit-wide-deep.hsaco,vit_attention_fused_256_bytein_bout,False,977,974,-3,5844,5896,75,75,17,17,1536,1536,0,0,32,32,32,32
gfx1201,vit-wide-deep.hsaco,vit_attention_fused_400,False,1238,1228,-10,7912,7920,91,91,16,16,1536,1536,0,0,32,32,32,32
gfx1201,vit-wide-deep.hsaco,vit_attention_fused_400_bytein,False,962,956,-6,5732,5748,75,75,17,17,1536,1536,0,0,32,32,32,32
gfx1201,vit-wide-deep.hsaco,vit_attention_fused_400_bytein_bout,False,977,974,-3,5844,5896,75,75,17,17,1536,1536,0,0,32,32,32,32
gfx1201,vit-wide-deep.hsaco,vit_attention_fused_640,False,1238,1228,-10,7912,7920,91,91,16,16,1536,1536,0,0,32,32,32,32
gfx1201,vit-wide-deep.hsaco,vit_attention_fused_640_bytein,False,962,956,-6,5732,5748,75,75,17,17,1536,1536,0,0,32,32,32,32
gfx1201,vit-wide-deep.hsaco,vit_attention_fused_640_bytein_bout,False,977,974,-3,5844,5896,75,75,17,17,1536,1536,0,0,32,32,32,32
gfx1201,vit-wide-deep.hsaco,vit_attention_inverse_fast,False,266,258,-8,1588,1584,34,34,10,10,0,0,0,0,32,32,32,32
gfx1201,vit-wide-deep.hsaco,vit_attention_scores_fast,False,772,771,-1,4556,4564,66,66,13,13,0,0,0,0,32,32,32,32
gfx1201,vit-wide-deep.hsaco,vit_contract_blocked_fp8,False,1868,1862,-6,12324,12328,241,241,26,26,0,0,0,0,32,32,56,56
gfx1201,vit-wide-deep.hsaco,vit_contract_blocked_fp8_bstream,False,1936,1927,-9,12732,12760,237,237,26,26,0,0,0,0,32,32,56,56
gfx1201,vit-wide-deep.hsaco,vit_contract_blocked_fp8_frag,False,1090,1084,-6,7260,7280,211,211,12,12,0,0,0,0,32,32,56,56
gfx1201,vit-wide-deep.hsaco,vit_contract_blocked_fp8_hstream,False,1908,1902,-6,12480,12500,241,241,26,26,0,0,0,0,32,32,56,56
gfx1201,vit-wide-deep.hsaco,vit_contract_blocked_fp8_tiled,False,762,756,-6,4708,4720,113,113,14,14,0,0,0,0,32,32,56,56
gfx1201,vit-wide-deep.hsaco,vit_contract_blocked_fp8_tiled_bstream,False,832,826,-6,5152,5168,109,109,14,14,0,0,0,0,32,32,56,56
gfx1201,vit-wide-deep.hsaco,vit_contract_blocked_fp8_tiled_hstream,False,809,806,-3,4924,4932,112,112,14,14,0,0,0,0,32,32,56,56
gfx1201,vit-wide-deep.hsaco,vit_contract_combine,True,97,97,0,560,560,14,14,11,11,0,0,0,0,32,32,48,48
gfx1201,vit-wide-deep.hsaco,vit_contract_parts_blocked_fp8,False,198,197,-1,1352,1352,48,48,14,14,0,0,0,0,32,32,40,40
gfx1201,vit-wide-deep.hsaco,vit_contract_parts_blocked_fp8_tiled,False,281,281,0,1968,1968,70,70,14,14,0,0,0,0,32,32,40,40
gfx1201,vit-wide-deep.hsaco,vit_contract_parts_fp8,False,159,158,-1,876,876,23,23,14,14,0,0,0,0,32,32,40,40
gfx1201,vit-wide-deep.hsaco,vit_expand,False,355,351,-4,2200,2212,32,32,14,14,0,0,0,0,32,32,48,48
gfx1201,vit-wide-deep.hsaco,vit_expand_blocked_fp8,False,810,789,-21,5244,5272,69,69,14,14,0,0,0,0,32,32,48,48
gfx1201,vit-wide-deep.hsaco,vit_expand_blocked_fp8_bytein,False,723,710,-13,4592,4600,55,55,14,14,0,0,0,0,32,32,48,48
gfx1201,vit-wide-deep.hsaco,vit_expand_blocked_fp8_frag_bytein,False,1368,1337,-31,8968,9044,77,77,25,25,0,0,0,0,32,32,48,48
gfx1201,vit-wide-deep.hsaco,vit_expand_blocked_fp8_frag_bytein_m2,False,1336,1308,-28,8704,8800,86,86,25,25,0,0,0,0,32,32,48,48
gfx1201,vit-wide-deep.hsaco,vit_expand_blocked_fp8_frag_bytein_m4,False,2598,2540,-58,16992,17144,154,154,30,30,0,0,0,0,32,32,48,48
gfx1201,vit-wide-deep.hsaco,vit_expand_blocked_fp8_frag_tiledin,False,713,700,-13,4580,4628,46,46,25,25,0,0,0,0,32,32,48,48
gfx1201,vit-wide-deep.hsaco,vit_expand_blocked_fp8_tiled,False,886,864,-22,5812,5824,94,94,23,23,0,0,0,0,32,32,48,48
gfx1201,vit-wide-deep.hsaco,vit_expand_blocked_fp8_tiled_bytein,False,781,769,-12,5132,5188,73,73,22,22,0,0,0,0,32,32,48,48
gfx1201,vit-wide-deep.hsaco,vit_expand_blocked_fp8_tiled_bytein_m4,False,2668,2611,-57,17536,17688,153,153,27,27,0,0,0,0,32,32,48,48
gfx1201,vit-wide-deep.hsaco,vit_expand_fp8,False,350,344,-6,2156,2156,32,32,14,14,0,0,0,0,32,32,48,48
gfx1201,vit-wide-deep.hsaco,vit_ffn_fused,False,1492,1477,-15,9728,9800,161,161,14,14,16640,16640,0,0,32,32,56,56
gfx1201,vit-wide-deep.hsaco,vit_pack_input,False,57,57,0,340,340,7,7,7,7,0,0,0,0,32,32,32,32
gfx1201,vit-wide-deep.hsaco,vit_pack_input_tiled,False,57,56,-1,352,352,10,10,7,7,0,0,0,0,32,32,32,32
gfx1201,vit-wide-deep.hsaco,vit_project,False,1287,1257,-30,8200,8224,77,77,20,20,0,0,0,0,32,32,56,56
gfx1201,vit-wide-deep.hsaco,vit_project_bytein_bout,True,597,597,0,4136,4136,98,98,14,14,0,0,0,0,32,32,56,56
gfx1201,vit-wide-deep.hsaco,vit_project_bytein_bout_hskip,True,605,605,0,4180,4180,99,99,14,14,0,0,0,0,32,32,56,56
gfx1201,vit-wide-deep.hsaco,vit_project_fp8,False,1327,1318,-9,8408,8400,90,90,20,20,0,0,0,0,32,32,56,56
gfx1201,vit-wide-deep.hsaco,vit_project_frag,False,1861,1835,-26,11744,11768,79,79,34,34,0,0,0,0,32,32,56,56
gfx1201,vit-wide-deep.hsaco,vit_project_frag_n64,False,1710,1680,-30,11852,11940,180,180,14,14,0,0,0,0,32,32,56,56
gfx1201,vit-wide-deep.hsaco,vit_qkv_normalize,False,478,478,0,2724,2724,31,31,18,18,0,0,0,0,32,32,40,40
gfx1201,vit-wide-deep.hsaco,vit_qkv_project,False,221,220,-1,1228,1232,32,32,14,14,0,0,0,0,32,32,40,40
gfx1201,vit-wide-deep.hsaco,vit_qkv_project_blocked,False,227,227,0,1384,1388,48,48,13,13,0,0,0,0,32,32,40,40
gfx1201,vit-wide-deep.hsaco,vit_qkv_project_normalize_fused,False,958,958,0,5320,5320,50,50,18,18,2112,2112,0,0,32,32,40,40
gfx1201,vit-wide-deep.hsaco,vit_qkv_project_normalize_fused_f16compact,False,957,957,0,5364,5364,58,58,22,22,2112,2112,0,0,32,32,40,40
gfx1201,vit-wide-deep.hsaco,vit_qkv_project_normalize_fused_f16compact_fp8,False,767,767,0,4352,4352,58,58,22,22,2112,2112,0,0,32,32,40,40
gfx1201,vit-wide-deep.hsaco,vit_qkv_project_normalize_fused_f16compact_fp8_bytein,False,818,818,0,4680,4684,91,91,22,22,2112,2112,0,0,32,32,40,40
gfx1201,vit-wide-deep.hsaco,vit_qkv_project_normalize_fused_f16compact_fp8_frag,False,767,766,-1,4348,4348,58,58,22,22,2112,2112,0,0,32,32,40,40
gfx1201,vit-wide-deep.hsaco,vit_qkv_project_normalize_fused_f16compact_fp8_h16in,False,1198,1198,0,7908,7908,95,95,22,22,2112,2112,0,0,32,32,40,40
gfx1201,vit-wide-deep.hsaco,vit_qkv_project_normalize_fused_f16compact_fp8_h16in_n4,False,1408,1408,0,8264,8264,192,192,22,22,4160,4160,0,0,32,32,40,40
gfx1201,vit-wide-deep.hsaco,vit_qkv_project_normalize_fused_f16weight,False,960,960,0,5380,5380,58,58,22,22,2112,2112,0,0,32,32,40,40
gfx1201,wave-pointwise.hsaco,c32_attn_av,False,245,245,0,1516,1516,73,73,11,11,0,0,0,0,32,32,28,28
gfx1201,wave-pointwise.hsaco,c32_attn_normalize,True,440,440,0,2256,2256,31,31,26,26,0,0,0,0,32,32,28,28
gfx1201,wave-pointwise.hsaco,c32_attn_normalize_wave,True,716,716,0,3692,3692,16,16,18,18,0,0,0,0,32,32,28,28
gfx1201,wave-pointwise.hsaco,c32_attn_probabilities,False,333,332,-1,1896,1892,37,37,10,10,0,0,0,0,32,32,20,20
gfx1201,wave-pointwise.hsaco,c32_attn_probabilities_wave,True,238,238,0,1304,1304,15,15,9,9,0,0,0,0,32,32,20,20
gfx1201,wave-pointwise.hsaco,c32_attn_project,False,227,223,-4,1296,1292,71,71,12,12,0,0,0,0,32,32,40,40
gfx1201,wave-pointwise.hsaco,c32_attn_qkv,True,282,282,0,1504,1504,17,17,12,12,0,0,0,0,32,32,28,28
gfx1201,wave-pointwise.hsaco,c32_attn_scores,True,261,261,0,1432,1432,68,68,10,10,0,0,0,0,32,32,28,28
gfx1201,wave-pointwise.hsaco,c32_ffn_contract,True,210,210,0,1216,1216,71,71,12,12,0,0,0,0,32,32,40,40
gfx1201,wave-pointwise.hsaco,c32_ffn_expand,False,248,246,-2,1368,1364,16,16,12,12,0,0,0,0,32,32,28,28
gfx1201,wave-pointwise.hsaco,c32_finish,True,258,258,0,1384,1384,16,16,14,14,0,0,0,0,32,32,32,32
gfx1201,wave-pointwise.hsaco,mh_normalize_wave,True,774,774,0,3964,3964,16,16,19,19,0,0,0,0,32,32,32,32
gfx1201,wave-pointwise.hsaco,mh_probabilities_wave,True,240,240,0,1312,1312,15,15,9,9,0,0,0,0,32,32,24,24
gfx1200,boundary-fast.hsaco,c32_fast_av,False,332,330,-2,2084,2080,45,45,12,12,0,0,0,0,32,32,28,28
gfx1200,boundary-fast.hsaco,c32_fast_normalize,True,499,499,0,2808,2808,31,31,18,18,0,0,0,0,32,32,28,28
gfx1200,boundary-fast.hsaco,c32_fast_probabilities,True,473,473,0,2680,2680,48,48,10,10,0,0,0,0,32,32,20,20
gfx1200,boundary-fast.hsaco,c32_fast_project,False,510,508,-2,3228,3228,72,72,13,13,0,0,0,0,32,32,40,40
gfx1200,boundary-fast.hsaco,c32_fast_qkv,False,269,265,-4,1984,1984,81,81,13,13,0,0,0,0,32,32,28,28
gfx1200,boundary-fast.hsaco,c32_fast_scores,False,701,702,1,4288,4292,66,66,13,13,0,0,0,0,32,32,28,28
gfx1200,boundary-fast.hsaco,c32_finish_crop_half,True,271,271,0,1372,1372,13,13,16,16,0,0,0,0,32,32,48,48
gfx1200,boundary-fast.hsaco,c32_finish_fast,True,206,206,0,1092,1092,13,13,12,12,0,0,0,0,32,32,32,32
gfx1200,boundary-fast.hsaco,c32_finish_fast_half,True,215,215,0,1124,1124,13,13,12,12,0,0,0,0,32,32,32,32
gfx1200,boundary-fast.hsaco,c32_finish_fast_half_main8,True,214,214,0,1136,1136,14,14,12,12,0,0,0,0,32,32,32,32
gfx1200,boundary-fast.hsaco,hip_post_head_fast,False,200,199,-1,1128,1128,69,69,12,12,0,0,0,0,32,32,56,56
gfx1200,boundary-fast.hsaco,hip_post_head_fast_half,False,252,250,-2,1300,1300,53,53,12,12,0,0,0,0,32,32,56,56
gfx1200,boundary-fast.hsaco,hip_post_merge_fast,True,87,87,0,460,460,7,7,12,12,0,0,0,0,32,32,40,40
gfx1200,boundary-fast.hsaco,hip_post_merge_fast_skip8,True,86,86,0,444,444,7,7,14,14,0,0,0,0,32,32,40,40
gfx1200,boundary_reference.hsaco,hip_c32_pack,True,92,92,0,468,468,7,7,14,14,0,0,0,0,32,32,40,40
gfx1200,boundary_reference.hsaco,hip_crop,False,123,123,0,600,600,8,8,13,13,0,0,0,0,32,32,44,44
gfx1200,boundary_reference.hsaco,hip_input_reflect,False,181,180,-1,928,928,9,9,14,14,0,0,0,0,32,32,40,40
gfx1200,boundary_reference.hsaco,hip_post_head_exact,False,910,911,1,5036,5044,27,27,17,17,0,0,0,0,32,32,56,56
gfx1200,boundary_reference.hsaco,hip_post_merge,True,87,87,0,460,460,7,7,12,12,0,0,0,0,32,32,40,40
gfx1200,c32-wave1.hsaco,c32_fast_ffn_attention_fused,False,2650,2626,-24,18324,18332,192,192,15,15,15360,15360,0,0,32,32,44,44
gfx1200,c32-wave1.hsaco,c32_fast_ffn_attention_fused_half,False,3047,3030,-17,20748,20796,190,190,15,15,15360,15360,0,0,32,32,44,44
gfx1200,c32-wave1.hsaco,c32_fast_ffn_attention_fused_half_chain,False,3646,3636,-10,23420,23444,177,177,32,32,15360,15360,0,0,32,32,72,72
gfx1200,c32-wave1.hsaco,c32_fast_ffn_attention_fused_half_chain_finish,False,3794,3774,-20,23948,23956,178,178,38,38,15360,15360,0,0,32,32,80,80
gfx1200,c32-wave1.hsaco,c32_fast_ffn_attention_fused_half_chain_finish_dcrop,False,3901,3881,-20,24440,24448,178,178,39,39,15360,15360,0,0,32,32,80,80
gfx1200,c32-wave1.hsaco,c32_fast_ffn_attention_fused_half_finish_main8,False,3191,3169,-22,21332,21348,191,191,29,29,15360,15360,0,0,32,32,60,60
gfx1200,c32-wave1.hsaco,c32_fast_ffn_attention_fused_half_mapped,False,3241,3219,-22,21588,21592,190,190,18,18,15360,15360,0,0,32,32,60,60
gfx1200,c32-wave1.hsaco,c32_fast_ffn_attention_fused_half_prefix_finish_main8,False,3485,3470,-15,22664,22688,179,179,29,29,15360,15360,0,0,32,32,76,76
gfx1200,c32-wave1.hsaco,c32_post_merge_fused_half,False,2688,2669,-19,18568,18588,182,182,14,14,15360,15360,0,0,32,32,68,68
gfx1200,c32-wave1.hsaco,c32_post_merge_head_half,False,2872,2857,-15,19304,19324,184,184,86,86,15360,15360,0,0,32,32,88,88
gfx1200,c32-wave1.hsaco,c32_wave1_chain,False,1045,1033,-12,7144,7156,134,134,26,26,4096,4096,0,0,32,32,72,72
gfx1200,c32-wave1.hsaco,c32_wave1_finish,False,2527,2509,-18,14988,15024,131,131,30,30,4096,4096,0,0,32,32,80,80
gfx1200,c32-wave1.hsaco,c32_wave1_finish_dcrop,False,2017,2003,-14,12172,12200,131,131,30,30,4096,4096,0,0,32,32,80,80
gfx1200,c32-wave1.hsaco,c32_wave1_mapped,False,1103,1090,-13,7548,7556,133,133,25,25,4096,4096,0,0,32,32,60,60
gfx1200,c32-wave1.hsaco,c32_wave1_post,False,1612,1609,-3,10288,10308,132,132,38,38,4096,4096,0,0,32,32,88,88
gfx1200,c32-wave1.hsaco,c32_wave1_prefix,False,1975,1968,-7,12284,12304,129,129,32,32,4096,4096,0,0,32,32,76,76
gfx1200,c32-wave1.hsaco,c32_wave1_up,False,1838,1829,-9,11800,11804,154,154,26,26,4096,4096,0,0,32,32,68,68
gfx1200,c32_fast.hsaco,c32_ffn_contract_fast,True,2123,2123,0,11600,11600,39,39,25,25,3072,3072,0,0,32,32,40,40
gfx1200,c32_fast.hsaco,c32_ffn_contract_fast_map3,True,2647,2647,0,14460,14460,33,33,20,20,3072,3072,0,0,32,32,40,40
gfx1200,c32_fast.hsaco,c32_ffn_expand_fast,False,767,766,-1,4332,4332,20,20,13,13,4096,4096,0,0,32,32,28,28
gfx1200,c32_fast_attention.hsaco,c32_fast_av,False,332,330,-2,2084,2080,45,45,12,12,0,0,0,0,32,32,28,28
gfx1200,c32_fast_attention.hsaco,c32_fast_normalize,True,499,499,0,2808,2808,31,31,18,18,0,0,0,0,32,32,28,28
gfx1200,c32_fast_attention.hsaco,c32_fast_probabilities,True,473,473,0,2680,2680,48,48,10,10,0,0,0,0,32,32,20,20
gfx1200,c32_fast_attention.hsaco,c32_fast_project,False,510,508,-2,3228,3228,72,72,13,13,0,0,0,0,32,32,40,40
gfx1200,c32_fast_attention.hsaco,c32_fast_qkv,False,269,265,-4,1984,1984,81,81,13,13,0,0,0,0,32,32,28,28
gfx1200,c32_fast_attention.hsaco,c32_fast_scores,False,701,702,1,4288,4292,66,66,13,13,0,0,0,0,32,32,28,28
gfx1200,c32_fused_attention.hsaco,c32_fast_attention_fused,False,5559,5525,-34,35024,35044,121,121,18,18,15360,15360,0,0,32,32,32,32
gfx1200,c32_fused_ffn_attention-packed.hsaco,c32_fast_ffn_attention_fused,False,2650,2626,-24,18324,18332,192,192,15,15,15360,15360,0,0,32,32,44,44
gfx1200,c32_fused_ffn_attention-packed.hsaco,c32_fast_ffn_attention_fused_half,False,3047,3030,-17,20748,20796,190,190,15,15,15360,15360,0,0,32,32,44,44
gfx1200,c32_fused_ffn_attention-packed.hsaco,c32_fast_ffn_attention_fused_half_chain,False,3646,3636,-10,23420,23444,177,177,32,32,15360,15360,0,0,32,32,72,72
gfx1200,c32_fused_ffn_attention-packed.hsaco,c32_fast_ffn_attention_fused_half_chain_finish,False,3794,3774,-20,23948,23956,178,178,38,38,15360,15360,0,0,32,32,80,80
gfx1200,c32_fused_ffn_attention-packed.hsaco,c32_fast_ffn_attention_fused_half_chain_finish_dcrop,False,3901,3881,-20,24440,24448,178,178,39,39,15360,15360,0,0,32,32,80,80
gfx1200,c32_fused_ffn_attention-packed.hsaco,c32_fast_ffn_attention_fused_half_finish_main8,False,3191,3169,-22,21332,21348,191,191,29,29,15360,15360,0,0,32,32,60,60
gfx1200,c32_fused_ffn_attention-packed.hsaco,c32_fast_ffn_attention_fused_half_mapped,False,3241,3219,-22,21588,21592,190,190,18,18,15360,15360,0,0,32,32,60,60
gfx1200,c32_fused_ffn_attention-packed.hsaco,c32_fast_ffn_attention_fused_half_prefix_finish_main8,False,3485,3470,-15,22664,22688,179,179,29,29,15360,15360,0,0,32,32,76,76
gfx1200,c32_fused_ffn_attention-packed.hsaco,c32_post_merge_fused_half,False,2688,2669,-19,18568,18588,182,182,14,14,15360,15360,0,0,32,32,68,68
gfx1200,c32_fused_ffn_attention-packed.hsaco,c32_post_merge_head_half,False,2872,2857,-15,19304,19324,184,184,86,86,15360,15360,0,0,32,32,88,88
gfx1200,c32_fused_ffn_attention.hsaco,c32_fast_ffn_attention_fused,False,3478,3448,-30,25196,25240,159,159,15,15,15360,15360,0,0,32,32,44,44
gfx1200,c32_fused_ffn_attention.hsaco,c32_fast_ffn_attention_fused_half,False,3921,3880,-41,27688,27700,159,159,15,15,15360,15360,0,0,32,32,44,44
gfx1200,c32_fused_ffn_attention.hsaco,c32_fast_ffn_attention_fused_half_chain,False,4478,4456,-22,30192,30224,139,139,32,32,15360,15360,0,0,32,32,72,72
gfx1200,c32_fused_ffn_attention.hsaco,c32_fast_ffn_attention_fused_half_chain_finish,False,4636,4617,-19,30772,30864,140,140,38,38,15360,15360,0,0,32,32,80,80
gfx1200,c32_fused_ffn_attention.hsaco,c32_fast_ffn_attention_fused_half_chain_finish_dcrop,False,4744,4725,-19,31268,31360,140,140,39,39,15360,15360,0,0,32,32,80,80
gfx1200,c32_fused_ffn_attention.hsaco,c32_fast_ffn_attention_fused_half_finish_main8,False,4072,4042,-30,28396,28452,161,161,29,29,15360,15360,0,0,32,32,60,60
gfx1200,c32_fused_ffn_attention.hsaco,c32_fast_ffn_attention_fused_half_mapped,False,4098,4043,-55,28460,28452,159,159,18,18,15360,15360,0,0,32,32,60,60
gfx1200,c32_fused_ffn_attention.hsaco,c32_fast_ffn_attention_fused_half_prefix_finish_main8,False,4327,4291,-36,29496,29544,142,142,29,29,15360,15360,0,0,32,32,76,76
gfx1200,c32_fused_ffn_attention.hsaco,c32_post_merge_fused_half,False,3392,3352,-40,24320,24372,145,145,14,14,15360,15360,0,0,32,32,68,68
gfx1200,c32_fused_ffn_attention.hsaco,c32_post_merge_head_half,False,3632,3602,-30,25224,25300,146,146,86,86,15360,15360,0,0,32,32,88,88
gfx1200,c32_prefix_reference.hsaco,c32_attn_av,False,245,245,0,1516,1516,73,73,11,11,0,0,0,0,32,32,28,28
gfx1200,c32_prefix_reference.hsaco,c32_attn_normalize,True,440,440,0,2256,2256,31,31,26,26,0,0,0,0,32,32,28,28
gfx1200,c32_prefix_reference.hsaco,c32_attn_probabilities,False,333,332,-1,1896,1892,37,37,10,10,0,0,0,0,32,32,20,20
gfx1200,c32_prefix_reference.hsaco,c32_attn_project,False,227,223,-4,1296,1292,71,71,12,12,0,0,0,0,32,32,40,40
gfx1200,c32_prefix_reference.hsaco,c32_attn_qkv,True,282,282,0,1504,1504,17,17,12,12,0,0,0,0,32,32,28,28
gfx1200,c32_prefix_reference.hsaco,c32_attn_scores,True,261,261,0,1432,1432,68,68,10,10,0,0,0,0,32,32,28,28
gfx1200,c32_prefix_reference.hsaco,c32_ffn_contract,True,210,210,0,1216,1216,71,71,12,12,0,0,0,0,32,32,40,40
gfx1200,c32_prefix_reference.hsaco,c32_ffn_expand,False,248,246,-2,1368,1364,16,16,12,12,0,0,0,0,32,32,28,28
gfx1200,c32_prefix_reference.hsaco,c32_finish,True,258,258,0,1384,1384,16,16,14,14,0,0,0,0,32,32,32,32
gfx1200,c32_prefix_reference.hsaco,dlss5_prefix_reference,False,622,621,-1,3272,3288,41,41,18,18,0,0,0,0,32,32,64,64
gfx1200,c32_tiled.hsaco,c32_attn_project_tiled,False,1086,1085,-1,5960,5964,22,22,17,17,3072,3072,0,0,32,32,40,40
gfx1200,c32_tiled.hsaco,c32_attn_qkv_tiled,False,801,800,-1,4364,4364,21,21,15,15,3072,3072,0,0,32,32,28,28
gfx1200,c32_tiled.hsaco,c32_ffn_contract_tiled,True,1302,1302,0,7276,7276,46,46,25,25,3072,3072,0,0,32,32,40,40
gfx1200,c32_tiled.hsaco,c32_ffn_expand_tiled,False,837,836,-1,4616,4616,20,20,13,13,4096,4096,0,0,32,32,28,28
gfx1200,c32_wmma.hsaco,c32_attn_av_wmma,False,1132,1126,-6,7100,7132,81,81,13,13,0,0,0,0,32,32,28,28
gfx1200,c32_wmma.hsaco,c32_attn_project_wmma,False,1012,1011,-1,5948,5948,71,71,13,13,0,0,0,0,32,32,40,40
gfx1200,c32_wmma.hsaco,c32_attn_qkv_wmma,True,829,829,0,4888,4888,68,68,14,14,0,0,0,0,32,32,28,28
gfx1200,c32_wmma.hsaco,c32_attn_scores_wmma,False,1261,1260,-1,7176,7176,69,69,13,13,0,0,0,0,32,32,28,28
gfx1200,c32_wmma.hsaco,c32_ffn_contract_wmma,False,2629,2622,-7,16216,16220,51,51,23,23,0,0,0,0,32,32,40,40
gfx1200,c32_wmma.hsaco,c32_ffn_expand_wmma,False,2064,2062,-2,11888,11888,33,33,17,17,0,0,0,0,32,32,28,28
gfx1200,c512-m32-deep.hsaco,decoder_project2x,False,589,588,-1,3192,3192,40,40,25,25,0,0,0,0,32,32,56,56
gfx1200,c512-m32-deep.hsaco,decoder_project2x_h16w,False,5984,5975,-9,32880,32896,64,64,34,34,0,0,0,0,32,32,56,56
gfx1200,c512-m32-deep.hsaco,decoder_project2x_h16w_byteout,False,6017,6010,-7,32980,32996,64,64,34,34,0,0,0,0,32,32,56,56
gfx1200,c512-m32-deep.hsaco,reuse_decide,False,398,397,-1,2028,2028,14,14,17,17,0,0,0,0,32,32,60,60
gfx1200,c512-m32-deep.hsaco,reuse_finish,True,654,654,0,3896,3896,11,11,27,27,0,0,0,0,32,32,84,84
gfx1200,c512-m32-deep.hsaco,reuse_image_commit,True,168,168,0,996,996,5,5,8,8,0,0,0,0,32,32,28,28
gfx1200,c512-m32-deep.hsaco,reuse_image_stats,False,251,248,-3,1364,1372,14,14,22,22,0,0,0,0,32,32,48,48
gfx1200,c512-m32-deep.hsaco,reuse_token_stats,False,218,218,0,1180,1180,14,14,17,17,0,0,0,0,32,32,48,48
gfx1200,c512-m32-deep.hsaco,split_contract,False,198,196,-2,1156,1156,33,33,12,12,0,0,0,0,32,32,28,28
gfx1200,c512-m32-deep.hsaco,split_contract_fp8,False,202,200,-2,1176,1184,31,31,12,12,0,0,0,0,32,32,28,28
gfx1200,c512-m32-deep.hsaco,split_expand,False,238,239,1,1452,1476,33,33,12,12,0,0,0,0,32,32,28,28
gfx1200,c512-m32-deep.hsaco,split_expand_fp8,False,254,248,-6,1556,1552,33,33,12,12,0,0,0,0,32,32,28,28
gfx1200,c512-m32-deep.hsaco,split_ffn_fused,False,1079,1069,-10,6600,6636,59,59,15,15,4160,4160,0,0,32,32,28,28
gfx1200,c512-m32-deep.hsaco,split_ffn_fused_fp8,False,866,856,-10,5660,5680,101,101,11,11,4160,4160,0,0,32,32,28,28
gfx1200,c512-m32-deep.hsaco,split_ffn_fused_fp8_mix,False,960,948,-12,6172,6216,110,110,12,12,6464,6464,0,0,32,32,28,28
gfx1200,c512-m32-deep.hsaco,split_ffn_fused_fp8_t8,False,930,921,-9,6192,6212,111,111,14,14,4160,4160,0,0,32,32,36,36
gfx1200,c512-m32-deep.hsaco,split_mix,True,200,200,0,1160,1160,35,35,11,11,0,0,0,0,32,32,28,28
gfx1200,c512-m32-deep.hsaco,split_mix_blocked,False,526,519,-7,3164,3176,80,80,11,11,0,0,0,0,32,32,28,28
gfx1200,c512-m32-deep.hsaco,split_mix_blocked_h16w,False,518,510,-8,3152,3164,91,91,11,11,0,0,0,0,32,32,28,28
gfx1200,c512-m32-deep.hsaco,split_mix_blocked_h16w_m32,False,909,903,-6,5676,5684,96,96,13,13,0,0,0,0,32,32,28,28
gfx1200,c512-m32-deep.hsaco,split_projection,False,240,239,-1,1488,1488,32,32,12,12,0,0,0,0,32,32,36,36
gfx1200,c512-m32-deep.hsaco,split_projection_blocked,False,681,677,-4,4188,4188,74,74,12,12,0,0,0,0,32,32,36,36
gfx1200,c512-m32-deep.hsaco,split_projection_blocked_t8,False,929,918,-11,5688,5692,75,75,16,16,0,0,0,0,32,32,44,44
gfx1200,c512-m32-deep.hsaco,split_projection_frag,False,930,919,-11,5836,5852,102,102,17,17,0,0,0,0,32,32,44,44
gfx1200,c512-m32-deep.hsaco,vit_attention_av_fast,False,486,479,-7,3068,3064,48,48,17,17,0,0,0,0,32,32,48,48
gfx1200,c512-m32-deep.hsaco,vit_attention_fused_256,False,1238,1228,-10,7912,7920,91,91,16,16,1536,1536,0,0,32,32,32,32
gfx1200,c512-m32-deep.hsaco,vit_attention_fused_256_bytein,False,962,956,-6,5732,5748,75,75,17,17,1536,1536,0,0,32,32,32,32
gfx1200,c512-m32-deep.hsaco,vit_attention_fused_256_bytein_bout,False,977,974,-3,5844,5896,75,75,17,17,1536,1536,0,0,32,32,32,32
gfx1200,c512-m32-deep.hsaco,vit_attention_fused_400,False,1238,1228,-10,7912,7920,91,91,16,16,1536,1536,0,0,32,32,32,32
gfx1200,c512-m32-deep.hsaco,vit_attention_fused_400_bytein,False,962,956,-6,5732,5748,75,75,17,17,1536,1536,0,0,32,32,32,32
gfx1200,c512-m32-deep.hsaco,vit_attention_fused_400_bytein_bout,False,977,974,-3,5844,5896,75,75,17,17,1536,1536,0,0,32,32,32,32
gfx1200,c512-m32-deep.hsaco,vit_attention_fused_640,False,1238,1228,-10,7912,7920,91,91,16,16,1536,1536,0,0,32,32,32,32
gfx1200,c512-m32-deep.hsaco,vit_attention_fused_640_bytein,False,962,956,-6,5732,5748,75,75,17,17,1536,1536,0,0,32,32,32,32
gfx1200,c512-m32-deep.hsaco,vit_attention_fused_640_bytein_bout,False,977,974,-3,5844,5896,75,75,17,17,1536,1536,0,0,32,32,32,32
gfx1200,c512-m32-deep.hsaco,vit_attention_inverse_fast,False,266,258,-8,1588,1584,34,34,10,10,0,0,0,0,32,32,32,32
gfx1200,c512-m32-deep.hsaco,vit_attention_scores_fast,False,772,771,-1,4556,4564,66,66,13,13,0,0,0,0,32,32,32,32
gfx1200,c512-m32-deep.hsaco,vit_contract_blocked_fp8,False,1868,1862,-6,12324,12328,241,241,26,26,0,0,0,0,32,32,56,56
gfx1200,c512-m32-deep.hsaco,vit_contract_blocked_fp8_bstream,False,1936,1927,-9,12732,12760,237,237,26,26,0,0,0,0,32,32,56,56
gfx1200,c512-m32-deep.hsaco,vit_contract_blocked_fp8_frag,False,1090,1084,-6,7260,7280,211,211,12,12,0,0,0,0,32,32,56,56
gfx1200,c512-m32-deep.hsaco,vit_contract_blocked_fp8_hstream,False,1908,1902,-6,12480,12500,241,241,26,26,0,0,0,0,32,32,56,56
gfx1200,c512-m32-deep.hsaco,vit_contract_blocked_fp8_tiled,False,762,756,-6,4708,4720,113,113,14,14,0,0,0,0,32,32,56,56
gfx1200,c512-m32-deep.hsaco,vit_contract_blocked_fp8_tiled_bstream,False,832,826,-6,5152,5168,109,109,14,14,0,0,0,0,32,32,56,56
gfx1200,c512-m32-deep.hsaco,vit_contract_blocked_fp8_tiled_hstream,False,809,806,-3,4924,4932,112,112,14,14,0,0,0,0,32,32,56,56
gfx1200,c512-m32-deep.hsaco,vit_contract_combine,True,97,97,0,560,560,14,14,11,11,0,0,0,0,32,32,48,48
gfx1200,c512-m32-deep.hsaco,vit_contract_parts_blocked_fp8,False,198,197,-1,1352,1352,48,48,14,14,0,0,0,0,32,32,40,40
gfx1200,c512-m32-deep.hsaco,vit_contract_parts_blocked_fp8_tiled,False,281,281,0,1968,1968,70,70,14,14,0,0,0,0,32,32,40,40
gfx1200,c512-m32-deep.hsaco,vit_contract_parts_fp8,False,159,158,-1,876,876,23,23,14,14,0,0,0,0,32,32,40,40
gfx1200,c512-m32-deep.hsaco,vit_expand,False,355,351,-4,2200,2212,32,32,14,14,0,0,0,0,32,32,48,48
gfx1200,c512-m32-deep.hsaco,vit_expand_blocked_fp8,False,810,789,-21,5244,5272,69,69,14,14,0,0,0,0,32,32,48,48
gfx1200,c512-m32-deep.hsaco,vit_expand_blocked_fp8_bytein,False,723,710,-13,4592,4600,55,55,14,14,0,0,0,0,32,32,48,48
gfx1200,c512-m32-deep.hsaco,vit_expand_blocked_fp8_frag_bytein,False,1368,1337,-31,8968,9044,77,77,25,25,0,0,0,0,32,32,48,48
gfx1200,c512-m32-deep.hsaco,vit_expand_blocked_fp8_frag_bytein_m2,False,1336,1308,-28,8704,8800,86,86,25,25,0,0,0,0,32,32,48,48
gfx1200,c512-m32-deep.hsaco,vit_expand_blocked_fp8_frag_bytein_m4,False,2598,2540,-58,16992,17144,154,154,30,30,0,0,0,0,32,32,48,48
gfx1200,c512-m32-deep.hsaco,vit_expand_blocked_fp8_frag_tiledin,False,713,700,-13,4580,4628,46,46,25,25,0,0,0,0,32,32,48,48
gfx1200,c512-m32-deep.hsaco,vit_expand_blocked_fp8_tiled,False,886,864,-22,5812,5824,94,94,23,23,0,0,0,0,32,32,48,48
gfx1200,c512-m32-deep.hsaco,vit_expand_blocked_fp8_tiled_bytein,False,781,769,-12,5132,5188,73,73,22,22,0,0,0,0,32,32,48,48
gfx1200,c512-m32-deep.hsaco,vit_expand_blocked_fp8_tiled_bytein_m4,False,2668,2611,-57,17536,17688,153,153,27,27,0,0,0,0,32,32,48,48
gfx1200,c512-m32-deep.hsaco,vit_expand_fp8,False,350,344,-6,2156,2156,32,32,14,14,0,0,0,0,32,32,48,48
gfx1200,c512-m32-deep.hsaco,vit_ffn_fused,False,1492,1477,-15,9728,9800,161,161,14,14,16640,16640,0,0,32,32,56,56
gfx1200,c512-m32-deep.hsaco,vit_pack_input,False,57,57,0,340,340,7,7,7,7,0,0,0,0,32,32,32,32
gfx1200,c512-m32-deep.hsaco,vit_pack_input_tiled,False,57,56,-1,352,352,10,10,7,7,0,0,0,0,32,32,32,32
gfx1200,c512-m32-deep.hsaco,vit_project,False,1287,1257,-30,8200,8224,77,77,20,20,0,0,0,0,32,32,56,56
gfx1200,c512-m32-deep.hsaco,vit_project_bytein_bout,True,597,597,0,4136,4136,98,98,14,14,0,0,0,0,32,32,56,56
gfx1200,c512-m32-deep.hsaco,vit_project_bytein_bout_hskip,True,605,605,0,4180,4180,99,99,14,14,0,0,0,0,32,32,56,56
gfx1200,c512-m32-deep.hsaco,vit_project_fp8,False,1327,1318,-9,8408,8400,90,90,20,20,0,0,0,0,32,32,56,56
gfx1200,c512-m32-deep.hsaco,vit_project_frag,False,1861,1835,-26,11744,11768,79,79,34,34,0,0,0,0,32,32,56,56
gfx1200,c512-m32-deep.hsaco,vit_qkv_normalize,False,478,478,0,2724,2724,31,31,18,18,0,0,0,0,32,32,40,40
gfx1200,c512-m32-deep.hsaco,vit_qkv_project,False,221,220,-1,1228,1232,32,32,14,14,0,0,0,0,32,32,40,40
gfx1200,c512-m32-deep.hsaco,vit_qkv_project_blocked,False,227,227,0,1384,1388,48,48,13,13,0,0,0,0,32,32,40,40
gfx1200,c512-m32-deep.hsaco,vit_qkv_project_normalize_fused,False,958,958,0,5320,5320,50,50,18,18,2112,2112,0,0,32,32,40,40
gfx1200,c512-m32-deep.hsaco,vit_qkv_project_normalize_fused_f16compact,False,957,957,0,5364,5364,58,58,22,22,2112,2112,0,0,32,32,40,40
gfx1200,c512-m32-deep.hsaco,vit_qkv_project_normalize_fused_f16compact_fp8,False,767,767,0,4352,4352,58,58,22,22,2112,2112,0,0,32,32,40,40
gfx1200,c512-m32-deep.hsaco,vit_qkv_project_normalize_fused_f16compact_fp8_bytein,False,818,818,0,4680,4684,91,91,22,22,2112,2112,0,0,32,32,40,40
gfx1200,c512-m32-deep.hsaco,vit_qkv_project_normalize_fused_f16compact_fp8_frag,False,767,766,-1,4348,4348,58,58,22,22,2112,2112,0,0,32,32,40,40
gfx1200,c512-m32-deep.hsaco,vit_qkv_project_normalize_fused_f16compact_fp8_h16in,False,1198,1198,0,7908,7908,95,95,22,22,2112,2112,0,0,32,32,40,40
gfx1200,c512-m32-deep.hsaco,vit_qkv_project_normalize_fused_f16compact_fp8_h16in_n4,False,1408,1408,0,8264,8264,192,192,22,22,4160,4160,0,0,32,32,40,40
gfx1200,c512-m32-deep.hsaco,vit_qkv_project_normalize_fused_f16weight,False,960,960,0,5380,5380,58,58,22,22,2112,2112,0,0,32,32,40,40
gfx1200,c512-m32-mh.hsaco,c512_qkv_attention_compact,False,1835,1819,-16,11764,11856,141,141,30,30,6144,6144,0,0,32,32,48,48
gfx1200,c512-m32-mh.hsaco,c512_qkv_attention_fused,False,1759,1736,-23,11572,11668,122,122,32,32,6144,6144,0,0,32,32,32,32
gfx1200,c512-m32-mh.hsaco,mh_attention_av_fast,False,432,423,-9,2388,2392,52,52,19,19,0,0,0,0,32,32,36,36
gfx1200,c512-m32-mh.hsaco,mh_attention_crop,False,2665,2664,-1,13320,13324,33,33,36,36,4608,4608,0,0,32,32,64,64
gfx1200,c512-m32-mh.hsaco,mh_attention_project_fast_matrix,False,2137,2135,-2,10824,10824,34,34,28,28,4608,4608,0,0,32,32,44,44
gfx1200,c512-m32-mh.hsaco,mh_attention_project_fast_matrix_fp8,False,2103,2102,-1,10588,10588,34,34,28,28,4608,4608,0,0,32,32,44,44
gfx1200,c512-m32-mh.hsaco,mh_attention_project_fast_scalar,False,1428,1426,-2,7048,7048,32,32,21,21,4608,4608,0,0,32,32,44,44
gfx1200,c512-m32-mh.hsaco,mh_attention_project_fast_scalar_fp8,False,1394,1393,-1,6812,6812,33,33,21,21,4608,4608,0,0,32,32,44,44
gfx1200,c512-m32-mh.hsaco,mh_attention_project_frag_c512,True,1314,1314,0,6936,6936,80,80,28,28,0,0,0,0,32,32,60,60
gfx1200,c512-m32-mh.hsaco,mh_ffn_contract_fast,False,398,397,-1,2192,2192,27,27,17,17,4608,4608,0,0,32,32,32,32
gfx1200,c512-m32-mh.hsaco,mh_ffn_contract_fast_fp8,True,383,383,0,2084,2084,28,28,17,17,4608,4608,0,0,32,32,32,32
gfx1200,c512-m32-mh.hsaco,mh_ffn_contract_fast_fp8_out,False,348,348,0,1896,1896,28,28,17,17,4608,4608,0,0,32,32,32,32
gfx1200,c512-m32-mh.hsaco,mh_ffn_contract_fast_pre,False,302,301,-1,1592,1592,27,27,17,17,4608,4608,0,0,32,32,32,32
gfx1200,c512-m32-mh.hsaco,mh_ffn_contract_fast_rne,False,398,397,-1,2192,2192,27,27,17,17,4608,4608,0,0,32,32,32,32
gfx1200,c512-m32-mh.hsaco,mh_ffn_contract_fast_rtz,False,398,397,-1,2192,2192,27,27,17,17,4608,4608,0,0,32,32,32,32
gfx1200,c512-m32-mh.hsaco,mh_ffn_expand_fast,False,461,460,-1,2636,2636,29,29,16,16,4608,4608,0,0,32,32,32,32
gfx1200,c512-m32-mh.hsaco,mh_ffn_expand_fast_fp8,False,426,425,-1,2460,2460,29,29,16,16,4608,4608,0,0,32,32,32,32
gfx1200,c512-m32-mh.hsaco,mh_ffn_fused_c128,False,893,885,-8,6216,6248,103,103,12,12,8256,8256,0,0,32,32,28,28
gfx1200,c512-m32-mh.hsaco,mh_ffn_fused_c128_frag_project_g128_qkv,False,1468,1459,-9,9764,9792,99,99,16,16,10816,10816,0,0,32,32,64,64
gfx1200,c512-m32-mh.hsaco,mh_ffn_fused_c128_frag_project_mapped_g128_qkv,False,1644,1622,-22,10648,10664,97,97,25,25,10816,10816,0,0,32,32,64,64
gfx1200,c512-m32-mh.hsaco,mh_ffn_fused_c128_project,False,1072,1057,-15,7356,7356,103,103,12,12,8256,8256,0,0,32,32,28,28
gfx1200,c512-m32-mh.hsaco,mh_ffn_fused_c128_project_g128,False,986,970,-16,6636,6644,103,103,12,12,8256,8256,0,0,32,32,28,28
gfx1200,c512-m32-mh.hsaco,mh_ffn_fused_c128_project_g128_qkv,False,1430,1417,-13,9476,9472,98,98,21,21,10816,10816,0,0,32,32,64,64
gfx1200,c512-m32-mh.hsaco,mh_ffn_fused_c128_project_g128_qkv_bn,False,1282,1260,-22,8748,8784,122,122,16,16,19520,19520,0,0,32,32,64,64
gfx1200,c512-m32-mh.hsaco,mh_ffn_fused_c128_project_g128_qkv_bytein_fb,False,1401,1388,-13,9264,9264,98,98,22,22,10816,10816,0,0,32,32,64,64
gfx1200,c512-m32-mh.hsaco,mh_ffn_fused_c128_project_g128_qkv_fb,False,1417,1402,-15,9392,9388,98,98,21,21,10816,10816,0,0,32,32,64,64
gfx1200,c512-m32-mh.hsaco,mh_ffn_fused_c128_project_mapped,False,1565,1560,-5,9860,9908,104,104,28,28,8256,8256,0,0,32,32,48,48
gfx1200,c512-m32-mh.hsaco,mh_ffn_fused_c128_project_mapped_g128,False,1486,1479,-7,9156,9168,104,104,28,28,8256,8256,0,0,32,32,48,48
gfx1200,c512-m32-mh.hsaco,mh_ffn_fused_c128_project_mapped_g128_qkv,False,1608,1595,-13,10396,10412,98,98,27,27,10816,10816,0,0,32,32,64,64
gfx1200,c512-m32-mh.hsaco,mh_ffn_fused_c128_project_mapped_g128_qkv_bn,False,1437,1417,-20,9640,9660,125,125,25,25,19520,19520,0,0,32,32,64,64
gfx1200,c512-m32-mh.hsaco,mh_ffn_fused_c128_project_mapped_g128_qkv_bytein_fb,False,1594,1579,-15,10556,10576,102,102,21,21,10816,10816,0,0,32,32,64,64
gfx1200,c512-m32-mh.hsaco,mh_ffn_fused_c128_project_mapped_g128_qkv_fb,False,1645,1634,-11,10644,10656,98,98,27,27,10816,10816,0,0,32,32,64,64
gfx1200,c512-m32-mh.hsaco,mh_ffn_fused_c128_tiled,False,1629,1611,-18,11556,11592,98,98,22,22,8256,8256,0,0,32,32,28,28
gfx1200,c512-m32-mh.hsaco,mh_ffn_fused_c128_tiled_project_g128_qkv,False,1686,1660,-26,11088,11148,82,82,16,16,10816,10816,0,0,32,32,64,64
gfx1200,c512-m32-mh.hsaco,mh_ffn_fused_c128_tiled_project_mapped_g128_qkv,False,1854,1830,-24,11972,11992,83,83,24,24,10816,10816,0,0,32,32,64,64
gfx1200,c512-m32-mh.hsaco,mh_ffn_fused_c256,False,1165,1158,-7,8228,8280,101,101,11,11,16448,16448,0,0,32,32,28,28
gfx1200,c512-m32-mh.hsaco,mh_ffn_fused_c256_frag_project_g128_qkv,False,1762,1749,-13,11972,12028,97,97,15,15,21568,21568,0,0,32,32,64,64
gfx1200,c512-m32-mh.hsaco,mh_ffn_fused_c256_frag_project_g128_qkv_bytein_fb,False,1725,1721,-4,11792,11832,97,97,15,15,21568,21568,0,0,32,32,64,64
gfx1200,c512-m32-mh.hsaco,mh_ffn_fused_c256_frag_project_g128_qkv_fb,False,1752,1739,-13,11904,11956,97,97,15,15,21568,21568,0,0,32,32,64,64
gfx1200,c512-m32-mh.hsaco,mh_ffn_fused_c256_frag_project_mapped_g128_qkv,False,1897,1882,-15,12780,12776,96,96,23,23,21568,21568,0,0,32,32,64,64
gfx1200,c512-m32-mh.hsaco,mh_ffn_fused_c256_frag_project_mapped_g128_qkv_bytein_fb,False,1931,1920,-11,13164,13200,99,99,21,21,21568,21568,0,0,32,32,64,64
gfx1200,c512-m32-mh.hsaco,mh_ffn_fused_c256_frag_project_mapped_g128_qkv_fb,False,1941,1935,-6,13028,13040,96,96,24,24,21568,21568,0,0,32,32,64,64
gfx1200,c512-m32-mh.hsaco,mh_ffn_fused_c256_tiled,False,901,887,-14,6068,6112,71,71,11,11,16448,16448,0,0,32,32,28,28
gfx1200,c512-m32-mh.hsaco,mh_ffn_fused_c256_tiled_project,False,1081,1070,-11,7304,7348,71,71,13,13,16448,16448,0,0,32,32,28,28
gfx1200,c512-m32-mh.hsaco,mh_ffn_fused_c256_tiled_project_g128,False,1156,1155,-1,7976,8068,77,77,11,11,16448,16448,0,0,32,32,28,28
gfx1200,c512-m32-mh.hsaco,mh_ffn_fused_c256_tiled_project_g128_qkv,False,1792,1763,-29,11928,11960,81,81,15,15,21568,21568,0,0,32,32,64,64
gfx1200,c512-m32-mh.hsaco,mh_ffn_fused_c256_tiled_project_g128_qkv_bytein_fb,False,1719,1705,-14,11640,11656,80,80,15,15,21568,21568,0,0,32,32,64,64
gfx1200,c512-m32-mh.hsaco,mh_ffn_fused_c256_tiled_project_g128_qkv_fb,False,1781,1757,-24,11856,11884,81,81,15,15,21568,21568,0,0,32,32,64,64
gfx1200,c512-m32-mh.hsaco,mh_ffn_fused_c256_tiled_project_mapped,False,1553,1542,-11,9724,9768,71,71,26,26,16448,16448,0,0,32,32,48,48
gfx1200,c512-m32-mh.hsaco,mh_ffn_fused_c256_tiled_project_mapped_g128,False,1639,1634,-5,10424,10508,77,77,26,26,16448,16448,0,0,32,32,48,48
gfx1200,c512-m32-mh.hsaco,mh_ffn_fused_c256_tiled_project_mapped_g128_qkv,False,1942,1925,-17,12748,12836,81,81,23,23,21568,21568,0,0,32,32,64,64
gfx1200,c512-m32-mh.hsaco,mh_ffn_fused_c256_tiled_project_mapped_g128_qkv_bytein_fb,False,1916,1901,-15,12840,12888,81,81,21,21,21568,21568,0,0,32,32,64,64
gfx1200,c512-m32-mh.hsaco,mh_ffn_fused_c256_tiled_project_mapped_g128_qkv_fb,False,2000,1980,-20,13076,13148,81,81,24,24,21568,21568,0,0,32,32,64,64
gfx1200,c512-m32-mh.hsaco,mh_ffn_fused_c64,False,741,731,-10,5192,5204,97,97,15,15,4160,4160,0,0,32,32,28,28
gfx1200,c512-m32-mh.hsaco,mh_ffn_fused_c64_frag_project_g128_qkv,False,1354,1338,-16,8816,8836,96,96,16,16,5440,5440,0,0,32,32,64,64
gfx1200,c512-m32-mh.hsaco,mh_ffn_fused_c64_frag_project_mapped_g128_qkv,False,1482,1462,-20,9432,9476,96,96,25,25,5440,5440,0,0,32,32,64,64
gfx1200,c512-m32-mh.hsaco,mh_ffn_fused_c64_project,False,922,911,-11,6352,6364,98,98,18,18,4160,4160,0,0,32,32,28,28
gfx1200,c512-m32-mh.hsaco,mh_ffn_fused_c64_project_g128,False,910,896,-14,6164,6164,98,98,18,18,4160,4160,0,0,32,32,28,28
gfx1200,c512-m32-mh.hsaco,mh_ffn_fused_c64_project_g128_qkv,False,1289,1275,-14,8412,8424,98,98,19,19,5440,5440,0,0,32,32,64,64
gfx1200,c512-m32-mh.hsaco,mh_ffn_fused_c64_project_g128_qkv_bn,False,1130,1118,-12,7772,7812,97,97,21,21,9792,9792,0,0,32,32,64,64
gfx1200,c512-m32-mh.hsaco,mh_ffn_fused_c64_project_g128_qkv_bytein_fb,False,1241,1228,-13,8148,8140,95,95,19,19,5440,5440,0,0,32,32,64,64
gfx1200,c512-m32-mh.hsaco,mh_ffn_fused_c64_project_g128_qkv_fb,False,1271,1260,-11,8312,8336,98,98,19,19,5440,5440,0,0,32,32,64,64
gfx1200,c512-m32-mh.hsaco,mh_ffn_fused_c64_project_mapped,False,1400,1392,-8,8680,8700,98,98,28,28,4160,4160,0,0,32,32,48,48
gfx1200,c512-m32-mh.hsaco,mh_ffn_fused_c64_project_mapped_g128,False,1381,1375,-6,8500,8540,99,99,28,28,4160,4160,0,0,32,32,48,48
gfx1200,c512-m32-mh.hsaco,mh_ffn_fused_c64_project_mapped_g128_qkv,False,1402,1387,-15,9072,9092,100,100,27,27,5440,5440,0,0,32,32,64,64
gfx1200,c512-m32-mh.hsaco,mh_ffn_fused_c64_project_mapped_g128_qkv_bn,False,1287,1267,-20,8536,8560,97,97,26,26,9792,9792,0,0,32,32,64,64
gfx1200,c512-m32-mh.hsaco,mh_ffn_fused_c64_project_mapped_g128_qkv_bytein_fb,False,1336,1323,-13,8868,8868,97,97,20,20,5440,5440,0,0,32,32,64,64
gfx1200,c512-m32-mh.hsaco,mh_ffn_fused_c64_project_mapped_g128_qkv_fb,False,1388,1377,-11,8952,8980,99,99,27,27,5440,5440,0,0,32,32,64,64
gfx1200,c512-m32-mh.hsaco,mh_ffn_fused_c64_tiled,False,1382,1366,-16,9960,9996,110,110,12,12,4160,4160,0,0,32,32,28,28
gfx1200,c512-m32-mh.hsaco,mh_ffn_fused_c64_tiled_project_g128_qkv,False,1769,1748,-21,12032,12064,105,105,16,16,5440,5440,0,0,32,32,64,64
gfx1200,c512-m32-mh.hsaco,mh_ffn_fused_c64_tiled_project_mapped_g128_qkv,False,1894,1873,-21,12652,12696,104,104,25,25,5440,5440,0,0,32,32,64,64
gfx1200,c512-m32-mh.hsaco,mh_ffn_project_fast,False,592,590,-2,3240,3240,32,32,18,18,4608,4608,0,0,32,32,40,40
gfx1200,c512-m32-mh.hsaco,mh_ffn_project_fast_fp8,False,559,557,-2,3008,3008,33,33,18,18,4608,4608,0,0,32,32,40,40
gfx1200,c512-m32-mh.hsaco,mh_pool_project_fused_c128,False,3437,3435,-2,17616,17616,152,152,21,21,0,0,144,144,32,32,44,44
gfx1200,c512-m32-mh.hsaco,mh_pool_project_fused_c256,False,3873,3871,-2,20284,20284,192,192,21,21,0,0,272,272,32,32,44,44
gfx1200,c512-m32-mh.hsaco,mh_pool_project_fused_c64,False,6352,6333,-19,32816,32816,128,128,79,79,0,0,0,0,32,32,44,44
gfx1200,c512-m32-mh.hsaco,mh_pool_project_group_c128,False,2612,2612,0,13220,13224,146,146,28,28,4352,4352,0,0,32,32,44,44
gfx1200,c512-m32-mh.hsaco,mh_pool_project_group_c256,False,2286,2285,-1,11544,11544,98,98,28,28,8448,8448,0,0,32,32,44,44
gfx1200,c512-m32-mh.hsaco,mh_pool_project_group_c64,False,2381,2379,-2,11968,11968,102,102,28,28,2304,2304,0,0,32,32,44,44
gfx1200,c512-m32-mh.hsaco,mh_pool_project_production,False,1336,1333,-3,6780,6780,47,47,36,36,0,0,0,0,32,32,44,44
gfx1200,c512-m32-mh.hsaco,mh_pool_project_production_h16w,False,1413,1413,0,7160,7164,62,62,20,20,0,0,0,0,32,32,44,44
gfx1200,c512-m32-mh.hsaco,mh_probabilities_fast,False,577,577,0,3304,3308,50,50,12,12,0,0,0,0,32,32,24,24
gfx1200,c512-m32-mh.hsaco,mh_qkv_fast,False,347,344,-3,1824,1824,26,26,16,16,4608,4608,0,0,32,32,32,32
gfx1200,c512-m32-mh.hsaco,mh_qkv_normalize_fast,False,1116,1114,-2,6536,6536,110,110,11,11,0,0,0,0,32,32,32,32
gfx1200,c512-m32-mh.hsaco,mh_qkv_normalize_fast_wave,True,396,396,0,2084,2084,9,9,11,11,0,0,0,0,32,32,32,32
gfx1200,c512-m32-mh.hsaco,mh_qkv_normalize_fast_wave_fp8,True,397,397,0,2076,2076,7,7,11,11,0,0,0,0,32,32,32,32
gfx1200,c512-m32-mh.hsaco,mh_qkv_normalize_frag_c512,False,1277,1274,-3,7840,7836,124,124,18,18,4420,4420,0,0,32,32,28,28
gfx1200,c512-m32-mh.hsaco,mh_qkv_normalize_frag_c512_m32,False,803,791,-12,5056,5076,155,155,18,18,5456,5456,0,0,32,32,28,28
gfx1200,c512-m32-mh.hsaco,mh_qkv_normalize_fused,False,2312,2295,-17,13204,13196,45,45,18,18,21760,21760,0,0,32,32,32,32
gfx1200,c512-m32-mh.hsaco,mh_qkv_normalize_wave_c512,False,1729,1726,-3,10920,10916,233,233,14,14,17680,17680,0,0,32,32,28,28
gfx1200,c512-m32-mh.hsaco,mh_scores_exp_fast,False,1088,1080,-8,6176,6172,68,68,15,15,0,0,0,0,32,32,36,36
gfx1200,c64-wave2.hsaco,c128_wave2,False,4666,4651,-15,29156,29160,156,156,29,29,16384,16384,0,0,32,32,60,60
gfx1200,c64-wave2.hsaco,c128_wave2_bi,False,4512,4503,-9,27916,27928,148,148,28,28,16384,16384,0,0,32,32,60,60
gfx1200,c64-wave2.hsaco,c128_wave2_bi_bo,False,3811,3802,-9,24700,24712,148,148,28,28,16384,16384,0,0,32,32,60,60
gfx1200,c64-wave2.hsaco,c128_wave2_bo,False,3965,3950,-15,25940,25944,156,156,29,29,16384,16384,0,0,32,32,60,60
gfx1200,c64-wave2.hsaco,c128_wave2_up,False,4518,4509,-9,28600,28596,148,148,54,54,16384,16384,0,0,32,32,80,80
gfx1200,c64-wave2.hsaco,c256_attn_wave,False,1633,1632,-1,10044,10044,141,141,26,26,32768,32768,0,0,32,32,88,88
gfx1200,c64-wave2.hsaco,c256_attn_wave_bo,False,1352,1351,-1,8788,8788,133,133,26,26,32768,32768,0,0,32,32,88,88
gfx1200,c64-wave2.hsaco,c256_wave2,False,5206,5192,-14,33996,33996,181,181,31,31,32768,32768,0,0,32,32,60,60
gfx1200,c64-wave2.hsaco,c256_wave2_bi,False,5032,5022,-10,32696,32688,179,179,30,30,32768,32768,0,0,32,32,60,60
gfx1200,c64-wave2.hsaco,c256_wave2_bi_bo,False,4343,4336,-7,29452,29456,179,179,30,30,32768,32768,0,0,32,32,60,60
gfx1200,c64-wave2.hsaco,c256_wave2_bo,False,4514,4500,-14,30816,30816,181,181,31,31,32768,32768,0,0,32,32,60,60
gfx1200,c64-wave2.hsaco,c64_wave2,False,4000,3986,-14,24496,24488,157,157,31,31,8192,8192,0,0,32,32,60,60
gfx1200,c64-wave2.hsaco,c64_wave2_bi,False,3845,3834,-11,23244,23248,140,140,30,30,8192,8192,0,0,32,32,60,60
gfx1200,c64-wave2.hsaco,c64_wave2_bi_bo,False,3141,3131,-10,20032,20032,140,140,30,30,8192,8192,0,0,32,32,60,60
gfx1200,c64-wave2.hsaco,c64_wave2_bo,False,3292,3281,-11,21284,21276,157,157,31,31,8192,8192,0,0,32,32,60,60
gfx1200,c64-wave2.hsaco,c64_wave2_up,False,4057,4046,-11,25100,25108,137,137,54,54,8192,8192,0,0,32,32,80,80
gfx1200,c64-wave2.hsaco,mh_attention_av_fast,False,432,423,-9,2388,2392,52,52,19,19,0,0,0,0,32,32,36,36
gfx1200,c64-wave2.hsaco,mh_attention_crop,False,2665,2664,-1,13320,13324,33,33,36,36,4608,4608,0,0,32,32,64,64
gfx1200,c64-wave2.hsaco,mh_attention_project_fast_matrix,False,2137,2135,-2,10824,10824,34,34,28,28,4608,4608,0,0,32,32,44,44
gfx1200,c64-wave2.hsaco,mh_attention_project_fast_matrix_fp8,False,2103,2102,-1,10588,10588,34,34,28,28,4608,4608,0,0,32,32,44,44
gfx1200,c64-wave2.hsaco,mh_attention_project_fast_scalar,False,1428,1426,-2,7048,7048,32,32,21,21,4608,4608,0,0,32,32,44,44
gfx1200,c64-wave2.hsaco,mh_attention_project_fast_scalar_fp8,False,1394,1393,-1,6812,6812,33,33,21,21,4608,4608,0,0,32,32,44,44
gfx1200,c64-wave2.hsaco,mh_attention_project_frag_c512,True,1314,1314,0,6936,6936,80,80,28,28,0,0,0,0,32,32,60,60
gfx1200,c64-wave2.hsaco,mh_ffn_contract_fast,False,398,397,-1,2192,2192,27,27,17,17,4608,4608,0,0,32,32,32,32
gfx1200,c64-wave2.hsaco,mh_ffn_contract_fast_fp8,True,383,383,0,2084,2084,28,28,17,17,4608,4608,0,0,32,32,32,32
gfx1200,c64-wave2.hsaco,mh_ffn_contract_fast_fp8_out,False,348,348,0,1896,1896,28,28,17,17,4608,4608,0,0,32,32,32,32
gfx1200,c64-wave2.hsaco,mh_ffn_contract_fast_pre,False,302,301,-1,1592,1592,27,27,17,17,4608,4608,0,0,32,32,32,32
gfx1200,c64-wave2.hsaco,mh_ffn_contract_fast_rne,False,398,397,-1,2192,2192,27,27,17,17,4608,4608,0,0,32,32,32,32
gfx1200,c64-wave2.hsaco,mh_ffn_contract_fast_rtz,False,398,397,-1,2192,2192,27,27,17,17,4608,4608,0,0,32,32,32,32
gfx1200,c64-wave2.hsaco,mh_ffn_expand_fast,False,461,460,-1,2636,2636,29,29,16,16,4608,4608,0,0,32,32,32,32
gfx1200,c64-wave2.hsaco,mh_ffn_expand_fast_fp8,False,426,425,-1,2460,2460,29,29,16,16,4608,4608,0,0,32,32,32,32
gfx1200,c64-wave2.hsaco,mh_ffn_fused_c128,False,893,885,-8,6216,6248,103,103,12,12,8256,8256,0,0,32,32,28,28
gfx1200,c64-wave2.hsaco,mh_ffn_fused_c128_frag_project_g128_qkv,False,1468,1459,-9,9764,9792,99,99,16,16,10816,10816,0,0,32,32,64,64
gfx1200,c64-wave2.hsaco,mh_ffn_fused_c128_frag_project_mapped_g128_qkv,False,1644,1622,-22,10648,10664,97,97,25,25,10816,10816,0,0,32,32,64,64
gfx1200,c64-wave2.hsaco,mh_ffn_fused_c128_project,False,1072,1057,-15,7356,7356,103,103,12,12,8256,8256,0,0,32,32,28,28
gfx1200,c64-wave2.hsaco,mh_ffn_fused_c128_project_g128,False,986,970,-16,6636,6644,103,103,12,12,8256,8256,0,0,32,32,28,28
gfx1200,c64-wave2.hsaco,mh_ffn_fused_c128_project_g128_qkv,False,1430,1417,-13,9476,9472,98,98,21,21,10816,10816,0,0,32,32,64,64
gfx1200,c64-wave2.hsaco,mh_ffn_fused_c128_project_g128_qkv_bn,False,1282,1260,-22,8748,8784,122,122,16,16,19520,19520,0,0,32,32,64,64
gfx1200,c64-wave2.hsaco,mh_ffn_fused_c128_project_g128_qkv_bytein_fb,False,1401,1388,-13,9264,9264,98,98,22,22,10816,10816,0,0,32,32,64,64
gfx1200,c64-wave2.hsaco,mh_ffn_fused_c128_project_g128_qkv_fb,False,1417,1402,-15,9392,9388,98,98,21,21,10816,10816,0,0,32,32,64,64
gfx1200,c64-wave2.hsaco,mh_ffn_fused_c128_project_mapped,False,1565,1560,-5,9860,9908,104,104,28,28,8256,8256,0,0,32,32,48,48
gfx1200,c64-wave2.hsaco,mh_ffn_fused_c128_project_mapped_g128,False,1486,1479,-7,9156,9168,104,104,28,28,8256,8256,0,0,32,32,48,48
gfx1200,c64-wave2.hsaco,mh_ffn_fused_c128_project_mapped_g128_qkv,False,1608,1595,-13,10396,10412,98,98,27,27,10816,10816,0,0,32,32,64,64
gfx1200,c64-wave2.hsaco,mh_ffn_fused_c128_project_mapped_g128_qkv_bn,False,1437,1417,-20,9640,9660,125,125,25,25,19520,19520,0,0,32,32,64,64
gfx1200,c64-wave2.hsaco,mh_ffn_fused_c128_project_mapped_g128_qkv_bytein_fb,False,1594,1579,-15,10556,10576,102,102,21,21,10816,10816,0,0,32,32,64,64
gfx1200,c64-wave2.hsaco,mh_ffn_fused_c128_project_mapped_g128_qkv_fb,False,1645,1634,-11,10644,10656,98,98,27,27,10816,10816,0,0,32,32,64,64
gfx1200,c64-wave2.hsaco,mh_ffn_fused_c128_tiled,False,1629,1611,-18,11556,11592,98,98,22,22,8256,8256,0,0,32,32,28,28
gfx1200,c64-wave2.hsaco,mh_ffn_fused_c128_tiled_project_g128_qkv,False,1686,1660,-26,11088,11148,82,82,16,16,10816,10816,0,0,32,32,64,64
gfx1200,c64-wave2.hsaco,mh_ffn_fused_c128_tiled_project_mapped_g128_qkv,False,1854,1830,-24,11972,11992,83,83,24,24,10816,10816,0,0,32,32,64,64
gfx1200,c64-wave2.hsaco,mh_ffn_fused_c256,False,1165,1158,-7,8228,8280,101,101,11,11,16448,16448,0,0,32,32,28,28
gfx1200,c64-wave2.hsaco,mh_ffn_fused_c256_frag_project_g128_qkv,False,1762,1749,-13,11972,12028,97,97,15,15,21568,21568,0,0,32,32,64,64
gfx1200,c64-wave2.hsaco,mh_ffn_fused_c256_frag_project_g128_qkv_bytein_fb,False,1725,1721,-4,11792,11832,97,97,15,15,21568,21568,0,0,32,32,64,64
gfx1200,c64-wave2.hsaco,mh_ffn_fused_c256_frag_project_g128_qkv_fb,False,1752,1739,-13,11904,11956,97,97,15,15,21568,21568,0,0,32,32,64,64
gfx1200,c64-wave2.hsaco,mh_ffn_fused_c256_frag_project_mapped_g128_qkv,False,1897,1882,-15,12780,12776,96,96,23,23,21568,21568,0,0,32,32,64,64
gfx1200,c64-wave2.hsaco,mh_ffn_fused_c256_frag_project_mapped_g128_qkv_bytein_fb,False,1931,1920,-11,13164,13200,99,99,21,21,21568,21568,0,0,32,32,64,64
gfx1200,c64-wave2.hsaco,mh_ffn_fused_c256_frag_project_mapped_g128_qkv_fb,False,1941,1935,-6,13028,13040,96,96,24,24,21568,21568,0,0,32,32,64,64
gfx1200,c64-wave2.hsaco,mh_ffn_fused_c256_tiled,False,901,887,-14,6068,6112,71,71,11,11,16448,16448,0,0,32,32,28,28
gfx1200,c64-wave2.hsaco,mh_ffn_fused_c256_tiled_project,False,1081,1070,-11,7304,7348,71,71,13,13,16448,16448,0,0,32,32,28,28
gfx1200,c64-wave2.hsaco,mh_ffn_fused_c256_tiled_project_g128,False,1156,1155,-1,7976,8068,77,77,11,11,16448,16448,0,0,32,32,28,28
gfx1200,c64-wave2.hsaco,mh_ffn_fused_c256_tiled_project_g128_qkv,False,1792,1763,-29,11928,11960,81,81,15,15,21568,21568,0,0,32,32,64,64
gfx1200,c64-wave2.hsaco,mh_ffn_fused_c256_tiled_project_g128_qkv_bytein_fb,False,1719,1705,-14,11640,11656,80,80,15,15,21568,21568,0,0,32,32,64,64
gfx1200,c64-wave2.hsaco,mh_ffn_fused_c256_tiled_project_g128_qkv_fb,False,1781,1757,-24,11856,11884,81,81,15,15,21568,21568,0,0,32,32,64,64
gfx1200,c64-wave2.hsaco,mh_ffn_fused_c256_tiled_project_mapped,False,1553,1542,-11,9724,9768,71,71,26,26,16448,16448,0,0,32,32,48,48
gfx1200,c64-wave2.hsaco,mh_ffn_fused_c256_tiled_project_mapped_g128,False,1639,1634,-5,10424,10508,77,77,26,26,16448,16448,0,0,32,32,48,48
gfx1200,c64-wave2.hsaco,mh_ffn_fused_c256_tiled_project_mapped_g128_qkv,False,1942,1925,-17,12748,12836,81,81,23,23,21568,21568,0,0,32,32,64,64
gfx1200,c64-wave2.hsaco,mh_ffn_fused_c256_tiled_project_mapped_g128_qkv_bytein_fb,False,1916,1901,-15,12840,12888,81,81,21,21,21568,21568,0,0,32,32,64,64
gfx1200,c64-wave2.hsaco,mh_ffn_fused_c256_tiled_project_mapped_g128_qkv_fb,False,2000,1980,-20,13076,13148,81,81,24,24,21568,21568,0,0,32,32,64,64
gfx1200,c64-wave2.hsaco,mh_ffn_fused_c64,False,741,731,-10,5192,5204,97,97,15,15,4160,4160,0,0,32,32,28,28
gfx1200,c64-wave2.hsaco,mh_ffn_fused_c64_frag_project_g128_qkv,False,1354,1338,-16,8816,8836,96,96,16,16,5440,5440,0,0,32,32,64,64
gfx1200,c64-wave2.hsaco,mh_ffn_fused_c64_frag_project_mapped_g128_qkv,False,1482,1462,-20,9432,9476,96,96,25,25,5440,5440,0,0,32,32,64,64
gfx1200,c64-wave2.hsaco,mh_ffn_fused_c64_project,False,922,911,-11,6352,6364,98,98,18,18,4160,4160,0,0,32,32,28,28
gfx1200,c64-wave2.hsaco,mh_ffn_fused_c64_project_g128,False,910,896,-14,6164,6164,98,98,18,18,4160,4160,0,0,32,32,28,28
gfx1200,c64-wave2.hsaco,mh_ffn_fused_c64_project_g128_qkv,False,1289,1275,-14,8412,8424,98,98,19,19,5440,5440,0,0,32,32,64,64
gfx1200,c64-wave2.hsaco,mh_ffn_fused_c64_project_g128_qkv_bn,False,1130,1118,-12,7772,7812,97,97,21,21,9792,9792,0,0,32,32,64,64
gfx1200,c64-wave2.hsaco,mh_ffn_fused_c64_project_g128_qkv_bytein_fb,False,1241,1228,-13,8148,8140,95,95,19,19,5440,5440,0,0,32,32,64,64
gfx1200,c64-wave2.hsaco,mh_ffn_fused_c64_project_g128_qkv_fb,False,1271,1260,-11,8312,8336,98,98,19,19,5440,5440,0,0,32,32,64,64
gfx1200,c64-wave2.hsaco,mh_ffn_fused_c64_project_mapped,False,1400,1392,-8,8680,8700,98,98,28,28,4160,4160,0,0,32,32,48,48
gfx1200,c64-wave2.hsaco,mh_ffn_fused_c64_project_mapped_g128,False,1381,1375,-6,8500,8540,99,99,28,28,4160,4160,0,0,32,32,48,48
gfx1200,c64-wave2.hsaco,mh_ffn_fused_c64_project_mapped_g128_qkv,False,1402,1387,-15,9072,9092,100,100,27,27,5440,5440,0,0,32,32,64,64
gfx1200,c64-wave2.hsaco,mh_ffn_fused_c64_project_mapped_g128_qkv_bn,False,1287,1267,-20,8536,8560,97,97,26,26,9792,9792,0,0,32,32,64,64
gfx1200,c64-wave2.hsaco,mh_ffn_fused_c64_project_mapped_g128_qkv_bytein_fb,False,1336,1323,-13,8868,8868,97,97,20,20,5440,5440,0,0,32,32,64,64
gfx1200,c64-wave2.hsaco,mh_ffn_fused_c64_project_mapped_g128_qkv_fb,False,1388,1377,-11,8952,8980,99,99,27,27,5440,5440,0,0,32,32,64,64
gfx1200,c64-wave2.hsaco,mh_ffn_fused_c64_tiled,False,1382,1366,-16,9960,9996,110,110,12,12,4160,4160,0,0,32,32,28,28
gfx1200,c64-wave2.hsaco,mh_ffn_fused_c64_tiled_project_g128_qkv,False,1769,1748,-21,12032,12064,105,105,16,16,5440,5440,0,0,32,32,64,64
gfx1200,c64-wave2.hsaco,mh_ffn_fused_c64_tiled_project_mapped_g128_qkv,False,1894,1873,-21,12652,12696,104,104,25,25,5440,5440,0,0,32,32,64,64
gfx1200,c64-wave2.hsaco,mh_ffn_project_fast,False,592,590,-2,3240,3240,32,32,18,18,4608,4608,0,0,32,32,40,40
gfx1200,c64-wave2.hsaco,mh_ffn_project_fast_fp8,False,559,557,-2,3008,3008,33,33,18,18,4608,4608,0,0,32,32,40,40
gfx1200,c64-wave2.hsaco,mh_pool_project_fused_c128,False,3437,3435,-2,17616,17616,152,152,21,21,0,0,144,144,32,32,44,44
gfx1200,c64-wave2.hsaco,mh_pool_project_fused_c256,False,3873,3871,-2,20284,20284,192,192,21,21,0,0,272,272,32,32,44,44
gfx1200,c64-wave2.hsaco,mh_pool_project_fused_c64,False,6352,6333,-19,32816,32816,128,128,79,79,0,0,0,0,32,32,44,44
gfx1200,c64-wave2.hsaco,mh_pool_project_group_c128,False,2612,2612,0,13220,13224,146,146,28,28,4352,4352,0,0,32,32,44,44
gfx1200,c64-wave2.hsaco,mh_pool_project_group_c256,False,2286,2285,-1,11544,11544,98,98,28,28,8448,8448,0,0,32,32,44,44
gfx1200,c64-wave2.hsaco,mh_pool_project_group_c64,False,2381,2379,-2,11968,11968,102,102,28,28,2304,2304,0,0,32,32,44,44
gfx1200,c64-wave2.hsaco,mh_pool_project_production,False,1336,1333,-3,6780,6780,47,47,36,36,0,0,0,0,32,32,44,44
gfx1200,c64-wave2.hsaco,mh_pool_project_production_h16w,False,1413,1413,0,7160,7164,62,62,20,20,0,0,0,0,32,32,44,44
gfx1200,c64-wave2.hsaco,mh_probabilities_fast,False,577,577,0,3304,3308,50,50,12,12,0,0,0,0,32,32,24,24
gfx1200,c64-wave2.hsaco,mh_qkv_fast,False,347,344,-3,1824,1824,26,26,16,16,4608,4608,0,0,32,32,32,32
gfx1200,c64-wave2.hsaco,mh_qkv_normalize_fast,False,1116,1114,-2,6536,6536,110,110,11,11,0,0,0,0,32,32,32,32
gfx1200,c64-wave2.hsaco,mh_qkv_normalize_fast_wave,True,396,396,0,2084,2084,9,9,11,11,0,0,0,0,32,32,32,32
gfx1200,c64-wave2.hsaco,mh_qkv_normalize_fast_wave_fp8,True,397,397,0,2076,2076,7,7,11,11,0,0,0,0,32,32,32,32
gfx1200,c64-wave2.hsaco,mh_qkv_normalize_frag_c512,False,1277,1274,-3,7840,7836,124,124,18,18,4420,4420,0,0,32,32,28,28
gfx1200,c64-wave2.hsaco,mh_qkv_normalize_fused,False,2312,2295,-17,13204,13196,45,45,18,18,21760,21760,0,0,32,32,32,32
gfx1200,c64-wave2.hsaco,mh_qkv_normalize_wave_c512,False,1729,1726,-3,10920,10916,233,233,14,14,17680,17680,0,0,32,32,28,28
gfx1200,c64-wave2.hsaco,mh_scores_exp_fast,False,1088,1080,-8,6176,6172,68,68,15,15,0,0,0,0,32,32,36,36
gfx1200,deep_fast-packed.hsaco,decoder_project2x,False,589,588,-1,3192,3192,40,40,25,25,0,0,0,0,32,32,56,56
gfx1200,deep_fast-packed.hsaco,decoder_project2x_h16w,False,5984,5975,-9,32880,32896,64,64,34,34,0,0,0,0,32,32,56,56
gfx1200,deep_fast-packed.hsaco,decoder_project2x_h16w_byteout,False,6017,6010,-7,32980,32996,64,64,34,34,0,0,0,0,32,32,56,56
gfx1200,deep_fast-packed.hsaco,reuse_decide,False,398,397,-1,2028,2028,14,14,17,17,0,0,0,0,32,32,60,60
gfx1200,deep_fast-packed.hsaco,reuse_finish,True,654,654,0,3896,3896,11,11,27,27,0,0,0,0,32,32,84,84
gfx1200,deep_fast-packed.hsaco,reuse_image_commit,True,168,168,0,996,996,5,5,8,8,0,0,0,0,32,32,28,28
gfx1200,deep_fast-packed.hsaco,reuse_image_stats,False,251,248,-3,1364,1372,14,14,22,22,0,0,0,0,32,32,48,48
gfx1200,deep_fast-packed.hsaco,reuse_token_stats,False,218,218,0,1180,1180,14,14,17,17,0,0,0,0,32,32,48,48
gfx1200,deep_fast-packed.hsaco,split_contract,False,198,196,-2,1156,1156,33,33,12,12,0,0,0,0,32,32,28,28
gfx1200,deep_fast-packed.hsaco,split_contract_fp8,False,202,200,-2,1176,1184,31,31,12,12,0,0,0,0,32,32,28,28
gfx1200,deep_fast-packed.hsaco,split_expand,False,238,239,1,1452,1476,33,33,12,12,0,0,0,0,32,32,28,28
gfx1200,deep_fast-packed.hsaco,split_expand_fp8,False,254,248,-6,1556,1552,33,33,12,12,0,0,0,0,32,32,28,28
gfx1200,deep_fast-packed.hsaco,split_ffn_fused,False,1079,1069,-10,6600,6636,59,59,15,15,4160,4160,0,0,32,32,28,28
gfx1200,deep_fast-packed.hsaco,split_ffn_fused_fp8,False,866,856,-10,5660,5680,101,101,11,11,4160,4160,0,0,32,32,28,28
gfx1200,deep_fast-packed.hsaco,split_ffn_fused_fp8_mix,False,960,948,-12,6172,6216,110,110,12,12,6464,6464,0,0,32,32,28,28
gfx1200,deep_fast-packed.hsaco,split_ffn_fused_fp8_t8,False,930,921,-9,6192,6212,111,111,14,14,4160,4160,0,0,32,32,36,36
gfx1200,deep_fast-packed.hsaco,split_mix,True,200,200,0,1160,1160,35,35,11,11,0,0,0,0,32,32,28,28
gfx1200,deep_fast-packed.hsaco,split_mix_blocked,False,526,519,-7,3164,3176,80,80,11,11,0,0,0,0,32,32,28,28
gfx1200,deep_fast-packed.hsaco,split_mix_blocked_h16w,False,518,510,-8,3152,3164,91,91,11,11,0,0,0,0,32,32,28,28
gfx1200,deep_fast-packed.hsaco,split_projection,False,240,239,-1,1488,1488,32,32,12,12,0,0,0,0,32,32,36,36
gfx1200,deep_fast-packed.hsaco,split_projection_blocked,False,681,677,-4,4188,4188,74,74,12,12,0,0,0,0,32,32,36,36
gfx1200,deep_fast-packed.hsaco,split_projection_blocked_t8,False,929,918,-11,5688,5692,75,75,16,16,0,0,0,0,32,32,44,44
gfx1200,deep_fast-packed.hsaco,split_projection_frag,False,930,919,-11,5836,5852,102,102,17,17,0,0,0,0,32,32,44,44
gfx1200,deep_fast-packed.hsaco,vit_attention_av_fast,False,486,479,-7,3068,3064,48,48,17,17,0,0,0,0,32,32,48,48
gfx1200,deep_fast-packed.hsaco,vit_attention_fused_256,False,1238,1228,-10,7912,7920,91,91,16,16,1536,1536,0,0,32,32,32,32
gfx1200,deep_fast-packed.hsaco,vit_attention_fused_256_bytein,False,962,956,-6,5732,5748,75,75,17,17,1536,1536,0,0,32,32,32,32
gfx1200,deep_fast-packed.hsaco,vit_attention_fused_256_bytein_bout,False,977,974,-3,5844,5896,75,75,17,17,1536,1536,0,0,32,32,32,32
gfx1200,deep_fast-packed.hsaco,vit_attention_fused_400,False,1238,1228,-10,7912,7920,91,91,16,16,1536,1536,0,0,32,32,32,32
gfx1200,deep_fast-packed.hsaco,vit_attention_fused_400_bytein,False,962,956,-6,5732,5748,75,75,17,17,1536,1536,0,0,32,32,32,32
gfx1200,deep_fast-packed.hsaco,vit_attention_fused_400_bytein_bout,False,954,947,-7,5684,5700,72,72,16,16,0,0,0,0,32,32,32,32
gfx1200,deep_fast-packed.hsaco,vit_attention_fused_640,False,1238,1228,-10,7912,7920,91,91,16,16,1536,1536,0,0,32,32,32,32
gfx1200,deep_fast-packed.hsaco,vit_attention_fused_640_bytein,False,962,956,-6,5732,5748,75,75,17,17,1536,1536,0,0,32,32,32,32
gfx1200,deep_fast-packed.hsaco,vit_attention_fused_640_bytein_bout,False,954,947,-7,5684,5700,72,72,16,16,0,0,0,0,32,32,32,32
gfx1200,deep_fast-packed.hsaco,vit_attention_inverse_fast,False,266,258,-8,1588,1584,34,34,10,10,0,0,0,0,32,32,32,32
gfx1200,deep_fast-packed.hsaco,vit_attention_scores_fast,False,772,771,-1,4556,4564,66,66,13,13,0,0,0,0,32,32,32,32
gfx1200,deep_fast-packed.hsaco,vit_contract_blocked_fp8,False,1868,1862,-6,12324,12328,241,241,26,26,0,0,0,0,32,32,56,56
gfx1200,deep_fast-packed.hsaco,vit_contract_blocked_fp8_bstream,False,1936,1927,-9,12732,12760,237,237,26,26,0,0,0,0,32,32,56,56
gfx1200,deep_fast-packed.hsaco,vit_contract_blocked_fp8_frag,False,1090,1084,-6,7260,7280,211,211,12,12,0,0,0,0,32,32,56,56
gfx1200,deep_fast-packed.hsaco,vit_contract_blocked_fp8_hstream,False,1908,1902,-6,12480,12500,241,241,26,26,0,0,0,0,32,32,56,56
gfx1200,deep_fast-packed.hsaco,vit_contract_blocked_fp8_tiled,False,762,756,-6,4708,4720,113,113,14,14,0,0,0,0,32,32,56,56
gfx1200,deep_fast-packed.hsaco,vit_contract_blocked_fp8_tiled_bstream,False,832,826,-6,5152,5168,109,109,14,14,0,0,0,0,32,32,56,56
gfx1200,deep_fast-packed.hsaco,vit_contract_blocked_fp8_tiled_hstream,False,809,806,-3,4924,4932,112,112,14,14,0,0,0,0,32,32,56,56
gfx1200,deep_fast-packed.hsaco,vit_contract_combine,True,97,97,0,560,560,14,14,11,11,0,0,0,0,32,32,48,48
gfx1200,deep_fast-packed.hsaco,vit_contract_parts_blocked_fp8,False,198,197,-1,1352,1352,48,48,14,14,0,0,0,0,32,32,40,40
gfx1200,deep_fast-packed.hsaco,vit_contract_parts_blocked_fp8_tiled,False,281,281,0,1968,1968,70,70,14,14,0,0,0,0,32,32,40,40
gfx1200,deep_fast-packed.hsaco,vit_contract_parts_fp8,False,159,158,-1,876,876,23,23,14,14,0,0,0,0,32,32,40,40
gfx1200,deep_fast-packed.hsaco,vit_expand,False,355,351,-4,2200,2212,32,32,14,14,0,0,0,0,32,32,48,48
gfx1200,deep_fast-packed.hsaco,vit_expand_blocked_fp8,False,810,789,-21,5244,5272,69,69,14,14,0,0,0,0,32,32,48,48
gfx1200,deep_fast-packed.hsaco,vit_expand_blocked_fp8_bytein,False,723,710,-13,4592,4600,55,55,14,14,0,0,0,0,32,32,48,48
gfx1200,deep_fast-packed.hsaco,vit_expand_blocked_fp8_frag_bytein,False,1368,1337,-31,8968,9044,77,77,25,25,0,0,0,0,32,32,48,48
gfx1200,deep_fast-packed.hsaco,vit_expand_blocked_fp8_frag_bytein_m2,False,1336,1308,-28,8704,8800,86,86,25,25,0,0,0,0,32,32,48,48
gfx1200,deep_fast-packed.hsaco,vit_expand_blocked_fp8_frag_bytein_m4,False,2598,2540,-58,16992,17144,154,154,30,30,0,0,0,0,32,32,48,48
gfx1200,deep_fast-packed.hsaco,vit_expand_blocked_fp8_frag_tiledin,False,713,700,-13,4580,4628,46,46,25,25,0,0,0,0,32,32,48,48
gfx1200,deep_fast-packed.hsaco,vit_expand_blocked_fp8_tiled,False,886,864,-22,5812,5824,94,94,23,23,0,0,0,0,32,32,48,48
gfx1200,deep_fast-packed.hsaco,vit_expand_blocked_fp8_tiled_bytein,False,781,769,-12,5132,5188,73,73,22,22,0,0,0,0,32,32,48,48
gfx1200,deep_fast-packed.hsaco,vit_expand_blocked_fp8_tiled_bytein_m4,False,2668,2611,-57,17536,17688,153,153,27,27,0,0,0,0,32,32,48,48
gfx1200,deep_fast-packed.hsaco,vit_expand_fp8,False,350,344,-6,2156,2156,32,32,14,14,0,0,0,0,32,32,48,48
gfx1200,deep_fast-packed.hsaco,vit_ffn_fused,False,1492,1477,-15,9728,9800,161,161,14,14,16640,16640,0,0,32,32,56,56
gfx1200,deep_fast-packed.hsaco,vit_pack_input,False,57,57,0,340,340,7,7,7,7,0,0,0,0,32,32,32,32
gfx1200,deep_fast-packed.hsaco,vit_pack_input_tiled,False,57,56,-1,352,352,10,10,7,7,0,0,0,0,32,32,32,32
gfx1200,deep_fast-packed.hsaco,vit_project,False,1287,1257,-30,8200,8224,77,77,20,20,0,0,0,0,32,32,56,56
gfx1200,deep_fast-packed.hsaco,vit_project_bytein_bout,True,597,597,0,4136,4136,98,98,14,14,0,0,0,0,32,32,56,56
gfx1200,deep_fast-packed.hsaco,vit_project_bytein_bout_hskip,True,605,605,0,4180,4180,99,99,14,14,0,0,0,0,32,32,56,56
gfx1200,deep_fast-packed.hsaco,vit_project_fp8,False,1327,1318,-9,8408,8400,90,90,20,20,0,0,0,0,32,32,56,56
gfx1200,deep_fast-packed.hsaco,vit_project_frag,False,1861,1835,-26,11744,11768,79,79,34,34,0,0,0,0,32,32,56,56
gfx1200,deep_fast-packed.hsaco,vit_qkv_normalize,False,478,478,0,2724,2724,31,31,18,18,0,0,0,0,32,32,40,40
gfx1200,deep_fast-packed.hsaco,vit_qkv_project,False,221,220,-1,1228,1232,32,32,14,14,0,0,0,0,32,32,40,40
gfx1200,deep_fast-packed.hsaco,vit_qkv_project_blocked,False,227,227,0,1384,1388,48,48,13,13,0,0,0,0,32,32,40,40
gfx1200,deep_fast-packed.hsaco,vit_qkv_project_normalize_fused,False,958,958,0,5320,5320,50,50,18,18,2112,2112,0,0,32,32,40,40
gfx1200,deep_fast-packed.hsaco,vit_qkv_project_normalize_fused_f16compact,False,957,957,0,5364,5364,58,58,22,22,2112,2112,0,0,32,32,40,40
gfx1200,deep_fast-packed.hsaco,vit_qkv_project_normalize_fused_f16compact_fp8,False,767,767,0,4352,4352,58,58,22,22,2112,2112,0,0,32,32,40,40
gfx1200,deep_fast-packed.hsaco,vit_qkv_project_normalize_fused_f16compact_fp8_bytein,False,818,818,0,4680,4684,91,91,22,22,2112,2112,0,0,32,32,40,40
gfx1200,deep_fast-packed.hsaco,vit_qkv_project_normalize_fused_f16compact_fp8_frag,False,767,766,-1,4348,4348,58,58,22,22,2112,2112,0,0,32,32,40,40
gfx1200,deep_fast-packed.hsaco,vit_qkv_project_normalize_fused_f16compact_fp8_h16in,False,1198,1198,0,7908,7908,95,95,22,22,2112,2112,0,0,32,32,40,40
gfx1200,deep_fast-packed.hsaco,vit_qkv_project_normalize_fused_f16compact_fp8_h16in_n4,False,1408,1408,0,8264,8264,192,192,22,22,4160,4160,0,0,32,32,40,40
gfx1200,deep_fast-packed.hsaco,vit_qkv_project_normalize_fused_f16weight,False,960,960,0,5380,5380,58,58,22,22,2112,2112,0,0,32,32,40,40
gfx1200,deep_fast.hsaco,decoder_project2x,False,589,588,-1,3192,3192,40,40,25,25,0,0,0,0,32,32,56,56
gfx1200,deep_fast.hsaco,decoder_project2x_h16w,False,5984,5975,-9,32880,32896,64,64,34,34,0,0,0,0,32,32,56,56
gfx1200,deep_fast.hsaco,decoder_project2x_h16w_byteout,False,6017,6010,-7,32980,32996,64,64,34,34,0,0,0,0,32,32,56,56
gfx1200,deep_fast.hsaco,reuse_decide,False,398,397,-1,2028,2028,14,14,17,17,0,0,0,0,32,32,60,60
gfx1200,deep_fast.hsaco,reuse_finish,True,654,654,0,3896,3896,11,11,27,27,0,0,0,0,32,32,84,84
gfx1200,deep_fast.hsaco,reuse_image_commit,True,168,168,0,996,996,5,5,8,8,0,0,0,0,32,32,28,28
gfx1200,deep_fast.hsaco,reuse_image_stats,False,251,248,-3,1364,1372,14,14,22,22,0,0,0,0,32,32,48,48
gfx1200,deep_fast.hsaco,reuse_token_stats,False,218,218,0,1180,1180,14,14,17,17,0,0,0,0,32,32,48,48
gfx1200,deep_fast.hsaco,split_contract,False,198,196,-2,1156,1156,33,33,12,12,0,0,0,0,32,32,28,28
gfx1200,deep_fast.hsaco,split_contract_fp8,False,202,200,-2,1176,1184,31,31,12,12,0,0,0,0,32,32,28,28
gfx1200,deep_fast.hsaco,split_expand,False,238,239,1,1452,1476,33,33,12,12,0,0,0,0,32,32,28,28
gfx1200,deep_fast.hsaco,split_expand_fp8,False,254,248,-6,1556,1552,33,33,12,12,0,0,0,0,32,32,28,28
gfx1200,deep_fast.hsaco,split_ffn_fused,False,1079,1069,-10,6600,6636,59,59,15,15,4160,4160,0,0,32,32,28,28
gfx1200,deep_fast.hsaco,split_ffn_fused_fp8,False,866,856,-10,5660,5680,101,101,11,11,4160,4160,0,0,32,32,28,28
gfx1200,deep_fast.hsaco,split_ffn_fused_fp8_mix,False,960,948,-12,6172,6216,110,110,12,12,6464,6464,0,0,32,32,28,28
gfx1200,deep_fast.hsaco,split_ffn_fused_fp8_t8,False,930,921,-9,6192,6212,111,111,14,14,4160,4160,0,0,32,32,36,36
gfx1200,deep_fast.hsaco,split_mix,True,200,200,0,1160,1160,35,35,11,11,0,0,0,0,32,32,28,28
gfx1200,deep_fast.hsaco,split_mix_blocked,False,526,519,-7,3164,3176,80,80,11,11,0,0,0,0,32,32,28,28
gfx1200,deep_fast.hsaco,split_mix_blocked_h16w,False,518,510,-8,3152,3164,91,91,11,11,0,0,0,0,32,32,28,28
gfx1200,deep_fast.hsaco,split_projection,False,278,276,-2,1816,1816,46,46,12,12,0,0,0,0,32,32,36,36
gfx1200,deep_fast.hsaco,split_projection_blocked,False,821,815,-6,5284,5280,99,99,12,12,0,0,0,0,32,32,36,36
gfx1200,deep_fast.hsaco,split_projection_blocked_t8,False,1038,1027,-11,6680,6696,100,100,16,16,0,0,0,0,32,32,44,44
gfx1200,deep_fast.hsaco,split_projection_frag,False,930,919,-11,5836,5852,102,102,17,17,0,0,0,0,32,32,44,44
gfx1200,deep_fast.hsaco,vit_attention_av_fast,False,486,479,-7,3068,3064,48,48,17,17,0,0,0,0,32,32,48,48
gfx1200,deep_fast.hsaco,vit_attention_fused_256,False,1238,1228,-10,7912,7920,91,91,16,16,1536,1536,0,0,32,32,32,32
gfx1200,deep_fast.hsaco,vit_attention_fused_256_bytein,False,962,956,-6,5732,5748,75,75,17,17,1536,1536,0,0,32,32,32,32
gfx1200,deep_fast.hsaco,vit_attention_fused_256_bytein_bout,False,977,974,-3,5844,5896,75,75,17,17,1536,1536,0,0,32,32,32,32
gfx1200,deep_fast.hsaco,vit_attention_fused_400,False,1238,1228,-10,7912,7920,91,91,16,16,1536,1536,0,0,32,32,32,32
gfx1200,deep_fast.hsaco,vit_attention_fused_400_bytein,False,962,956,-6,5732,5748,75,75,17,17,1536,1536,0,0,32,32,32,32
gfx1200,deep_fast.hsaco,vit_attention_fused_400_bytein_bout,False,977,974,-3,5844,5896,75,75,17,17,1536,1536,0,0,32,32,32,32
gfx1200,deep_fast.hsaco,vit_attention_fused_640,False,1238,1228,-10,7912,7920,91,91,16,16,1536,1536,0,0,32,32,32,32
gfx1200,deep_fast.hsaco,vit_attention_fused_640_bytein,False,962,956,-6,5732,5748,75,75,17,17,1536,1536,0,0,32,32,32,32
gfx1200,deep_fast.hsaco,vit_attention_fused_640_bytein_bout,False,977,974,-3,5844,5896,75,75,17,17,1536,1536,0,0,32,32,32,32
gfx1200,deep_fast.hsaco,vit_attention_inverse_fast,False,266,258,-8,1588,1584,34,34,10,10,0,0,0,0,32,32,32,32
gfx1200,deep_fast.hsaco,vit_attention_scores_fast,False,772,771,-1,4556,4564,66,66,13,13,0,0,0,0,32,32,32,32
gfx1200,deep_fast.hsaco,vit_contract_blocked_fp8,False,1868,1862,-6,12324,12328,241,241,26,26,0,0,0,0,32,32,56,56
gfx1200,deep_fast.hsaco,vit_contract_blocked_fp8_bstream,False,1936,1927,-9,12732,12760,237,237,26,26,0,0,0,0,32,32,56,56
gfx1200,deep_fast.hsaco,vit_contract_blocked_fp8_frag,False,1090,1084,-6,7260,7280,211,211,12,12,0,0,0,0,32,32,56,56
gfx1200,deep_fast.hsaco,vit_contract_blocked_fp8_hstream,False,1908,1902,-6,12480,12500,241,241,26,26,0,0,0,0,32,32,56,56
gfx1200,deep_fast.hsaco,vit_contract_blocked_fp8_tiled,False,762,756,-6,4708,4720,113,113,14,14,0,0,0,0,32,32,56,56
gfx1200,deep_fast.hsaco,vit_contract_blocked_fp8_tiled_bstream,False,832,826,-6,5152,5168,109,109,14,14,0,0,0,0,32,32,56,56
gfx1200,deep_fast.hsaco,vit_contract_blocked_fp8_tiled_hstream,False,809,806,-3,4924,4932,112,112,14,14,0,0,0,0,32,32,56,56
gfx1200,deep_fast.hsaco,vit_contract_combine,True,97,97,0,560,560,14,14,11,11,0,0,0,0,32,32,48,48
gfx1200,deep_fast.hsaco,vit_contract_parts_blocked_fp8,False,198,197,-1,1352,1352,48,48,14,14,0,0,0,0,32,32,40,40
gfx1200,deep_fast.hsaco,vit_contract_parts_blocked_fp8_tiled,False,281,281,0,1968,1968,70,70,14,14,0,0,0,0,32,32,40,40
gfx1200,deep_fast.hsaco,vit_contract_parts_fp8,False,212,208,-4,1260,1260,32,32,15,15,0,0,0,0,32,32,40,40
gfx1200,deep_fast.hsaco,vit_expand,False,432,429,-3,2808,2832,48,48,14,14,0,0,0,0,32,32,48,48
gfx1200,deep_fast.hsaco,vit_expand_blocked_fp8,False,810,789,-21,5244,5272,69,69,14,14,0,0,0,0,32,32,48,48
gfx1200,deep_fast.hsaco,vit_expand_blocked_fp8_bytein,False,723,710,-13,4592,4600,55,55,14,14,0,0,0,0,32,32,48,48
gfx1200,deep_fast.hsaco,vit_expand_blocked_fp8_frag_bytein,False,1368,1337,-31,8968,9044,77,77,25,25,0,0,0,0,32,32,48,48
gfx1200,deep_fast.hsaco,vit_expand_blocked_fp8_frag_bytein_m2,False,1336,1308,-28,8704,8800,86,86,25,25,0,0,0,0,32,32,48,48
gfx1200,deep_fast.hsaco,vit_expand_blocked_fp8_frag_bytein_m4,False,2598,2540,-58,16992,17144,154,154,30,30,0,0,0,0,32,32,48,48
gfx1200,deep_fast.hsaco,vit_expand_blocked_fp8_frag_tiledin,False,713,700,-13,4580,4628,46,46,25,25,0,0,0,0,32,32,48,48
gfx1200,deep_fast.hsaco,vit_expand_blocked_fp8_tiled,False,886,864,-22,5812,5824,94,94,23,23,0,0,0,0,32,32,48,48
gfx1200,deep_fast.hsaco,vit_expand_blocked_fp8_tiled_bytein,False,781,769,-12,5132,5188,73,73,22,22,0,0,0,0,32,32,48,48
gfx1200,deep_fast.hsaco,vit_expand_blocked_fp8_tiled_bytein_m4,False,2668,2611,-57,17536,17688,153,153,27,27,0,0,0,0,32,32,48,48
gfx1200,deep_fast.hsaco,vit_expand_fp8,False,427,422,-5,2764,2776,48,48,14,14,0,0,0,0,32,32,48,48
gfx1200,deep_fast.hsaco,vit_ffn_fused,False,1492,1477,-15,9728,9800,161,161,14,14,16640,16640,0,0,32,32,56,56
gfx1200,deep_fast.hsaco,vit_pack_input,False,57,57,0,340,340,7,7,7,7,0,0,0,0,32,32,32,32
gfx1200,deep_fast.hsaco,vit_pack_input_tiled,False,57,56,-1,352,352,10,10,7,7,0,0,0,0,32,32,32,32
gfx1200,deep_fast.hsaco,vit_project,False,1400,1388,-12,9204,9244,90,90,19,19,0,0,0,0,32,32,56,56
gfx1200,deep_fast.hsaco,vit_project_bytein_bout,False,649,649,0,4052,4056,55,55,14,14,0,0,0,0,32,32,56,56
gfx1200,deep_fast.hsaco,vit_project_bytein_bout_hskip,False,655,655,0,4084,4088,55,55,14,14,0,0,0,0,32,32,56,56
gfx1200,deep_fast.hsaco,vit_project_fp8,False,1273,1246,-27,8136,8148,77,77,19,19,0,0,0,0,32,32,56,56
gfx1200,deep_fast.hsaco,vit_project_frag,False,1861,1835,-26,11744,11768,79,79,34,34,0,0,0,0,32,32,56,56
gfx1200,deep_fast.hsaco,vit_qkv_normalize,False,478,478,0,2724,2724,31,31,18,18,0,0,0,0,32,32,40,40
gfx1200,deep_fast.hsaco,vit_qkv_project,False,221,220,-1,1228,1232,32,32,14,14,0,0,0,0,32,32,40,40
gfx1200,deep_fast.hsaco,vit_qkv_project_blocked,False,227,227,0,1384,1388,48,48,13,13,0,0,0,0,32,32,40,40
gfx1200,deep_fast.hsaco,vit_qkv_project_normalize_fused,False,958,958,0,5320,5320,50,50,18,18,2112,2112,0,0,32,32,40,40
gfx1200,deep_fast.hsaco,vit_qkv_project_normalize_fused_f16compact,False,957,957,0,5364,5364,58,58,22,22,2112,2112,0,0,32,32,40,40
gfx1200,deep_fast.hsaco,vit_qkv_project_normalize_fused_f16compact_fp8,False,767,767,0,4352,4352,58,58,22,22,2112,2112,0,0,32,32,40,40
gfx1200,deep_fast.hsaco,vit_qkv_project_normalize_fused_f16compact_fp8_bytein,False,818,818,0,4680,4684,91,91,22,22,2112,2112,0,0,32,32,40,40
gfx1200,deep_fast.hsaco,vit_qkv_project_normalize_fused_f16compact_fp8_frag,False,767,766,-1,4348,4348,58,58,22,22,2112,2112,0,0,32,32,40,40
gfx1200,deep_fast.hsaco,vit_qkv_project_normalize_fused_f16compact_fp8_h16in,False,1198,1198,0,7908,7908,95,95,22,22,2112,2112,0,0,32,32,40,40
gfx1200,deep_fast.hsaco,vit_qkv_project_normalize_fused_f16compact_fp8_h16in_n4,False,1408,1408,0,8264,8264,192,192,22,22,4160,4160,0,0,32,32,40,40
gfx1200,deep_fast.hsaco,vit_qkv_project_normalize_fused_f16weight,False,960,960,0,5380,5380,58,58,22,22,2112,2112,0,0,32,32,40,40
gfx1200,deep_reference.hsaco,decoder_project2x,True,1331,1331,0,7520,7520,14,14,20,20,0,0,0,0,32,32,56,56
gfx1200,deep_reference.hsaco,split_contract,True,209,209,0,1200,1200,70,70,10,10,0,0,0,0,32,32,28,28
gfx1200,deep_reference.hsaco,split_expand,True,232,232,0,1264,1264,70,70,10,10,0,0,0,0,32,32,28,28
gfx1200,deep_reference.hsaco,split_mix,True,204,204,0,1168,1168,71,71,10,10,0,0,0,0,32,32,28,28
gfx1200,deep_reference.hsaco,split_projection,True,213,213,0,1240,1240,71,71,10,10,0,0,0,0,32,32,36,36
gfx1200,deep_reference.hsaco,vit_attention_av,False,261,260,-1,1428,1428,16,16,19,19,0,0,0,0,32,32,36,36
gfx1200,deep_reference.hsaco,vit_attention_av_fast,False,176,175,-1,960,960,11,11,17,17,0,0,0,0,32,32,36,36
gfx1200,deep_reference.hsaco,vit_attention_inverse,True,432,432,0,2308,2308,51,51,14,14,0,0,0,0,32,32,20,20
gfx1200,deep_reference.hsaco,vit_attention_inverse_fast,True,58,58,0,308,308,7,7,7,7,0,0,0,0,32,32,20,20
gfx1200,deep_reference.hsaco,vit_attention_scores,False,311,310,-1,1692,1692,66,66,9,9,0,0,0,0,32,32,20,20
gfx1200,deep_reference.hsaco,vit_attention_scores_fast,False,305,304,-1,1668,1668,66,66,9,9,0,0,0,0,32,32,20,20
gfx1200,deep_reference.hsaco,vit_expand,True,765,765,0,4376,4376,11,11,13,13,0,0,0,0,32,32,36,36
gfx1200,deep_reference.hsaco,vit_gather,True,30,30,0,184,184,6,6,10,10,0,0,0,0,32,32,28,28
gfx1200,deep_reference.hsaco,vit_project,True,767,767,0,4512,4512,17,17,13,13,0,0,0,0,32,32,44,44
gfx1200,deep_reference.hsaco,vit_qkv_normalize,False,2495,2494,-1,13812,13812,57,57,23,23,0,0,144,144,32,32,28,28
gfx1200,deep_reference.hsaco,vit_qkv_project,False,230,229,-1,1240,1240,76,76,12,12,0,0,0,0,32,32,28,28
gfx1200,deep_wmma.hsaco,decoder_project2x,True,5688,5688,0,30496,30496,56,56,25,25,0,0,0,0,32,32,56,56
gfx1200,deep_wmma.hsaco,split_contract,False,638,637,-1,3520,3520,50,50,14,14,0,0,0,0,32,32,28,28
gfx1200,deep_wmma.hsaco,split_expand,False,762,762,0,4180,4184,48,48,14,14,0,0,0,0,32,32,28,28
gfx1200,deep_wmma.hsaco,split_mix,False,628,625,-3,3464,3464,50,50,11,11,0,0,0,0,32,32,28,28
gfx1200,deep_wmma.hsaco,split_projection,True,666,666,0,3704,3704,50,50,12,12,0,0,0,0,32,32,36,36
gfx1200,deep_wmma.hsaco,vit_expand,False,1166,1166,0,6432,6432,49,49,16,16,0,0,0,0,32,32,36,36
gfx1200,deep_wmma.hsaco,vit_project,False,2555,2549,-6,14344,14340,74,74,18,18,0,0,0,0,32,32,44,44
gfx1200,deep_wmma.hsaco,vit_qkv_project,False,381,380,-1,2124,2124,60,60,15,15,0,0,0,0,32,32,28,28
gfx1200,multihead-fast-packed.hsaco,mh_attention_av_fast,False,549,543,-6,2972,2972,52,52,19,19,0,0,0,0,32,32,36,36
gfx1200,multihead-fast-packed.hsaco,mh_attention_project_fast_matrix,False,2608,2607,-1,13960,13964,95,95,52,52,4096,4096,0,0,32,32,44,44
gfx1200,multihead-fast-packed.hsaco,mh_attention_project_fast_scalar,False,1800,1797,-3,8840,8840,32,32,21,21,4096,4096,0,0,32,32,44,44
gfx1200,multihead-fast-packed.hsaco,mh_ffn_contract_fast,False,490,489,-1,2576,2576,27,27,17,17,4096,4096,0,0,32,32,32,32
gfx1200,multihead-fast-packed.hsaco,mh_ffn_contract_fast_pre,False,297,296,-1,1556,1556,27,27,17,17,4096,4096,0,0,32,32,32,32
gfx1200,multihead-fast-packed.hsaco,mh_ffn_contract_fast_rne,False,490,489,-1,2576,2576,27,27,17,17,4096,4096,0,0,32,32,32,32
gfx1200,multihead-fast-packed.hsaco,mh_ffn_contract_fast_rtz,False,490,489,-1,2576,2576,27,27,17,17,4096,4096,0,0,32,32,32,32
gfx1200,multihead-fast-packed.hsaco,mh_ffn_expand_fast,False,547,546,-1,3040,3040,29,29,16,16,4096,4096,0,0,32,32,32,32
gfx1200,multihead-fast-packed.hsaco,mh_ffn_project_fast,False,677,675,-2,3624,3624,32,32,18,18,4096,4096,0,0,32,32,40,40
gfx1200,multihead-fast-packed.hsaco,mh_pool_project_production,False,1432,1429,-3,7260,7260,47,47,36,36,0,0,0,0,32,32,44,44
gfx1200,multihead-fast-packed.hsaco,mh_probabilities_fast,False,692,692,0,3772,3776,50,50,12,12,0,0,0,0,32,32,24,24
gfx1200,multihead-fast-packed.hsaco,mh_qkv_fast,False,342,339,-3,1788,1788,26,26,16,16,4096,4096,0,0,32,32,32,32
gfx1200,multihead-fast-packed.hsaco,mh_qkv_normalize_fast,False,3556,3545,-11,20700,20688,148,148,11,11,0,0,0,0,32,32,32,32
gfx1200,multihead-fast-packed.hsaco,mh_scores_exp_fast,False,1088,1080,-8,6176,6172,68,68,15,15,0,0,0,0,32,32,36,36
gfx1200,multihead-fast-padded-wave-packed.hsaco,mh_attention_av_fast,False,432,423,-9,2388,2392,52,52,19,19,0,0,0,0,32,32,36,36
gfx1200,multihead-fast-padded-wave-packed.hsaco,mh_attention_crop,False,2665,2664,-1,13320,13324,33,33,36,36,4608,4608,0,0,32,32,64,64
gfx1200,multihead-fast-padded-wave-packed.hsaco,mh_attention_project_fast_matrix,False,2137,2135,-2,10824,10824,34,34,28,28,4608,4608,0,0,32,32,44,44
gfx1200,multihead-fast-padded-wave-packed.hsaco,mh_attention_project_fast_matrix_fp8,False,2103,2102,-1,10588,10588,34,34,28,28,4608,4608,0,0,32,32,44,44
gfx1200,multihead-fast-padded-wave-packed.hsaco,mh_attention_project_fast_scalar,False,1428,1426,-2,7048,7048,32,32,21,21,4608,4608,0,0,32,32,44,44
gfx1200,multihead-fast-padded-wave-packed.hsaco,mh_attention_project_fast_scalar_fp8,False,1394,1393,-1,6812,6812,33,33,21,21,4608,4608,0,0,32,32,44,44
gfx1200,multihead-fast-padded-wave-packed.hsaco,mh_attention_project_frag_c512,True,1314,1314,0,6936,6936,80,80,28,28,0,0,0,0,32,32,60,60
gfx1200,multihead-fast-padded-wave-packed.hsaco,mh_ffn_contract_fast,False,398,397,-1,2192,2192,27,27,17,17,4608,4608,0,0,32,32,32,32
gfx1200,multihead-fast-padded-wave-packed.hsaco,mh_ffn_contract_fast_fp8,True,383,383,0,2084,2084,28,28,17,17,4608,4608,0,0,32,32,32,32
gfx1200,multihead-fast-padded-wave-packed.hsaco,mh_ffn_contract_fast_fp8_out,False,348,348,0,1896,1896,28,28,17,17,4608,4608,0,0,32,32,32,32
gfx1200,multihead-fast-padded-wave-packed.hsaco,mh_ffn_contract_fast_pre,False,302,301,-1,1592,1592,27,27,17,17,4608,4608,0,0,32,32,32,32
gfx1200,multihead-fast-padded-wave-packed.hsaco,mh_ffn_contract_fast_rne,False,398,397,-1,2192,2192,27,27,17,17,4608,4608,0,0,32,32,32,32
gfx1200,multihead-fast-padded-wave-packed.hsaco,mh_ffn_contract_fast_rtz,False,398,397,-1,2192,2192,27,27,17,17,4608,4608,0,0,32,32,32,32
gfx1200,multihead-fast-padded-wave-packed.hsaco,mh_ffn_expand_fast,False,461,460,-1,2636,2636,29,29,16,16,4608,4608,0,0,32,32,32,32
gfx1200,multihead-fast-padded-wave-packed.hsaco,mh_ffn_expand_fast_fp8,False,426,425,-1,2460,2460,29,29,16,16,4608,4608,0,0,32,32,32,32
gfx1200,multihead-fast-padded-wave-packed.hsaco,mh_ffn_fused_c128,False,893,885,-8,6216,6248,103,103,12,12,8256,8256,0,0,32,32,28,28
gfx1200,multihead-fast-padded-wave-packed.hsaco,mh_ffn_fused_c128_frag_project_g128_qkv,False,1508,1492,-16,9976,10004,100,100,16,16,15168,15168,0,0,32,32,64,64
gfx1200,multihead-fast-padded-wave-packed.hsaco,mh_ffn_fused_c128_frag_project_mapped_g128_qkv,False,1671,1652,-19,10872,10896,99,99,25,25,15168,15168,0,0,32,32,64,64
gfx1200,multihead-fast-padded-wave-packed.hsaco,mh_ffn_fused_c128_project,False,1072,1057,-15,7356,7356,103,103,12,12,8256,8256,0,0,32,32,28,28
gfx1200,multihead-fast-padded-wave-packed.hsaco,mh_ffn_fused_c128_project_g128,False,986,970,-16,6636,6644,103,103,12,12,8256,8256,0,0,32,32,28,28
gfx1200,multihead-fast-padded-wave-packed.hsaco,mh_ffn_fused_c128_project_g128_qkv,False,1456,1450,-6,9692,9704,98,98,21,21,15168,15168,0,0,32,32,64,64
gfx1200,multihead-fast-padded-wave-packed.hsaco,mh_ffn_fused_c128_project_g128_qkv_bn,False,1298,1280,-18,8904,8932,137,137,16,16,23872,23872,0,0,32,32,64,64
gfx1200,multihead-fast-padded-wave-packed.hsaco,mh_ffn_fused_c128_project_g128_qkv_bytein_fb,False,1410,1399,-11,9472,9480,98,98,22,22,15168,15168,0,0,32,32,64,64
gfx1200,multihead-fast-padded-wave-packed.hsaco,mh_ffn_fused_c128_project_g128_qkv_bytein_fb_pdl,False,1545,1535,-10,10120,10128,98,98,22,22,15168,15168,0,0,32,32,100,100
gfx1200,multihead-fast-padded-wave-packed.hsaco,mh_ffn_fused_c128_project_g128_qkv_fb,False,1448,1443,-5,9692,9692,98,98,21,21,15168,15168,0,0,32,32,64,64
gfx1200,multihead-fast-padded-wave-packed.hsaco,mh_ffn_fused_c128_project_g128_qkv_fb_pdl,False,1567,1557,-10,10240,10232,98,98,23,23,15168,15168,0,0,32,32,100,100
gfx1200,multihead-fast-padded-wave-packed.hsaco,mh_ffn_fused_c128_project_mapped,False,1565,1560,-5,9860,9908,104,104,28,28,8256,8256,0,0,32,32,48,48
gfx1200,multihead-fast-padded-wave-packed.hsaco,mh_ffn_fused_c128_project_mapped_g128,False,1486,1479,-7,9156,9168,104,104,28,28,8256,8256,0,0,32,32,48,48
gfx1200,multihead-fast-padded-wave-packed.hsaco,mh_ffn_fused_c128_project_mapped_g128_qkv,False,1629,1621,-8,10612,10628,98,98,26,26,15168,15168,0,0,32,32,64,64
gfx1200,multihead-fast-padded-wave-packed.hsaco,mh_ffn_fused_c128_project_mapped_g128_qkv_bn,False,1468,1449,-19,9812,9816,143,143,25,25,23872,23872,0,0,32,32,64,64
gfx1200,multihead-fast-padded-wave-packed.hsaco,mh_ffn_fused_c128_project_mapped_g128_qkv_bytein_fb,False,1621,1610,-11,10808,10808,101,101,21,21,15168,15168,0,0,32,32,64,64
gfx1200,multihead-fast-padded-wave-packed.hsaco,mh_ffn_fused_c128_project_mapped_g128_qkv_bytein_fb_pdl,False,1745,1734,-11,11384,11384,101,101,23,23,15168,15168,0,0,32,32,100,100
gfx1200,multihead-fast-padded-wave-packed.hsaco,mh_ffn_fused_c128_project_mapped_g128_qkv_fb,False,1674,1666,-8,10932,10948,98,98,27,27,15168,15168,0,0,32,32,64,64
gfx1200,multihead-fast-padded-wave-packed.hsaco,mh_ffn_fused_c128_project_mapped_g128_qkv_fb_pdl,False,1800,1792,-8,11516,11532,98,98,30,30,15168,15168,0,0,32,32,100,100
gfx1200,multihead-fast-padded-wave-packed.hsaco,mh_ffn_fused_c128_tiled,False,1629,1611,-18,11556,11592,98,98,22,22,8256,8256,0,0,32,32,28,28
gfx1200,multihead-fast-padded-wave-packed.hsaco,mh_ffn_fused_c128_tiled_project_g128_qkv,False,1707,1683,-24,11280,11340,82,82,16,16,15168,15168,0,0,32,32,64,64
gfx1200,multihead-fast-padded-wave-packed.hsaco,mh_ffn_fused_c128_tiled_project_mapped_g128_qkv,False,1896,1876,-20,12216,12236,83,83,24,24,15168,15168,0,0,32,32,64,64
gfx1200,multihead-fast-padded-wave-packed.hsaco,mh_ffn_fused_c256,False,1165,1158,-7,8228,8280,101,101,11,11,16448,16448,0,0,32,32,28,28
gfx1200,multihead-fast-padded-wave-packed.hsaco,mh_ffn_fused_c256_frag_project_g128_qkv,False,1748,1737,-11,11884,11920,96,96,15,15,30016,30016,0,0,32,32,64,64
gfx1200,multihead-fast-padded-wave-packed.hsaco,mh_ffn_fused_c256_frag_project_g128_qkv_bytein_fb,False,1729,1720,-9,11784,11808,97,97,15,15,30016,30016,0,0,32,32,64,64
gfx1200,multihead-fast-padded-wave-packed.hsaco,mh_ffn_fused_c256_frag_project_g128_qkv_bytein_fb_pdl,False,1848,1839,-9,12368,12388,97,97,17,17,30016,30016,0,0,32,32,100,100
gfx1200,multihead-fast-padded-wave-packed.hsaco,mh_ffn_fused_c256_frag_project_g128_qkv_fb,False,1758,1743,-15,11912,11928,98,98,15,15,30016,30016,0,0,32,32,64,64
gfx1200,multihead-fast-padded-wave-packed.hsaco,mh_ffn_fused_c256_frag_project_g128_qkv_fb_pdl,False,1893,1883,-10,12544,12568,98,98,17,17,30016,30016,0,0,32,32,100,100
gfx1200,multihead-fast-padded-wave-packed.hsaco,mh_ffn_fused_c256_frag_project_mapped_g128_qkv,False,1887,1874,-13,12668,12692,98,98,23,23,30016,30016,0,0,32,32,64,64
gfx1200,multihead-fast-padded-wave-packed.hsaco,mh_ffn_fused_c256_frag_project_mapped_g128_qkv_bytein_fb,False,1915,1894,-21,13104,13128,101,101,21,21,30016,30016,0,0,32,32,64,64
gfx1200,multihead-fast-padded-wave-packed.hsaco,mh_ffn_fused_c256_frag_project_mapped_g128_qkv_bytein_fb_pdl,False,2040,2019,-21,13684,13708,101,101,23,23,30016,30016,0,0,32,32,100,100
gfx1200,multihead-fast-padded-wave-packed.hsaco,mh_ffn_fused_c256_frag_project_mapped_g128_qkv_fb,False,1932,1921,-11,12968,13008,97,97,24,24,30016,30016,0,0,32,32,64,64
gfx1200,multihead-fast-padded-wave-packed.hsaco,mh_ffn_fused_c256_frag_project_mapped_g128_qkv_fb_pdl,False,2057,2046,-11,13548,13588,97,97,26,26,30016,30016,0,0,32,32,100,100
gfx1200,multihead-fast-padded-wave-packed.hsaco,mh_ffn_fused_c256_tiled,False,901,887,-14,6068,6112,71,71,11,11,16448,16448,0,0,32,32,28,28
gfx1200,multihead-fast-padded-wave-packed.hsaco,mh_ffn_fused_c256_tiled_project,False,1081,1070,-11,7304,7348,71,71,13,13,16448,16448,0,0,32,32,28,28
gfx1200,multihead-fast-padded-wave-packed.hsaco,mh_ffn_fused_c256_tiled_project_g128,False,1156,1155,-1,7976,8068,77,77,11,11,16448,16448,0,0,32,32,28,28
gfx1200,multihead-fast-padded-wave-packed.hsaco,mh_ffn_fused_c256_tiled_project_g128_qkv,False,1802,1775,-27,12104,12152,94,94,15,15,30016,30016,0,0,32,32,64,64
gfx1200,multihead-fast-padded-wave-packed.hsaco,mh_ffn_fused_c256_tiled_project_g128_qkv_bytein_fb,False,1744,1724,-20,11900,11920,93,93,15,15,30016,30016,0,0,32,32,64,64
gfx1200,multihead-fast-padded-wave-packed.hsaco,mh_ffn_fused_c256_tiled_project_g128_qkv_fb,False,1803,1773,-30,12124,12152,93,93,15,15,30016,30016,0,0,32,32,64,64
gfx1200,multihead-fast-padded-wave-packed.hsaco,mh_ffn_fused_c256_tiled_project_mapped,False,1553,1542,-11,9724,9768,71,71,26,26,16448,16448,0,0,32,32,48,48
gfx1200,multihead-fast-padded-wave-packed.hsaco,mh_ffn_fused_c256_tiled_project_mapped_g128,False,1639,1634,-5,10424,10508,77,77,26,26,16448,16448,0,0,32,32,48,48
gfx1200,multihead-fast-padded-wave-packed.hsaco,mh_ffn_fused_c256_tiled_project_mapped_g128_qkv,False,1962,1937,-25,12936,13024,94,94,23,23,30016,30016,0,0,32,32,64,64
gfx1200,multihead-fast-padded-wave-packed.hsaco,mh_ffn_fused_c256_tiled_project_mapped_g128_qkv_bytein_fb,False,1926,1911,-15,13084,13132,94,94,21,21,30016,30016,0,0,32,32,64,64
gfx1200,multihead-fast-padded-wave-packed.hsaco,mh_ffn_fused_c256_tiled_project_mapped_g128_qkv_fb,False,2003,1978,-25,13224,13328,94,94,24,24,30016,30016,0,0,32,32,64,64
gfx1200,multihead-fast-padded-wave-packed.hsaco,mh_ffn_fused_c64,False,741,731,-10,5192,5204,97,97,15,15,4160,4160,0,0,32,32,28,28
gfx1200,multihead-fast-padded-wave-packed.hsaco,mh_ffn_fused_c64_frag_project_g128_qkv,False,1361,1351,-10,8952,8976,96,96,16,16,7744,7744,0,0,32,32,64,64
gfx1200,multihead-fast-padded-wave-packed.hsaco,mh_ffn_fused_c64_frag_project_mapped_g128_qkv,False,1488,1479,-9,9604,9628,96,96,25,25,7744,7744,0,0,32,32,64,64
gfx1200,multihead-fast-padded-wave-packed.hsaco,mh_ffn_fused_c64_project,False,922,911,-11,6352,6364,98,98,18,18,4160,4160,0,0,32,32,28,28
gfx1200,multihead-fast-padded-wave-packed.hsaco,mh_ffn_fused_c64_project_g128,False,910,896,-14,6164,6164,98,98,18,18,4160,4160,0,0,32,32,28,28
gfx1200,multihead-fast-padded-wave-packed.hsaco,mh_ffn_fused_c64_project_g128_qkv,False,1323,1314,-9,8652,8680,98,98,19,19,7744,7744,0,0,32,32,64,64
gfx1200,multihead-fast-padded-wave-packed.hsaco,mh_ffn_fused_c64_project_g128_qkv_bn,False,1157,1139,-18,7912,7948,131,131,16,16,12096,12096,0,0,32,32,64,64
gfx1200,multihead-fast-padded-wave-packed.hsaco,mh_ffn_fused_c64_project_g128_qkv_bytein_fb,False,1278,1270,-8,8420,8428,97,97,19,19,7744,7744,0,0,32,32,64,64
gfx1200,multihead-fast-padded-wave-packed.hsaco,mh_ffn_fused_c64_project_g128_qkv_bytein_fb_pdl,False,1406,1398,-8,9036,9036,97,97,19,19,7744,7744,0,0,32,32,100,100
gfx1200,multihead-fast-padded-wave-packed.hsaco,mh_ffn_fused_c64_project_g128_qkv_fb,False,1314,1306,-8,8628,8640,99,99,19,19,7744,7744,0,0,32,32,64,64
gfx1200,multihead-fast-padded-wave-packed.hsaco,mh_ffn_fused_c64_project_g128_qkv_fb_pdl,False,1445,1435,-10,9232,9240,99,99,21,21,7744,7744,0,0,32,32,100,100
gfx1200,multihead-fast-padded-wave-packed.hsaco,mh_ffn_fused_c64_project_mapped,False,1400,1392,-8,8680,8700,98,98,28,28,4160,4160,0,0,32,32,48,48
gfx1200,multihead-fast-padded-wave-packed.hsaco,mh_ffn_fused_c64_project_mapped_g128,False,1381,1375,-6,8500,8540,99,99,28,28,4160,4160,0,0,32,32,48,48
gfx1200,multihead-fast-padded-wave-packed.hsaco,mh_ffn_fused_c64_project_mapped_g128_qkv,False,1437,1428,-9,9304,9312,98,98,26,26,7744,7744,0,0,32,32,64,64
gfx1200,multihead-fast-padded-wave-packed.hsaco,mh_ffn_fused_c64_project_mapped_g128_qkv_bn,False,1275,1252,-23,8556,8576,133,133,25,25,12096,12096,0,0,32,32,64,64
gfx1200,multihead-fast-padded-wave-packed.hsaco,mh_ffn_fused_c64_project_mapped_g128_qkv_bytein_fb,False,1371,1361,-10,9092,9108,97,97,21,21,7744,7744,0,0,32,32,64,64
gfx1200,multihead-fast-padded-wave-packed.hsaco,mh_ffn_fused_c64_project_mapped_g128_qkv_bytein_fb_pdl,False,1488,1475,-13,9644,9672,97,97,22,22,7744,7744,0,0,32,32,100,100
gfx1200,multihead-fast-padded-wave-packed.hsaco,mh_ffn_fused_c64_project_mapped_g128_qkv_fb,False,1416,1408,-8,9244,9260,99,99,27,27,7744,7744,0,0,32,32,64,64
gfx1200,multihead-fast-padded-wave-packed.hsaco,mh_ffn_fused_c64_project_mapped_g128_qkv_fb_pdl,False,1537,1530,-7,9800,9820,99,99,30,30,7744,7744,0,0,32,32,100,100
gfx1200,multihead-fast-padded-wave-packed.hsaco,mh_ffn_fused_c64_tiled,False,1382,1366,-16,9960,9996,110,110,12,12,4160,4160,0,0,32,32,28,28
gfx1200,multihead-fast-padded-wave-packed.hsaco,mh_ffn_fused_c64_tiled_project_g128_qkv,False,1807,1790,-17,12300,12328,105,105,16,16,7744,7744,0,0,32,32,64,64
gfx1200,multihead-fast-padded-wave-packed.hsaco,mh_ffn_fused_c64_tiled_project_mapped_g128_qkv,False,1935,1908,-27,12900,12936,104,104,25,25,7744,7744,0,0,32,32,64,64
gfx1200,multihead-fast-padded-wave-packed.hsaco,mh_ffn_project_fast,False,592,590,-2,3240,3240,32,32,18,18,4608,4608,0,0,32,32,40,40
gfx1200,multihead-fast-padded-wave-packed.hsaco,mh_ffn_project_fast_fp8,False,559,557,-2,3008,3008,33,33,18,18,4608,4608,0,0,32,32,40,40
gfx1200,multihead-fast-padded-wave-packed.hsaco,mh_pool_project_fused_c128,False,3437,3435,-2,17616,17616,152,152,21,21,0,0,144,144,32,32,44,44
gfx1200,multihead-fast-padded-wave-packed.hsaco,mh_pool_project_fused_c256,False,3873,3871,-2,20284,20284,192,192,21,21,0,0,272,272,32,32,44,44
gfx1200,multihead-fast-padded-wave-packed.hsaco,mh_pool_project_fused_c64,False,6352,6333,-19,32816,32816,128,128,79,79,0,0,0,0,32,32,44,44
gfx1200,multihead-fast-padded-wave-packed.hsaco,mh_pool_project_group_c128,False,2612,2612,0,13220,13224,146,146,28,28,4352,4352,0,0,32,32,44,44
gfx1200,multihead-fast-padded-wave-packed.hsaco,mh_pool_project_group_c256,False,2286,2285,-1,11544,11544,98,98,28,28,8448,8448,0,0,32,32,44,44
gfx1200,multihead-fast-padded-wave-packed.hsaco,mh_pool_project_group_c512,False,2287,2285,-2,11556,11556,98,98,28,28,16640,16640,0,0,32,32,44,44
gfx1200,multihead-fast-padded-wave-packed.hsaco,mh_pool_project_group_c64,False,2381,2379,-2,11968,11968,102,102,28,28,2304,2304,0,0,32,32,44,44
gfx1200,multihead-fast-padded-wave-packed.hsaco,mh_pool_project_production,False,1336,1333,-3,6780,6780,47,47,36,36,0,0,0,0,32,32,44,44
gfx1200,multihead-fast-padded-wave-packed.hsaco,mh_pool_project_production_h16w,False,1413,1413,0,7160,7164,62,62,20,20,0,0,0,0,32,32,44,44
gfx1200,multihead-fast-padded-wave-packed.hsaco,mh_probabilities_fast,False,577,577,0,3304,3308,50,50,12,12,0,0,0,0,32,32,24,24
gfx1200,multihead-fast-padded-wave-packed.hsaco,mh_qkv_fast,False,347,344,-3,1824,1824,26,26,16,16,4608,4608,0,0,32,32,32,32
gfx1200,multihead-fast-padded-wave-packed.hsaco,mh_qkv_normalize_fast,False,1116,1114,-2,6536,6536,110,110,11,11,0,0,0,0,32,32,32,32
gfx1200,multihead-fast-padded-wave-packed.hsaco,mh_qkv_normalize_fast_wave,True,396,396,0,2084,2084,9,9,11,11,0,0,0,0,32,32,32,32
gfx1200,multihead-fast-padded-wave-packed.hsaco,mh_qkv_normalize_fast_wave_fp8,True,397,397,0,2076,2076,7,7,11,11,0,0,0,0,32,32,32,32
gfx1200,multihead-fast-padded-wave-packed.hsaco,mh_qkv_normalize_frag_c512,False,1277,1274,-3,7840,7836,124,124,18,18,4420,4420,0,0,32,32,28,28
gfx1200,multihead-fast-padded-wave-packed.hsaco,mh_qkv_normalize_fused,False,2312,2295,-17,13204,13196,45,45,18,18,21760,21760,0,0,32,32,32,32
gfx1200,multihead-fast-padded-wave-packed.hsaco,mh_qkv_normalize_wave_c512,False,1729,1726,-3,10920,10916,233,233,14,14,17680,17680,0,0,32,32,28,28
gfx1200,multihead-fast-padded-wave-packed.hsaco,mh_scores_exp_fast,False,1088,1080,-8,6176,6172,68,68,15,15,0,0,0,0,32,32,36,36
gfx1200,multihead-fast-padded-wave.hsaco,mh_attention_av_fast,False,432,423,-9,2388,2392,52,52,19,19,0,0,0,0,32,32,36,36
gfx1200,multihead-fast-padded-wave.hsaco,mh_attention_crop,False,2690,2689,-1,13512,13520,32,32,34,34,4608,4608,0,0,32,32,64,64
gfx1200,multihead-fast-padded-wave.hsaco,mh_attention_project_fast_matrix,False,2166,2164,-2,11000,11000,38,38,27,27,4608,4608,0,0,32,32,44,44
gfx1200,multihead-fast-padded-wave.hsaco,mh_attention_project_fast_matrix_fp8,False,2129,2127,-2,10784,10784,34,34,27,27,4608,4608,0,0,32,32,44,44
gfx1200,multihead-fast-padded-wave.hsaco,mh_attention_project_fast_scalar,False,1450,1449,-1,7212,7212,38,38,20,20,4608,4608,0,0,32,32,44,44
gfx1200,multihead-fast-padded-wave.hsaco,mh_attention_project_fast_scalar_fp8,False,1416,1414,-2,6992,6992,32,32,20,20,4608,4608,0,0,32,32,44,44
gfx1200,multihead-fast-padded-wave.hsaco,mh_attention_project_frag_c512,True,1314,1314,0,6936,6936,80,80,28,28,0,0,0,0,32,32,60,60
gfx1200,multihead-fast-padded-wave.hsaco,mh_ffn_contract_fast,False,402,401,-1,2236,2236,30,30,16,16,4608,4608,0,0,32,32,32,32
gfx1200,multihead-fast-padded-wave.hsaco,mh_ffn_contract_fast_fp8,False,388,385,-3,2132,2132,27,27,16,16,4608,4608,0,0,32,32,32,32
gfx1200,multihead-fast-padded-wave.hsaco,mh_ffn_contract_fast_fp8_out,False,354,352,-2,1940,1940,27,27,16,16,4608,4608,0,0,32,32,32,32
gfx1200,multihead-fast-padded-wave.hsaco,mh_ffn_contract_fast_pre,False,306,305,-1,1636,1636,30,30,16,16,4608,4608,0,0,32,32,32,32
gfx1200,multihead-fast-padded-wave.hsaco,mh_ffn_contract_fast_rne,False,402,401,-1,2236,2236,30,30,16,16,4608,4608,0,0,32,32,32,32
gfx1200,multihead-fast-padded-wave.hsaco,mh_ffn_contract_fast_rtz,False,402,401,-1,2236,2236,30,30,16,16,4608,4608,0,0,32,32,32,32
gfx1200,multihead-fast-padded-wave.hsaco,mh_ffn_expand_fast,False,495,493,-2,2848,2848,32,32,16,16,4608,4608,0,0,32,32,32,32
gfx1200,multihead-fast-padded-wave.hsaco,mh_ffn_expand_fast_fp8,False,456,453,-3,2656,2656,32,32,16,16,4608,4608,0,0,32,32,32,32
gfx1200,multihead-fast-padded-wave.hsaco,mh_ffn_fused_c128,False,893,885,-8,6216,6248,103,103,12,12,8256,8256,0,0,32,32,28,28
gfx1200,multihead-fast-padded-wave.hsaco,mh_ffn_fused_c128_frag_project_g128_qkv,False,1468,1459,-9,9764,9792,99,99,16,16,10816,10816,0,0,32,32,64,64
gfx1200,multihead-fast-padded-wave.hsaco,mh_ffn_fused_c128_frag_project_mapped_g128_qkv,False,1644,1622,-22,10648,10664,97,97,25,25,10816,10816,0,0,32,32,64,64
gfx1200,multihead-fast-padded-wave.hsaco,mh_ffn_fused_c128_project,False,1072,1057,-15,7356,7356,103,103,12,12,8256,8256,0,0,32,32,28,28
gfx1200,multihead-fast-padded-wave.hsaco,mh_ffn_fused_c128_project_g128,False,986,970,-16,6636,6644,103,103,12,12,8256,8256,0,0,32,32,28,28
gfx1200,multihead-fast-padded-wave.hsaco,mh_ffn_fused_c128_project_g128_qkv,False,1430,1417,-13,9476,9472,98,98,21,21,10816,10816,0,0,32,32,64,64
gfx1200,multihead-fast-padded-wave.hsaco,mh_ffn_fused_c128_project_g128_qkv_bn,False,1282,1260,-22,8748,8784,122,122,16,16,19520,19520,0,0,32,32,64,64
gfx1200,multihead-fast-padded-wave.hsaco,mh_ffn_fused_c128_project_g128_qkv_bytein_fb,False,1401,1388,-13,9264,9264,98,98,22,22,10816,10816,0,0,32,32,64,64
gfx1200,multihead-fast-padded-wave.hsaco,mh_ffn_fused_c128_project_g128_qkv_bytein_fb_pdl,False,1524,1514,-10,9868,9880,98,98,22,22,10816,10816,0,0,32,32,100,100
gfx1200,multihead-fast-padded-wave.hsaco,mh_ffn_fused_c128_project_g128_qkv_fb,False,1417,1402,-15,9392,9388,98,98,21,21,10816,10816,0,0,32,32,64,64
gfx1200,multihead-fast-padded-wave.hsaco,mh_ffn_fused_c128_project_g128_qkv_fb_pdl,False,1546,1536,-10,10004,10004,98,98,23,23,10816,10816,0,0,32,32,100,100
gfx1200,multihead-fast-padded-wave.hsaco,mh_ffn_fused_c128_project_mapped,False,1565,1560,-5,9860,9908,104,104,28,28,8256,8256,0,0,32,32,48,48
gfx1200,multihead-fast-padded-wave.hsaco,mh_ffn_fused_c128_project_mapped_g128,False,1486,1479,-7,9156,9168,104,104,28,28,8256,8256,0,0,32,32,48,48
gfx1200,multihead-fast-padded-wave.hsaco,mh_ffn_fused_c128_project_mapped_g128_qkv,False,1608,1595,-13,10396,10412,98,98,27,27,10816,10816,0,0,32,32,64,64
gfx1200,multihead-fast-padded-wave.hsaco,mh_ffn_fused_c128_project_mapped_g128_qkv_bn,False,1437,1417,-20,9640,9660,125,125,25,25,19520,19520,0,0,32,32,64,64
gfx1200,multihead-fast-padded-wave.hsaco,mh_ffn_fused_c128_project_mapped_g128_qkv_bytein_fb,False,1594,1579,-15,10556,10576,102,102,21,21,10816,10816,0,0,32,32,64,64
gfx1200,multihead-fast-padded-wave.hsaco,mh_ffn_fused_c128_project_mapped_g128_qkv_bytein_fb_pdl,False,1717,1702,-15,11128,11148,102,102,23,23,10816,10816,0,0,32,32,100,100
gfx1200,multihead-fast-padded-wave.hsaco,mh_ffn_fused_c128_project_mapped_g128_qkv_fb,False,1645,1634,-11,10644,10656,98,98,27,27,10816,10816,0,0,32,32,64,64
gfx1200,multihead-fast-padded-wave.hsaco,mh_ffn_fused_c128_project_mapped_g128_qkv_fb_pdl,False,1771,1760,-11,11228,11240,98,98,30,30,10816,10816,0,0,32,32,100,100
gfx1200,multihead-fast-padded-wave.hsaco,mh_ffn_fused_c128_tiled,False,1629,1611,-18,11556,11592,98,98,22,22,8256,8256,0,0,32,32,28,28
gfx1200,multihead-fast-padded-wave.hsaco,mh_ffn_fused_c128_tiled_project_g128_qkv,False,1686,1660,-26,11088,11148,82,82,16,16,10816,10816,0,0,32,32,64,64
gfx1200,multihead-fast-padded-wave.hsaco,mh_ffn_fused_c128_tiled_project_mapped_g128_qkv,False,1854,1830,-24,11972,11992,83,83,24,24,10816,10816,0,0,32,32,64,64
gfx1200,multihead-fast-padded-wave.hsaco,mh_ffn_fused_c256,False,1165,1158,-7,8228,8280,101,101,11,11,16448,16448,0,0,32,32,28,28
gfx1200,multihead-fast-padded-wave.hsaco,mh_ffn_fused_c256_frag_project_g128_qkv,False,1762,1749,-13,11972,12028,97,97,15,15,21568,21568,0,0,32,32,64,64
gfx1200,multihead-fast-padded-wave.hsaco,mh_ffn_fused_c256_frag_project_g128_qkv_bytein_fb,False,1725,1721,-4,11792,11832,97,97,15,15,21568,21568,0,0,32,32,64,64
gfx1200,multihead-fast-padded-wave.hsaco,mh_ffn_fused_c256_frag_project_g128_qkv_bytein_fb_pdl,False,1860,1851,-9,12396,12428,97,97,17,17,21568,21568,0,0,32,32,100,100
gfx1200,multihead-fast-padded-wave.hsaco,mh_ffn_fused_c256_frag_project_g128_qkv_fb,False,1752,1739,-13,11904,11956,97,97,15,15,21568,21568,0,0,32,32,64,64
gfx1200,multihead-fast-padded-wave.hsaco,mh_ffn_fused_c256_frag_project_g128_qkv_fb_pdl,False,1898,1889,-9,12516,12572,97,97,17,17,21568,21568,0,0,32,32,100,100
gfx1200,multihead-fast-padded-wave.hsaco,mh_ffn_fused_c256_frag_project_mapped_g128_qkv,False,1897,1882,-15,12780,12776,96,96,23,23,21568,21568,0,0,32,32,64,64
gfx1200,multihead-fast-padded-wave.hsaco,mh_ffn_fused_c256_frag_project_mapped_g128_qkv_bytein_fb,False,1931,1920,-11,13164,13200,99,99,21,21,21568,21568,0,0,32,32,64,64
gfx1200,multihead-fast-padded-wave.hsaco,mh_ffn_fused_c256_frag_project_mapped_g128_qkv_bytein_fb_pdl,False,2055,2044,-11,13740,13776,99,99,23,23,21568,21568,0,0,32,32,100,100
gfx1200,multihead-fast-padded-wave.hsaco,mh_ffn_fused_c256_frag_project_mapped_g128_qkv_fb,False,1941,1935,-6,13028,13040,96,96,24,24,21568,21568,0,0,32,32,64,64
gfx1200,multihead-fast-padded-wave.hsaco,mh_ffn_fused_c256_frag_project_mapped_g128_qkv_fb_pdl,False,2066,2060,-6,13608,13620,96,96,26,26,21568,21568,0,0,32,32,100,100
gfx1200,multihead-fast-padded-wave.hsaco,mh_ffn_fused_c256_tiled,False,901,887,-14,6068,6112,71,71,11,11,16448,16448,0,0,32,32,28,28
gfx1200,multihead-fast-padded-wave.hsaco,mh_ffn_fused_c256_tiled_project,False,1081,1070,-11,7304,7348,71,71,13,13,16448,16448,0,0,32,32,28,28
gfx1200,multihead-fast-padded-wave.hsaco,mh_ffn_fused_c256_tiled_project_g128,False,1156,1155,-1,7976,8068,77,77,11,11,16448,16448,0,0,32,32,28,28
gfx1200,multihead-fast-padded-wave.hsaco,mh_ffn_fused_c256_tiled_project_g128_qkv,False,1792,1763,-29,11928,11960,81,81,15,15,21568,21568,0,0,32,32,64,64
gfx1200,multihead-fast-padded-wave.hsaco,mh_ffn_fused_c256_tiled_project_g128_qkv_bytein_fb,False,1719,1705,-14,11640,11656,80,80,15,15,21568,21568,0,0,32,32,64,64
gfx1200,multihead-fast-padded-wave.hsaco,mh_ffn_fused_c256_tiled_project_g128_qkv_fb,False,1781,1757,-24,11856,11884,81,81,15,15,21568,21568,0,0,32,32,64,64
gfx1200,multihead-fast-padded-wave.hsaco,mh_ffn_fused_c256_tiled_project_mapped,False,1553,1542,-11,9724,9768,71,71,26,26,16448,16448,0,0,32,32,48,48
gfx1200,multihead-fast-padded-wave.hsaco,mh_ffn_fused_c256_tiled_project_mapped_g128,False,1639,1634,-5,10424,10508,77,77,26,26,16448,16448,0,0,32,32,48,48
gfx1200,multihead-fast-padded-wave.hsaco,mh_ffn_fused_c256_tiled_project_mapped_g128_qkv,False,1942,1925,-17,12748,12836,81,81,23,23,21568,21568,0,0,32,32,64,64
gfx1200,multihead-fast-padded-wave.hsaco,mh_ffn_fused_c256_tiled_project_mapped_g128_qkv_bytein_fb,False,1916,1901,-15,12840,12888,81,81,21,21,21568,21568,0,0,32,32,64,64
gfx1200,multihead-fast-padded-wave.hsaco,mh_ffn_fused_c256_tiled_project_mapped_g128_qkv_fb,False,2000,1980,-20,13076,13148,81,81,24,24,21568,21568,0,0,32,32,64,64
gfx1200,multihead-fast-padded-wave.hsaco,mh_ffn_fused_c64,False,741,731,-10,5192,5204,97,97,15,15,4160,4160,0,0,32,32,28,28
gfx1200,multihead-fast-padded-wave.hsaco,mh_ffn_fused_c64_frag_project_g128_qkv,False,1354,1338,-16,8816,8836,96,96,16,16,5440,5440,0,0,32,32,64,64
gfx1200,multihead-fast-padded-wave.hsaco,mh_ffn_fused_c64_frag_project_mapped_g128_qkv,False,1482,1462,-20,9432,9476,96,96,25,25,5440,5440,0,0,32,32,64,64
gfx1200,multihead-fast-padded-wave.hsaco,mh_ffn_fused_c64_project,False,922,911,-11,6352,6364,98,98,18,18,4160,4160,0,0,32,32,28,28
gfx1200,multihead-fast-padded-wave.hsaco,mh_ffn_fused_c64_project_g128,False,910,896,-14,6164,6164,98,98,18,18,4160,4160,0,0,32,32,28,28
gfx1200,multihead-fast-padded-wave.hsaco,mh_ffn_fused_c64_project_g128_qkv,False,1289,1275,-14,8412,8424,98,98,19,19,5440,5440,0,0,32,32,64,64
gfx1200,multihead-fast-padded-wave.hsaco,mh_ffn_fused_c64_project_g128_qkv_bn,False,1130,1118,-12,7772,7812,97,97,21,21,9792,9792,0,0,32,32,64,64
gfx1200,multihead-fast-padded-wave.hsaco,mh_ffn_fused_c64_project_g128_qkv_bytein_fb,False,1241,1228,-13,8148,8140,95,95,19,19,5440,5440,0,0,32,32,64,64
gfx1200,multihead-fast-padded-wave.hsaco,mh_ffn_fused_c64_project_g128_qkv_bytein_fb_pdl,False,1363,1352,-11,8728,8732,95,95,19,19,5440,5440,0,0,32,32,100,100
gfx1200,multihead-fast-padded-wave.hsaco,mh_ffn_fused_c64_project_g128_qkv_fb,False,1271,1260,-11,8312,8336,98,98,19,19,5440,5440,0,0,32,32,64,64
gfx1200,multihead-fast-padded-wave.hsaco,mh_ffn_fused_c64_project_g128_qkv_fb_pdl,False,1403,1392,-11,8948,8972,98,98,21,21,5440,5440,0,0,32,32,100,100
gfx1200,multihead-fast-padded-wave.hsaco,mh_ffn_fused_c64_project_mapped,False,1400,1392,-8,8680,8700,98,98,28,28,4160,4160,0,0,32,32,48,48
gfx1200,multihead-fast-padded-wave.hsaco,mh_ffn_fused_c64_project_mapped_g128,False,1381,1375,-6,8500,8540,99,99,28,28,4160,4160,0,0,32,32,48,48
gfx1200,multihead-fast-padded-wave.hsaco,mh_ffn_fused_c64_project_mapped_g128_qkv,False,1402,1387,-15,9072,9092,100,100,27,27,5440,5440,0,0,32,32,64,64
gfx1200,multihead-fast-padded-wave.hsaco,mh_ffn_fused_c64_project_mapped_g128_qkv_bn,False,1287,1267,-20,8536,8560,97,97,26,26,9792,9792,0,0,32,32,64,64
gfx1200,multihead-fast-padded-wave.hsaco,mh_ffn_fused_c64_project_mapped_g128_qkv_bytein_fb,False,1336,1323,-13,8868,8868,97,97,20,20,5440,5440,0,0,32,32,64,64
gfx1200,multihead-fast-padded-wave.hsaco,mh_ffn_fused_c64_project_mapped_g128_qkv_bytein_fb_pdl,False,1453,1441,-12,9404,9420,97,97,22,22,5440,5440,0,0,32,32,100,100
gfx1200,multihead-fast-padded-wave.hsaco,mh_ffn_fused_c64_project_mapped_g128_qkv_fb,False,1388,1377,-11,8952,8980,99,99,27,27,5440,5440,0,0,32,32,64,64
gfx1200,multihead-fast-padded-wave.hsaco,mh_ffn_fused_c64_project_mapped_g128_qkv_fb_pdl,False,1503,1491,-12,9544,9560,100,100,30,30,5440,5440,0,0,32,32,100,100
gfx1200,multihead-fast-padded-wave.hsaco,mh_ffn_fused_c64_tiled,False,1382,1366,-16,9960,9996,110,110,12,12,4160,4160,0,0,32,32,28,28
gfx1200,multihead-fast-padded-wave.hsaco,mh_ffn_fused_c64_tiled_project_g128_qkv,False,1769,1748,-21,12032,12064,105,105,16,16,5440,5440,0,0,32,32,64,64
gfx1200,multihead-fast-padded-wave.hsaco,mh_ffn_fused_c64_tiled_project_mapped_g128_qkv,False,1894,1873,-21,12652,12696,104,104,25,25,5440,5440,0,0,32,32,64,64
gfx1200,multihead-fast-padded-wave.hsaco,mh_ffn_project_fast,False,612,610,-2,3400,3400,38,38,17,17,4608,4608,0,0,32,32,40,40
gfx1200,multihead-fast-padded-wave.hsaco,mh_ffn_project_fast_fp8,False,577,575,-2,3172,3172,32,32,17,17,4608,4608,0,0,32,32,40,40
gfx1200,multihead-fast-padded-wave.hsaco,mh_pool_project_fused_c128,False,3437,3435,-2,17616,17616,152,152,21,21,0,0,144,144,32,32,44,44
gfx1200,multihead-fast-padded-wave.hsaco,mh_pool_project_fused_c256,False,3873,3871,-2,20284,20284,192,192,21,21,0,0,272,272,32,32,44,44
gfx1200,multihead-fast-padded-wave.hsaco,mh_pool_project_fused_c64,False,6352,6333,-19,32816,32816,128,128,79,79,0,0,0,0,32,32,44,44
gfx1200,multihead-fast-padded-wave.hsaco,mh_pool_project_group_c128,False,2612,2612,0,13220,13224,146,146,28,28,4352,4352,0,0,32,32,44,44
gfx1200,multihead-fast-padded-wave.hsaco,mh_pool_project_group_c256,False,2286,2285,-1,11544,11544,98,98,28,28,8448,8448,0,0,32,32,44,44
gfx1200,multihead-fast-padded-wave.hsaco,mh_pool_project_group_c64,False,2381,2379,-2,11968,11968,102,102,28,28,2304,2304,0,0,32,32,44,44
gfx1200,multihead-fast-padded-wave.hsaco,mh_pool_project_production,False,1336,1333,-3,6780,6780,47,47,36,36,0,0,0,0,32,32,44,44
gfx1200,multihead-fast-padded-wave.hsaco,mh_pool_project_production_h16w,False,1413,1413,0,7160,7164,62,62,20,20,0,0,0,0,32,32,44,44
gfx1200,multihead-fast-padded-wave.hsaco,mh_probabilities_fast,False,577,577,0,3304,3308,50,50,12,12,0,0,0,0,32,32,24,24
gfx1200,multihead-fast-padded-wave.hsaco,mh_qkv_fast,False,376,374,-2,2028,2028,32,32,16,16,4608,4608,0,0,32,32,32,32
gfx1200,multihead-fast-padded-wave.hsaco,mh_qkv_normalize_fast,False,1116,1114,-2,6536,6536,110,110,11,11,0,0,0,0,32,32,32,32
gfx1200,multihead-fast-padded-wave.hsaco,mh_qkv_normalize_fast_wave,True,396,396,0,2084,2084,9,9,11,11,0,0,0,0,32,32,32,32
gfx1200,multihead-fast-padded-wave.hsaco,mh_qkv_normalize_fast_wave_fp8,True,397,397,0,2076,2076,7,7,11,11,0,0,0,0,32,32,32,32
gfx1200,multihead-fast-padded-wave.hsaco,mh_qkv_normalize_frag_c512,False,1277,1274,-3,7840,7836,124,124,18,18,4420,4420,0,0,32,32,28,28
gfx1200,multihead-fast-padded-wave.hsaco,mh_qkv_normalize_fused,False,2510,2498,-12,14468,14484,45,45,20,20,21760,21760,0,0,32,32,32,32
gfx1200,multihead-fast-padded-wave.hsaco,mh_qkv_normalize_wave_c512,False,1729,1726,-3,10920,10916,233,233,14,14,17680,17680,0,0,32,32,28,28
gfx1200,multihead-fast-padded-wave.hsaco,mh_scores_exp_fast,False,1088,1080,-8,6176,6172,68,68,15,15,0,0,0,0,32,32,36,36
gfx1200,multihead-fast.hsaco,mh_attention_av_fast,False,549,543,-6,2972,2972,52,52,19,19,0,0,0,0,32,32,36,36
gfx1200,multihead-fast.hsaco,mh_attention_project_fast_matrix,False,2636,2633,-3,14140,14144,95,95,51,51,4096,4096,0,0,32,32,44,44
gfx1200,multihead-fast.hsaco,mh_attention_project_fast_scalar,False,1821,1818,-3,9000,9000,38,38,20,20,4096,4096,0,0,32,32,44,44
gfx1200,multihead-fast.hsaco,mh_ffn_contract_fast,False,496,493,-3,2616,2616,30,30,16,16,4096,4096,0,0,32,32,32,32
gfx1200,multihead-fast.hsaco,mh_ffn_contract_fast_pre,False,303,300,-3,1596,1596,30,30,16,16,4096,4096,0,0,32,32,32,32
gfx1200,multihead-fast.hsaco,mh_ffn_contract_fast_rne,False,496,493,-3,2616,2616,30,30,16,16,4096,4096,0,0,32,32,32,32
gfx1200,multihead-fast.hsaco,mh_ffn_contract_fast_rtz,False,496,493,-3,2616,2616,30,30,16,16,4096,4096,0,0,32,32,32,32
gfx1200,multihead-fast.hsaco,mh_ffn_expand_fast,False,580,579,-1,3248,3248,32,32,16,16,4096,4096,0,0,32,32,32,32
gfx1200,multihead-fast.hsaco,mh_ffn_project_fast,False,698,696,-2,3784,3788,38,38,17,17,4096,4096,0,0,32,32,40,40
gfx1200,multihead-fast.hsaco,mh_pool_project_production,False,1432,1429,-3,7260,7260,47,47,36,36,0,0,0,0,32,32,44,44
gfx1200,multihead-fast.hsaco,mh_probabilities_fast,False,692,692,0,3772,3776,50,50,12,12,0,0,0,0,32,32,24,24
gfx1200,multihead-fast.hsaco,mh_qkv_fast,False,370,366,-4,1992,1992,32,32,16,16,4096,4096,0,0,32,32,32,32
gfx1200,multihead-fast.hsaco,mh_qkv_normalize_fast,False,3556,3545,-11,20700,20688,148,148,11,11,0,0,0,0,32,32,32,32
gfx1200,multihead-fast.hsaco,mh_scores_exp_fast,False,1088,1080,-8,6176,6172,68,68,15,15,0,0,0,0,32,32,36,36
gfx1200,multihead-reference.hsaco,mh_attention_av,False,588,588,0,3108,3108,18,18,17,17,0,0,0,0,32,32,36,36
gfx1200,multihead-reference.hsaco,mh_attention_project,True,796,796,0,4528,4528,12,12,15,15,0,0,0,0,32,32,44,44
gfx1200,multihead-reference.hsaco,mh_ffn_contract,False,340,340,0,1860,1864,70,70,13,13,0,0,0,0,32,32,32,32
gfx1200,multihead-reference.hsaco,mh_ffn_expand,True,788,788,0,4484,4484,12,12,12,12,0,0,0,0,32,32,32,32
gfx1200,multihead-reference.hsaco,mh_ffn_project,True,800,800,0,4548,4548,12,12,12,12,0,0,0,0,32,32,40,40
gfx1200,multihead-reference.hsaco,mh_normalize,False,522,522,0,2620,2624,32,32,23,23,0,0,0,0,32,32,32,32
gfx1200,multihead-reference.hsaco,mh_pool,False,279,279,0,1376,1376,12,12,12,12,0,0,0,0,32,32,40,40
gfx1200,multihead-reference.hsaco,mh_pool_project,True,872,872,0,4828,4828,12,12,16,16,0,0,0,0,32,32,44,44
gfx1200,multihead-reference.hsaco,mh_probabilities,False,365,364,-1,2044,2040,37,37,10,10,0,0,0,0,32,32,24,24
gfx1200,multihead-reference.hsaco,mh_qkv,False,709,709,0,4336,4336,13,13,12,12,0,0,0,0,32,32,32,32
gfx1200,multihead-reference.hsaco,mh_scores_exp,False,694,691,-3,4008,4016,75,75,13,13,0,0,0,0,32,32,36,36
gfx1200,multihead-reference.hsaco,mh_shift_crop,False,157,157,0,732,732,6,6,11,11,0,0,0,0,32,32,40,40
gfx1200,multihead-reference.hsaco,mh_shift_pack,False,185,185,0,852,852,6,6,18,18,0,0,0,0,32,32,48,48
gfx1200,multihead-reference.hsaco,mh_split_project,True,786,786,0,4480,4480,12,12,12,12,0,0,0,0,32,32,40,40
gfx1200,multihead-tiled.hsaco,mh_attention_project_tiled,False,1056,1051,-5,5620,5624,42,42,20,20,4096,4096,0,0,32,32,44,44
gfx1200,multihead-tiled.hsaco,mh_dense_tiled_probe,False,989,986,-3,5228,5228,41,41,20,20,4096,4096,0,0,32,32,52,52
gfx1200,multihead-tiled.hsaco,mh_ffn_contract_tiled,False,793,790,-3,4332,4332,35,35,16,16,4096,4096,0,0,32,32,32,32
gfx1200,multihead-tiled.hsaco,mh_ffn_expand_tiled,False,958,957,-1,5260,5260,36,36,16,16,4096,4096,0,0,32,32,32,32
gfx1200,multihead-tiled.hsaco,mh_ffn_project_tiled,False,1013,1011,-2,5544,5548,42,42,17,17,4096,4096,0,0,32,32,40,40
gfx1200,multihead-tiled.hsaco,mh_pool_project_tiled,False,1460,1458,-2,7272,7276,36,36,24,24,4096,4096,0,0,32,32,44,44
gfx1200,multihead-tiled.hsaco,mh_qkv_tiled,False,387,387,0,2096,2096,36,36,16,16,4096,4096,0,0,32,32,32,32
gfx1200,multihead-wmma.hsaco,mh_attention_av_wmma,False,3180,3177,-3,17880,17896,47,47,17,17,0,0,0,0,32,32,36,36
gfx1200,multihead-wmma.hsaco,mh_attention_project_wmma,False,1384,1381,-3,7660,7660,85,85,25,25,0,0,0,0,32,32,44,44
gfx1200,multihead-wmma.hsaco,mh_ffn_contract_wmma,False,1112,1111,-1,6320,6320,77,77,21,21,0,0,0,0,32,32,32,32
gfx1200,multihead-wmma.hsaco,mh_ffn_expand_wmma,False,1256,1254,-2,7116,7116,77,77,15,15,0,0,0,0,32,32,32,32
gfx1200,multihead-wmma.hsaco,mh_ffn_project_wmma,False,1321,1318,-3,7516,7516,85,85,23,23,0,0,0,0,32,32,40,40
gfx1200,multihead-wmma.hsaco,mh_pool_project_wmma,False,1942,1941,-1,9964,9964,77,77,25,25,0,0,0,0,32,32,44,44
gfx1200,multihead-wmma.hsaco,mh_qkv_wmma,False,684,683,-1,4016,4016,77,77,16,16,0,0,0,0,32,32,32,32
gfx1200,multihead-wmma.hsaco,mh_scores_exp_wmma,False,1571,1567,-4,8652,8656,68,68,15,15,0,0,0,0,32,32,36,36
gfx1200,multihead-wmma.hsaco,mh_split_project_wmma,False,1331,1330,-1,7556,7560,85,85,23,23,0,0,0,0,32,32,40,40
gfx1200,multihead_fused_attention.hsaco,c128_attention_project,False,2043,2020,-23,13008,13100,96,96,28,28,17664,17664,0,0,32,32,60,60
gfx1200,multihead_fused_attention.hsaco,c128_attention_project_diag,False,1590,1582,-8,10528,10616,91,91,28,28,17664,17664,0,0,32,32,60,60
gfx1200,multihead_fused_attention.hsaco,c128_attention_project_fb,False,1877,1867,-10,11448,11528,94,94,32,32,17664,17664,0,0,32,32,60,60
gfx1200,multihead_fused_attention.hsaco,c128_attention_project_fb_bout,False,1875,1865,-10,11456,11536,94,94,32,32,17664,17664,0,0,32,32,60,60
gfx1200,multihead_fused_attention.hsaco,c128_attention_project_fb_bout_diag,False,1514,1501,-13,9900,9960,91,91,28,28,17664,17664,0,0,32,32,60,60
gfx1200,multihead_fused_attention.hsaco,c128_attention_project_fb_bout_diag_pdl,False,1610,1597,-13,10352,10412,91,91,28,28,17664,17664,0,0,32,32,92,92
gfx1200,multihead_fused_attention.hsaco,c128_attention_project_fb_diag,False,1496,1488,-8,9840,9920,91,91,28,28,17664,17664,0,0,32,32,60,60
gfx1200,multihead_fused_attention.hsaco,c128_attention_project_fb_diag_pdl,False,1591,1583,-8,10280,10360,91,91,28,28,17664,17664,0,0,32,32,92,92
gfx1200,multihead_fused_attention.hsaco,c256_attention_project,False,2150,2125,-25,13640,13724,120,120,34,34,25856,25856,0,0,32,32,60,60
gfx1200,multihead_fused_attention.hsaco,c256_attention_project_diag,False,1705,1702,-3,11228,11328,122,122,34,34,25856,25856,0,0,32,32,60,60
gfx1200,multihead_fused_attention.hsaco,c256_attention_project_fb,False,1998,1982,-16,12136,12220,120,120,38,38,25856,25856,0,0,32,32,60,60
gfx1200,multihead_fused_attention.hsaco,c256_attention_project_fb_bout,False,1998,1982,-16,12152,12236,120,120,38,38,25856,25856,0,0,32,32,60,60
gfx1200,multihead_fused_attention.hsaco,c256_attention_project_fb_bout_diag,False,1617,1614,-3,10580,10672,122,122,34,34,25856,25856,0,0,32,32,60,60
gfx1200,multihead_fused_attention.hsaco,c256_attention_project_fb_bout_diag_pdl,False,1718,1717,-1,11064,11136,122,122,34,34,25856,25856,0,0,32,32,92,92
gfx1200,multihead_fused_attention.hsaco,c256_attention_project_fb_diag,False,1620,1614,-6,10580,10660,122,122,34,34,25856,25856,0,0,32,32,60,60
gfx1200,multihead_fused_attention.hsaco,c256_attention_project_fb_diag_pdl,False,1721,1720,-1,11060,11132,122,122,34,34,25856,25856,0,0,32,32,92,92
gfx1200,multihead_fused_attention.hsaco,c64_attention_project,False,2001,1976,-25,12640,12760,96,96,28,28,8960,8960,0,0,32,32,60,60
gfx1200,multihead_fused_attention.hsaco,c64_attention_project_diag,False,1554,1529,-25,10232,10276,91,91,28,28,8960,8960,0,0,32,32,60,60
gfx1200,multihead_fused_attention.hsaco,c64_attention_project_fb,False,1832,1822,-10,11128,11208,94,94,32,32,8960,8960,0,0,32,32,60,60
gfx1200,multihead_fused_attention.hsaco,c64_attention_project_fb_bout,False,1831,1821,-10,11140,11220,94,94,32,32,8960,8960,0,0,32,32,60,60
gfx1200,multihead_fused_attention.hsaco,c64_attention_project_fb_bout_diag,False,1454,1444,-10,9560,9624,92,92,28,28,8960,8960,0,0,32,32,60,60
gfx1200,multihead_fused_attention.hsaco,c64_attention_project_fb_bout_diag_pdl,False,1546,1536,-10,9996,10060,92,92,28,28,8960,8960,0,0,32,32,92,92
gfx1200,multihead_fused_attention.hsaco,c64_attention_project_fb_diag,False,1478,1463,-15,9644,9680,91,91,28,28,8960,8960,0,0,32,32,60,60
gfx1200,multihead_fused_attention.hsaco,c64_attention_project_fb_diag_pdl,False,1575,1560,-15,10080,10116,91,91,28,28,8960,8960,0,0,32,32,92,92
gfx1200,multihead_fused_attention.hsaco,c64_attention_project_w16,False,1288,1272,-16,8164,8168,90,90,30,30,22528,22528,0,0,32,32,60,60
gfx1200,multihead_fused_attention.hsaco,mh_attention_fused,False,1476,1458,-18,9548,9584,93,93,18,18,15360,15360,0,0,32,32,36,36
gfx1200,multihead_fused_attention.hsaco,mh_attention_fused_fp8,False,1470,1453,-17,9516,9552,93,93,20,20,15360,15360,0,0,32,32,36,36
gfx1200,multihead_fused_attention.hsaco,mh_attention_fused_fp8_out,False,1469,1451,-18,9608,9644,93,93,20,20,15360,15360,0,0,32,32,36,36
gfx1200,prefix_fast.hsaco,dlss5_prefix_fast_features,True,2499,2499,0,12840,12840,22,22,14,14,0,0,0,0,32,32,40,40
gfx1200,prefix_fast.hsaco,dlss5_prefix_fast_fused,True,4639,4639,0,24004,24004,30,30,23,23,1024,1024,0,0,32,32,48,48
gfx1200,prefix_fast.hsaco,dlss5_prefix_fast_fused_raster,True,4638,4638,0,23996,23996,30,30,23,23,1024,1024,0,0,32,32,48,48
gfx1200,prefix_fast.hsaco,dlss5_prefix_fast_project,True,1362,1362,0,7160,7160,28,28,13,13,0,0,0,0,32,32,28,28
gfx1200,vit-stream.hsaco,decoder_project2x,False,589,588,-1,3192,3192,40,40,25,25,0,0,0,0,32,32,56,56
gfx1200,vit-stream.hsaco,decoder_project2x_h16w,False,5984,5975,-9,32880,32896,64,64,34,34,0,0,0,0,32,32,56,56
gfx1200,vit-stream.hsaco,decoder_project2x_h16w_byteout,False,6017,6010,-7,32980,32996,64,64,34,34,0,0,0,0,32,32,56,56
gfx1200,vit-stream.hsaco,reuse_decide,False,398,397,-1,2028,2028,14,14,17,17,0,0,0,0,32,32,60,60
gfx1200,vit-stream.hsaco,reuse_finish,True,654,654,0,3896,3896,11,11,27,27,0,0,0,0,32,32,84,84
gfx1200,vit-stream.hsaco,reuse_image_commit,True,168,168,0,996,996,5,5,8,8,0,0,0,0,32,32,28,28
gfx1200,vit-stream.hsaco,reuse_image_stats,False,251,248,-3,1364,1372,14,14,22,22,0,0,0,0,32,32,48,48
gfx1200,vit-stream.hsaco,reuse_token_stats,False,218,218,0,1180,1180,14,14,17,17,0,0,0,0,32,32,48,48
gfx1200,vit-stream.hsaco,split_contract,False,198,196,-2,1156,1156,33,33,12,12,0,0,0,0,32,32,28,28
gfx1200,vit-stream.hsaco,split_contract_fp8,False,202,200,-2,1176,1184,31,31,12,12,0,0,0,0,32,32,28,28
gfx1200,vit-stream.hsaco,split_expand,False,238,239,1,1452,1476,33,33,12,12,0,0,0,0,32,32,28,28
gfx1200,vit-stream.hsaco,split_expand_fp8,False,254,248,-6,1556,1552,33,33,12,12,0,0,0,0,32,32,28,28
gfx1200,vit-stream.hsaco,split_ffn_fused,False,1079,1069,-10,6600,6636,59,59,15,15,4160,4160,0,0,32,32,28,28
gfx1200,vit-stream.hsaco,split_ffn_fused_fp8,False,866,856,-10,5660,5680,101,101,11,11,4160,4160,0,0,32,32,28,28
gfx1200,vit-stream.hsaco,split_ffn_fused_fp8_mix,False,960,948,-12,6172,6216,110,110,12,12,6464,6464,0,0,32,32,28,28
gfx1200,vit-stream.hsaco,split_ffn_fused_fp8_t8,False,930,921,-9,6192,6212,111,111,14,14,4160,4160,0,0,32,32,36,36
gfx1200,vit-stream.hsaco,split_mix,True,200,200,0,1160,1160,35,35,11,11,0,0,0,0,32,32,28,28
gfx1200,vit-stream.hsaco,split_mix_blocked,False,526,519,-7,3164,3176,80,80,11,11,0,0,0,0,32,32,28,28
gfx1200,vit-stream.hsaco,split_mix_blocked_h16w,False,518,510,-8,3152,3164,91,91,11,11,0,0,0,0,32,32,28,28
gfx1200,vit-stream.hsaco,split_projection,False,240,239,-1,1488,1488,32,32,12,12,0,0,0,0,32,32,36,36
gfx1200,vit-stream.hsaco,split_projection_blocked,False,681,677,-4,4188,4188,74,74,12,12,0,0,0,0,32,32,36,36
gfx1200,vit-stream.hsaco,split_projection_blocked_t8,False,929,918,-11,5688,5692,75,75,16,16,0,0,0,0,32,32,44,44
gfx1200,vit-stream.hsaco,split_projection_frag,False,930,919,-11,5836,5852,102,102,17,17,0,0,0,0,32,32,44,44
gfx1200,vit-stream.hsaco,vit_attention_av_fast,False,486,479,-7,3068,3064,48,48,17,17,0,0,0,0,32,32,48,48
gfx1200,vit-stream.hsaco,vit_attention_fused_256,False,1238,1228,-10,7912,7920,91,91,16,16,1536,1536,0,0,32,32,32,32
gfx1200,vit-stream.hsaco,vit_attention_fused_256_bytein,False,962,956,-6,5732,5748,75,75,17,17,1536,1536,0,0,32,32,32,32
gfx1200,vit-stream.hsaco,vit_attention_fused_256_bytein_bout,False,977,974,-3,5844,5896,75,75,17,17,1536,1536,0,0,32,32,32,32
gfx1200,vit-stream.hsaco,vit_attention_fused_400,False,1238,1228,-10,7912,7920,91,91,16,16,1536,1536,0,0,32,32,32,32
gfx1200,vit-stream.hsaco,vit_attention_fused_400_bytein,False,962,956,-6,5732,5748,75,75,17,17,1536,1536,0,0,32,32,32,32
gfx1200,vit-stream.hsaco,vit_attention_fused_400_bytein_bout,False,977,974,-3,5844,5896,75,75,17,17,1536,1536,0,0,32,32,32,32
gfx1200,vit-stream.hsaco,vit_attention_fused_640,False,1238,1228,-10,7912,7920,91,91,16,16,1536,1536,0,0,32,32,32,32
gfx1200,vit-stream.hsaco,vit_attention_fused_640_bytein,False,962,956,-6,5732,5748,75,75,17,17,1536,1536,0,0,32,32,32,32
gfx1200,vit-stream.hsaco,vit_attention_fused_640_bytein_bout,False,977,974,-3,5844,5896,75,75,17,17,1536,1536,0,0,32,32,32,32
gfx1200,vit-stream.hsaco,vit_attention_inverse_fast,False,266,258,-8,1588,1584,34,34,10,10,0,0,0,0,32,32,32,32
gfx1200,vit-stream.hsaco,vit_attention_scores_fast,False,772,771,-1,4556,4564,66,66,13,13,0,0,0,0,32,32,32,32
gfx1200,vit-stream.hsaco,vit_contract_blocked_fp8,False,1868,1862,-6,12324,12328,241,241,26,26,0,0,0,0,32,32,56,56
gfx1200,vit-stream.hsaco,vit_contract_blocked_fp8_bstream,False,1936,1927,-9,12732,12760,237,237,26,26,0,0,0,0,32,32,56,56
gfx1200,vit-stream.hsaco,vit_contract_blocked_fp8_frag,False,1090,1084,-6,7260,7280,211,211,12,12,0,0,0,0,32,32,56,56
gfx1200,vit-stream.hsaco,vit_contract_blocked_fp8_hstream,False,1908,1902,-6,12480,12500,241,241,26,26,0,0,0,0,32,32,56,56
gfx1200,vit-stream.hsaco,vit_contract_blocked_fp8_tiled,False,762,756,-6,4708,4720,113,113,14,14,0,0,0,0,32,32,56,56
gfx1200,vit-stream.hsaco,vit_contract_blocked_fp8_tiled_bstream,False,832,826,-6,5152,5168,109,109,14,14,0,0,0,0,32,32,56,56
gfx1200,vit-stream.hsaco,vit_contract_blocked_fp8_tiled_hstream,False,809,806,-3,4924,4932,112,112,14,14,0,0,0,0,32,32,56,56
gfx1200,vit-stream.hsaco,vit_contract_combine,True,97,97,0,560,560,14,14,11,11,0,0,0,0,32,32,48,48
gfx1200,vit-stream.hsaco,vit_contract_parts_blocked_fp8,False,198,197,-1,1352,1352,48,48,14,14,0,0,0,0,32,32,40,40
gfx1200,vit-stream.hsaco,vit_contract_parts_blocked_fp8_tiled,False,281,281,0,1968,1968,70,70,14,14,0,0,0,0,32,32,40,40
gfx1200,vit-stream.hsaco,vit_contract_parts_fp8,False,159,158,-1,876,876,23,23,14,14,0,0,0,0,32,32,40,40
gfx1200,vit-stream.hsaco,vit_expand,False,355,351,-4,2200,2212,32,32,14,14,0,0,0,0,32,32,48,48
gfx1200,vit-stream.hsaco,vit_expand_blocked_fp8,False,810,789,-21,5244,5272,69,69,14,14,0,0,0,0,32,32,48,48
gfx1200,vit-stream.hsaco,vit_expand_blocked_fp8_bytein,False,723,710,-13,4592,4600,55,55,14,14,0,0,0,0,32,32,48,48
gfx1200,vit-stream.hsaco,vit_expand_blocked_fp8_frag_bytein,False,1368,1337,-31,8968,9044,77,77,25,25,0,0,0,0,32,32,48,48
gfx1200,vit-stream.hsaco,vit_expand_blocked_fp8_frag_bytein_m2,False,1336,1308,-28,8704,8800,86,86,25,25,0,0,0,0,32,32,48,48
gfx1200,vit-stream.hsaco,vit_expand_blocked_fp8_frag_bytein_m4,False,2598,2540,-58,16992,17144,154,154,30,30,0,0,0,0,32,32,48,48
gfx1200,vit-stream.hsaco,vit_expand_blocked_fp8_frag_tiledin,False,713,700,-13,4580,4628,46,46,25,25,0,0,0,0,32,32,48,48
gfx1200,vit-stream.hsaco,vit_expand_blocked_fp8_tiled,False,886,864,-22,5812,5824,94,94,23,23,0,0,0,0,32,32,48,48
gfx1200,vit-stream.hsaco,vit_expand_blocked_fp8_tiled_bytein,False,781,769,-12,5132,5188,73,73,22,22,0,0,0,0,32,32,48,48
gfx1200,vit-stream.hsaco,vit_expand_blocked_fp8_tiled_bytein_m4,False,2668,2611,-57,17536,17688,153,153,27,27,0,0,0,0,32,32,48,48
gfx1200,vit-stream.hsaco,vit_expand_fp8,False,350,344,-6,2156,2156,32,32,14,14,0,0,0,0,32,32,48,48
gfx1200,vit-stream.hsaco,vit_ffn_fused,False,1492,1477,-15,9728,9800,161,161,14,14,16640,16640,0,0,32,32,56,56
gfx1200,vit-stream.hsaco,vit_pack_input,False,57,57,0,340,340,7,7,7,7,0,0,0,0,32,32,32,32
gfx1200,vit-stream.hsaco,vit_pack_input_tiled,False,57,56,-1,352,352,10,10,7,7,0,0,0,0,32,32,32,32
gfx1200,vit-stream.hsaco,vit_project,False,1287,1257,-30,8200,8224,77,77,20,20,0,0,0,0,32,32,56,56
gfx1200,vit-stream.hsaco,vit_project_bytein_bout,True,597,597,0,4136,4136,98,98,14,14,0,0,0,0,32,32,56,56
gfx1200,vit-stream.hsaco,vit_project_bytein_bout_hskip,True,605,605,0,4180,4180,99,99,14,14,0,0,0,0,32,32,56,56
gfx1200,vit-stream.hsaco,vit_project_fp8,False,1327,1318,-9,8408,8400,90,90,20,20,0,0,0,0,32,32,56,56
gfx1200,vit-stream.hsaco,vit_project_frag,False,1861,1835,-26,11744,11768,79,79,34,34,0,0,0,0,32,32,56,56
gfx1200,vit-stream.hsaco,vit_qkv_normalize,False,478,478,0,2724,2724,31,31,18,18,0,0,0,0,32,32,40,40
gfx1200,vit-stream.hsaco,vit_qkv_project,False,221,220,-1,1228,1232,32,32,14,14,0,0,0,0,32,32,40,40
gfx1200,vit-stream.hsaco,vit_qkv_project_blocked,False,227,227,0,1384,1388,48,48,13,13,0,0,0,0,32,32,40,40
gfx1200,vit-stream.hsaco,vit_qkv_project_normalize_fused,False,958,958,0,5320,5320,50,50,18,18,2112,2112,0,0,32,32,40,40
gfx1200,vit-stream.hsaco,vit_qkv_project_normalize_fused_f16compact,False,957,957,0,5364,5364,58,58,22,22,2112,2112,0,0,32,32,40,40
gfx1200,vit-stream.hsaco,vit_qkv_project_normalize_fused_f16compact_fp8,False,767,767,0,4352,4352,58,58,22,22,2112,2112,0,0,32,32,40,40
gfx1200,vit-stream.hsaco,vit_qkv_project_normalize_fused_f16compact_fp8_bytein,False,818,818,0,4680,4684,91,91,22,22,2112,2112,0,0,32,32,40,40
gfx1200,vit-stream.hsaco,vit_qkv_project_normalize_fused_f16compact_fp8_frag,False,767,766,-1,4348,4348,58,58,22,22,2112,2112,0,0,32,32,40,40
gfx1200,vit-stream.hsaco,vit_qkv_project_normalize_fused_f16compact_fp8_h16in,False,1198,1198,0,7908,7908,95,95,22,22,2112,2112,0,0,32,32,40,40
gfx1200,vit-stream.hsaco,vit_qkv_project_normalize_fused_f16compact_fp8_h16in_n4,False,1408,1408,0,8264,8264,192,192,22,22,4160,4160,0,0,32,32,40,40
gfx1200,vit-stream.hsaco,vit_qkv_project_normalize_fused_f16weight,False,960,960,0,5380,5380,58,58,22,22,2112,2112,0,0,32,32,40,40
gfx1200,vit-stream.hsaco,vit_stream_contract_frag_hout,False,1125,1106,-19,7360,7356,211,211,12,12,0,0,0,0,32,32,56,56
gfx1200,vit-stream.hsaco,vit_stream_project_n64_b,False,781,771,-10,4824,4828,136,136,12,12,0,0,0,0,32,32,56,56
gfx1200,vit-stream.hsaco,vit_stream_project_n64_bh,False,792,785,-7,4916,4948,136,136,12,12,0,0,0,0,32,32,56,56
gfx1200,vit-stream.hsaco,vit_stream_project_n64_h,False,1729,1701,-28,11992,12096,180,180,14,14,0,0,0,0,32,32,56,56
gfx1200,vit-stream.hsaco,vit_stream_qkv_frag_hin,False,786,786,0,4548,4548,94,94,18,18,2112,2112,0,0,32,32,40,40
gfx1200,vit-wide-deep.hsaco,decoder_project2x,False,589,588,-1,3192,3192,40,40,25,25,0,0,0,0,32,32,56,56
gfx1200,vit-wide-deep.hsaco,decoder_project2x_h16w,False,5984,5975,-9,32880,32896,64,64,34,34,0,0,0,0,32,32,56,56
gfx1200,vit-wide-deep.hsaco,decoder_project2x_h16w_byteout,False,6017,6010,-7,32980,32996,64,64,34,34,0,0,0,0,32,32,56,56
gfx1200,vit-wide-deep.hsaco,reuse_decide,False,398,397,-1,2028,2028,14,14,17,17,0,0,0,0,32,32,60,60
gfx1200,vit-wide-deep.hsaco,reuse_finish,True,654,654,0,3896,3896,11,11,27,27,0,0,0,0,32,32,84,84
gfx1200,vit-wide-deep.hsaco,reuse_image_commit,True,168,168,0,996,996,5,5,8,8,0,0,0,0,32,32,28,28
gfx1200,vit-wide-deep.hsaco,reuse_image_stats,False,251,248,-3,1364,1372,14,14,22,22,0,0,0,0,32,32,48,48
gfx1200,vit-wide-deep.hsaco,reuse_token_stats,False,218,218,0,1180,1180,14,14,17,17,0,0,0,0,32,32,48,48
gfx1200,vit-wide-deep.hsaco,split_contract,False,198,196,-2,1156,1156,33,33,12,12,0,0,0,0,32,32,28,28
gfx1200,vit-wide-deep.hsaco,split_contract_fp8,False,202,200,-2,1176,1184,31,31,12,12,0,0,0,0,32,32,28,28
gfx1200,vit-wide-deep.hsaco,split_expand,False,238,239,1,1452,1476,33,33,12,12,0,0,0,0,32,32,28,28
gfx1200,vit-wide-deep.hsaco,split_expand_fp8,False,254,248,-6,1556,1552,33,33,12,12,0,0,0,0,32,32,28,28
gfx1200,vit-wide-deep.hsaco,split_ffn_fused,False,1079,1069,-10,6600,6636,59,59,15,15,4160,4160,0,0,32,32,28,28
gfx1200,vit-wide-deep.hsaco,split_ffn_fused_fp8,False,866,856,-10,5660,5680,101,101,11,11,4160,4160,0,0,32,32,28,28
gfx1200,vit-wide-deep.hsaco,split_ffn_fused_fp8_mix,False,960,948,-12,6172,6216,110,110,12,12,6464,6464,0,0,32,32,28,28
gfx1200,vit-wide-deep.hsaco,split_ffn_fused_fp8_t8,False,930,921,-9,6192,6212,111,111,14,14,4160,4160,0,0,32,32,36,36
gfx1200,vit-wide-deep.hsaco,split_mix,True,200,200,0,1160,1160,35,35,11,11,0,0,0,0,32,32,28,28
gfx1200,vit-wide-deep.hsaco,split_mix_blocked,False,526,519,-7,3164,3176,80,80,11,11,0,0,0,0,32,32,28,28
gfx1200,vit-wide-deep.hsaco,split_mix_blocked_h16w,False,518,510,-8,3152,3164,91,91,11,11,0,0,0,0,32,32,28,28
gfx1200,vit-wide-deep.hsaco,split_projection,False,240,239,-1,1488,1488,32,32,12,12,0,0,0,0,32,32,36,36
gfx1200,vit-wide-deep.hsaco,split_projection_blocked,False,681,677,-4,4188,4188,74,74,12,12,0,0,0,0,32,32,36,36
gfx1200,vit-wide-deep.hsaco,split_projection_blocked_t8,False,929,918,-11,5688,5692,75,75,16,16,0,0,0,0,32,32,44,44
gfx1200,vit-wide-deep.hsaco,split_projection_frag,False,930,919,-11,5836,5852,102,102,17,17,0,0,0,0,32,32,44,44
gfx1200,vit-wide-deep.hsaco,vit_attention_av_fast,False,486,479,-7,3068,3064,48,48,17,17,0,0,0,0,32,32,48,48
gfx1200,vit-wide-deep.hsaco,vit_attention_fused_256,False,1238,1228,-10,7912,7920,91,91,16,16,1536,1536,0,0,32,32,32,32
gfx1200,vit-wide-deep.hsaco,vit_attention_fused_256_bytein,False,962,956,-6,5732,5748,75,75,17,17,1536,1536,0,0,32,32,32,32
gfx1200,vit-wide-deep.hsaco,vit_attention_fused_256_bytein_bout,False,977,974,-3,5844,5896,75,75,17,17,1536,1536,0,0,32,32,32,32
gfx1200,vit-wide-deep.hsaco,vit_attention_fused_400,False,1238,1228,-10,7912,7920,91,91,16,16,1536,1536,0,0,32,32,32,32
gfx1200,vit-wide-deep.hsaco,vit_attention_fused_400_bytein,False,962,956,-6,5732,5748,75,75,17,17,1536,1536,0,0,32,32,32,32
gfx1200,vit-wide-deep.hsaco,vit_attention_fused_400_bytein_bout,False,977,974,-3,5844,5896,75,75,17,17,1536,1536,0,0,32,32,32,32
gfx1200,vit-wide-deep.hsaco,vit_attention_fused_640,False,1238,1228,-10,7912,7920,91,91,16,16,1536,1536,0,0,32,32,32,32
gfx1200,vit-wide-deep.hsaco,vit_attention_fused_640_bytein,False,962,956,-6,5732,5748,75,75,17,17,1536,1536,0,0,32,32,32,32
gfx1200,vit-wide-deep.hsaco,vit_attention_fused_640_bytein_bout,False,977,974,-3,5844,5896,75,75,17,17,1536,1536,0,0,32,32,32,32
gfx1200,vit-wide-deep.hsaco,vit_attention_inverse_fast,False,266,258,-8,1588,1584,34,34,10,10,0,0,0,0,32,32,32,32
gfx1200,vit-wide-deep.hsaco,vit_attention_scores_fast,False,772,771,-1,4556,4564,66,66,13,13,0,0,0,0,32,32,32,32
gfx1200,vit-wide-deep.hsaco,vit_contract_blocked_fp8,False,1868,1862,-6,12324,12328,241,241,26,26,0,0,0,0,32,32,56,56
gfx1200,vit-wide-deep.hsaco,vit_contract_blocked_fp8_bstream,False,1936,1927,-9,12732,12760,237,237,26,26,0,0,0,0,32,32,56,56
gfx1200,vit-wide-deep.hsaco,vit_contract_blocked_fp8_frag,False,1090,1084,-6,7260,7280,211,211,12,12,0,0,0,0,32,32,56,56
gfx1200,vit-wide-deep.hsaco,vit_contract_blocked_fp8_hstream,False,1908,1902,-6,12480,12500,241,241,26,26,0,0,0,0,32,32,56,56
gfx1200,vit-wide-deep.hsaco,vit_contract_blocked_fp8_tiled,False,762,756,-6,4708,4720,113,113,14,14,0,0,0,0,32,32,56,56
gfx1200,vit-wide-deep.hsaco,vit_contract_blocked_fp8_tiled_bstream,False,832,826,-6,5152,5168,109,109,14,14,0,0,0,0,32,32,56,56
gfx1200,vit-wide-deep.hsaco,vit_contract_blocked_fp8_tiled_hstream,False,809,806,-3,4924,4932,112,112,14,14,0,0,0,0,32,32,56,56
gfx1200,vit-wide-deep.hsaco,vit_contract_combine,True,97,97,0,560,560,14,14,11,11,0,0,0,0,32,32,48,48
gfx1200,vit-wide-deep.hsaco,vit_contract_parts_blocked_fp8,False,198,197,-1,1352,1352,48,48,14,14,0,0,0,0,32,32,40,40
gfx1200,vit-wide-deep.hsaco,vit_contract_parts_blocked_fp8_tiled,False,281,281,0,1968,1968,70,70,14,14,0,0,0,0,32,32,40,40
gfx1200,vit-wide-deep.hsaco,vit_contract_parts_fp8,False,159,158,-1,876,876,23,23,14,14,0,0,0,0,32,32,40,40
gfx1200,vit-wide-deep.hsaco,vit_expand,False,355,351,-4,2200,2212,32,32,14,14,0,0,0,0,32,32,48,48
gfx1200,vit-wide-deep.hsaco,vit_expand_blocked_fp8,False,810,789,-21,5244,5272,69,69,14,14,0,0,0,0,32,32,48,48
gfx1200,vit-wide-deep.hsaco,vit_expand_blocked_fp8_bytein,False,723,710,-13,4592,4600,55,55,14,14,0,0,0,0,32,32,48,48
gfx1200,vit-wide-deep.hsaco,vit_expand_blocked_fp8_frag_bytein,False,1368,1337,-31,8968,9044,77,77,25,25,0,0,0,0,32,32,48,48
gfx1200,vit-wide-deep.hsaco,vit_expand_blocked_fp8_frag_bytein_m2,False,1336,1308,-28,8704,8800,86,86,25,25,0,0,0,0,32,32,48,48
gfx1200,vit-wide-deep.hsaco,vit_expand_blocked_fp8_frag_bytein_m4,False,2598,2540,-58,16992,17144,154,154,30,30,0,0,0,0,32,32,48,48
gfx1200,vit-wide-deep.hsaco,vit_expand_blocked_fp8_frag_tiledin,False,713,700,-13,4580,4628,46,46,25,25,0,0,0,0,32,32,48,48
gfx1200,vit-wide-deep.hsaco,vit_expand_blocked_fp8_tiled,False,886,864,-22,5812,5824,94,94,23,23,0,0,0,0,32,32,48,48
gfx1200,vit-wide-deep.hsaco,vit_expand_blocked_fp8_tiled_bytein,False,781,769,-12,5132,5188,73,73,22,22,0,0,0,0,32,32,48,48
gfx1200,vit-wide-deep.hsaco,vit_expand_blocked_fp8_tiled_bytein_m4,False,2668,2611,-57,17536,17688,153,153,27,27,0,0,0,0,32,32,48,48
gfx1200,vit-wide-deep.hsaco,vit_expand_fp8,False,350,344,-6,2156,2156,32,32,14,14,0,0,0,0,32,32,48,48
gfx1200,vit-wide-deep.hsaco,vit_ffn_fused,False,1492,1477,-15,9728,9800,161,161,14,14,16640,16640,0,0,32,32,56,56
gfx1200,vit-wide-deep.hsaco,vit_pack_input,False,57,57,0,340,340,7,7,7,7,0,0,0,0,32,32,32,32
gfx1200,vit-wide-deep.hsaco,vit_pack_input_tiled,False,57,56,-1,352,352,10,10,7,7,0,0,0,0,32,32,32,32
gfx1200,vit-wide-deep.hsaco,vit_project,False,1287,1257,-30,8200,8224,77,77,20,20,0,0,0,0,32,32,56,56
gfx1200,vit-wide-deep.hsaco,vit_project_bytein_bout,True,597,597,0,4136,4136,98,98,14,14,0,0,0,0,32,32,56,56
gfx1200,vit-wide-deep.hsaco,vit_project_bytein_bout_hskip,True,605,605,0,4180,4180,99,99,14,14,0,0,0,0,32,32,56,56
gfx1200,vit-wide-deep.hsaco,vit_project_fp8,False,1327,1318,-9,8408,8400,90,90,20,20,0,0,0,0,32,32,56,56
gfx1200,vit-wide-deep.hsaco,vit_project_frag,False,1861,1835,-26,11744,11768,79,79,34,34,0,0,0,0,32,32,56,56
gfx1200,vit-wide-deep.hsaco,vit_project_frag_n64,False,1710,1680,-30,11852,11940,180,180,14,14,0,0,0,0,32,32,56,56
gfx1200,vit-wide-deep.hsaco,vit_qkv_normalize,False,478,478,0,2724,2724,31,31,18,18,0,0,0,0,32,32,40,40
gfx1200,vit-wide-deep.hsaco,vit_qkv_project,False,221,220,-1,1228,1232,32,32,14,14,0,0,0,0,32,32,40,40
gfx1200,vit-wide-deep.hsaco,vit_qkv_project_blocked,False,227,227,0,1384,1388,48,48,13,13,0,0,0,0,32,32,40,40
gfx1200,vit-wide-deep.hsaco,vit_qkv_project_normalize_fused,False,958,958,0,5320,5320,50,50,18,18,2112,2112,0,0,32,32,40,40
gfx1200,vit-wide-deep.hsaco,vit_qkv_project_normalize_fused_f16compact,False,957,957,0,5364,5364,58,58,22,22,2112,2112,0,0,32,32,40,40
gfx1200,vit-wide-deep.hsaco,vit_qkv_project_normalize_fused_f16compact_fp8,False,767,767,0,4352,4352,58,58,22,22,2112,2112,0,0,32,32,40,40
gfx1200,vit-wide-deep.hsaco,vit_qkv_project_normalize_fused_f16compact_fp8_bytein,False,818,818,0,4680,4684,91,91,22,22,2112,2112,0,0,32,32,40,40
gfx1200,vit-wide-deep.hsaco,vit_qkv_project_normalize_fused_f16compact_fp8_frag,False,767,766,-1,4348,4348,58,58,22,22,2112,2112,0,0,32,32,40,40
gfx1200,vit-wide-deep.hsaco,vit_qkv_project_normalize_fused_f16compact_fp8_h16in,False,1198,1198,0,7908,7908,95,95,22,22,2112,2112,0,0,32,32,40,40
gfx1200,vit-wide-deep.hsaco,vit_qkv_project_normalize_fused_f16compact_fp8_h16in_n4,False,1408,1408,0,8264,8264,192,192,22,22,4160,4160,0,0,32,32,40,40
gfx1200,vit-wide-deep.hsaco,vit_qkv_project_normalize_fused_f16weight,False,960,960,0,5380,5380,58,58,22,22,2112,2112,0,0,32,32,40,40
gfx1200,wave-pointwise.hsaco,c32_attn_av,False,245,245,0,1516,1516,73,73,11,11,0,0,0,0,32,32,28,28
gfx1200,wave-pointwise.hsaco,c32_attn_normalize,True,440,440,0,2256,2256,31,31,26,26,0,0,0,0,32,32,28,28
gfx1200,wave-pointwise.hsaco,c32_attn_normalize_wave,True,716,716,0,3692,3692,16,16,18,18,0,0,0,0,32,32,28,28
gfx1200,wave-pointwise.hsaco,c32_attn_probabilities,False,333,332,-1,1896,1892,37,37,10,10,0,0,0,0,32,32,20,20
gfx1200,wave-pointwise.hsaco,c32_attn_probabilities_wave,True,238,238,0,1304,1304,15,15,9,9,0,0,0,0,32,32,20,20
gfx1200,wave-pointwise.hsaco,c32_attn_project,False,227,223,-4,1296,1292,71,71,12,12,0,0,0,0,32,32,40,40
gfx1200,wave-pointwise.hsaco,c32_attn_qkv,True,282,282,0,1504,1504,17,17,12,12,0,0,0,0,32,32,28,28
gfx1200,wave-pointwise.hsaco,c32_attn_scores,True,261,261,0,1432,1432,68,68,10,10,0,0,0,0,32,32,28,28
gfx1200,wave-pointwise.hsaco,c32_ffn_contract,True,210,210,0,1216,1216,71,71,12,12,0,0,0,0,32,32,40,40
gfx1200,wave-pointwise.hsaco,c32_ffn_expand,False,248,246,-2,1368,1364,16,16,12,12,0,0,0,0,32,32,28,28
gfx1200,wave-pointwise.hsaco,c32_finish,True,258,258,0,1384,1384,16,16,14,14,0,0,0,0,32,32,32,32
gfx1200,wave-pointwise.hsaco,mh_normalize_wave,True,774,774,0,3964,3964,16,16,19,19,0,0,0,0,32,32,32,32
gfx1200,wave-pointwise.hsaco,mh_probabilities_wave,True,240,240,0,1312,1312,15,15,9,9,0,0,0,0,32,32,24,24
